time,x,y,yaw
15103.824687519,-2.502195261476442,-0.1584233477466292,1.7285304267076886
15103.825594378,-2.502195261476442,-0.1584233477466292,1.7285304267076886
15103.827886432,-2.502195261476442,-0.1584233477466292,1.7285304267076886
15103.829154525,-2.502195261476442,-0.1584233477466292,1.7285304267076886
15103.8392958,-2.502195261476442,-0.1584233477466292,1.7285304267076886
15103.84861798,-2.502195261476442,-0.1584233477466292,1.7285304267076886
15103.859253181,-2.502195261476442,-0.1584233477466292,1.7285304267076886
15103.86338429,-2.5032338648878034,-0.15187378542382213,1.7275952298311634
15103.870764349,-2.5032338648878034,-0.15187378542382213,1.7275952298311634
15103.880960662,-2.5032338648878034,-0.15187378542382213,1.7275952298311634
15103.890464473,-2.5032338648878034,-0.15187378542382213,1.7275952298311634
15103.898560535,-2.5032338648878034,-0.15187378542382213,1.7275952298311634
15103.909052686,-2.5032338648878034,-0.15187378542382213,1.7275952298311634
15103.916827893,-2.5032338648878034,-0.15187378542382213,1.7275952298311634
15103.918026425,-2.504096407330305,-0.1462445797053913,1.7180849511293812
15103.923049824,-2.504096407330305,-0.1462445797053913,1.7180849511293812
15103.924028629,-2.504096407330305,-0.1462445797053913,1.7180849511293812
15103.930248987,-2.504096407330305,-0.1462445797053913,1.7180849511293812
15103.939671293,-2.504096407330305,-0.1462445797053913,1.7180849511293812
15103.949559442,-2.504096407330305,-0.1462445797053913,1.7180849511293812
15103.959770022,-2.504096407330305,-0.1462445797053913,1.7180849511293812
15103.969084825,-2.504972735443597,-0.14005456385653192,1.7047809559969351
15103.970863355,-2.504972735443597,-0.14005456385653192,1.7047809559969351
15103.981031795,-2.504972735443597,-0.14005456385653192,1.7047809559969351
15103.991983079,-2.504972735443597,-0.14005456385653192,1.7047809559969351
15104.002328174,-2.504972735443597,-0.14005456385653192,1.7047809559969351
15104.008880551,-2.504972735443597,-0.14005456385653192,1.7047809559969351
15104.017262305,-2.504972735443597,-0.14005456385653192,1.7047809559969351
15104.021379347,-2.504972735443597,-0.14005456385653192,1.7047809559969351
15104.02238327,-2.5062556382034713,-0.1300884539220738,1.6928566891817496
15104.022938261,-2.5062556382034713,-0.1300884539220738,1.6928566891817496
15104.031792808,-2.5062556382034713,-0.1300884539220738,1.6928566891817496
15104.038570937,-2.5062556382034713,-0.1300884539220738,1.6928566891817496
15104.048797594,-2.5062556382034713,-0.1300884539220738,1.6928566891817496
15104.059446348,-2.5062556382034713,-0.1300884539220738,1.6928566891817496
15104.060871959,-2.5070294018626127,-0.12309475647653428,1.6691142518190787
15104.070021739,-2.5070294018626127,-0.12309475647653428,1.6691142518190787
15104.080673845,-2.5070294018626127,-0.12309475647653428,1.6691142518190787
15104.090521758,-2.5070294018626127,-0.12309475647653428,1.6691142518190787
15104.100486041,-2.5070294018626127,-0.12309475647653428,1.6691142518190787
15104.109224331,-2.5070294018626127,-0.12309475647653428,1.6691142518190787
15104.121925772,-2.5070294018626127,-0.12309475647653428,1.6691142518190787
15104.122764581,-2.5076627802102616,-0.11613777961489713,1.6540621716646597
15104.123321486,-2.5076627802102616,-0.11613777961489713,1.6540621716646597
15104.127471441,-2.5076627802102616,-0.11613777961489713,1.6540621716646597
15104.129907818,-2.5076627802102616,-0.11613777961489713,1.6540621716646597
15104.139044653,-2.5076627802102616,-0.11613777961489713,1.6540621716646597
15104.14781802,-2.5076627802102616,-0.11613777961489713,1.6540621716646597
15104.157874337,-2.5076627802102616,-0.11613777961489713,1.6540621716646597
15104.164617496,-2.508455975099572,-0.10566383627903769,1.6387025315431998
15104.171591553,-2.508455975099572,-0.10566383627903769,1.6387025315431998
15104.182219303,-2.508455975099572,-0.10566383627903769,1.6387025315431998
15104.191488058,-2.508455975099572,-0.10566383627903769,1.6387025315431998
15104.202383055,-2.508455975099572,-0.10566383627903769,1.6387025315431998
15104.207904058,-2.508455975099572,-0.10566383627903769,1.6387025315431998
15104.215971547,-2.508455975099572,-0.10566383627903769,1.6387025315431998
15104.216884117,-2.508828714200983,-0.09909362238393488,1.6162319380907468
15104.228979839,-2.508828714200983,-0.09909362238393488,1.6162319380907468
15104.231253548,-2.508828714200983,-0.09909362238393488,1.6162319380907468
15104.233378014,-2.508828714200983,-0.09909362238393488,1.6162319380907468
15104.238111775,-2.508828714200983,-0.09909362238393488,1.6162319380907468
15104.248749334,-2.508828714200983,-0.09909362238393488,1.6162319380907468
15104.266623608,-2.508828714200983,-0.09909362238393488,1.6162319380907468
15104.269694136,-2.5091061531713272,-0.09203739299722358,1.6039568383364127
15104.273936416,-2.5091061531713272,-0.09203739299722358,1.6039568383364127
15104.27904138,-2.5091061531713272,-0.09203739299722358,1.6039568383364127
15104.292343078,-2.5091061531713272,-0.09203739299722358,1.6039568383364127
15104.298893913,-2.5091061531713272,-0.09203739299722358,1.6039568383364127
15104.309733986,-2.5091061531713272,-0.09203739299722358,1.6039568383364127
15104.317786356,-2.5091061531713272,-0.09203739299722358,1.6039568383364127
15104.321480316,-2.5093458647939335,-0.08186532116905593,1.5847584206728376
15104.323973711,-2.5093458647939335,-0.08186532116905593,1.5847584206728376
15104.326316611,-2.5093458647939335,-0.08186532116905593,1.5847584206728376
15104.328079091,-2.5093458647939335,-0.08186532116905593,1.5847584206728376
15104.338539935,-2.5093458647939335,-0.08186532116905593,1.5847584206728376
15104.351400748,-2.5093458647939335,-0.08186532116905593,1.5847584206728376
15104.360834676,-2.5093458647939335,-0.08186532116905593,1.5847584206728376
15104.362120272,-2.5093959575776297,-0.07490506267511193,1.5712279278902455
15104.374997626,-2.5093959575776297,-0.07490506267511193,1.5712279278902455
15104.382403861,-2.5093959575776297,-0.07490506267511193,1.5712279278902455
15104.39109918,-2.5093959575776297,-0.07490506267511193,1.5712279278902455
15104.397918523,-2.5093959575776297,-0.07490506267511193,1.5712279278902455
15104.413299983,-2.5093959575776297,-0.07490506267511193,1.5712279278902455
15104.417549716,-2.5093959575776297,-0.07490506267511193,1.5712279278902455
15104.422835493,-2.5093959575776297,-0.07490506267511193,1.5712279278902455
15104.423358684,-2.5093390991209206,-0.0680207907825926,1.5538467366365833
15104.428281263,-2.5093390991209206,-0.0680207907825926,1.5538467366365833
15104.431292339,-2.5093390991209206,-0.0680207907825926,1.5538467366365833
15104.439291809,-2.5093390991209206,-0.0680207907825926,1.5538467366365833
15104.450038766,-2.5093390991209206,-0.0680207907825926,1.5538467366365833
15104.465785747,-2.5093390991209206,-0.0680207907825926,1.5538467366365833
15104.466880051,-2.5091303501758477,-0.05774677259564842,1.5471152264742294
15104.470090705,-2.5091303501758477,-0.05774677259564842,1.5471152264742294
15104.480607295,-2.5091303501758477,-0.05774677259564842,1.5471152264742294
15104.492483221,-2.5091303501758477,-0.05774677259564842,1.5471152264742294
15104.499942307,-2.5091303501758477,-0.05774677259564842,1.5471152264742294
15104.509574752,-2.5091303501758477,-0.05774677259564842,1.5471152264742294
15104.515221182,-2.5091303501758477,-0.05774677259564842,1.5471152264742294
15104.516002953,-2.5089040386190313,-0.05094196021076847,1.527986784663622
15104.518188285,-2.5089040386190313,-0.05094196021076847,1.527986784663622
15104.523177259,-2.5089040386190313,-0.05094196021076847,1.527986784663622
15104.532151166,-2.5089040386190313,-0.05094196021076847,1.527986784663622
15104.538999464,-2.5089040386190313,-0.05094196021076847,1.527986784663622
15104.550181084,-2.5089040386190313,-0.05094196021076847,1.527986784663622
15104.558898764,-2.5089040386190313,-0.05094196021076847,1.527986784663622
15104.573612749,-2.5089040386190313,-0.05094196021076847,1.527986784663622
15104.574596603,-2.5085779309479648,-0.0442425606243943,1.516328354564135
15104.57728641,-2.5085779309479648,-0.0442425606243943,1.516328354564135
15104.591621266,-2.5085779309479648,-0.0442425606243943,1.516328354564135
15104.601633691,-2.5085779309479648,-0.0442425606243943,1.516328354564135
15104.609580431,-2.5085779309479648,-0.0442425606243943,1.516328354564135
15104.619708695,-2.5085779309479648,-0.0442425606243943,1.516328354564135
15104.622780175,-2.5085779309479648,-0.0442425606243943,1.516328354564135
15104.623252731,-2.507964720820475,-0.03449189877015035,1.4996515710024285
15104.624879804,-2.507964720820475,-0.03449189877015035,1.4996515710024285
15104.627086696,-2.507964720820475,-0.03449189877015035,1.4996515710024285
15104.643030491,-2.507964720820475,-0.03449189877015035,1.4996515710024285
15104.648746504,-2.507964720820475,-0.03449189877015035,1.4996515710024285
15104.657830969,-2.507964720820475,-0.03449189877015035,1.4996515710024285
15104.659053696,-2.5074599409239378,-0.027930508496650602,1.4883798558382437
15104.670287766,-2.5074599409239378,-0.027930508496650602,1.4883798558382437
15104.682457429,-2.5074599409239378,-0.027930508496650602,1.4883798558382437
15104.687318371,-2.5074599409239378,-0.027930508496650602,1.4883798558382437
15104.699687131,-2.5074599409239378,-0.027930508496650602,1.4883798558382437
15104.710060319,-2.5074599409239378,-0.027930508496650602,1.4883798558382437
15104.719613683,-2.5074599409239378,-0.027930508496650602,1.4883798558382437
15104.724386117,-2.5069335910824013,-0.02198042183000712,1.4767503935961173
15104.726244389,-2.5069335910824013,-0.02198042183000712,1.4767503935961173
15104.726695644,-2.5069335910824013,-0.02198042183000712,1.4767503935961173
15104.731077368,-2.5069335910824013,-0.02198042183000712,1.4767503935961173
15104.741024068,-2.5069335910824013,-0.02198042183000712,1.4767503935961173
15104.747556448,-2.5069335910824013,-0.02198042183000712,1.4767503935961173
15104.76074975,-2.5069335910824013,-0.02198042183000712,1.4767503935961173
15104.761359826,-2.5059996767578596,-0.012255236109894763,1.4733684260515616
15104.770504897,-2.5059996767578596,-0.012255236109894763,1.4733684260515616
15104.781370508,-2.5059996767578596,-0.012255236109894763,1.4733684260515616
15104.789404594,-2.5059996767578596,-0.012255236109894763,1.4733684260515616
15104.798991551,-2.5059996767578596,-0.012255236109894763,1.4733684260515616
15104.8072172,-2.5059996767578596,-0.012255236109894763,1.4733684260515616
15104.818914006,-2.5059996767578596,-0.012255236109894763,1.4733684260515616
15104.826673902,-2.5042950606148398,-0.00847533454669766,1.4601568460915024
15104.827236408,-2.5042950606148398,-0.00847533454669766,1.4601568460915024
15104.831455069,-2.5042950606148398,-0.00847533454669766,1.4601568460915024
15104.831906846,-2.5042950606148398,-0.00847533454669766,1.4601568460915024
15104.838004815,-2.5042950606148398,-0.00847533454669766,1.4601568460915024
15104.848617417,-2.5042950606148398,-0.00847533454669766,1.4601568460915024
15104.859520108,-2.5042950606148398,-0.00847533454669766,1.4601568460915024
15104.864881999,-2.502200335916077,-0.0009242077002958871,1.4533350805883791
15104.870504875,-2.502200335916077,-0.0009242077002958871,1.4533350805883791
15104.881733364,-2.502200335916077,-0.0009242077002958871,1.4533350805883791
15104.888934391,-2.502200335916077,-0.0009242077002958871,1.4533350805883791
15104.900840033,-2.502200335916077,-0.0009242077002958871,1.4533350805883791
15104.909526314,-2.502200335916077,-0.0009242077002958871,1.4533350805883791
15104.918536039,-2.5014247798793234,0.004899603169207567,1.4461406774832386
15104.924903422,-2.5014247798793234,0.004899603169207567,1.4461406774832386
15104.927349661,-2.5014247798793234,0.004899603169207567,1.4461406774832386
15104.927990205,-2.5014247798793234,0.004899603169207567,1.4461406774832386
15104.933530474,-2.5014247798793234,0.004899603169207567,1.4461406774832386
15104.939458739,-2.5014247798793234,0.004899603169207567,1.4461406774832386
15104.947138522,-2.5014247798793234,0.004899603169207567,1.4461406774832386
15104.958835049,-2.5014247798793234,0.004899603169207567,1.4461406774832386
15104.970982269,-2.5014247798793234,0.004899603169207567,1.4461406774832386
15104.972441103,-2.500628475761412,0.01110042141546111,1.4400116510702747
15104.980756652,-2.500628475761412,0.01110042141546111,1.4400116510702747
15104.987771847,-2.500628475761412,0.01110042141546111,1.4400116510702747
15104.997790132,-2.500628475761412,0.01110042141546111,1.4400116510702747
15105.009579784,-2.500628475761412,0.01110042141546111,1.4400116510702747
15105.020352049,-2.500628475761412,0.01110042141546111,1.4400116510702747
15105.021128219,-2.499468141067552,0.01985731018074685,1.4381051369024893
15105.021847914,-2.499468141067552,0.01985731018074685,1.4381051369024893
15105.022702323,-2.499468141067552,0.01985731018074685,1.4381051369024893
15105.030177669,-2.499468141067552,0.01985731018074685,1.4381051369024893
15105.038198189,-2.499468141067552,0.01985731018074685,1.4381051369024893
15105.046785402,-2.499468141067552,0.01985731018074685,1.4381051369024893
15105.058921081,-2.499468141067552,0.01985731018074685,1.4381051369024893
15105.06249854,-2.4986385812597227,0.02590051384973005,1.430649668724694
15105.069469882,-2.4986385812597227,0.02590051384973005,1.430649668724694
15105.079511732,-2.4986385812597227,0.02590051384973005,1.430649668724694
15105.089038666,-2.4986385812597227,0.02590051384973005,1.430649668724694
15105.099216574,-2.4986385812597227,0.02590051384973005,1.430649668724694
15105.108048271,-2.4986385812597227,0.02590051384973005,1.430649668724694
15105.117507948,-2.4986385812597227,0.02590051384973005,1.430649668724694
15105.124349954,-2.4978328445798956,0.03151256175038872,1.4257465906454703
15105.125703309,-2.4978328445798956,0.03151256175038872,1.4257465906454703
15105.126168149,-2.4978328445798956,0.03151256175038872,1.4257465906454703
15105.129803699,-2.4978328445798956,0.03151256175038872,1.4257465906454703
15105.140002387,-2.4978328445798956,0.03151256175038872,1.4257465906454703
15105.147725252,-2.4978328445798956,0.03151256175038872,1.4257465906454703
15105.159872102,-2.4978328445798956,0.03151256175038872,1.4257465906454703
15105.160555377,-2.4964998926963156,0.04039843488763031,1.418050558121361
15105.171198907,-2.4964998926963156,0.04039843488763031,1.418050558121361
15105.179647208,-2.4964998926963156,0.04039843488763031,1.418050558121361
15105.188918568,-2.4964998926963156,0.04039843488763031,1.418050558121361
15105.200165792,-2.4964998926963156,0.04039843488763031,1.418050558121361
15105.208896647,-2.4964998926963156,0.04039843488763031,1.418050558121361
15105.217761498,-2.495605821556225,0.04597145633435204,1.4053961344076773
15105.219493039,-2.495605821556225,0.04597145633435204,1.4053961344076773
15105.219908096,-2.495605821556225,0.04597145633435204,1.4053961344076773
15105.220675249,-2.495605821556225,0.04597145633435204,1.4053961344076773
15105.228853929,-2.495605821556225,0.04597145633435204,1.4053961344076773
15105.2385008,-2.495605821556225,0.04597145633435204,1.4053961344076773
15105.247969895,-2.495605821556225,0.04597145633435204,1.4053961344076773
15105.257761781,-2.495605821556225,0.04597145633435204,1.4053961344076773
15105.266792425,-2.4946037609552336,0.051808772246198065,1.3961813755346912
15105.27061028,-2.4946037609552336,0.051808772246198065,1.3961813755346912
15105.280807766,-2.4946037609552336,0.051808772246198065,1.3961813755346912
15105.291254303,-2.4946037609552336,0.051808772246198065,1.3961813755346912
15105.298654206,-2.4946037609552336,0.051808772246198065,1.3961813755346912
15105.309152892,-2.4946037609552336,0.051808772246198065,1.3961813755346912
15105.317082249,-2.493003853558318,0.06059903192274091,1.3853346414877556
15105.322567504,-2.493003853558318,0.06059903192274091,1.3853346414877556
15105.323117456,-2.493003853558318,0.06059903192274091,1.3853346414877556
15105.324077806,-2.493003853558318,0.06059903192274091,1.3853346414877556
15105.330889715,-2.493003853558318,0.06059903192274091,1.3853346414877556
15105.337325111,-2.493003853558318,0.06059903192274091,1.3853346414877556
15105.349987377,-2.493003853558318,0.06059903192274091,1.3853346414877556
15105.358057341,-2.493003853558318,0.06059903192274091,1.3853346414877556
15105.369898651,-2.493003853558318,0.06059903192274091,1.3853346414877556
15105.382071479,-2.493003853558318,0.06059903192274091,1.3853346414877556
15105.387970766,-2.493003853558318,0.06059903192274091,1.3853346414877556
15105.399801149,-2.493003853558318,0.06059903192274091,1.3853346414877556
15105.408776027,-2.493003853558318,0.06059903192274091,1.3853346414877556
15105.418185889,-2.493003853558318,0.06059903192274091,1.3853346414877556
15105.426319363,-2.4919454142185424,0.06606586272506987,1.3737681217505118
15105.42687745,-2.4919454142185424,0.06606586272506987,1.3737681217505118
15105.42716753,-2.4907520208912417,0.0719187584069195,1.3655430383993767
15105.428187934,-2.4907520208912417,0.0719187584069195,1.3655430383993767
15105.428786017,-2.4907520208912417,0.0719187584069195,1.3655430383993767
15105.43982079,-2.4907520208912417,0.0719187584069195,1.3655430383993767
15105.447907024,-2.4907520208912417,0.0719187584069195,1.3655430383993767
15105.457794581,-2.4907520208912417,0.0719187584069195,1.3655430383993767
15105.461824599,-2.4889197920191424,0.08056007860753753,1.3581761427237171
15105.470772636,-2.4889197920191424,0.08056007860753753,1.3581761427237171
15105.481116819,-2.4889197920191424,0.08056007860753753,1.3581761427237171
15105.490102388,-2.4889197920191424,0.08056007860753753,1.3581761427237171
15105.49762307,-2.4889197920191424,0.08056007860753753,1.3581761427237171
15105.508638956,-2.4889197920191424,0.08056007860753753,1.3581761427237171
15105.52024467,-2.4889197920191424,0.08056007860753753,1.3581761427237171
15105.521701231,-2.4876569146292313,0.08634657350521108,1.3536638326956412
15105.52225511,-2.4876569146292313,0.08634657350521108,1.3536638326956412
15105.531938411,-2.4876569146292313,0.08634657350521108,1.3536638326956412
15105.533681324,-2.4876569146292313,0.08634657350521108,1.3536638326956412
15105.541051351,-2.4876569146292313,0.08634657350521108,1.3536638326956412
15105.546991127,-2.4876569146292313,0.08634657350521108,1.3536638326956412
15105.559139149,-2.4876569146292313,0.08634657350521108,1.3536638326956412
15105.564955652,-2.485776395218181,0.09477016192905241,1.3486430950476305
15105.570877013,-2.485776395218181,0.09477016192905241,1.3486430950476305
15105.581436144,-2.485776395218181,0.09477016192905241,1.3486430950476305
15105.589205447,-2.485776395218181,0.09477016192905241,1.3486430950476305
15105.602502145,-2.485776395218181,0.09477016192905241,1.3486430950476305
15105.607930272,-2.485776395218181,0.09477016192905241,1.3486430950476305
15105.614666017,-2.4844865889929024,0.1003690427698887,1.3401127167059557
15105.617300741,-2.4844865889929024,0.1003690427698887,1.3401127167059557
15105.617983955,-2.4844865889929024,0.1003690427698887,1.3401127167059557
15105.62666685,-2.4844865889929024,0.1003690427698887,1.3401127167059557
15105.630826793,-2.4844865889929024,0.1003690427698887,1.3401127167059557
15105.637818644,-2.4844865889929024,0.1003690427698887,1.3401127167059557
15105.651720448,-2.4844865889929024,0.1003690427698887,1.3401127167059557
15105.662938257,-2.4844865889929024,0.1003690427698887,1.3401127167059557
15105.667532804,-2.4844865889929024,0.1003690427698887,1.3401127167059557
15105.668832828,-2.4831929058772584,0.10583706202002069,1.336841971428551
15105.681025634,-2.4831929058772584,0.10583706202002069,1.336841971428551
15105.687941721,-2.4831929058772584,0.10583706202002069,1.336841971428551
15105.698509738,-2.4831929058772584,0.10583706202002069,1.336841971428551
15105.708912793,-2.4831929058772584,0.10583706202002069,1.336841971428551
15105.71713759,-2.4812085150045218,0.11405462901488933,1.3308599300696033
15105.722116726,-2.4812085150045218,0.11405462901488933,1.3308599300696033
15105.722595092,-2.4812085150045218,0.11405462901488933,1.3308599300696033
15105.72348027,-2.4812085150045218,0.11405462901488933,1.3308599300696033
15105.730877999,-2.4812085150045218,0.11405462901488933,1.3308599300696033
15105.738244178,-2.4812085150045218,0.11405462901488933,1.3308599300696033
15105.748340372,-2.4812085150045218,0.11405462901488933,1.3308599300696033
15105.758870718,-2.4812085150045218,0.11405462901488933,1.3308599300696033
15105.7658741,-2.479783744567856,0.11985554314104746,1.329044849426903
15105.773175146,-2.479783744567856,0.11985554314104746,1.329044849426903
15105.779819858,-2.479783744567856,0.11985554314104746,1.329044849426903
15105.791694642,-2.479783744567856,0.11985554314104746,1.329044849426903
15105.79790426,-2.479783744567856,0.11985554314104746,1.329044849426903
15105.80931821,-2.479783744567856,0.11985554314104746,1.329044849426903
15105.818822873,-2.479783744567856,0.11985554314104746,1.329044849426903
15105.820870353,-2.478472539565848,0.12513701094971047,1.325857193024315
15105.821749339,-2.478472539565848,0.12513701094971047,1.325857193024315
15105.82776005,-2.478472539565848,0.12513701094971047,1.325857193024315
15105.829321859,-2.478472539565848,0.12513701094971047,1.325857193024315
15105.839626257,-2.478472539565848,0.12513701094971047,1.325857193024315
15105.847790599,-2.478472539565848,0.12513701094971047,1.325857193024315
15105.860282553,-2.478472539565848,0.12513701094971047,1.325857193024315
15105.862758745,-2.476341957433093,0.13368356449640822,1.327112228424706
15105.870949377,-2.476341957433093,0.13368356449640822,1.327112228424706
15105.880749289,-2.476341957433093,0.13368356449640822,1.327112228424706
15105.890665862,-2.476341957433093,0.13368356449640822,1.327112228424706
15105.89913935,-2.476341957433093,0.13368356449640822,1.327112228424706
15105.909135984,-2.476341957433093,0.13368356449640822,1.327112228424706
15105.922039287,-2.476341957433093,0.13368356449640822,1.327112228424706
15105.926577307,-2.4733002921413205,0.13629965617875606,1.334846628745187
15105.927543518,-2.4733002921413205,0.13629965617875606,1.334846628745187
15105.933009116,-2.4733002921413205,0.13629965617875606,1.334846628745187
15105.933765429,-2.4733002921413205,0.13629965617875606,1.334846628745187
15105.942049398,-2.4733002921413205,0.13629965617875606,1.334846628745187
15105.947618793,-2.4733002921413205,0.13629965617875606,1.334846628745187
15105.961320148,-2.4733002921413205,0.13629965617875606,1.334846628745187
15105.963604497,-2.469514346528567,0.14181830304078072,1.3399009694993547
15105.969771,-2.469514346528567,0.14181830304078072,1.3399009694993547
15105.980225786,-2.469514346528567,0.14181830304078072,1.3399009694993547
15105.992950651,-2.469514346528567,0.14181830304078072,1.3399009694993547
15106.002079391,-2.469514346528567,0.14181830304078072,1.3399009694993547
15106.008881962,-2.469514346528567,0.14181830304078072,1.3399009694993547
15106.015960837,-2.467987789920028,0.14767366014704192,1.330936490935039
15106.016711059,-2.467987789920028,0.14767366014704192,1.330936490935039
15106.022218215,-2.467987789920028,0.14767366014704192,1.330936490935039
15106.022753069,-2.467987789920028,0.14767366014704192,1.330936490935039
15106.029186551,-2.467987789920028,0.14767366014704192,1.330936490935039
15106.040590863,-2.467987789920028,0.14767366014704192,1.330936490935039
15106.049345404,-2.467987789920028,0.14767366014704192,1.330936490935039
15106.058147064,-2.467987789920028,0.14767366014704192,1.330936490935039
15106.061372726,-2.4664385805792586,0.15383485599130037,1.317977487486553
15106.06883045,-2.4664385805792586,0.15383485599130037,1.317977487486553
15106.082340362,-2.4664385805792586,0.15383485599130037,1.317977487486553
15106.089087218,-2.4664385805792586,0.15383485599130037,1.317977487486553
15106.097533705,-2.4664385805792586,0.15383485599130037,1.317977487486553
15106.108821897,-2.4664385805792586,0.15383485599130037,1.317977487486553
15106.129780305,-2.4664385805792586,0.15383485599130037,1.317977487486553
15106.131875616,-2.4647663943842084,0.16014728379996973,1.3057034606158253
15106.133470769,-2.4647663943842084,0.16014728379996973,1.3057034606158253
15106.138302525,-2.4647663943842084,0.16014728379996973,1.3057034606158253
15106.138767827,-2.4647663943842084,0.16014728379996973,1.3057034606158253
15106.145978973,-2.4647663943842084,0.16014728379996973,1.3057034606158253
15106.148845936,-2.4647663943842084,0.16014728379996973,1.3057034606158253
15106.159760992,-2.4647663943842084,0.16014728379996973,1.3057034606158253
15106.165392734,-2.4619664669201202,0.17034993001605586,1.3002139920413012
15106.171960842,-2.4619664669201202,0.17034993001605586,1.3002139920413012
15106.186047577,-2.4619664669201202,0.17034993001605586,1.3002139920413012
15106.19197528,-2.4619664669201202,0.17034993001605586,1.3002139920413012
15106.198366542,-2.4619664669201202,0.17034993001605586,1.3002139920413012
15106.209613216,-2.4619664669201202,0.17034993001605586,1.3002139920413012
15106.223056222,-2.4619664669201202,0.17034993001605586,1.3002139920413012
15106.226760502,-2.4619664669201202,0.17034993001605586,1.3002139920413012
15106.227333798,-2.4599092315819355,0.1777379920037956,1.2982296342074389
15106.232359041,-2.4599092315819355,0.1777379920037956,1.2982296342074389
15106.244099741,-2.4599092315819355,0.1777379920037956,1.2982296342074389
15106.250276968,-2.4599092315819355,0.1777379920037956,1.2982296342074389
15106.257606247,-2.4599092315819355,0.1777379920037956,1.2982296342074389
15106.276157694,-2.4599092315819355,0.1777379920037956,1.2982296342074389
15106.278157604,-2.4599092315819355,0.1777379920037956,1.2982296342074389
15106.27864053,-2.45659739795332,0.18958477219434777,1.2981699103533737
15106.280739537,-2.45659739795332,0.18958477219434777,1.2981699103533737
15106.289855873,-2.45659739795332,0.18958477219434777,1.2981699103533737
15106.298700264,-2.45659739795332,0.18958477219434777,1.2981699103533737
15106.3109773,-2.45659739795332,0.18958477219434777,1.2981699103533737
15106.318189288,-2.45659739795332,0.18958477219434777,1.2981699103533737
15106.319737852,-2.4543151286980245,0.19777720204320617,1.3000348204791063
15106.320602631,-2.4543151286980245,0.19777720204320617,1.3000348204791063
15106.322469128,-2.4543151286980245,0.19777720204320617,1.3000348204791063
15106.329365738,-2.4543151286980245,0.19777720204320617,1.3000348204791063
15106.345464256,-2.4543151286980245,0.19777720204320617,1.3000348204791063
15106.353644618,-2.4543151286980245,0.19777720204320617,1.3000348204791063
15106.357874694,-2.4543151286980245,0.19777720204320617,1.3000348204791063
15106.361983862,-2.4520816868483806,0.20585184713888216,1.301852762144756
15106.371689432,-2.4520816868483806,0.20585184713888216,1.301852762144756
15106.37936501,-2.4520816868483806,0.20585184713888216,1.301852762144756
15106.388215002,-2.4520816868483806,0.20585184713888216,1.301852762144756
15106.398918226,-2.4520816868483806,0.20585184713888216,1.301852762144756
15106.408936,-2.4520816868483806,0.20585184713888216,1.301852762144756
15106.418879885,-2.4520816868483806,0.20585184713888216,1.301852762144756
15106.419371176,-2.4498322653346816,0.2140795993953591,1.3059940928637495
15106.421303037,-2.4498322653346816,0.2140795993953591,1.3059940928637495
15106.421935145,-2.4498322653346816,0.2140795993953591,1.3059940928637495
15106.429475455,-2.4498322653346816,0.2140795993953591,1.3059940928637495
15106.438320036,-2.4498322653346816,0.2140795993953591,1.3059940928637495
15106.447933775,-2.4498322653346816,0.2140795993953591,1.3059940928637495
15106.458552559,-2.4498322653346816,0.2140795993953591,1.3059940928637495
15106.45998343,-2.4466676682654316,0.22586175733130626,1.3107998961626997
15106.472658901,-2.4466676682654316,0.22586175733130626,1.3107998961626997
15106.481315657,-2.4466676682654316,0.22586175733130626,1.3107998961626997
15106.489279258,-2.4466676682654316,0.22586175733130626,1.3107998961626997
15106.500643534,-2.4466676682654316,0.22586175733130626,1.3107998961626997
15106.511454623,-2.4466676682654316,0.22586175733130626,1.3107998961626997
15106.518111789,-2.4466676682654316,0.22586175733130626,1.3107998961626997
15106.52466097,-2.4445094001420866,0.23395681969206786,1.3096837395846366
15106.52641823,-2.4445094001420866,0.23395681969206786,1.3096837395846366
15106.529821947,-2.4445094001420866,0.23395681969206786,1.3096837395846366
15106.530318739,-2.4445094001420866,0.23395681969206786,1.3096837395846366
15106.542268678,-2.4445094001420866,0.23395681969206786,1.3096837395846366
15106.549368423,-2.4445094001420866,0.23395681969206786,1.3096837395846366
15106.557903538,-2.4445094001420866,0.23395681969206786,1.3096837395846366
15106.564910476,-2.441279227234152,0.24606204813166427,1.3103783721148483
15106.570202435,-2.441279227234152,0.24606204813166427,1.3103783721148483
15106.579683242,-2.441279227234152,0.24606204813166427,1.3103783721148483
15106.590795531,-2.441279227234152,0.24606204813166427,1.3103783721148483
15106.598444627,-2.441279227234152,0.24606204813166427,1.3103783721148483
15106.607867133,-2.441279227234152,0.24606204813166427,1.3103783721148483
15106.614743304,-2.441279227234152,0.24606204813166427,1.3103783721148483
15106.61701562,-2.439203772044799,0.25383865659819294,1.3096030348956098
15106.619867846,-2.439203772044799,0.25383865659819294,1.3096030348956098
15106.620625572,-2.439203772044799,0.25383865659819294,1.3096030348956098
15106.629983696,-2.439203772044799,0.25383865659819294,1.3096030348956098
15106.64097855,-2.439203772044799,0.25383865659819294,1.3096030348956098
15106.653718276,-2.439203772044799,0.25383865659819294,1.3096030348956098
15106.660019186,-2.439203772044799,0.25383865659819294,1.3096030348956098
15106.670821708,-2.439203772044799,0.25383865659819294,1.3096030348956098
15106.672365413,-2.4369900628060734,0.26207608919255343,1.3069196337878226
15106.678795489,-2.4369900628060734,0.26207608919255343,1.3069196337878226
15106.69161344,-2.4369900628060734,0.26207608919255343,1.3069196337878226
15106.700748762,-2.4369900628060734,0.26207608919255343,1.3069196337878226
15106.71183428,-2.4369900628060734,0.26207608919255343,1.3069196337878226
15106.722590084,-2.4369900628060734,0.26207608919255343,1.3069196337878226
15106.723654591,-2.4337884749944725,0.27395313757805306,1.308067976874065
15106.725882694,-2.4337884749944725,0.27395313757805306,1.308067976874065
15106.726725701,-2.4337884749944725,0.27395313757805306,1.308067976874065
15106.729071146,-2.4337884749944725,0.27395313757805306,1.308067976874065
15106.741015331,-2.4337884749944725,0.27395313757805306,1.308067976874065
15106.748716743,-2.4337884749944725,0.27395313757805306,1.308067976874065
15106.759779211,-2.4337884749944725,0.27395313757805306,1.308067976874065
15106.762322079,-2.431750864265955,0.28153025884161176,1.3081218594729418
15106.773949855,-2.431750864265955,0.28153025884161176,1.3081218594729418
15106.781773922,-2.431750864265955,0.28153025884161176,1.3081218594729418
15106.792600226,-2.431750864265955,0.28153025884161176,1.3081218594729418
15106.79828898,-2.431750864265955,0.28153025884161176,1.3081218594729418
15106.809709162,-2.431750864265955,0.28153025884161176,1.3081218594729418
15106.817654839,-2.4296677292834348,0.2892786071522686,1.3081935042559618
15106.818194121,-2.4296677292834348,0.2892786071522686,1.3081935042559618
15106.823588231,-2.4296677292834348,0.2892786071522686,1.3081935042559618
15106.823858012,-2.4296677292834348,0.2892786071522686,1.3081935042559618
15106.82798863,-2.4296677292834348,0.2892786071522686,1.3081935042559618
15106.838207719,-2.4296677292834348,0.2892786071522686,1.3081935042559618
15106.847423774,-2.4296677292834348,0.2892786071522686,1.3081935042559618
15106.858883582,-2.4296677292834348,0.2892786071522686,1.3081935042559618
15106.859968788,-2.4265392861841693,0.30091322867257364,1.3080436581789963
15106.868501098,-2.4265392861841693,0.30091322867257364,1.3080436581789963
15106.880795106,-2.4265392861841693,0.30091322867257364,1.3080436581789963
15106.8899628,-2.4265392861841693,0.30091322867257364,1.3080436581789963
15106.896924333,-2.4265392861841693,0.30091322867257364,1.3080436581789963
15106.910590601,-2.4265392861841693,0.30091322867257364,1.3080436581789963
15106.918906631,-2.4265392861841693,0.30091322867257364,1.3080436581789963
15106.922956205,-2.4265392861841693,0.30091322867257364,1.3080436581789963
15106.923914071,-2.424319676805175,0.3091490734103606,1.3070463532626149
15106.928454866,-2.424319676805175,0.3091490734103606,1.3070463532626149
15106.930061921,-2.424319676805175,0.3091490734103606,1.3070463532626149
15106.938471749,-2.424319676805175,0.3091490734103606,1.3070463532626149
15106.951213335,-2.424319676805175,0.3091490734103606,1.3070463532626149
15106.96017613,-2.424319676805175,0.3091490734103606,1.3070463532626149
15106.961302926,-2.42104292047481,0.32129421450201484,1.3074958914935106
15106.969557789,-2.42104292047481,0.32129421450201484,1.3074958914935106
15106.986754198,-2.42104292047481,0.32129421450201484,1.3074958914935106
15106.991623466,-2.42104292047481,0.32129421450201484,1.3074958914935106
15106.999685614,-2.42104292047481,0.32129421450201484,1.3074958914935106
15107.008299348,-2.42104292047481,0.32129421450201484,1.3074958914935106
15107.017331014,-2.42104292047481,0.32129421450201484,1.3074958914935106
15107.020960672,-2.42104292047481,0.32129421450201484,1.3074958914935106
15107.021464377,-2.418969378528066,0.32904513552430303,1.3112952107607834
15107.025309273,-2.418969378528066,0.32904513552430303,1.3112952107607834
15107.029151505,-2.418969378528066,0.32904513552430303,1.3112952107607834
15107.039232709,-2.418969378528066,0.32904513552430303,1.3112952107607834
15107.052846088,-2.418969378528066,0.32904513552430303,1.3112952107607834
15107.058090367,-2.418969378528066,0.32904513552430303,1.3112952107607834
15107.070245331,-2.416790432003156,0.3372656496094269,1.3120899790942189
15107.073984296,-2.416790432003156,0.3372656496094269,1.3120899790942189
15107.082442706,-2.416790432003156,0.3372656496094269,1.3120899790942189
15107.088062196,-2.416790432003156,0.3372656496094269,1.3120899790942189
15107.098582082,-2.416790432003156,0.3372656496094269,1.3120899790942189
15107.108850151,-2.416790432003156,0.3372656496094269,1.3120899790942189
15107.119163415,-2.416790432003156,0.3372656496094269,1.3120899790942189
15107.120021782,-2.4135483049595776,0.34949865101026684,1.3113529080569262
15107.121680736,-2.4135483049595776,0.34949865101026684,1.3113529080569262
15107.122376464,-2.4135483049595776,0.34949865101026684,1.3113529080569262
15107.12904407,-2.4135483049595776,0.34949865101026684,1.3113529080569262
15107.13978229,-2.4135483049595776,0.34949865101026684,1.3113529080569262
15107.15101673,-2.4135483049595776,0.34949865101026684,1.3113529080569262
15107.15771265,-2.4135483049595776,0.34949865101026684,1.3113529080569262
15107.159260863,-2.4115182057859004,0.3571563700255099,1.3119521731554984
15107.175010541,-2.4115182057859004,0.3571563700255099,1.3119521731554984
15107.181641667,-2.4115182057859004,0.3571563700255099,1.3119521731554984
15107.187636969,-2.4115182057859004,0.3571563700255099,1.3119521731554984
15107.201311503,-2.4115182057859004,0.3571563700255099,1.3119521731554984
15107.20937277,-2.4115182057859004,0.3571563700255099,1.3119521731554984
15107.22037459,-2.4115182057859004,0.3571563700255099,1.3119521731554984
15107.220759329,-2.4094155838245026,0.36513525870008395,1.3143098944842324
15107.221453254,-2.4094155838245026,0.36513525870008395,1.3143098944842324
15107.221811964,-2.4094155838245026,0.36513525870008395,1.3143098944842324
15107.23091767,-2.4094155838245026,0.36513525870008395,1.3143098944842324
15107.238739653,-2.4094155838245026,0.36513525870008395,1.3143098944842324
15107.249134903,-2.4094155838245026,0.36513525870008395,1.3143098944842324
15107.258310792,-2.4094155838245026,0.36513525870008395,1.3143098944842324
15107.260702344,-2.4064185399065474,0.3766214037830012,1.3168106669604296
15107.268682988,-2.4064185399065474,0.3766214037830012,1.3168106669604296
15107.28184463,-2.4064185399065474,0.3766214037830012,1.3168106669604296
15107.288343086,-2.4064185399065474,0.3766214037830012,1.3168106669604296
15107.29864582,-2.4064185399065474,0.3766214037830012,1.3168106669604296
15107.311393468,-2.4064185399065474,0.3766214037830012,1.3168106669604296
15107.31811158,-2.4064185399065474,0.3766214037830012,1.3168106669604296
15107.324260712,-2.404264756978745,0.3849270137149366,1.3173262471377365
15107.324996407,-2.404264756978745,0.3849270137149366,1.3173262471377365
15107.328494396,-2.404264756978745,0.3849270137149366,1.3173262471377365
15107.329480194,-2.404264756978745,0.3849270137149366,1.3173262471377365
15107.340356285,-2.404264756978745,0.3849270137149366,1.3173262471377365
15107.347758763,-2.404264756978745,0.3849270137149366,1.3173262471377365
15107.361046095,-2.404264756978745,0.3849270137149366,1.3173262471377365
15107.362109159,-2.401071143357393,0.39727737065501384,1.3181825274645802
15107.368181326,-2.401071143357393,0.39727737065501384,1.3181825274645802
15107.377298554,-2.401071143357393,0.39727737065501384,1.3181825274645802
15107.391140716,-2.401071143357393,0.39727737065501384,1.3181825274645802
15107.398966096,-2.401071143357393,0.39727737065501384,1.3181825274645802
15107.408300296,-2.401071143357393,0.39727737065501384,1.3181825274645802
15107.416242326,-2.397349065422941,0.3924647405172301,1.321307622980506
15107.417263852,-2.397349065422941,0.3924647405172301,1.321307622980506
15107.421003309,-2.397349065422941,0.3924647405172301,1.321307622980506
15107.421859251,-2.397349065422941,0.3924647405172301,1.321307622980506
15107.429112506,-2.397349065422941,0.3924647405172301,1.321307622980506
15107.439580354,-2.397349065422941,0.3924647405172301,1.321307622980506
15107.4482746,-2.397349065422941,0.3924647405172301,1.321307622980506
15107.458183826,-2.397349065422941,0.3924647405172301,1.321307622980506
15107.46894909,-2.397349065422941,0.3924647405172301,1.321307622980506
15107.473126737,-2.3933039659194706,0.3846818842842515,1.3239157090153162
15107.476694348,-2.3933039659194706,0.3846818842842515,1.3239157090153162
15107.489320135,-2.3933039659194706,0.3846818842842515,1.3239157090153162
15107.498365757,-2.3933039659194706,0.3846818842842515,1.3239157090153162
15107.509033724,-2.3933039659194706,0.3846818842842515,1.3239157090153162
15107.516831472,-2.3933039659194706,0.3846818842842515,1.3239157090153162
15107.517215219,-2.389768429619028,0.39265590600613054,1.323384858355978
15107.51794405,-2.389768429619028,0.39265590600613054,1.323384858355978
15107.521462237,-2.389768429619028,0.39265590600613054,1.323384858355978
15107.528768093,-2.389768429619028,0.39265590600613054,1.323384858355978
15107.539275245,-2.389768429619028,0.39265590600613054,1.323384858355978
15107.547118659,-2.389768429619028,0.39265590600613054,1.323384858355978
15107.559242825,-2.389768429619028,0.39265590600613054,1.323384858355978
15107.564161627,-2.3878265333846382,0.40036257050677715,1.324532247767904
15107.570842117,-2.3878265333846382,0.40036257050677715,1.324532247767904
15107.577786197,-2.3878265333846382,0.40036257050677715,1.324532247767904
15107.589224934,-2.3878265333846382,0.40036257050677715,1.324532247767904
15107.601039864,-2.3878265333846382,0.40036257050677715,1.324532247767904
15107.608460808,-2.3878265333846382,0.40036257050677715,1.324532247767904
15107.620246623,-2.3878265333846382,0.40036257050677715,1.324532247767904
15107.622494723,-2.385767081028703,0.4085877423882235,1.326380110965231
15107.622998538,-2.385767081028703,0.4085877423882235,1.326380110965231
15107.624853333,-2.385767081028703,0.4085877423882235,1.326380110965231
15107.63096737,-2.385767081028703,0.4085877423882235,1.326380110965231
15107.63798072,-2.385767081028703,0.4085877423882235,1.326380110965231
15107.64686113,-2.385767081028703,0.4085877423882235,1.326380110965231
15107.661486406,-2.385767081028703,0.4085877423882235,1.326380110965231
15107.662966702,-2.3827164058895476,0.42084380627601725,1.3273046982149868
15107.670575431,-2.3827164058895476,0.42084380627601725,1.3273046982149868
15107.685351012,-2.3827164058895476,0.42084380627601725,1.3273046982149868
15107.692256549,-2.3827164058895476,0.42084380627601725,1.3273046982149868
15107.700626059,-2.3827164058895476,0.42084380627601725,1.3273046982149868
15107.710169585,-2.3827164058895476,0.42084380627601725,1.3273046982149868
15107.719186803,-2.3827164058895476,0.42084380627601725,1.3273046982149868
15107.720188392,-2.3827164058895476,0.42084380627601725,1.3273046982149868
15107.721077507,-2.380626027853222,0.42919169494621334,1.3235627186159873
15107.721885007,-2.380626027853222,0.42919169494621334,1.3235627186159873
15107.73006504,-2.380626027853222,0.42919169494621334,1.3235627186159873
15107.738950298,-2.380626027853222,0.42919169494621334,1.3235627186159873
15107.748637175,-2.380626027853222,0.42919169494621334,1.3235627186159873
15107.760139783,-2.380626027853222,0.42919169494621334,1.3235627186159873
15107.76711375,-2.380626027853222,0.42919169494621334,1.3235627186159873
15107.772008666,-2.3785801346380273,0.43728978236738236,1.323108054385641
15107.780929883,-2.3785801346380273,0.43728978236738236,1.323108054385641
15107.788773644,-2.3785801346380273,0.43728978236738236,1.323108054385641
15107.798224809,-2.3785801346380273,0.43728978236738236,1.323108054385641
15107.810497776,-2.3785801346380273,0.43728978236738236,1.323108054385641
15107.815548338,-2.3755247998029634,0.4493620064253616,1.3227188360552575
15107.816255017,-2.3755247998029634,0.4493620064253616,1.3227188360552575
15107.8231427,-2.3755247998029634,0.4493620064253616,1.3227188360552575
15107.824171069,-2.3755247998029634,0.4493620064253616,1.3227188360552575
15107.82847751,-2.3755247998029634,0.4493620064253616,1.3227188360552575
15107.840204523,-2.3755247998029634,0.4493620064253616,1.3227188360552575
15107.848548737,-2.3755247998029634,0.4493620064253616,1.3227188360552575
15107.858693382,-2.3755247998029634,0.4493620064253616,1.3227188360552575
15107.860427818,-2.3734514927646932,0.45753148080275996,1.3217942488055021
15107.868343138,-2.3734514927646932,0.45753148080275996,1.3217942488055021
15107.880352027,-2.3734514927646932,0.45753148080275996,1.3217942488055021
15107.887548134,-2.3734514927646932,0.45753148080275996,1.3217942488055021
15107.898549733,-2.3734514927646932,0.45753148080275996,1.3217942488055021
15107.907245572,-2.3734514927646932,0.45753148080275996,1.3217942488055021
15107.91982445,-2.3734514927646932,0.45753148080275996,1.3217942488055021
15107.921318492,-2.3714456405345823,0.4653785920720619,1.3192826282839558
15107.922767858,-2.3714456405345823,0.4653785920720619,1.3192826282839558
15107.924200273,-2.3714456405345823,0.4653785920720619,1.3192826282839558
15107.930882767,-2.3714456405345823,0.4653785920720619,1.3192826282839558
15107.944988428,-2.3714456405345823,0.4653785920720619,1.3192826282839558
15107.950602418,-2.3714456405345823,0.4653785920720619,1.3192826282839558
15107.960089126,-2.3714456405345823,0.4653785920720619,1.3192826282839558
15107.961257289,-2.3682877613074997,0.47768587991457634,1.3199746382097983
15107.97077713,-2.3682877613074997,0.47768587991457634,1.3199746382097983
15107.980252157,-2.3682877613074997,0.47768587991457634,1.3199746382097983
15107.989558954,-2.3682877613074997,0.47768587991457634,1.3199746382097983
15107.997293181,-2.3682877613074997,0.47768587991457634,1.3199746382097983
15108.007741702,-2.3682877613074997,0.47768587991457634,1.3199746382097983
15108.018588788,-2.3682877613074997,0.47768587991457634,1.3199746382097983
15108.026115171,-2.3662442470115006,0.485706233077442,1.3226524364809773
15108.027083566,-2.3662442470115006,0.485706233077442,1.3226524364809773
15108.02825189,-2.3662442470115006,0.485706233077442,1.3226524364809773
15108.031017051,-2.3662442470115006,0.485706233077442,1.3226524364809773
15108.038234148,-2.3662442470115006,0.485706233077442,1.3226524364809773
15108.048182921,-2.3662442470115006,0.485706233077442,1.3226524364809773
15108.060112109,-2.3662442470115006,0.485706233077442,1.3226524364809773
15108.071353672,-2.3662442470115006,0.485706233077442,1.3226524364809773
15108.072384806,-2.363322644588724,0.4973684187000649,1.3280055296282551
15108.080168126,-2.363322644588724,0.4973684187000649,1.3280055296282551
15108.089862899,-2.363322644588724,0.4973684187000649,1.3280055296282551
15108.100873274,-2.363322644588724,0.4973684187000649,1.3280055296282551
15108.109010435,-2.363322644588724,0.4973684187000649,1.3280055296282551
15108.117027789,-2.363322644588724,0.4973684187000649,1.3280055296282551
15108.117567732,-2.3613589076999677,0.5053826199095146,1.3329919350008748
15108.119508871,-2.3613589076999677,0.5053826199095146,1.3329919350008748
15108.124006494,-2.3613589076999677,0.5053826199095146,1.3329919350008748
15108.131422849,-2.3613589076999677,0.5053826199095146,1.3329919350008748
15108.137301075,-2.3613589076999677,0.5053826199095146,1.3329919350008748
15108.148420881,-2.3613589076999677,0.5053826199095146,1.3329919350008748
15108.158642803,-2.3613589076999677,0.5053826199095146,1.3329919350008748
15108.164121435,-2.3595683230292988,0.5129438779376653,1.343546844706991
15108.177029657,-2.3595683230292988,0.5129438779376653,1.343546844706991
15108.179477777,-2.3595683230292988,0.5129438779376653,1.343546844706991
15108.19046005,-2.3595683230292988,0.5129438779376653,1.343546844706991
15108.197794528,-2.3595683230292988,0.5129438779376653,1.343546844706991
15108.210702781,-2.3595683230292988,0.5129438779376653,1.343546844706991
15108.219424168,-2.3595683230292988,0.5129438779376653,1.343546844706991
15108.221288983,-2.357902131385297,0.5204557582281932,1.361498333201864
15108.225266741,-2.357902131385297,0.5204557582281932,1.361498333201864
15108.225949314,-2.357902131385297,0.5204557582281932,1.361498333201864
15108.231201989,-2.357902131385297,0.5204557582281932,1.361498333201864
15108.239486399,-2.357902131385297,0.5204557582281932,1.361498333201864
15108.249303863,-2.357902131385297,0.5204557582281932,1.361498333201864
15108.258561518,-2.355933082256547,0.5302576597268014,1.3836027157168178
15108.26442557,-2.355933082256547,0.5302576597268014,1.3836027157168178
15108.274541508,-2.355933082256547,0.5302576597268014,1.3836027157168178
15108.281672766,-2.355933082256547,0.5302576597268014,1.3836027157168178
15108.290037527,-2.355933082256547,0.5302576597268014,1.3836027157168178
15108.299733713,-2.355933082256547,0.5302576597268014,1.3836027157168178
15108.311110242,-2.355933082256547,0.5302576597268014,1.3836027157168178
15108.319802334,-2.355933082256547,0.5302576597268014,1.3836027157168178
15108.321825739,-2.354849167051045,0.53664589194159,1.421843863711813
15108.322932677,-2.354849167051045,0.53664589194159,1.421843863711813
15108.326578526,-2.354849167051045,0.53664589194159,1.421843863711813
15108.33011057,-2.354849167051045,0.53664589194159,1.421843863711813
15108.34104954,-2.354849167051045,0.53664589194159,1.421843863711813
15108.351970576,-2.354849167051045,0.53664589194159,1.421843863711813
15108.358622342,-2.354849167051045,0.53664589194159,1.421843863711813
15108.368797244,-2.354849167051045,0.53664589194159,1.421843863711813
15108.370477528,-2.3535776246742355,0.5459752133918363,1.4488276016573696
15108.380404561,-2.3535776246742355,0.5459752133918363,1.4488276016573696
15108.390386628,-2.3535776246742355,0.5459752133918363,1.4488276016573696
15108.400136816,-2.3535776246742355,0.5459752133918363,1.4488276016573696
15108.410897786,-2.3535776246742355,0.5459752133918363,1.4488276016573696
15108.414874575,-2.3535776246742355,0.5459752133918363,1.4488276016573696
15108.415650015,-2.3529495357786345,0.5520935559007145,1.4881683361391804
15108.419377025,-2.3529495357786345,0.5520935559007145,1.4881683361391804
15108.422429632,-2.3529495357786345,0.5520935559007145,1.4881683361391804
15108.430707691,-2.3529495357786345,0.5520935559007145,1.4881683361391804
15108.439544627,-2.3529495357786345,0.5520935559007145,1.4881683361391804
15108.448802061,-2.3529495357786345,0.5520935559007145,1.4881683361391804
15108.459703851,-2.3529495357786345,0.5520935559007145,1.4881683361391804
15108.463319683,-2.352502203298144,0.5584815159315573,1.513597704158285
15108.46749738,-2.352502203298144,0.5584815159315573,1.513597704158285
15108.478597616,-2.352502203298144,0.5584815159315573,1.513597704158285
15108.493635193,-2.352502203298144,0.5584815159315573,1.513597704158285
15108.500377271,-2.352502203298144,0.5584815159315573,1.513597704158285
15108.510308251,-2.352502203298144,0.5584815159315573,1.513597704158285
15108.518053479,-2.352502203298144,0.5584815159315573,1.513597704158285
15108.519859041,-2.352502203298144,0.5584815159315573,1.513597704158285
15108.5201173,-2.3522836119647077,0.5646028003218022,1.5566051971773889
15108.520465139,-2.3522836119647077,0.5646028003218022,1.5566051971773889
15108.529291967,-2.3522836119647077,0.5646028003218022,1.5566051971773889
15108.538238451,-2.3522836119647077,0.5646028003218022,1.5566051971773889
15108.550190721,-2.3522836119647077,0.5646028003218022,1.5566051971773889
15108.559226334,-2.3522836119647077,0.5646028003218022,1.5566051971773889
15108.562757066,-2.352291163530645,0.5735121587211753,1.5866826546053676
15108.56960348,-2.352291163530645,0.5735121587211753,1.5866826546053676
15108.579756481,-2.352291163530645,0.5735121587211753,1.5866826546053676
15108.590123167,-2.352291163530645,0.5735121587211753,1.5866826546053676
15108.599371554,-2.352291163530645,0.5735121587211753,1.5866826546053676
15108.609630415,-2.352291163530645,0.5735121587211753,1.5866826546053676
15108.620359978,-2.352291163530645,0.5735121587211753,1.5866826546053676
15108.62565839,-2.3524742193886876,0.579204120337206,1.6192086708407183
15108.62651888,-2.3524742193886876,0.579204120337206,1.6192086708407183
15108.629163823,-2.3524742193886876,0.579204120337206,1.6192086708407183
15108.629394249,-2.3524742193886876,0.579204120337206,1.6192086708407183
15108.637258292,-2.3524742193886876,0.579204120337206,1.6192086708407183
15108.648104617,-2.3524742193886876,0.579204120337206,1.6192086708407183
15108.659364706,-2.3524742193886876,0.579204120337206,1.6192086708407183
15108.667947741,-2.3524742193886876,0.579204120337206,1.6192086708407183
15108.668261476,-2.3530377049746782,0.5879434707783815,1.6511593830446987
15108.682952156,-2.3530377049746782,0.5879434707783815,1.6511593830446987
15108.68949725,-2.3530377049746782,0.5879434707783815,1.6511593830446987
15108.703192263,-2.3530377049746782,0.5879434707783815,1.6511593830446987
15108.707917137,-2.3530377049746782,0.5879434707783815,1.6511593830446987
15108.718041824,-2.3536246963027043,0.5937098182600502,1.6933264505724692
15108.719057259,-2.3536246963027043,0.5937098182600502,1.6933264505724692
15108.724414982,-2.3536246963027043,0.5937098182600502,1.6933264505724692
15108.73008114,-2.3536246963027043,0.5937098182600502,1.6933264505724692
15108.730707858,-2.3536246963027043,0.5937098182600502,1.6933264505724692
15108.738918508,-2.3536246963027043,0.5937098182600502,1.6933264505724692
15108.749148715,-2.3536246963027043,0.5937098182600502,1.6933264505724692
15108.761993517,-2.3536246963027043,0.5937098182600502,1.6933264505724692
15108.76247036,-2.3543661175532353,0.5991008715245328,1.7216076624254968
15108.774163129,-2.3543661175532353,0.5991008715245328,1.7216076624254968
15108.779000717,-2.3543661175532353,0.5991008715245328,1.7216076624254968
15108.790673117,-2.3543661175532353,0.5991008715245328,1.7216076624254968
15108.800669842,-2.3543661175532353,0.5991008715245328,1.7216076624254968
15108.808611853,-2.3543661175532353,0.5991008715245328,1.7216076624254968
15108.820164616,-2.3543661175532353,0.5991008715245328,1.7216076624254968
15108.821018014,-2.3557183597230726,0.5916489263153171,1.7412989989842294
15108.821756213,-2.3557183597230726,0.5916489263153171,1.7412989989842294
15108.82486277,-2.3557183597230726,0.5916489263153171,1.7412989989842294
15108.828541902,-2.3557183597230726,0.5916489263153171,1.7412989989842294
15108.839782805,-2.3557183597230726,0.5916489263153171,1.7412989989842294
15108.849006745,-2.3557183597230726,0.5916489263153171,1.7412989989842294
15108.860232408,-2.3576097440453814,0.5871483671047668,1.7763869073488927
15108.861656708,-2.3576097440453814,0.5871483671047668,1.7763869073488927
15108.877164376,-2.3576097440453814,0.5871483671047668,1.7763869073488927
15108.88299697,-2.3576097440453814,0.5871483671047668,1.7763869073488927
15108.896077739,-2.3576097440453814,0.5871483671047668,1.7763869073488927
15108.89889611,-2.3576097440453814,0.5871483671047668,1.7763869073488927
15108.909624962,-2.3576097440453814,0.5871483671047668,1.7763869073488927
15108.91904808,-2.3576097440453814,0.5871483671047668,1.7763869073488927
15108.923319024,-2.358907364481058,0.5891737909399006,1.79594979181529
15108.924090175,-2.358907364481058,0.5891737909399006,1.79594979181529
15108.932949855,-2.358907364481058,0.5891737909399006,1.79594979181529
15108.933772173,-2.358907364481058,0.5891737909399006,1.79594979181529
15108.941988294,-2.358907364481058,0.5891737909399006,1.79594979181529
15108.947492996,-2.358907364481058,0.5891737909399006,1.79594979181529
15108.958236666,-2.358907364481058,0.5891737909399006,1.79594979181529
15108.961739013,-2.36100371215834,0.5977809161757386,1.823458765890608
15108.96904574,-2.36100371215834,0.5977809161757386,1.823458765890608
15108.98060204,-2.36100371215834,0.5977809161757386,1.823458765890608
15108.994346467,-2.36100371215834,0.5977809161757386,1.823458765890608
15108.998898875,-2.36100371215834,0.5977809161757386,1.823458765890608
15109.010118363,-2.36100371215834,0.5977809161757386,1.823458765890608
15109.014608866,-2.3626400543762345,0.6037097436199013,1.8567207802796455
15109.015072755,-2.3626400543762345,0.6037097436199013,1.8567207802796455
15109.018048612,-2.3626400543762345,0.6037097436199013,1.8567207802796455
15109.018516338,-2.3626400543762345,0.6037097436199013,1.8567207802796455
15109.030039559,-2.3626400543762345,0.6037097436199013,1.8567207802796455
15109.038985713,-2.3626400543762345,0.6037097436199013,1.8567207802796455
15109.049541958,-2.3626400543762345,0.6037097436199013,1.8567207802796455
15109.059930936,-2.3626400543762345,0.6037097436199013,1.8567207802796455
15109.069591293,-2.3626400543762345,0.6037097436199013,1.8567207802796455
15109.070353788,-2.3644335858088557,0.609619383451399,1.874187563803205
15109.077834945,-2.3644335858088557,0.609619383451399,1.874187563803205
15109.091841449,-2.3644335858088557,0.609619383451399,1.874187563803205
15109.098863867,-2.3644335858088557,0.609619383451399,1.874187563803205
15109.109842723,-2.3644335858088557,0.609619383451399,1.874187563803205
15109.115232517,-2.3640687085344405,0.6155602088839014,1.8994915906230962
15109.115950458,-2.3640687085344405,0.6155602088839014,1.8994915906230962
15109.118926334,-2.3640687085344405,0.6155602088839014,1.8994915906230962
15109.120590718,-2.3640687085344405,0.6155602088839014,1.8994915906230962
15109.128720348,-2.3640687085344405,0.6155602088839014,1.8994915906230962
15109.137883583,-2.3640687085344405,0.6155602088839014,1.8994915906230962
15109.149699054,-2.3640687085344405,0.6155602088839014,1.8994915906230962
15109.158127838,-2.3640687085344405,0.6155602088839014,1.8994915906230962
15109.163504287,-2.3623199115454745,0.6180104833788823,1.9155307464522893
15109.172762271,-2.3623199115454745,0.6180104833788823,1.9155307464522893
15109.18208544,-2.3623199115454745,0.6180104833788823,1.9155307464522893
15109.1904018,-2.3623199115454745,0.6180104833788823,1.9155307464522893
15109.198775599,-2.3623199115454745,0.6180104833788823,1.9155307464522893
15109.208969448,-2.3623199115454745,0.6180104833788823,1.9155307464522893
15109.218610649,-2.3623199115454745,0.6180104833788823,1.9155307464522893
15109.224423184,-2.3634063598765094,0.6227700505672898,1.9307578312079734
15109.225371561,-2.3634063598765094,0.6227700505672898,1.9307578312079734
15109.225875626,-2.3634063598765094,0.6227700505672898,1.9307578312079734
15109.234438975,-2.3634063598765094,0.6227700505672898,1.9307578312079734
15109.238743001,-2.3634063598765094,0.6227700505672898,1.9307578312079734
15109.247840332,-2.3634063598765094,0.6227700505672898,1.9307578312079734
15109.257807179,-2.3634063598765094,0.6227700505672898,1.9307578312079734
15109.263100411,-2.3664694684769834,0.6308662294041163,1.9342262254874538
15109.268946169,-2.3664694684769834,0.6308662294041163,1.9342262254874538
15109.281460244,-2.3664694684769834,0.6308662294041163,1.9342262254874538
15109.291350868,-2.3664694684769834,0.6308662294041163,1.9342262254874538
15109.298956391,-2.3664694684769834,0.6308662294041163,1.9342262254874538
15109.308355112,-2.3664694684769834,0.6308662294041163,1.9342262254874538
15109.316758207,-2.3684043250660136,0.6358982380237949,1.9415301190535847
15109.318080884,-2.3684043250660136,0.6358982380237949,1.9415301190535847
15109.321690494,-2.3684043250660136,0.6358982380237949,1.9415301190535847
15109.322690789,-2.3684043250660136,0.6358982380237949,1.9415301190535847
15109.328315659,-2.3684043250660136,0.6358982380237949,1.9415301190535847
15109.338971052,-2.3684043250660136,0.6358982380237949,1.9415301190535847
15109.349817257,-2.3684043250660136,0.6358982380237949,1.9415301190535847
15109.361263519,-2.3684043250660136,0.6358982380237949,1.9415301190535847
15109.370595163,-2.3684043250660136,0.6358982380237949,1.9415301190535847
15109.371236128,-2.370491595950864,0.6412783731574135,1.9402288304488486
15109.379905307,-2.370491595950864,0.6412783731574135,1.9402288304488486
15109.388761851,-2.370491595950864,0.6412783731574135,1.9402288304488486
15109.400278966,-2.370491595950864,0.6412783731574135,1.9402288304488486
15109.410343279,-2.370491595950864,0.6412783731574135,1.9402288304488486
15109.416641452,-2.3739590206121446,0.6502767941404114,1.9369684563796337
15109.418947736,-2.3739590206121446,0.6502767941404114,1.9369684563796337
15109.42009145,-2.3739590206121446,0.6502767941404114,1.9369684563796337
15109.420878511,-2.3739590206121446,0.6502767941404114,1.9369684563796337
15109.430892672,-2.3739590206121446,0.6502767941404114,1.9369684563796337
15109.437729218,-2.3739590206121446,0.6502767941404114,1.9369684563796337
15109.44971918,-2.3739590206121446,0.6502767941404114,1.9369684563796337
15109.458414949,-2.3739590206121446,0.6502767941404114,1.9369684563796337
15109.462894529,-2.376475867606638,0.6568747352394558,1.9334675775687529
15109.470158415,-2.376475867606638,0.6568747352394558,1.9334675775687529
15109.47946929,-2.376475867606638,0.6568747352394558,1.9334675775687529
15109.488841561,-2.376475867606638,0.6568747352394558,1.9334675775687529
15109.500135565,-2.376475867606638,0.6568747352394558,1.9334675775687529
15109.509044146,-2.376475867606638,0.6568747352394558,1.9334675775687529
15109.518935862,-2.376475867606638,0.6568747352394558,1.9334675775687529
15109.523084845,-2.376475867606638,0.6568747352394558,1.9334675775687529
15109.525434578,-2.377839629592328,0.6645655723989299,1.912876479736451
15109.526066225,-2.377839629592328,0.6645655723989299,1.912876479736451
15109.528901829,-2.377839629592328,0.6645655723989299,1.912876479736451
15109.541066262,-2.377839629592328,0.6645655723989299,1.912876479736451
15109.552092397,-2.377839629592328,0.6645655723989299,1.912876479736451
15109.558042042,-2.377839629592328,0.6645655723989299,1.912876479736451
15109.559783412,-2.38034193667549,0.6755808281757236,1.9017233434959735
15109.574400634,-2.38034193667549,0.6755808281757236,1.9017233434959735
15109.581949629,-2.38034193667549,0.6755808281757236,1.9017233434959735
15109.589703854,-2.38034193667549,0.6755808281757236,1.9017233434959735
15109.598258105,-2.38034193667549,0.6755808281757236,1.9017233434959735
15109.610843857,-2.38034193667549,0.6755808281757236,1.9017233434959735
15109.611813835,-2.38034193667549,0.6755808281757236,1.9017233434959735
15109.612949918,-2.381979488027392,0.6830423451604017,1.8820694516143184
15109.617601202,-2.381979488027392,0.6830423451604017,1.8820694516143184
15109.619021935,-2.381979488027392,0.6830423451604017,1.8820694516143184
15109.629632753,-2.381979488027392,0.6830423451604017,1.8820694516143184
15109.640574339,-2.381979488027392,0.6830423451604017,1.8820694516143184
15109.648098868,-2.381979488027392,0.6830423451604017,1.8820694516143184
15109.660519196,-2.381979488027392,0.6830423451604017,1.8820694516143184
15109.667604313,-2.381979488027392,0.6830423451604017,1.8820694516143184
15109.674148414,-2.3842122195667823,0.6900611891098857,1.8754898140868532
15109.679211299,-2.3842122195667823,0.6900611891098857,1.8754898140868532
15109.6885307,-2.3842122195667823,0.6900611891098857,1.8754898140868532
15109.697062509,-2.3842122195667823,0.6900611891098857,1.8754898140868532
15109.713492645,-2.3842122195667823,0.6900611891098857,1.8754898140868532
15109.720721154,-2.3842122195667823,0.6900611891098857,1.8754898140868532
15109.721322183,-2.3875635903076367,0.7009467786712952,1.863429410263001
15109.723090243,-2.3875635903076367,0.7009467786712952,1.863429410263001
15109.723466005,-2.3875635903076367,0.7009467786712952,1.863429410263001
15109.729861676,-2.3875635903076367,0.7009467786712952,1.863429410263001
15109.741886584,-2.3875635903076367,0.7009467786712952,1.863429410263001
15109.747902194,-2.3875635903076367,0.7009467786712952,1.863429410263001
15109.759393702,-2.3875635903076367,0.7009467786712952,1.863429410263001
15109.763115455,-2.3897101621245334,0.7082038626265442,1.8533428738555295
15109.772805418,-2.3897101621245334,0.7082038626265442,1.8533428738555295
15109.779562855,-2.3897101621245334,0.7082038626265442,1.8533428738555295
15109.789021699,-2.3897101621245334,0.7082038626265442,1.8533428738555295
15109.800021495,-2.3897101621245334,0.7082038626265442,1.8533428738555295
15109.809208776,-2.3897101621245334,0.7082038626265442,1.8533428738555295
15109.8208992,-2.3897101621245334,0.7082038626265442,1.8533428738555295
15109.823030179,-2.3917611885912278,0.7153569639174961,1.8467312882384646
15109.823769951,-2.3917611885912278,0.7153569639174961,1.8467312882384646
15109.829458451,-2.3917611885912278,0.7153569639174961,1.8467312882384646
15109.830958884,-2.3917611885912278,0.7153569639174961,1.8467312882384646
15109.840043941,-2.3917611885912278,0.7153569639174961,1.8467312882384646
15109.848636455,-2.3917611885912278,0.7153569639174961,1.8467312882384646
15109.859748564,-2.3917611885912278,0.7153569639174961,1.8467312882384646
15109.863033198,-2.3946239601919714,0.7257523312432094,1.8323173354110118
15109.87044262,-2.3946239601919714,0.7257523312432094,1.8323173354110118
15109.885058839,-2.3946239601919714,0.7257523312432094,1.8323173354110118
15109.889620053,-2.3946239601919714,0.7257523312432094,1.8323173354110118
15109.901118433,-2.3946239601919714,0.7257523312432094,1.8323173354110118
15109.91087362,-2.3946239601919714,0.7257523312432094,1.8323173354110118
15109.91331146,-2.3964612536595844,0.732780309239502,1.8206811974486696
15109.91389196,-2.3964612536595844,0.732780309239502,1.8206811974486696
15109.914301376,-2.3964612536595844,0.732780309239502,1.8206811974486696
15109.920403019,-2.3964612536595844,0.732780309239502,1.8206811974486696
15109.929847287,-2.3964612536595844,0.732780309239502,1.8206811974486696
15109.940359469,-2.3964612536595844,0.732780309239502,1.8206811974486696
15109.951275927,-2.3964612536595844,0.732780309239502,1.8206811974486696
15109.958105549,-2.3964612536595844,0.732780309239502,1.8206811974486696
15109.967265939,-2.3981066888110503,0.7393870657566199,1.8090865443190913
15109.97304425,-2.3981066888110503,0.7393870657566199,1.8090865443190913
15109.977912395,-2.3981066888110503,0.7393870657566199,1.8090865443190913
15109.990279041,-2.3981066888110503,0.7393870657566199,1.8090865443190913
15110.002486375,-2.3981066888110503,0.7393870657566199,1.8090865443190913
15110.007519603,-2.3981066888110503,0.7393870657566199,1.8090865443190913
15110.018575405,-2.400377601204979,0.7489674549380694,1.7979901860198364
15110.019900145,-2.400377601204979,0.7489674549380694,1.7979901860198364
15110.020150279,-2.400377601204979,0.7489674549380694,1.7979901860198364
15110.020619719,-2.400377601204979,0.7489674549380694,1.7979901860198364
15110.029757396,-2.400377601204979,0.7489674549380694,1.7979901860198364
15110.038552163,-2.400377601204979,0.7489674549380694,1.7979901860198364
15110.048606186,-2.400377601204979,0.7489674549380694,1.7979901860198364
15110.062307591,-2.400377601204979,0.7489674549380694,1.7979901860198364
15110.063650116,-2.401652920159223,0.7545436922501988,1.7932805846175541
15110.06829624,-2.401652920159223,0.7545436922501988,1.7932805846175541
15110.080682374,-2.401652920159223,0.7545436922501988,1.7932805846175541
15110.089134962,-2.401652920159223,0.7545436922501988,1.7932805846175541
15110.099645089,-2.401652920159223,0.7545436922501988,1.7932805846175541
15110.11208451,-2.401652920159223,0.7545436922501988,1.7932805846175541
15110.115506769,-2.4028460741465176,0.759853074919949,1.7904184887847299
15110.116565235,-2.4028460741465176,0.759853074919949,1.7904184887847299
15110.120376407,-2.4028460741465176,0.759853074919949,1.7904184887847299
15110.120762359,-2.4028460741465176,0.759853074919949,1.7904184887847299
15110.128978249,-2.4028460741465176,0.759853074919949,1.7904184887847299
15110.137638601,-2.4028460741465176,0.759853074919949,1.7904184887847299
15110.148335663,-2.4028460741465176,0.759853074919949,1.7904184887847299
15110.159000704,-2.4028460741465176,0.759853074919949,1.7904184887847299
15110.161978948,-2.4045261248885,0.7674914977372241,1.7841743061980588
15110.168149081,-2.4045261248885,0.7674914977372241,1.7841743061980588
15110.18338265,-2.4045261248885,0.7674914977372241,1.7841743061980588
15110.188811228,-2.4045261248885,0.7674914977372241,1.7841743061980588
15110.200188679,-2.4045261248885,0.7674914977372241,1.7841743061980588
15110.210686914,-2.4045261248885,0.7674914977372241,1.7841743061980588
15110.220658701,-2.4045261248885,0.7674914977372241,1.7841743061980588
15110.222023207,-2.4045261248885,0.7674914977372241,1.7841743061980588
15110.223180771,-2.405536523359663,0.7722966904888449,1.7719241211852417
15110.22390868,-2.405536523359663,0.7722966904888449,1.7719241211852417
15110.232970363,-2.405536523359663,0.7722966904888449,1.7719241211852417
15110.237708633,-2.405536523359663,0.7722966904888449,1.7719241211852417
15110.250841741,-2.405536523359663,0.7722966904888449,1.7719241211852417
15110.259040709,-2.405536523359663,0.7722966904888449,1.7719241211852417
15110.263673158,-2.40696670380448,0.7797797633207019,1.747357947631775
15110.272922807,-2.40696670380448,0.7797797633207019,1.747357947631775
15110.281029199,-2.40696670380448,0.7797797633207019,1.747357947631775
15110.29434805,-2.40696670380448,0.7797797633207019,1.747357947631775
15110.29774658,-2.40696670380448,0.7797797633207019,1.747357947631775
15110.310538201,-2.40696670380448,0.7797797633207019,1.747357947631775
15110.3183154,-2.40696670380448,0.7797797633207019,1.747357947631775
15110.326884098,-2.40696670380448,0.7797797633207019,1.747357947631775
15110.327973042,-2.4076284961659677,0.7841338154917284,1.695914847656189
15110.330527954,-2.4076284961659677,0.7841338154917284,1.695914847656189
15110.332276598,-2.4076284961659677,0.7841338154917284,1.695914847656189
15110.341697792,-2.4076284961659677,0.7841338154917284,1.695914847656189
15110.350048728,-2.4076284961659677,0.7841338154917284,1.695914847656189
15110.360691006,-2.4076284961659677,0.7841338154917284,1.695914847656189
15110.366555329,-2.4082213458248063,0.7896959715792152,1.658048612876831
15110.369459803,-2.4082213458248063,0.7896959715792152,1.658048612876831
15110.379861125,-2.4082213458248063,0.7896959715792152,1.658048612876831
15110.390849529,-2.4082213458248063,0.7896959715792152,1.658048612876831
15110.399827433,-2.4082213458248063,0.7896959715792152,1.658048612876831
15110.410361315,-2.4082213458248063,0.7896959715792152,1.658048612876831
15110.416070986,-2.408391783638968,0.7922212952006725,1.6183225939711914
15110.416786422,-2.408391783638968,0.7922212952006725,1.6183225939711914
15110.420232629,-2.408391783638968,0.7922212952006725,1.6183225939711914
15110.423352866,-2.408391783638968,0.7922212952006725,1.6183225939711914
15110.431262305,-2.408391783638968,0.7922212952006725,1.6183225939711914
15110.439716727,-2.408391783638968,0.7922212952006725,1.6183225939711914
15110.451387574,-2.408391783638968,0.7922212952006725,1.6183225939711914
15110.458579503,-2.408391783638968,0.7922212952006725,1.6183225939711914
15110.462192991,-2.40841863324985,0.7938409565961712,1.5564216206511838
15110.473894564,-2.40841863324985,0.7938409565961712,1.5564216206511838
15110.479559402,-2.40841863324985,0.7938409565961712,1.5564216206511838
15110.490507039,-2.40841863324985,0.7938409565961712,1.5564216206511838
15110.499098821,-2.40841863324985,0.7938409565961712,1.5564216206511838
15110.508218594,-2.40841863324985,0.7938409565961712,1.5564216206511838
15110.518648359,-2.40841863324985,0.7938409565961712,1.5564216206511838
15110.520921457,-2.4083888118786936,0.7947010030726308,1.5158505270919187
15110.521268946,-2.4083888118786936,0.7947010030726308,1.5158505270919187
15110.522270203,-2.4083888118786936,0.7947010030726308,1.5158505270919187
15110.528055547,-2.4083888118786936,0.7947010030726308,1.5158505270919187
15110.540628954,-2.4083888118786936,0.7947010030726308,1.5158505270919187
15110.548947809,-2.4083888118786936,0.7947010030726308,1.5158505270919187
15110.55841481,-2.4083888118786936,0.7947010030726308,1.5158505270919187
15110.566654235,-2.408336025166907,0.7954077336753916,1.4766361544570312
15110.570004925,-2.408336025166907,0.7954077336753916,1.4766361544570312
15110.582832855,-2.408336025166907,0.7954077336753916,1.4766361544570312
15110.591068963,-2.408336025166907,0.7954077336753916,1.4766361544570312
15110.598988772,-2.408336025166907,0.7954077336753916,1.4766361544570312
15110.608812759,-2.408336025166907,0.7954077336753916,1.4766361544570312
15110.621940267,-2.408336025166907,0.7954077336753916,1.4766361544570312
15110.623478492,-2.4083112882118325,0.7956087024716756,1.4200115035018308
15110.624306551,-2.4083112882118325,0.7956087024716756,1.4200115035018308
15110.630331179,-2.4083112882118325,0.7956087024716756,1.4200115035018308
15110.631011548,-2.4083112882118325,0.7956087024716756,1.4200115035018308
15110.638368279,-2.4083112882118325,0.7956087024716756,1.4200115035018308
15110.649554368,-2.4083112882118325,0.7956087024716756,1.4200115035018308
15110.657099487,-2.4083112882118325,0.7956087024716756,1.4200115035018308
15110.667043792,-2.4083112882118325,0.7956087024716756,1.4200115035018308
15110.670804729,-2.408294178224512,0.7957084889529266,1.3819519112548222
15110.687180894,-2.408294178224512,0.7957084889529266,1.3819519112548222
15110.697737139,-2.408294178224512,0.7957084889529266,1.3819519112548222
15110.701015873,-2.408294178224512,0.7957084889529266,1.3819519112548222
15110.707062341,-2.408294178224512,0.7957084889529266,1.3819519112548222
15110.718923289,-2.4082109482485388,0.7961048149137268,1.3456489870986326
15110.729652859,-2.4082109482485388,0.7961048149137268,1.3456489870986326
15110.730152656,-2.4082109482485388,0.7961048149137268,1.3456489870986326
15110.743229021,-2.4082109482485388,0.7961048149137268,1.3456489870986326
15110.745591257,-2.4082109482485388,0.7961048149137268,1.3456489870986326
15110.746256588,-2.4082109482485388,0.7961048149137268,1.3456489870986326
15110.748249976,-2.4082109482485388,0.7961048149137268,1.3456489870986326
15110.760218257,-2.4082109482485388,0.7961048149137268,1.3456489870986326
15110.76376042,-2.407879515019638,0.7974046933911317,1.2966373990020141
15110.776300524,-2.407879515019638,0.7974046933911317,1.2966373990020141
15110.782510994,-2.407879515019638,0.7974046933911317,1.2966373990020141
15110.794787489,-2.407879515019638,0.7974046933911317,1.2966373990020141
15110.813778599,-2.407879515019638,0.7974046933911317,1.2966373990020141
15110.817640848,-2.407879515019638,0.7974046933911317,1.2966373990020141
15110.820864818,-2.407879515019638,0.7974046933911317,1.2966373990020141
15110.821685142,-2.408875001591448,0.7901502601201549,1.2690956504302027
15110.822656102,-2.408875001591448,0.7901502601201549,1.2690956504302027
15110.82316646,-2.408875001591448,0.7901502601201549,1.2690956504302027
15110.828564039,-2.408875001591448,0.7901502601201549,1.2690956504302027
15110.839100847,-2.408875001591448,0.7901502601201549,1.2690956504302027
15110.849019774,-2.408875001591448,0.7901502601201549,1.2690956504302027
15110.860879639,-2.408875001591448,0.7901502601201549,1.2690956504302027
15110.862691844,-2.4090693466081956,0.7852196933388298,1.239144800601311
15110.868803676,-2.4090693466081956,0.7852196933388298,1.239144800601311
15110.886314781,-2.4090693466081956,0.7852196933388298,1.239144800601311
15110.888069667,-2.4090693466081956,0.7852196933388298,1.239144800601311
15110.90522074,-2.4090693466081956,0.7852196933388298,1.239144800601311
15110.915102838,-2.4090693466081956,0.7852196933388298,1.239144800601311
15110.917062802,-2.4090693466081956,0.7852196933388298,1.239144800601311
15110.927134969,-2.4088274428437573,0.783248613724625,1.1919003494270548
15110.932643729,-2.4088274428437573,0.783248613724625,1.1919003494270548
15110.933820559,-2.4088274428437573,0.783248613724625,1.1919003494270548
15110.934678074,-2.4088274428437573,0.783248613724625,1.1919003494270548
15110.937362311,-2.4088274428437573,0.783248613724625,1.1919003494270548
15110.94812601,-2.4088274428437573,0.783248613724625,1.1919003494270548
15110.960719655,-2.4088274428437573,0.783248613724625,1.1919003494270548
15110.965066864,-2.4072278114751113,0.7870789644486363,1.158485866356681
15110.968672637,-2.4072278114751113,0.7870789644486363,1.158485866356681
15110.980939304,-2.4072278114751113,0.7870789644486363,1.158485866356681
15110.989928098,-2.4072278114751113,0.7870789644486363,1.158485866356681
15110.99964326,-2.4072278114751113,0.7870789644486363,1.158485866356681
15111.012542575,-2.4072278114751113,0.7870789644486363,1.158485866356681
15111.018496708,-2.4060617796662185,0.7896350517811678,1.1271468170173864
15111.020018712,-2.4060617796662185,0.7896350517811678,1.1271468170173864
15111.020711165,-2.4060617796662185,0.7896350517811678,1.1271468170173864
15111.022459748,-2.4060617796662185,0.7896350517811678,1.1271468170173864
15111.03048096,-2.4060617796662185,0.7896350517811678,1.1271468170173864
15111.03920913,-2.4060617796662185,0.7896350517811678,1.1271468170173864
15111.049280346,-2.4060617796662185,0.7896350517811678,1.1271468170173864
15111.0601368,-2.4060617796662185,0.7896350517811678,1.1271468170173864
15111.061262744,-2.4047621579459375,0.7922677902837868,1.0973545082100131
15111.069136823,-2.4047621579459375,0.7922677902837868,1.0973545082100131
15111.083128461,-2.4047621579459375,0.7922677902837868,1.0973545082100131
15111.089629261,-2.4047621579459375,0.7922677902837868,1.0973545082100131
15111.100025644,-2.4047621579459375,0.7922677902837868,1.0973545082100131
15111.108040111,-2.4047621579459375,0.7922677902837868,1.0973545082100131
15111.119649362,-2.4047621579459375,0.7922677902837868,1.0973545082100131
15111.119970952,-2.4055389814171306,0.8018170204139339,1.0481564613096839
15111.125268211,-2.4055389814171306,0.8018170204139339,1.0481564613096839
15111.126194195,-2.4055389814171306,0.8018170204139339,1.0481564613096839
15111.131070016,-2.4055389814171306,0.8018170204139339,1.0481564613096839
15111.140540443,-2.4055389814171306,0.8018170204139339,1.0481564613096839
15111.147555949,-2.4055389814171306,0.8018170204139339,1.0481564613096839
15111.159320894,-2.4055389814171306,0.8018170204139339,1.0481564613096839
15111.164020951,-2.4060817811707733,0.8147433070099197,1.0161607712845657
15111.170701601,-2.4060817811707733,0.8147433070099197,1.0161607712845657
15111.182035781,-2.4060817811707733,0.8147433070099197,1.0161607712845657
15111.190534837,-2.4060817811707733,0.8147433070099197,1.0161607712845657
15111.199784466,-2.4060817811707733,0.8147433070099197,1.0161607712845657
15111.209481142,-2.4060817811707733,0.8147433070099197,1.0161607712845657
15111.219063352,-2.4060817811707733,0.8147433070099197,1.0161607712845657
15111.225223886,-2.4060166476568314,0.821524987463859,0.9765661466422073
15111.227834263,-2.4060166476568314,0.821524987463859,0.9765661466422073
15111.228779394,-2.4060166476568314,0.821524987463859,0.9765661466422073
15111.231724803,-2.4060166476568314,0.821524987463859,0.9765661466422073
15111.237570153,-2.4060166476568314,0.821524987463859,0.9765661466422073
15111.247836746,-2.4060166476568314,0.821524987463859,0.9765661466422073
15111.258973504,-2.4060166476568314,0.821524987463859,0.9765661466422073
15111.260890036,-2.4037406316685224,0.824813217932445,0.9541227329077716
15111.268499577,-2.4037406316685224,0.824813217932445,0.9541227329077716
15111.278803544,-2.4037406316685224,0.824813217932445,0.9541227329077716
15111.290415049,-2.4037406316685224,0.824813217932445,0.9541227329077716
15111.299384006,-2.4037406316685224,0.824813217932445,0.9541227329077716
15111.310361089,-2.4037406316685224,0.824813217932445,0.9541227329077716
15111.314242163,-2.402272184297781,0.8268436083439079,0.9351706016364087
15111.314845076,-2.402272184297781,0.8268436083439079,0.9351706016364087
15111.317801619,-2.402272184297781,0.8268436083439079,0.9351706016364087
15111.318475476,-2.402272184297781,0.8268436083439079,0.9351706016364087
15111.328678973,-2.402272184297781,0.8268436083439079,0.9351706016364087
15111.338042708,-2.402272184297781,0.8268436083439079,0.9351706016364087
15111.348434912,-2.402272184297781,0.8268436083439079,0.9351706016364087
15111.358450943,-2.402272184297781,0.8268436083439079,0.9351706016364087
15111.369500824,-2.402272184297781,0.8268436083439079,0.9351706016364087
15111.372887171,-2.400676229561149,0.8289369290763904,0.9036378372015943
15111.378755452,-2.400676229561149,0.8289369290763904,0.9036378372015943
15111.388985279,-2.400676229561149,0.8289369290763904,0.9036378372015943
15111.402623504,-2.400676229561149,0.8289369290763904,0.9036378372015943
15111.409837846,-2.400676229561149,0.8289369290763904,0.9036378372015943
15111.417985056,-2.400676229561149,0.8289369290763904,0.9036378372015943
15111.418807825,-2.3985376164556635,0.8250156410655434,0.8855260272420363
15111.419263518,-2.3985376164556635,0.8250156410655434,0.8855260272420363
15111.430439645,-2.3985376164556635,0.8250156410655434,0.8855260272420363
15111.430835456,-2.3985376164556635,0.8250156410655434,0.8855260272420363
15111.441182036,-2.3985376164556635,0.8250156410655434,0.8855260272420363
15111.448681168,-2.3985376164556635,0.8250156410655434,0.8855260272420363
15111.459647891,-2.3985376164556635,0.8250156410655434,0.8855260272420363
15111.461074865,-2.3972406476622883,0.8176516511039825,0.8688215472444196
15111.470878063,-2.3972406476622883,0.8176516511039825,0.8688215472444196
15111.480465933,-2.3972406476622883,0.8176516511039825,0.8688215472444196
15111.491902496,-2.3972406476622883,0.8176516511039825,0.8688215472444196
15111.499137618,-2.3972406476622883,0.8176516511039825,0.8688215472444196
15111.509574323,-2.3972406476622883,0.8176516511039825,0.8688215472444196
15111.518290304,-2.3972406476622883,0.8176516511039825,0.8688215472444196
15111.524807284,-2.3955630639570575,0.8151371174057439,0.8474337704391871
15111.526405202,-2.3955630639570575,0.8151371174057439,0.8474337704391871
15111.526769272,-2.3955630639570575,0.8151371174057439,0.8474337704391871
15111.528447142,-2.3955630639570575,0.8151371174057439,0.8474337704391871
15111.540372121,-2.3955630639570575,0.8151371174057439,0.8474337704391871
15111.550059279,-2.3955630639570575,0.8151371174057439,0.8474337704391871
15111.561013989,-2.3955630639570575,0.8151371174057439,0.8474337704391871
15111.563793176,-2.3917186895262446,0.8194409922922213,0.8360283024521261
15111.573147563,-2.3917186895262446,0.8194409922922213,0.8360283024521261
15111.579498108,-2.3917186895262446,0.8194409922922213,0.8360283024521261
15111.589885523,-2.3917186895262446,0.8194409922922213,0.8360283024521261
15111.601990624,-2.3917186895262446,0.8194409922922213,0.8360283024521261
15111.609354108,-2.3917186895262446,0.8194409922922213,0.8360283024521261
15111.61521411,-2.3917186895262446,0.8194409922922213,0.8360283024521261
15111.61612673,-2.3883451074544277,0.8231126658119762,0.8193394787521752
15111.621034644,-2.3883451074544277,0.8231126658119762,0.8193394787521752
15111.621494736,-2.3883451074544277,0.8231126658119762,0.8193394787521752
15111.62962304,-2.3883451074544277,0.8231126658119762,0.8193394787521752
15111.638016105,-2.3883451074544277,0.8231126658119762,0.8193394787521752
15111.6491544,-2.3883451074544277,0.8231126658119762,0.8193394787521752
15111.660528197,-2.3883451074544277,0.8231126658119762,0.8193394787521752
15111.66934687,-2.3883451074544277,0.8231126658119762,0.8193394787521752
15111.670032008,-2.384493487002732,0.827134052731107,0.7945763714523703
15111.680512029,-2.384493487002732,0.827134052731107,0.7945763714523703
15111.690483025,-2.384493487002732,0.827134052731107,0.7945763714523703
15111.700212132,-2.384493487002732,0.827134052731107,0.7945763714523703
15111.707771458,-2.384493487002732,0.827134052731107,0.7945763714523703
15111.717724239,-2.3782414519710273,0.8334101451755954,0.780060494682351
15111.7202312,-2.3782414519710273,0.8334101451755954,0.780060494682351
15111.720826098,-2.3782414519710273,0.8334101451755954,0.780060494682351
15111.721775537,-2.3782414519710273,0.8334101451755954,0.780060494682351
15111.728693778,-2.3782414519710273,0.8334101451755954,0.780060494682351
15111.740080386,-2.3782414519710273,0.8334101451755954,0.780060494682351
15111.747956502,-2.3782414519710273,0.8334101451755954,0.780060494682351
15111.761726338,-2.37377786993381,0.8377512108929205,0.7629077084274689
15111.764076331,-2.37377786993381,0.8377512108929205,0.7629077084274689
15111.771153924,-2.37377786993381,0.8377512108929205,0.7629077084274689
15111.782736043,-2.37377786993381,0.8377512108929205,0.7629077084274689
15111.788691676,-2.37377786993381,0.8377512108929205,0.7629077084274689
15111.798363528,-2.37377786993381,0.8377512108929205,0.7629077084274689
15111.81009437,-2.37377786993381,0.8377512108929205,0.7629077084274689
15111.817721891,-2.37377786993381,0.8377512108929205,0.7629077084274689
15111.820442019,-2.37377786993381,0.8377512108929205,0.7629077084274689
15111.821079487,-2.3701037967778444,0.8435152168362816,0.7434169331107724
15111.824942338,-2.3701037967778444,0.8435152168362816,0.7434169331107724
15111.832236591,-2.3701037967778444,0.8435152168362816,0.7434169331107724
15111.838940626,-2.3701037967778444,0.8435152168362816,0.7434169331107724
15111.848564885,-2.3701037967778444,0.8435152168362816,0.7434169331107724
15111.857815565,-2.3701037967778444,0.8435152168362816,0.7434169331107724
15111.859286994,-2.3642512699879235,0.8514980832204502,0.7378601646733213
15111.868950157,-2.3642512699879235,0.8514980832204502,0.7378601646733213
15111.882144491,-2.3642512699879235,0.8514980832204502,0.7378601646733213
15111.888075648,-2.3642512699879235,0.8514980832204502,0.7378601646733213
15111.901777537,-2.3642512699879235,0.8514980832204502,0.7378601646733213
15111.90906051,-2.3642512699879235,0.8514980832204502,0.7378601646733213
15111.916844291,-2.3603400745654604,0.8564389042250249,0.7297670144907333
15111.919773121,-2.3603400745654604,0.8564389042250249,0.7297670144907333
15111.92670653,-2.3603400745654604,0.8564389042250249,0.7297670144907333
15111.927182021,-2.3603400745654604,0.8564389042250249,0.7297670144907333
15111.928898885,-2.3603400745654604,0.8564389042250249,0.7297670144907333
15111.938329507,-2.3603400745654604,0.8564389042250249,0.7297670144907333
15111.949422038,-2.3603400745654604,0.8564389042250249,0.7297670144907333
15111.958157653,-2.3603400745654604,0.8564389042250249,0.7297670144907333
15111.968848945,-2.3603400745654604,0.8564389042250249,0.7297670144907333
15111.971016773,-2.3562879487460915,0.8600331505275334,0.7214082975260119
15111.980746992,-2.3562879487460915,0.8600331505275334,0.7214082975260119
15111.990446444,-2.3562879487460915,0.8600331505275334,0.7214082975260119
15112.00087684,-2.3562879487460915,0.8600331505275334,0.7214082975260119
15112.009990071,-2.3562879487460915,0.8600331505275334,0.7214082975260119
15112.015610191,-2.3562879487460915,0.8600331505275334,0.7214082975260119
15112.016149774,-2.350268660964399,0.8652999340028125,0.7162341375223499
15112.020649802,-2.350268660964399,0.8652999340028125,0.7162341375223499
15112.021257744,-2.350268660964399,0.8652999340028125,0.7162341375223499
15112.028562698,-2.350268660964399,0.8652999340028125,0.7162341375223499
15112.039959355,-2.350268660964399,0.8652999340028125,0.7162341375223499
15112.048137043,-2.350268660964399,0.8652999340028125,0.7162341375223499
15112.057128121,-2.350268660964399,0.8652999340028125,0.7162341375223499
15112.063632729,-2.346234914726376,0.868799993588022,0.7131206292978628
15112.07407078,-2.346234914726376,0.868799993588022,0.7131206292978628
15112.081233354,-2.346234914726376,0.868799993588022,0.7131206292978628
15112.090724751,-2.346234914726376,0.868799993588022,0.7131206292978628
15112.097659032,-2.346234914726376,0.868799993588022,0.7131206292978628
15112.108013545,-2.346234914726376,0.868799993588022,0.7131206292978628
15112.120451756,-2.3421895880738233,0.8722866622110677,0.7096041936746937
15112.120962544,-2.3421895880738233,0.8722866622110677,0.7096041936746937
15112.128048433,-2.3421895880738233,0.8722866622110677,0.7096041936746937
15112.128826066,-2.3421895880738233,0.8722866622110677,0.7096041936746937
15112.130899736,-2.3421895880738233,0.8722866622110677,0.7096041936746937
15112.138189682,-2.3421895880738233,0.8722866622110677,0.7096041936746937
15112.148655074,-2.3421895880738233,0.8722866622110677,0.7096041936746937
15112.161048831,-2.3421895880738233,0.8722866622110677,0.7096041936746937
15112.161962583,-2.336302437902843,0.8773193128633552,0.7050058145395621
15112.169018124,-2.336302437902843,0.8773193128633552,0.7050058145395621
15112.179067709,-2.336302437902843,0.8773193128633552,0.7050058145395621
15112.191203317,-2.336302437902843,0.8773193128633552,0.7050058145395621
15112.198585808,-2.336302437902843,0.8773193128633552,0.7050058145395621
15112.210404154,-2.336302437902843,0.8773193128633552,0.7050058145395621
15112.213902103,-2.3323079537662217,0.8807096649871964,0.7025398511759143
15112.214552816,-2.3323079537662217,0.8807096649871964,0.7025398511759143
15112.217924977,-2.3323079537662217,0.8807096649871964,0.7025398511759143
15112.224516198,-2.3323079537662217,0.8807096649871964,0.7025398511759143
15112.230520507,-2.3323079537662217,0.8807096649871964,0.7025398511759143
15112.24043726,-2.3323079537662217,0.8807096649871964,0.7025398511759143
15112.251489004,-2.3323079537662217,0.8807096649871964,0.7025398511759143
15112.259988341,-2.3323079537662217,0.8807096649871964,0.7025398511759143
15112.269792641,-2.3323079537662217,0.8807096649871964,0.7025398511759143
15112.273553999,-2.3323079537662217,0.8807096649871964,0.7025398511759143
15112.274382699,-2.3282201603806474,0.8841464470649019,0.6956502694956165
15112.280988568,-2.3282201603806474,0.8841464470649019,0.6956502694956165
15112.2899391,-2.3282201603806474,0.8841464470649019,0.6956502694956165
15112.300416516,-2.3282201603806474,0.8841464470649019,0.6956502694956165
15112.311290213,-2.3282201603806474,0.8841464470649019,0.6956502694956165
15112.312800174,-2.3220488438026634,0.8892739420276461,0.6909024019113881
15112.321382489,-2.3220488438026634,0.8892739420276461,0.6909024019113881
15112.322266093,-2.3220488438026634,0.8892739420276461,0.6909024019113881
15112.332009628,-2.3220488438026634,0.8892739420276461,0.6909024019113881
15112.340583406,-2.3220488438026634,0.8892739420276461,0.6909024019113881
15112.350838961,-2.3220488438026634,0.8892739420276461,0.6909024019113881
15112.36091133,-2.3220488438026634,0.8892739420276461,0.6909024019113881
15112.362080365,-2.31800077581345,0.8926001315285697,0.6847323675028185
15112.362758951,-2.31800077581345,0.8926001315285697,0.6847323675028185
15112.371489296,-2.31800077581345,0.8926001315285697,0.6847323675028185
15112.38061002,-2.31800077581345,0.8926001315285697,0.6847323675028185
15112.388573111,-2.31800077581345,0.8926001315285697,0.6847323675028185
15112.399224677,-2.31800077581345,0.8926001315285697,0.6847323675028185
15112.410859005,-2.31800077581345,0.8926001315285697,0.6847323675028185
15112.420068538,-2.31800077581345,0.8926001315285697,0.6847323675028185
15112.42277671,-2.3139309061576783,0.895899609066966,0.6777405042520863
15112.423667148,-2.3139309061576783,0.895899609066966,0.6777405042520863
15112.424268467,-2.3139309061576783,0.895899609066966,0.6777405042520863
15112.428190991,-2.3139309061576783,0.895899609066966,0.6777405042520863
15112.438508784,-2.3139309061576783,0.895899609066966,0.6777405042520863
15112.449258916,-2.3139309061576783,0.895899609066966,0.6777405042520863
15112.459430222,-2.3139309061576783,0.895899609066966,0.6777405042520863
15112.462475774,-2.3078456995007963,0.9007722946040495,0.6726469297281604
15112.469211098,-2.3078456995007963,0.9007722946040495,0.6726469297281604
15112.479940812,-2.3078456995007963,0.9007722946040495,0.6726469297281604
15112.48771803,-2.3078456995007963,0.9007722946040495,0.6726469297281604
15112.499226279,-2.3078456995007963,0.9007722946040495,0.6726469297281604
15112.507816057,-2.3078456995007963,0.9007722946040495,0.6726469297281604
15112.515470173,-2.3078456995007963,0.9007722946040495,0.6726469297281604
15112.51608103,-2.3040977870084953,0.9037450250550401,0.6684774656168324
15112.516498872,-2.3040977870084953,0.9037450250550401,0.6684774656168324
15112.51765844,-2.3040977870084953,0.9037450250550401,0.6684774656168324
15112.529462018,-2.3040977870084953,0.9037450250550401,0.6684774656168324
15112.537560055,-2.3040977870084953,0.9037450250550401,0.6684774656168324
15112.548183107,-2.3040977870084953,0.9037450250550401,0.6684774656168324
15112.560051057,-2.3040977870084953,0.9037450250550401,0.6684774656168324
15112.571401578,-2.3040977870084953,0.9037450250550401,0.6684774656168324
15112.572202185,-2.300093827199128,0.9068835649352747,0.6611646909586291
15112.57994213,-2.300093827199128,0.9068835649352747,0.6611646909586291
15112.589795506,-2.300093827199128,0.9068835649352747,0.6611646909586291
15112.602032506,-2.300093827199128,0.9068835649352747,0.6611646909586291
15112.609038323,-2.300093827199128,0.9068835649352747,0.6611646909586291
15112.611175683,-2.300093827199128,0.9068835649352747,0.6611646909586291
15112.611805216,-2.295188364796125,0.9081385999724684,0.6587752267352261
15112.612842422,-2.295188364796125,0.9081385999724684,0.6587752267352261
15112.620697879,-2.295188364796125,0.9081385999724684,0.6587752267352261
15112.630398663,-2.295188364796125,0.9081385999724684,0.6587752267352261
15112.640535934,-2.295188364796125,0.9081385999724684,0.6587752267352261
15112.648303604,-2.295188364796125,0.9081385999724684,0.6587752267352261
15112.659128829,-2.295188364796125,0.9081385999724684,0.6587752267352261
15112.660224896,-2.292483771629117,0.907192534685567,0.6588033452901192
15112.669594813,-2.292483771629117,0.907192534685567,0.6588033452901192
15112.681600816,-2.292483771629117,0.907192534685567,0.6588033452901192
15112.688480102,-2.292483771629117,0.907192534685567,0.6588033452901192
15112.698623365,-2.292483771629117,0.907192534685567,0.6588033452901192
15112.708638585,-2.292483771629117,0.907192534685567,0.6588033452901192
15112.719406832,-2.292483771629117,0.907192534685567,0.6588033452901192
15112.720425182,-2.2885451278961426,0.9094480136340907,0.6554407259592491
15112.721130989,-2.2885451278961426,0.9094480136340907,0.6554407259592491
15112.721781171,-2.2885451278961426,0.9094480136340907,0.6554407259592491
15112.729180924,-2.2885451278961426,0.9094480136340907,0.6554407259592491
15112.739814546,-2.2885451278961426,0.9094480136340907,0.6554407259592491
15112.747891723,-2.2885451278961426,0.9094480136340907,0.6554407259592491
15112.760651143,-2.2885451278961426,0.9094480136340907,0.6554407259592491
15112.761417455,-2.28262622056571,0.9139996545718897,0.6556607863077599
15112.772830644,-2.28262622056571,0.9139996545718897,0.6556607863077599
15112.777280658,-2.28262622056571,0.9139996545718897,0.6556607863077599
15112.792422443,-2.28262622056571,0.9139996545718897,0.6556607863077599
15112.797792139,-2.28262622056571,0.9139996545718897,0.6556607863077599
15112.809667731,-2.28262622056571,0.9139996545718897,0.6556607863077599
15112.81932746,-2.28262622056571,0.9139996545718897,0.6556607863077599
15112.826641931,-2.2788481686668005,0.9169339855404982,0.6650547167429406
15112.827307212,-2.2788481686668005,0.9169339855404982,0.6650547167429406
15112.827845142,-2.2788481686668005,0.9169339855404982,0.6650547167429406
15112.832128038,-2.2788481686668005,0.9169339855404982,0.6650547167429406
15112.840853023,-2.2788481686668005,0.9169339855404982,0.6650547167429406
15112.849662137,-2.2788481686668005,0.9169339855404982,0.6650547167429406
15112.861059677,-2.2788481686668005,0.9169339855404982,0.6650547167429406
15112.865366168,-2.27380523129039,0.9209214311086963,0.6730329176554161
15112.871079395,-2.27380523129039,0.9209214311086963,0.6730329176554161
15112.881612136,-2.27380523129039,0.9209214311086963,0.6730329176554161
15112.887725257,-2.27380523129039,0.9209214311086963,0.6730329176554161
15112.89753991,-2.27380523129039,0.9209214311086963,0.6730329176554161
15112.910727131,-2.27380523129039,0.9209214311086963,0.6730329176554161
15112.916887506,-2.27380523129039,0.9209214311086963,0.6730329176554161
15112.917586861,-2.270326590260751,0.9237040984649514,0.6763629099497276
15112.920843583,-2.270326590260751,0.9237040984649514,0.6763629099497276
15112.921537638,-2.270326590260751,0.9237040984649514,0.6763629099497276
15112.93151706,-2.270326590260751,0.9237040984649514,0.6763629099497276
15112.940444018,-2.270326590260751,0.9237040984649514,0.6763629099497276
15112.949217684,-2.270326590260751,0.9237040984649514,0.6763629099497276
15112.959708615,-2.270326590260751,0.9237040984649514,0.6763629099497276
15112.96864968,-2.266873774318963,0.9264785140204331,0.6774074217447714
15112.973890462,-2.266873774318963,0.9264785140204331,0.6774074217447714
15112.980809504,-2.266873774318963,0.9264785140204331,0.6774074217447714
15112.989224171,-2.266873774318963,0.9264785140204331,0.6774074217447714
15112.999769525,-2.266873774318963,0.9264785140204331,0.6774074217447714
15113.008453953,-2.266873774318963,0.9264785140204331,0.6774074217447714
15113.015241737,-2.266873774318963,0.9264785140204331,0.6774074217447714
15113.016083752,-2.2615090812295757,0.9307931982998339,0.6772760531076865
15113.021002764,-2.2615090812295757,0.9307931982998339,0.6772760531076865
15113.022222315,-2.2615090812295757,0.9307931982998339,0.6772760531076865
15113.029963836,-2.2615090812295757,0.9307931982998339,0.6772760531076865
15113.038887157,-2.2615090812295757,0.9307931982998339,0.6772760531076865
15113.04830268,-2.2615090812295757,0.9307931982998339,0.6772760531076865
15113.059500321,-2.2615090812295757,0.9307931982998339,0.6772760531076865
15113.061160387,-2.258077222929248,0.9335532867122246,0.6773838183054404
15113.073334438,-2.258077222929248,0.9335532867122246,0.6773838183054404
15113.080057178,-2.258077222929248,0.9335532867122246,0.6773838183054404
15113.096293377,-2.258077222929248,0.9335532867122246,0.6773838183054404
15113.099674615,-2.258077222929248,0.9335532867122246,0.6773838183054404
15113.111351724,-2.258077222929248,0.9335532867122246,0.6773838183054404
15113.120322445,-2.258077222929248,0.9335532867122246,0.6773838183054404
15113.121191912,-2.2544851698552937,0.9364372788751495,0.6756068846353966
15113.122882045,-2.2544851698552937,0.9364372788751495,0.6756068846353966
15113.127636556,-2.2544851698552937,0.9364372788751495,0.6756068846353966
15113.135278729,-2.2544851698552937,0.9364372788751495,0.6756068846353966
15113.140294764,-2.2544851698552937,0.9364372788751495,0.6756068846353966
15113.157270886,-2.2544851698552937,0.9364372788751495,0.6756068846353966
15113.161548973,-2.2544851698552937,0.9364372788751495,0.6756068846353966
15113.162272153,-2.24876569690201,0.940997296185602,0.6705526491770226
15113.17144672,-2.24876569690201,0.940997296185602,0.6705526491770226
15113.180663076,-2.24876569690201,0.940997296185602,0.6705526491770226
15113.189861728,-2.24876569690201,0.940997296185602,0.6705526491770226
15113.198836977,-2.24876569690201,0.940997296185602,0.6705526491770226
15113.214806862,-2.24876569690201,0.940997296185602,0.6705526491770226
15113.223233451,-2.24876569690201,0.940997296185602,0.6705526491770226
15113.226301535,-2.2447906038244034,0.9441316013383761,0.6648086687693074
15113.228183061,-2.2447906038244034,0.9441316013383761,0.6648086687693074
15113.229682142,-2.2447906038244034,0.9441316013383761,0.6648086687693074
15113.230777829,-2.2447906038244034,0.9441316013383761,0.6648086687693074
15113.240634157,-2.2447906038244034,0.9441316013383761,0.6648086687693074
15113.251449453,-2.2447906038244034,0.9441316013383761,0.6648086687693074
15113.26430201,-2.2447906038244034,0.9441316013383761,0.6648086687693074
15113.272486992,-2.2447906038244034,0.9441316013383761,0.6648086687693074
15113.274954417,-2.2390204154705384,0.9486272720442775,0.6589495321878865
15113.281309361,-2.2390204154705384,0.9486272720442775,0.6589495321878865
15113.293809139,-2.2390204154705384,0.9486272720442775,0.6589495321878865
15113.302003267,-2.2390204154705384,0.9486272720442775,0.6589495321878865
15113.311652253,-2.2390204154705384,0.9486272720442775,0.6589495321878865
15113.312572437,-2.2390204154705384,0.9486272720442775,0.6589495321878865
15113.313276652,-2.234942523558679,0.9517530605867287,0.649032034552999
15113.316450607,-2.234942523558679,0.9517530605867287,0.649032034552999
15113.322364855,-2.234942523558679,0.9517530605867287,0.649032034552999
15113.333092354,-2.234942523558679,0.9517530605867287,0.649032034552999
15113.34146969,-2.234942523558679,0.9517530605867287,0.649032034552999
15113.351411942,-2.234942523558679,0.9517530605867287,0.649032034552999
15113.357726548,-2.234942523558679,0.9517530605867287,0.649032034552999
15113.358967109,-2.230771342125196,0.9548814876598254,0.6379827639231163
15113.366835431,-2.230771342125196,0.9548814876598254,0.6379827639231163
15113.37767354,-2.230771342125196,0.9548814876598254,0.6379827639231163
15113.393136644,-2.230771342125196,0.9548814876598254,0.6379827639231163
15113.400202274,-2.230771342125196,0.9548814876598254,0.6379827639231163
15113.408672716,-2.230771342125196,0.9548814876598254,0.6379827639231163
15113.421893631,-2.230771342125196,0.9548814876598254,0.6379827639231163
15113.424644845,-2.2267678783885487,0.9578111211895605,0.6254862925180871
15113.426060638,-2.2267678783885487,0.9578111211895605,0.6254862925180871
15113.426804718,-2.2267678783885487,0.9578111211895605,0.6254862925180871
15113.431134844,-2.2267678783885487,0.9578111211895605,0.6254862925180871
15113.439461534,-2.2267678783885487,0.9578111211895605,0.6254862925180871
15113.44887818,-2.2267678783885487,0.9578111211895605,0.6254862925180871
15113.458396448,-2.2267678783885487,0.9578111211895605,0.6254862925180871
15113.461530056,-2.2206356227012067,0.962202706514899,0.6174730440744833
15113.468519612,-2.2206356227012067,0.962202706514899,0.6174730440744833
15113.477595051,-2.2206356227012067,0.962202706514899,0.6174730440744833
15113.490397242,-2.2206356227012067,0.962202706514899,0.6174730440744833
15113.500771092,-2.2206356227012067,0.962202706514899,0.6174730440744833
15113.50994132,-2.2206356227012067,0.962202706514899,0.6174730440744833
15113.520370374,-2.2206356227012067,0.962202706514899,0.6174730440744833
15113.525684686,-2.2164533895036396,0.9651436632378408,0.6082710405954795
15113.526796593,-2.2164533895036396,0.9651436632378408,0.6082710405954795
15113.532163704,-2.2164533895036396,0.9651436632378408,0.6082710405954795
15113.532888578,-2.2164533895036396,0.9651436632378408,0.6082710405954795
15113.538478491,-2.2164533895036396,0.9651436632378408,0.6082710405954795
15113.547889466,-2.2164533895036396,0.9651436632378408,0.6082710405954795
15113.55951124,-2.2164533895036396,0.9651436632378408,0.6082710405954795
15113.561955172,-2.2104157361701375,0.9693621941122866,0.6114398619303186
15113.572505987,-2.2104157361701375,0.9693621941122866,0.6114398619303186
15113.58056,-2.2104157361701375,0.9693621941122866,0.6114398619303186
15113.590836345,-2.2104157361701375,0.9693621941122866,0.6114398619303186
15113.601011347,-2.2104157361701375,0.9693621941122866,0.6114398619303186
15113.610120239,-2.2104157361701375,0.9693621941122866,0.6114398619303186
15113.616968137,-2.2066845694772073,0.9720204082110843,0.6266061445841271
15113.618096064,-2.2066845694772073,0.9720204082110843,0.6266061445841271
15113.623988892,-2.2066845694772073,0.9720204082110843,0.6266061445841271
15113.624308668,-2.2066845694772073,0.9720204082110843,0.6266061445841271
15113.632365784,-2.2066845694772073,0.9720204082110843,0.6266061445841271
15113.63744897,-2.2066845694772073,0.9720204082110843,0.6266061445841271
15113.650120183,-2.2066845694772073,0.9720204082110843,0.6266061445841271
15113.66016521,-2.2066845694772073,0.9720204082110843,0.6266061445841271
15113.667429756,-2.203526045992139,0.9743898219819821,0.66060725656838
15113.675395382,-2.203526045992139,0.9743898219819821,0.66060725656838
15113.68376349,-2.203526045992139,0.9743898219819821,0.66060725656838
15113.690334223,-2.203526045992139,0.9743898219819821,0.66060725656838
15113.704041179,-2.203526045992139,0.9743898219819821,0.66060725656838
15113.709826672,-2.203526045992139,0.9743898219819821,0.66060725656838
15113.718160225,-2.203526045992139,0.9743898219819821,0.66060725656838
15113.722765954,-2.203526045992139,0.9743898219819821,0.66060725656838
15113.723183645,-2.1998928557865924,0.9772628021890736,0.6775550028452354
15113.728326742,-2.1998928557865924,0.9772628021890736,0.6775550028452354
15113.73064215,-2.1998928557865924,0.9772628021890736,0.6775550028452354
15113.740659994,-2.1998928557865924,0.9772628021890736,0.6775550028452354
15113.750389793,-2.1998928557865924,0.9772628021890736,0.6775550028452354
15113.761133093,-2.1998928557865924,0.9772628021890736,0.6775550028452354
15113.762260089,-2.1969073266500097,0.9796892709809722,0.687371172584005
15113.772883181,-2.1969073266500097,0.9796892709809722,0.687371172584005
15113.779876113,-2.1969073266500097,0.9796892709809722,0.687371172584005
15113.796424263,-2.1969073266500097,0.9796892709809722,0.687371172584005
15113.802022181,-2.1969073266500097,0.9796892709809722,0.687371172584005
15113.813873,-2.1969073266500097,0.9796892709809722,0.687371172584005
15113.820286614,-2.1969073266500097,0.9796892709809722,0.687371172584005
15113.820919434,-2.1939011735849405,0.9821704490982067,0.6926650187143758
15113.821778131,-2.1939011735849405,0.9821704490982067,0.6926650187143758
15113.827955528,-2.1939011735849405,0.9821704490982067,0.6926650187143758
15113.831559537,-2.1939011735849405,0.9821704490982067,0.6926650187143758
15113.838855233,-2.1939011735849405,0.9821704490982067,0.6926650187143758
15113.849404155,-2.1939011735849405,0.9821704490982067,0.6926650187143758
15113.861106452,-2.1939011735849405,0.9821704490982067,0.6926650187143758
15113.862468583,-2.1884827766432804,0.9866594900584308,0.6910709520945029
15113.868923025,-2.1884827766432804,0.9866594900584308,0.6910709520945029
15113.877380793,-2.1884827766432804,0.9866594900584308,0.6910709520945029
15113.891796041,-2.1884827766432804,0.9866594900584308,0.6910709520945029
15113.899011215,-2.1884827766432804,0.9866594900584308,0.6910709520945029
15113.908910285,-2.1884827766432804,0.9866594900584308,0.6910709520945029
15113.919880274,-2.1884827766432804,0.9866594900584308,0.6910709520945029
15113.926114989,-2.184648742669477,0.9898076098142408,0.6838773867258505
15113.927277182,-2.184648742669477,0.9898076098142408,0.6838773867258505
15113.930428884,-2.184648742669477,0.9898076098142408,0.6838773867258505
15113.931977839,-2.184648742669477,0.9898076098142408,0.6838773867258505
15113.940261989,-2.184648742669477,0.9898076098142408,0.6838773867258505
15113.948653031,-2.184648742669477,0.9898076098142408,0.6838773867258505
15113.960005953,-2.184648742669477,0.9898076098142408,0.6838773867258505
15113.965419395,-2.1786548453652896,0.994672574293526,0.6797348639139609
15113.970991354,-2.1786548453652896,0.994672574293526,0.6797348639139609
15113.9799281,-2.1786548453652896,0.994672574293526,0.6797348639139609
15113.988266983,-2.1786548453652896,0.994672574293526,0.6797348639139609
15114.002038812,-2.1786548453652896,0.994672574293526,0.6797348639139609
15114.011861316,-2.1786548453652896,0.994672574293526,0.6797348639139609
15114.015234549,-2.174610194832201,0.9979226994128018,0.6740826746592002
15114.016149082,-2.174610194832201,0.9979226994128018,0.6740826746592002
15114.019722965,-2.174610194832201,0.9979226994128018,0.6740826746592002
15114.020456395,-2.174610194832201,0.9979226994128018,0.6740826746592002
15114.029079486,-2.174610194832201,0.9979226994128018,0.6740826746592002
15114.038389831,-2.174610194832201,0.9979226994128018,0.6740826746592002
15114.048997724,-2.174610194832201,0.9979226994128018,0.6740826746592002
15114.060375786,-2.174610194832201,0.9979226994128018,0.6740826746592002
15114.063049333,-2.1706108285508297,1.0011078792056043,0.6710271021494347
15114.069006833,-2.1706108285508297,1.0011078792056043,0.6710271021494347
15114.0815163,-2.1706108285508297,1.0011078792056043,0.6710271021494347
15114.088439199,-2.1706108285508297,1.0011078792056043,0.6710271021494347
15114.099696833,-2.1706108285508297,1.0011078792056043,0.6710271021494347
15114.111157993,-2.1706108285508297,1.0011078792056043,0.6710271021494347
15114.122072928,-2.1706108285508297,1.0011078792056043,0.6710271021494347
15114.124039825,-2.1706108285508297,1.0011078792056043,0.6710271021494347
15114.124755261,-2.1666594908122696,1.0042314272099353,0.6668204447397666
15114.128029286,-2.1666594908122696,1.0042314272099353,0.6668204447397666
15114.128492394,-2.1666594908122696,1.0042314272099353,0.6668204447397666
15114.140312524,-2.1666594908122696,1.0042314272099353,0.6668204447397666
15114.150143665,-2.1666594908122696,1.0042314272099353,0.6668204447397666
15114.157520464,-2.1666594908122696,1.0042314272099353,0.6668204447397666
15114.162685142,-2.1611205297647333,1.0086117532313668,0.6714171549448447
15114.171340505,-2.1611205297647333,1.0086117532313668,0.6714171549448447
15114.181508193,-2.1611205297647333,1.0086117532313668,0.6714171549448447
15114.188968471,-2.1611205297647333,1.0086117532313668,0.6714171549448447
15114.199207205,-2.1611205297647333,1.0086117532313668,0.6714171549448447
15114.208444651,-2.1611205297647333,1.0086117532313668,0.6714171549448447
15114.222757054,-2.1611205297647333,1.0086117532313668,0.6714171549448447
15114.224569529,-2.1577793056689574,1.0113229251067724,0.6919271132120565
15114.232470732,-2.1577793056689574,1.0113229251067724,0.6919271132120565
15114.234998062,-2.1577793056689574,1.0113229251067724,0.6919271132120565
15114.235675105,-2.1577793056689574,1.0113229251067724,0.6919271132120565
15114.243443977,-2.1577793056689574,1.0113229251067724,0.6919271132120565
15114.253962281,-2.1577793056689574,1.0113229251067724,0.6919271132120565
15114.263583273,-2.1577793056689574,1.0113229251067724,0.6919271132120565
15114.264804257,-2.1526658496489053,1.0156635320415255,0.715736307776876
15114.272396115,-2.1526658496489053,1.0156635320415255,0.715736307776876
15114.281932708,-2.1526658496489053,1.0156635320415255,0.715736307776876
15114.291703745,-2.1526658496489053,1.0156635320415255,0.715736307776876
15114.299973026,-2.1526658496489053,1.0156635320415255,0.715736307776876
15114.310091,-2.1526658496489053,1.0156635320415255,0.715736307776876
15114.316717498,-2.1526658496489053,1.0156635320415255,0.715736307776876
15114.320830162,-2.1526658496489053,1.0156635320415255,0.715736307776876
15114.321305513,-2.1490244463896677,1.018919763086412,0.7434934755930382
15114.325105805,-2.1490244463896677,1.018919763086412,0.7434934755930382
15114.331583691,-2.1490244463896677,1.018919763086412,0.7434934755930382
15114.339704982,-2.1490244463896677,1.018919763086412,0.7434934755930382
15114.35124402,-2.1490244463896677,1.018919763086412,0.7434934755930382
15114.359499915,-2.1490244463896677,1.018919763086412,0.7434934755930382
15114.365645371,-2.14562283779614,1.0222108539338095,0.7942794939646205
15114.374001617,-2.14562283779614,1.0222108539338095,0.7942794939646205
15114.385371184,-2.14562283779614,1.0222108539338095,0.7942794939646205
15114.394120725,-2.14562283779614,1.0222108539338095,0.7942794939646205
15114.404856811,-2.14562283779614,1.0222108539338095,0.7942794939646205
15114.414070111,-2.14562283779614,1.0222108539338095,0.7942794939646205
15114.417626601,-2.14562283779614,1.0222108539338095,0.7942794939646205
15114.420406008,-2.1405146142876803,1.0275870579782804,0.8276254316935016
15114.426181062,-2.1405146142876803,1.0275870579782804,0.8276254316935016
15114.42760995,-2.1405146142876803,1.0275870579782804,0.8276254316935016
15114.429350308,-2.1405146142876803,1.0275870579782804,0.8276254316935016
15114.439379434,-2.1405146142876803,1.0275870579782804,0.8276254316935016
15114.449738666,-2.1405146142876803,1.0275870579782804,0.8276254316935016
15114.463295738,-2.1405146142876803,1.0275870579782804,0.8276254316935016
15114.464546217,-2.1369598106124768,1.0316064961841283,0.8657054087290245
15114.465290268,-2.1369598106124768,1.0316064961841283,0.8657054087290245
15114.468471136,-2.1369598106124768,1.0316064961841283,0.8657054087290245
15114.483208264,-2.1369598106124768,1.0316064961841283,0.8657054087290245
15114.489295229,-2.1369598106124768,1.0316064961841283,0.8657054087290245
15114.500817375,-2.1369598106124768,1.0316064961841283,0.8657054087290245
15114.510452845,-2.1369598106124768,1.0316064961841283,0.8657054087290245
15114.516709622,-2.1338976199441575,1.0354125238541434,0.9208525797495315
15114.518552735,-2.1338976199441575,1.0354125238541434,0.9208525797495315
15114.523089079,-2.1338976199441575,1.0354125238541434,0.9208525797495315
15114.530465371,-2.1338976199441575,1.0354125238541434,0.9208525797495315
15114.543188322,-2.1338976199441575,1.0354125238541434,0.9208525797495315
15114.550658398,-2.1338976199441575,1.0354125238541434,0.9208525797495315
15114.566703045,-2.1338976199441575,1.0354125238541434,0.9208525797495315
15114.567561321,-2.1294081674662917,1.0415363782305356,0.9555342575678306
15114.573419343,-2.1294081674662917,1.0415363782305356,0.9555342575678306
15114.574225199,-2.1294081674662917,1.0415363782305356,0.9555342575678306
15114.584342854,-2.1294081674662917,1.0415363782305356,0.9555342575678306
15114.591035958,-2.1294081674662917,1.0415363782305356,0.9555342575678306
15114.599577174,-2.1294081674662917,1.0415363782305356,0.9555342575678306
15114.612291849,-2.1294081674662917,1.0415363782305356,0.9555342575678306
15114.618915752,-2.1294081674662917,1.0415363782305356,0.9555342575678306
15114.623610419,-2.1294081674662917,1.0415363782305356,0.9555342575678306
15114.624094847,-2.1265156314935,1.0458744706856156,1.009901799834676
15114.632050233,-2.1265156314935,1.0458744706856156,1.009901799834676
15114.638340501,-2.1265156314935,1.0458744706856156,1.009901799834676
15114.64898159,-2.1265156314935,1.0458744706856156,1.009901799834676
15114.666459983,-2.1265156314935,1.0458744706856156,1.009901799834676
15114.667305365,-2.122505146855182,1.0524707345708526,1.039138354934164
15114.668756605,-2.122505146855182,1.0524707345708526,1.039138354934164
15114.674796532,-2.122505146855182,1.0524707345708526,1.039138354934164
15114.680159365,-2.122505146855182,1.0524707345708526,1.039138354934164
15114.691886649,-2.122505146855182,1.0524707345708526,1.039138354934164
15114.699430656,-2.122505146855182,1.0524707345708526,1.039138354934164
15114.707961543,-2.122505146855182,1.0524707345708526,1.039138354934164
15114.715978846,-2.1198115602635204,1.0571991330359196,1.0668282887110192
15114.716530612,-2.1198115602635204,1.0571991330359196,1.0668282887110192
15114.719530898,-2.1198115602635204,1.0571991330359196,1.0668282887110192
15114.730854296,-2.1198115602635204,1.0571991330359196,1.0668282887110192
15114.739165266,-2.1198115602635204,1.0571991330359196,1.0668282887110192
15114.749615491,-2.1198115602635204,1.0571991330359196,1.0668282887110192
15114.759272011,-2.1198115602635204,1.0571991330359196,1.0668282887110192
15114.768200541,-2.1169541872340125,1.062588372261434,1.0997354170450648
15114.775709552,-2.1169541872340125,1.062588372261434,1.0997354170450648
15114.776438804,-2.1169541872340125,1.062588372261434,1.0997354170450648
15114.784184833,-2.1169541872340125,1.062588372261434,1.0997354170450648
15114.790796863,-2.1169541872340125,1.062588372261434,1.0997354170450648
15114.800846188,-2.1169541872340125,1.062588372261434,1.0997354170450648
15114.81399912,-2.1169541872340125,1.062588372261434,1.0997354170450648
15114.818333448,-2.1169541872340125,1.062588372261434,1.0997354170450648
15114.819060976,-2.1125255271036365,1.0714103290084458,1.1113577267298178
15114.819895638,-2.1125255271036365,1.0714103290084458,1.1113577267298178
15114.833025601,-2.1125255271036365,1.0714103290084458,1.1113577267298178
15114.838319573,-2.1125255271036365,1.0714103290084458,1.1113577267298178
15114.849981163,-2.1125255271036365,1.0714103290084458,1.1113577267298178
15114.861406064,-2.1095735731756418,1.077489465481352,1.1261320492395839
15114.872301672,-2.1095735731756418,1.077489465481352,1.1261320492395839
15114.872913402,-2.1095735731756418,1.077489465481352,1.1261320492395839
15114.885403281,-2.1095735731756418,1.077489465481352,1.1261320492395839
15114.89121223,-2.1095735731756418,1.077489465481352,1.1261320492395839
15114.898210713,-2.1095735731756418,1.077489465481352,1.1261320492395839
15114.903621096,-2.1095735731756418,1.077489465481352,1.1261320492395839
15114.926700654,-2.1095735731756418,1.077489465481352,1.1261320492395839
15114.934200567,-2.1095735731756418,1.077489465481352,1.1261320492395839
15114.937910047,-2.1069005036268846,1.0832527182955487,1.1468986651071984
15114.942683032,-2.1069005036268846,1.0832527182955487,1.1468986651071984
15114.943191666,-2.1069005036268846,1.0832527182955487,1.1468986651071984
15114.948924951,-2.1069005036268846,1.0832527182955487,1.1468986651071984
15114.957056381,-2.1069005036268846,1.0832527182955487,1.1468986651071984
15114.96363092,-2.1069005036268846,1.0832527182955487,1.1468986651071984
15114.964999213,-2.1024161899874216,1.0939583937091453,1.1606737534511713
15114.975037306,-2.1024161899874216,1.0939583937091453,1.1606737534511713
15114.981398471,-2.1024161899874216,1.0939583937091453,1.1606737534511713
15114.987544038,-2.1024161899874216,1.0939583937091453,1.1606737534511713
15114.994883246,-2.1024161899874216,1.0939583937091453,1.1606737534511713
15115.008388039,-2.1024161899874216,1.0939583937091453,1.1606737534511713
15115.018607406,-2.097408698870296,1.10945790219346,1.175248328008442
15115.021155144,-2.097408698870296,1.10945790219346,1.175248328008442
15115.021764809,-2.097408698870296,1.10945790219346,1.175248328008442
15115.025233853,-2.097408698870296,1.10945790219346,1.175248328008442
15115.033245416,-2.097408698870296,1.10945790219346,1.175248328008442
15115.039383198,-2.097408698870296,1.10945790219346,1.175248328008442
15115.049588127,-2.097408698870296,1.10945790219346,1.175248328008442
15115.05927285,-2.097408698870296,1.10945790219346,1.175248328008442
15115.069946758,-2.097408698870296,1.10945790219346,1.175248328008442
15115.070782061,-2.0930107999140506,1.1228490411438339,1.1963594290100363
15115.072755742,-2.0930107999140506,1.1228490411438339,1.1963594290100363
15115.081146283,-2.0930107999140506,1.1228490411438339,1.1963594290100363
15115.093477592,-2.0930107999140506,1.1228490411438339,1.1963594290100363
15115.100689809,-2.0930107999140506,1.1228490411438339,1.1963594290100363
15115.109278352,-2.0930107999140506,1.1228490411438339,1.1963594290100363
15115.117758246,-2.0892235292095855,1.1327278145609077,1.2130482527099877
15115.11837222,-2.0892235292095855,1.1327278145609077,1.2130482527099877
15115.120372019,-2.0892235292095855,1.1327278145609077,1.2130482527099877
15115.130005786,-2.0892235292095855,1.1327278145609077,1.2130482527099877
15115.138907496,-2.0892235292095855,1.1327278145609077,1.2130482527099877
15115.148947643,-2.0892235292095855,1.1327278145609077,1.2130482527099877
15115.157768048,-2.0892235292095855,1.1327278145609077,1.2130482527099877
15115.161973538,-2.0867795173179204,1.1394070104675273,1.2269819113098408
15115.162773965,-2.0867795173179204,1.1394070104675273,1.2269819113098408
15115.168228592,-2.0867795173179204,1.1394070104675273,1.2269819113098408
15115.181561015,-2.0867795173179204,1.1394070104675273,1.2269819113098408
15115.188017754,-2.0867795173179204,1.1394070104675273,1.2269819113098408
15115.200739553,-2.0867795173179204,1.1394070104675273,1.2269819113098408
15115.209717026,-2.0867795173179204,1.1394070104675273,1.2269819113098408
15115.219430404,-2.0867795173179204,1.1394070104675273,1.2269819113098408
15115.220366388,-2.084611788064772,1.145674100186964,1.2485918136917378
15115.220834535,-2.084611788064772,1.145674100186964,1.2485918136917378
15115.230028028,-2.084611788064772,1.145674100186964,1.2485918136917378
15115.239335867,-2.084611788064772,1.145674100186964,1.2485918136917378
15115.249596542,-2.084611788064772,1.145674100186964,1.2485918136917378
15115.260367734,-2.084611788064772,1.145674100186964,1.2485918136917378
15115.263909456,-2.0813512848083553,1.1557124155523428,1.2648883196197778
15115.266365811,-2.0813512848083553,1.1557124155523428,1.2648883196197778
15115.275949473,-2.0813512848083553,1.1557124155523428,1.2648883196197778
15115.280047319,-2.0813512848083553,1.1557124155523428,1.2648883196197778
15115.291739587,-2.0813512848083553,1.1557124155523428,1.2648883196197778
15115.301869504,-2.0813512848083553,1.1557124155523428,1.2648883196197778
15115.312059355,-2.0813512848083553,1.1557124155523428,1.2648883196197778
15115.315823248,-2.0793369080776563,1.1622691568323287,1.2805654140793117
15115.3167002,-2.0793369080776563,1.1622691568323287,1.2805654140793117
15115.32076881,-2.0793369080776563,1.1622691568323287,1.2805654140793117
15115.329452427,-2.0793369080776563,1.1622691568323287,1.2805654140793117
15115.342689953,-2.0793369080776563,1.1622691568323287,1.2805654140793117
15115.351039135,-2.0793369080776563,1.1622691568323287,1.2805654140793117
15115.359488648,-2.0793369080776563,1.1622691568323287,1.2805654140793117
15115.366125165,-2.0770690834466885,1.1678078113130799,1.3069330650666748
15115.370550572,-2.0770690834466885,1.1678078113130799,1.3069330650666748
15115.372365712,-2.0770690834466885,1.1678078113130799,1.3069330650666748
15115.380827948,-2.0770690834466885,1.1678078113130799,1.3069330650666748
15115.390024217,-2.0770690834466885,1.1678078113130799,1.3069330650666748
15115.400576153,-2.0770690834466885,1.1678078113130799,1.3069330650666748
15115.408680261,-2.0770690834466885,1.1678078113130799,1.3069330650666748
15115.414105252,-2.0770690834466885,1.1678078113130799,1.3069330650666748
15115.414794218,-2.0721601268318977,1.169299359647696,1.3213521172517837
15115.419776901,-2.0721601268318977,1.169299359647696,1.3213521172517837
15115.430664193,-2.0721601268318977,1.169299359647696,1.3213521172517837
15115.438256261,-2.0721601268318977,1.169299359647696,1.3213521172517837
15115.455493988,-2.0721601268318977,1.169299359647696,1.3213521172517837
15115.46112036,-2.0721601268318977,1.169299359647696,1.3213521172517837
15115.461879028,-2.0686695471718,1.169544284680844,1.3380849844114706
15115.473580073,-2.0686695471718,1.169544284680844,1.3380849844114706
15115.482524684,-2.0686695471718,1.169544284680844,1.3380849844114706
15115.49038523,-2.0686695471718,1.169544284680844,1.3380849844114706
15115.501074307,-2.0686695471718,1.169544284680844,1.3380849844114706
15115.509963312,-2.0686695471718,1.169544284680844,1.3380849844114706
15115.519363196,-2.0686695471718,1.169544284680844,1.3380849844114706
15115.524555376,-2.067184260271188,1.1761888773197524,1.3636719471113612
15115.527577603,-2.067184260271188,1.1761888773197524,1.3636719471113612
15115.52828835,-2.067184260271188,1.1761888773197524,1.3636719471113612
15115.531906336,-2.067184260271188,1.1761888773197524,1.3636719471113612
15115.539272185,-2.067184260271188,1.1761888773197524,1.3636719471113612
15115.549167989,-2.067184260271188,1.1761888773197524,1.3636719471113612
15115.558869474,-2.067184260271188,1.1761888773197524,1.3636719471113612
15115.562699723,-2.0650843052833383,1.186635706527628,1.381180692304843
15115.568909321,-2.0650843052833383,1.186635706527628,1.381180692304843
15115.581434356,-2.0650843052833383,1.186635706527628,1.381180692304843
15115.588329784,-2.0650843052833383,1.186635706527628,1.381180692304843
15115.59957815,-2.0650843052833383,1.186635706527628,1.381180692304843
15115.60904417,-2.0650843052833383,1.186635706527628,1.381180692304843
15115.612485441,-2.0650843052833383,1.186635706527628,1.381180692304843
15115.613351342,-2.063845605715947,1.1933306532709493,1.3945096021788053
15115.621851521,-2.063845605715947,1.1933306532709493,1.3945096021788053
15115.624404409,-2.063845605715947,1.1933306532709493,1.3945096021788053
15115.630828129,-2.063845605715947,1.1933306532709493,1.3945096021788053
15115.637815083,-2.063845605715947,1.1933306532709493,1.3945096021788053
15115.649332911,-2.063845605715947,1.1933306532709493,1.3945096021788053
15115.658117519,-2.063845605715947,1.1933306532709493,1.3945096021788053
15115.667253733,-2.0627068327573403,1.2002486125213496,1.4207870250837735
15115.669387096,-2.0627068327573403,1.2002486125213496,1.4207870250837735
15115.669754241,-2.0627068327573403,1.2002486125213496,1.4207870250837735
15115.681175523,-2.0627068327573403,1.2002486125213496,1.4207870250837735
15115.689473829,-2.0627068327573403,1.2002486125213496,1.4207870250837735
15115.700782413,-2.0627068327573403,1.2002486125213496,1.4207870250837735
15115.712447129,-2.0627068327573403,1.2002486125213496,1.4207870250837735
15115.715180669,-2.0627068327573403,1.2002486125213496,1.4207870250837735
15115.715850819,-2.0612662945373237,1.2104232808434323,1.4395134931700158
15115.729095208,-2.0612662945373237,1.2104232808434323,1.4395134931700158
15115.733305297,-2.0612662945373237,1.2104232808434323,1.4395134931700158
15115.739006492,-2.0612662945373237,1.2104232808434323,1.4395134931700158
15115.753089901,-2.0612662945373237,1.2104232808434323,1.4395134931700158
15115.759359803,-2.0612662945373237,1.2104232808434323,1.4395134931700158
15115.760798179,-2.0604268171299442,1.2172564140966873,1.457596350301974
15115.765348332,-2.0604268171299442,1.2172564140966873,1.457596350301974
15115.771310036,-2.0604268171299442,1.2172564140966873,1.457596350301974
15115.783004301,-2.0604268171299442,1.2172564140966873,1.457596350301974
15115.789910409,-2.0604268171299442,1.2172564140966873,1.457596350301974
15115.799857179,-2.0604268171299442,1.2172564140966873,1.457596350301974
15115.809170499,-2.0604268171299442,1.2172564140966873,1.457596350301974
15115.818891451,-2.0604268171299442,1.2172564140966873,1.457596350301974
15115.823032679,-2.0597021280710393,1.2242553668703426,1.477646637548678
15115.82386645,-2.0597021280710393,1.2242553668703426,1.477646637548678
15115.831881599,-2.0597021280710393,1.2242553668703426,1.477646637548678
15115.83969744,-2.0597021280710393,1.2242553668703426,1.477646637548678
15115.853203977,-2.0597021280710393,1.2242553668703426,1.477646637548678
15115.861844932,-2.0597021280710393,1.2242553668703426,1.477646637548678
15115.864207439,-2.058792814186807,1.2346944622538205,1.4901714807646202
15115.866317899,-2.058792814186807,1.2346944622538205,1.4901714807646202
15115.879773879,-2.058792814186807,1.2346944622538205,1.4901714807646202
15115.888721656,-2.058792814186807,1.2346944622538205,1.4901714807646202
15115.899100706,-2.058792814186807,1.2346944622538205,1.4901714807646202
15115.909217898,-2.058792814186807,1.2346944622538205,1.4901714807646202
15115.917736081,-2.058792814186807,1.2346944622538205,1.4901714807646202
15115.918981692,-2.058283206047807,1.2415093201455034,1.5021410471098353
15115.92473249,-2.058283206047807,1.2415093201455034,1.5021410471098353
15115.925295557,-2.058283206047807,1.2415093201455034,1.5021410471098353
15115.928388819,-2.058283206047807,1.2415093201455034,1.5021410471098353
15115.939558557,-2.058283206047807,1.2415093201455034,1.5021410471098353
15115.949692652,-2.058283206047807,1.2415093201455034,1.5021410471098353
15115.960600072,-2.058283206047807,1.2415093201455034,1.5021410471098353
15115.971053159,-2.058283206047807,1.2415093201455034,1.5021410471098353
15115.971839729,-2.057881956184163,1.2484074774886806,1.5232471710340907
15115.98627024,-2.057881956184163,1.2484074774886806,1.5232471710340907
15115.991434797,-2.057881956184163,1.2484074774886806,1.5232471710340907
15116.002742115,-2.057881956184163,1.2484074774886806,1.5232471710340907
15116.010496721,-2.057881956184163,1.2484074774886806,1.5232471710340907
15116.017144209,-2.0596414495436495,1.254191549465781,1.5354675985615365
15116.020153672,-2.0596414495436495,1.254191549465781,1.5354675985615365
15116.022909204,-2.0596414495436495,1.254191549465781,1.5354675985615365
15116.023514521,-2.0596414495436495,1.254191549465781,1.5354675985615365
15116.034779289,-2.0596414495436495,1.254191549465781,1.5354675985615365
15116.04046315,-2.0596414495436495,1.254191549465781,1.5354675985615365
15116.05153902,-2.0596414495436495,1.254191549465781,1.5354675985615365
15116.062715661,-2.0596414495436495,1.254191549465781,1.5354675985615365
15116.065139324,-2.0614006291359366,1.2573606724932107,1.550677487843209
15116.068608285,-2.0614006291359366,1.2573606724932107,1.550677487843209
15116.08120545,-2.0614006291359366,1.2573606724932107,1.550677487843209
15116.088711232,-2.0614006291359366,1.2573606724932107,1.550677487843209
15116.101328126,-2.0614006291359366,1.2573606724932107,1.550677487843209
15116.112792161,-2.0614006291359366,1.2573606724932107,1.550677487843209
15116.120175433,-2.0614006291359366,1.2573606724932107,1.550677487843209
15116.124977453,-2.0614307925359934,1.2642197288012365,1.5715111803210235
15116.1261051,-2.0614307925359934,1.2642197288012365,1.5715111803210235
15116.133181881,-2.0614307925359934,1.2642197288012365,1.5715111803210235
15116.134069794,-2.0614307925359934,1.2642197288012365,1.5715111803210235
15116.140995469,-2.0614307925359934,1.2642197288012365,1.5715111803210235
15116.149419463,-2.0614307925359934,1.2642197288012365,1.5715111803210235
15116.16405038,-2.0614307925359934,1.2642197288012365,1.5715111803210235
15116.165143532,-2.0615191409504425,1.275052342295404,1.5863926719820953
15116.169213815,-2.0615191409504425,1.275052342295404,1.5863926719820953
15116.182918707,-2.0615191409504425,1.275052342295404,1.5863926719820953
15116.187872756,-2.0615191409504425,1.275052342295404,1.5863926719820953
15116.199583138,-2.0615191409504425,1.275052342295404,1.5863926719820953
15116.210177695,-2.0615191409504425,1.275052342295404,1.5863926719820953
15116.217729267,-2.0615191409504425,1.275052342295404,1.5863926719820953
15116.218917428,-2.0616692631146396,1.2822896417824095,1.5966797184145902
15116.231788921,-2.0616692631146396,1.2822896417824095,1.5966797184145902
15116.235916803,-2.0616692631146396,1.2822896417824095,1.5966797184145902
15116.236540495,-2.0616692631146396,1.2822896417824095,1.5966797184145902
15116.242319647,-2.0616692631146396,1.2822896417824095,1.5966797184145902
15116.251972791,-2.0616692631146396,1.2822896417824095,1.5966797184145902
15116.26415822,-2.0616692631146396,1.2822896417824095,1.5966797184145902
15116.272903847,-2.0616692631146396,1.2822896417824095,1.5966797184145902
15116.274023589,-2.061916166269276,1.2896002619727358,1.612433702865884
15116.282737052,-2.061916166269276,1.2896002619727358,1.612433702865884
15116.289916097,-2.061916166269276,1.2896002619727358,1.612433702865884
15116.29583864,-2.061916166269276,1.2896002619727358,1.612433702865884
15116.300733387,-2.061916166269276,1.2896002619727358,1.612433702865884
15116.311212085,-2.061916166269276,1.2896002619727358,1.612433702865884
15116.324270872,-2.061916166269276,1.2896002619727358,1.612433702865884
15116.329907795,-2.062438408879047,1.3003952998995398,1.625839621940897
15116.3336886,-2.062438408879047,1.3003952998995398,1.625839621940897
15116.334257839,-2.062438408879047,1.3003952998995398,1.625839621940897
15116.34425799,-2.062438408879047,1.3003952998995398,1.625839621940897
15116.355140724,-2.062438408879047,1.3003952998995398,1.625839621940897
15116.362076909,-2.062884874407588,1.3075442964871486,1.6404940199053746
15116.370351159,-2.062884874407588,1.3075442964871486,1.6404940199053746
15116.373800205,-2.062884874407588,1.3075442964871486,1.6404940199053746
15116.380243246,-2.062884874407588,1.3075442964871486,1.6404940199053746
15116.393865701,-2.062884874407588,1.3075442964871486,1.6404940199053746
15116.401879147,-2.062884874407588,1.3075442964871486,1.6404940199053746
15116.417321662,-2.062884874407588,1.3075442964871486,1.6404940199053746
15116.422361634,-2.062884874407588,1.3075442964871486,1.6404940199053746
15116.426329864,-2.062884874407588,1.3075442964871486,1.6404940199053746
15116.427625189,-2.0634639208092835,1.3148107392208788,1.660138041893289
15116.428917909,-2.0634639208092835,1.3148107392208788,1.660138041893289
15116.43314539,-2.0634639208092835,1.3148107392208788,1.660138041893289
15116.440280412,-2.0634639208092835,1.3148107392208788,1.660138041893289
15116.453074358,-2.0634639208092835,1.3148107392208788,1.660138041893289
15116.460897593,-2.0634639208092835,1.3148107392208788,1.660138041893289
15116.462275454,-2.064489182052322,1.3255188102707778,1.6723658155596715
15116.476222575,-2.064489182052322,1.3255188102707778,1.6723658155596715
15116.479970468,-2.064489182052322,1.3255188102707778,1.6723658155596715
15116.496406636,-2.064489182052322,1.3255188102707778,1.6723658155596715
15116.505400818,-2.064489182052322,1.3255188102707778,1.6723658155596715
15116.510099986,-2.064489182052322,1.3255188102707778,1.6723658155596715
15116.51679982,-2.0652858807109764,1.3328664642871035,1.6852408956683127
15116.522092914,-2.0652858807109764,1.3328664642871035,1.6852408956683127
15116.525690782,-2.0652858807109764,1.3328664642871035,1.6852408956683127
15116.529195233,-2.0652858807109764,1.3328664642871035,1.6852408956683127
15116.531958981,-2.0652858807109764,1.3328664642871035,1.6852408956683127
15116.540432058,-2.0652858807109764,1.3328664642871035,1.6852408956683127
15116.549254728,-2.0652858807109764,1.3328664642871035,1.6852408956683127
15116.561706245,-2.0652858807109764,1.3328664642871035,1.6852408956683127
15116.566912361,-2.066158882565841,1.3398484684350087,1.705132634559915
15116.573728799,-2.066158882565841,1.3398484684350087,1.705132634559915
15116.587226298,-2.066158882565841,1.3398484684350087,1.705132634559915
15116.58926433,-2.066158882565841,1.3398484684350087,1.705132634559915
15116.599282966,-2.066158882565841,1.3398484684350087,1.705132634559915
15116.60884652,-2.066158882565841,1.3398484684350087,1.705132634559915
15116.618324683,-2.0593392190121125,1.352533227906465,1.7039541418958482
15116.619935966,-2.0593392190121125,1.352533227906465,1.7039541418958482
15116.623337392,-2.0593392190121125,1.352533227906465,1.7039541418958482
15116.624393153,-2.0593392190121125,1.352533227906465,1.7039541418958482
15116.629576936,-2.0593392190121125,1.352533227906465,1.7039541418958482
15116.638293094,-2.0593392190121125,1.352533227906465,1.7039541418958482
15116.650284599,-2.0593392190121125,1.352533227906465,1.7039541418958482
15116.661341453,-2.0593392190121125,1.352533227906465,1.7039541418958482
15116.662370904,-2.0519032090922895,1.3614187220315017,1.7054128120417666
15116.671131907,-2.0519032090922895,1.3614187220315017,1.7054128120417666
15116.680909927,-2.0519032090922895,1.3614187220315017,1.7054128120417666
15116.689011801,-2.0519032090922895,1.3614187220315017,1.7054128120417666
15116.700813095,-2.0519032090922895,1.3614187220315017,1.7054128120417666
15116.710539988,-2.0519032090922895,1.3614187220315017,1.7054128120417666
15116.718525201,-2.052480589726734,1.3682740612868938,1.7236107917162244
15116.722249279,-2.052480589726734,1.3682740612868938,1.7236107917162244
15116.725310861,-2.052480589726734,1.3682740612868938,1.7236107917162244
15116.726251924,-2.052480589726734,1.3682740612868938,1.7236107917162244
15116.729672557,-2.052480589726734,1.3682740612868938,1.7236107917162244
15116.747197919,-2.052480589726734,1.3682740612868938,1.7236107917162244
15116.751850817,-2.052480589726734,1.3682740612868938,1.7236107917162244
15116.767368464,-2.052480589726734,1.3682740612868938,1.7236107917162244
15116.770836634,-2.054170881266939,1.3787949436623714,1.736580524000771
15116.773619878,-2.054170881266939,1.3787949436623714,1.736580524000771
15116.784821937,-2.054170881266939,1.3787949436623714,1.736580524000771
15116.789767382,-2.054170881266939,1.3787949436623714,1.736580524000771
15116.800851194,-2.054170881266939,1.3787949436623714,1.736580524000771
15116.819009669,-2.054170881266939,1.3787949436623714,1.736580524000771
15116.821789978,-2.054170881266939,1.3787949436623714,1.736580524000771
15116.827800469,-2.0554486087137946,1.3859972725431242,1.7561681599947283
15116.829275484,-2.0554486087137946,1.3859972725431242,1.7561681599947283
15116.83287775,-2.0554486087137946,1.3859972725431242,1.7561681599947283
15116.834223992,-2.0554486087137946,1.3859972725431242,1.7561681599947283
15116.844443729,-2.0554486087137946,1.3859972725431242,1.7561681599947283
15116.850647055,-2.0554486087137946,1.3859972725431242,1.7561681599947283
15116.860272827,-2.057552664817715,1.396856074483932,1.7682110400530169
15116.86875965,-2.057552664817715,1.396856074483932,1.7682110400530169
15116.87308655,-2.057552664817715,1.396856074483932,1.7682110400530169
15116.885924118,-2.057552664817715,1.396856074483932,1.7682110400530169
15116.896300192,-2.057552664817715,1.396856074483932,1.7682110400530169
15116.901762142,-2.057552664817715,1.396856074483932,1.7682110400530169
15116.908385064,-2.057552664817715,1.396856074483932,1.7682110400530169
15116.914003521,-2.058932757568623,1.4035491554290611,1.7800755830141375
15116.914987596,-2.058932757568623,1.4035491554290611,1.7800755830141375
15116.920204843,-2.058932757568623,1.4035491554290611,1.7800755830141375
15116.922828465,-2.058932757568623,1.4035491554290611,1.7800755830141375
15116.928808428,-2.058932757568623,1.4035491554290611,1.7800755830141375
15116.938656922,-2.058932757568623,1.4035491554290611,1.7800755830141375
15116.949168793,-2.058932757568623,1.4035491554290611,1.7800755830141375
15116.957716691,-2.058932757568623,1.4035491554290611,1.7800755830141375
15116.969155319,-2.058932757568623,1.4035491554290611,1.7800755830141375
15116.969780423,-2.060501396638093,1.4106678530773409,1.795294436964638
15116.979470667,-2.060501396638093,1.4106678530773409,1.795294436964638
15116.989448657,-2.060501396638093,1.4106678530773409,1.795294436964638
15117.003437186,-2.060501396638093,1.4106678530773409,1.795294436964638
15117.00896371,-2.060501396638093,1.4106678530773409,1.795294436964638
15117.018230261,-2.060501396638093,1.4106678530773409,1.795294436964638
15117.020914408,-2.0629366394513804,1.4211196301070999,1.8041259379717183
15117.021699205,-2.0629366394513804,1.4211196301070999,1.8041259379717183
15117.022109422,-2.0629366394513804,1.4211196301070999,1.8041259379717183
15117.032833966,-2.0629366394513804,1.4211196301070999,1.8041259379717183
15117.038274577,-2.0629366394513804,1.4211196301070999,1.8041259379717183
15117.048473404,-2.0629366394513804,1.4211196301070999,1.8041259379717183
15117.059259685,-2.0629366394513804,1.4211196301070999,1.8041259379717183
15117.060519753,-2.0646633226338493,1.4282016531178838,1.8157594533296904
15117.068284679,-2.0646633226338493,1.4282016531178838,1.8157594533296904
15117.08080704,-2.0646633226338493,1.4282016531178838,1.8157594533296904
15117.090944211,-2.0646633226338493,1.4282016531178838,1.8157594533296904
15117.10041048,-2.0646633226338493,1.4282016531178838,1.8157594533296904
15117.109018423,-2.0646633226338493,1.4282016531178838,1.8157594533296904
15117.120000214,-2.0646633226338493,1.4282016531178838,1.8157594533296904
15117.122155418,-2.066370099792548,1.4347928290558105,1.8325995536180801
15117.122706883,-2.066370099792548,1.4347928290558105,1.8325995536180801
15117.12636702,-2.066370099792548,1.4347928290558105,1.8325995536180801
15117.130118049,-2.066370099792548,1.4347928290558105,1.8325995536180801
15117.139056297,-2.066370099792548,1.4347928290558105,1.8325995536180801
15117.148450611,-2.066370099792548,1.4347928290558105,1.8325995536180801
15117.158189587,-2.066370099792548,1.4347928290558105,1.8325995536180801
15117.160079248,-2.0692636236162465,1.4452847384609964,1.8471870751711192
15117.171228437,-2.0692636236162465,1.4452847384609964,1.8471870751711192
15117.180412328,-2.0692636236162465,1.4452847384609964,1.8471870751711192
15117.189069988,-2.0692636236162465,1.4452847384609964,1.8471870751711192
15117.204836898,-2.0692636236162465,1.4452847384609964,1.8471870751711192
15117.208744964,-2.0692636236162465,1.4452847384609964,1.8471870751711192
15117.218153053,-2.0692636236162465,1.4452847384609964,1.8471870751711192
15117.225584417,-2.0711713268681797,1.4517942190895425,1.8645708890291532
15117.227085111,-2.0711713268681797,1.4517942190895425,1.8645708890291532
15117.232432394,-2.0711713268681797,1.4517942190895425,1.8645708890291532
15117.232788709,-2.0711713268681797,1.4517942190895425,1.8645708890291532
15117.241316861,-2.0711713268681797,1.4517942190895425,1.8645708890291532
15117.249296964,-2.0711713268681797,1.4517942190895425,1.8645708890291532
15117.258597329,-2.0711713268681797,1.4517942190895425,1.8645708890291532
15117.263044306,-2.0742631632443693,1.4618328043961522,1.8745730252596209
15117.26896169,-2.0742631632443693,1.4618328043961522,1.8745730252596209
15117.278627478,-2.0742631632443693,1.4618328043961522,1.8745730252596209
15117.291353923,-2.0742631632443693,1.4618328043961522,1.8745730252596209
15117.299895373,-2.0742631632443693,1.4618328043961522,1.8745730252596209
15117.311584384,-2.0742631632443693,1.4618328043961522,1.8745730252596209
15117.316082609,-2.075881878471417,1.4773029180034396,1.8858604053175068
15117.317841883,-2.075881878471417,1.4773029180034396,1.8858604053175068
15117.319702288,-2.075881878471417,1.4773029180034396,1.8858604053175068
15117.322059866,-2.075881878471417,1.4773029180034396,1.8858604053175068
15117.328039057,-2.075881878471417,1.4773029180034396,1.8858604053175068
15117.338932592,-2.075881878471417,1.4773029180034396,1.8858604053175068
15117.349303987,-2.075881878471417,1.4773029180034396,1.8858604053175068
15117.35855043,-2.075881878471417,1.4773029180034396,1.8858604053175068
15117.371370605,-2.075881878471417,1.4773029180034396,1.8858604053175068
15117.373853461,-2.077636219441642,1.4929097346372378,1.8999131217085894
15117.381866085,-2.077636219441642,1.4929097346372378,1.8999131217085894
15117.387255329,-2.077636219441642,1.4929097346372378,1.8999131217085894
15117.398208396,-2.077636219441642,1.4929097346372378,1.8999131217085894
15117.409547565,-2.077636219441642,1.4929097346372378,1.8999131217085894
15117.415908229,-2.081159955885175,1.50355223012331,1.910083947475922
15117.416859812,-2.081159955885175,1.50355223012331,1.910083947475922
15117.422421813,-2.081159955885175,1.50355223012331,1.910083947475922
15117.425585027,-2.081159955885175,1.50355223012331,1.910083947475922
15117.430957769,-2.081159955885175,1.50355223012331,1.910083947475922
15117.437940342,-2.081159955885175,1.50355223012331,1.910083947475922
15117.4506299,-2.081159955885175,1.50355223012331,1.910083947475922
15117.459636137,-2.081159955885175,1.50355223012331,1.910083947475922
15117.463666044,-2.0836065156556733,1.5103651139340162,1.9210397580227963
15117.47077689,-2.0836065156556733,1.5103651139340162,1.9210397580227963
15117.480716443,-2.0836065156556733,1.5103651139340162,1.9210397580227963
15117.488466364,-2.0836065156556733,1.5103651139340162,1.9210397580227963
15117.500867385,-2.0836065156556733,1.5103651139340162,1.9210397580227963
15117.510858699,-2.0836065156556733,1.5103651139340162,1.9210397580227963
15117.520351689,-2.0836065156556733,1.5103651139340162,1.9210397580227963
15117.524716461,-2.0862439723526074,1.5174045193282375,1.9375162103734127
15117.525146226,-2.0862439723526074,1.5174045193282375,1.9375162103734127
15117.525394095,-2.0862439723526074,1.5174045193282375,1.9375162103734127
15117.531071394,-2.0862439723526074,1.5174045193282375,1.9375162103734127
15117.537988593,-2.0862439723526074,1.5174045193282375,1.9375162103734127
15117.551235053,-2.0862439723526074,1.5174045193282375,1.9375162103734127
15117.55869816,-2.0862439723526074,1.5174045193282375,1.9375162103734127
15117.563392766,-2.0904025310404974,1.5280895370885554,1.9463912823758243
15117.573221903,-2.0904025310404974,1.5280895370885554,1.9463912823758243
15117.581445608,-2.0904025310404974,1.5280895370885554,1.9463912823758243
15117.589402187,-2.0904025310404974,1.5280895370885554,1.9463912823758243
15117.601599692,-2.0904025310404974,1.5280895370885554,1.9463912823758243
15117.608741626,-2.0904025310404974,1.5280895370885554,1.9463912823758243
15117.619892819,-2.0904025310404974,1.5280895370885554,1.9463912823758243
15117.624779821,-2.0930312932412614,1.534616414094582,1.960967479046356
15117.627504985,-2.0930312932412614,1.534616414094582,1.960967479046356
15117.628015472,-2.0930312932412614,1.534616414094582,1.960967479046356
15117.630012387,-2.0930312932412614,1.534616414094582,1.960967479046356
15117.640870704,-2.0930312932412614,1.534616414094582,1.960967479046356
15117.653191984,-2.0930312932412614,1.534616414094582,1.960967479046356
15117.659926186,-2.0930312932412614,1.534616414094582,1.960967479046356
15117.664006539,-2.0973915901074283,1.5450837434667235,1.9700298884472962
15117.67021786,-2.0973915901074283,1.5450837434667235,1.9700298884472962
15117.681835877,-2.0973915901074283,1.5450837434667235,1.9700298884472962
15117.691623526,-2.0973915901074283,1.5450837434667235,1.9700298884472962
15117.70066997,-2.0973915901074283,1.5450837434667235,1.9700298884472962
15117.710519416,-2.0973915901074283,1.5450837434667235,1.9700298884472962
15117.716931938,-2.100217666251934,1.5516931318644438,1.9796792247853399
15117.717703761,-2.100217666251934,1.5516931318644438,1.9796792247853399
15117.722156458,-2.100217666251934,1.5516931318644438,1.9796792247853399
15117.723635141,-2.100217666251934,1.5516931318644438,1.9796792247853399
15117.730046972,-2.100217666251934,1.5516931318644438,1.9796792247853399
15117.740688709,-2.100217666251934,1.5516931318644438,1.9796792247853399
15117.751559981,-2.100217666251934,1.5516931318644438,1.9796792247853399
15117.758053888,-2.100217666251934,1.5516931318644438,1.9796792247853399
15117.759726909,-2.1033472948185326,1.5588053918052949,1.9909823515973195
15117.769854482,-2.1033472948185326,1.5588053918052949,1.9909823515973195
15117.782056605,-2.1033472948185326,1.5588053918052949,1.9909823515973195
15117.787802535,-2.1033472948185326,1.5588053918052949,1.9909823515973195
15117.799285086,-2.1033472948185326,1.5588053918052949,1.9909823515973195
15117.811350901,-2.1033472948185326,1.5588053918052949,1.9909823515973195
15117.818418926,-2.1033472948185326,1.5588053918052949,1.9909823515973195
15117.819867361,-2.106504317078684,1.5657390059826573,2.005150912102234
15117.820841928,-2.106504317078684,1.5657390059826573,2.005150912102234
15117.826080084,-2.106504317078684,1.5657390059826573,2.005150912102234
15117.831299676,-2.106504317078684,1.5657390059826573,2.005150912102234
15117.837310848,-2.106504317078684,1.5657390059826573,2.005150912102234
15117.849541055,-2.106504317078684,1.5657390059826573,2.005150912102234
15117.862144309,-2.106504317078684,1.5657390059826573,2.005150912102234
15117.864072103,-2.111451190452295,1.5762787370252138,2.0141063311658023
15117.86992771,-2.111451190452295,1.5762787370252138,2.0141063311658023
15117.884034273,-2.111451190452295,1.5762787370252138,2.0141063311658023
15117.889825378,-2.111451190452295,1.5762787370252138,2.0141063311658023
15117.901345099,-2.111451190452295,1.5762787370252138,2.0141063311658023
15117.909407188,-2.111451190452295,1.5762787370252138,2.0141063311658023
15117.919827722,-2.111451190452295,1.5762787370252138,2.0141063311658023
15117.927837334,-2.111451190452295,1.5762787370252138,2.0141063311658023
15117.931741333,-2.114768871628439,1.5831650340798074,2.025417862232697
15117.932863058,-2.114768871628439,1.5831650340798074,2.025417862232697
15117.933264018,-2.114768871628439,1.5831650340798074,2.025417862232697
15117.941748126,-2.114768871628439,1.5831650340798074,2.025417862232697
15117.950022046,-2.114768871628439,1.5831650340798074,2.025417862232697
15117.958866698,-2.114768871628439,1.5831650340798074,2.025417862232697
15117.964164498,-2.1198164182220602,1.5934035509508164,2.0322320440373534
15117.965312012,-2.1198164182220602,1.5934035509508164,2.0322320440373534
15117.968172643,-2.1198164182220602,1.5934035509508164,2.0322320440373534
15117.979923562,-2.1198164182220602,1.5934035509508164,2.0322320440373534
15117.988983432,-2.1198164182220602,1.5934035509508164,2.0322320440373534
15118.000102042,-2.1198164182220602,1.5934035509508164,2.0322320440373534
15118.01026345,-2.1198164182220602,1.5934035509508164,2.0322320440373534
15118.014175393,-2.1230923371209043,1.5999720674775477,2.0346234419903864
15118.015037797,-2.1230923371209043,1.5999720674775477,2.0346234419903864
15118.022446778,-2.1230923371209043,1.5999720674775477,2.0346234419903864
15118.028487336,-2.1230923371209043,1.5999720674775477,2.0346234419903864
15118.039521306,-2.1230923371209043,1.5999720674775477,2.0346234419903864
15118.049094678,-2.1230923371209043,1.5999720674775477,2.0346234419903864
15118.058067733,-2.1230923371209043,1.5999720674775477,2.0346234419903864
15118.065003667,-2.1265569996210907,1.6068423406783434,2.041128812130463
15118.071588273,-2.1265569996210907,1.6068423406783434,2.041128812130463
15118.080468622,-2.1265569996210907,1.6068423406783434,2.041128812130463
15118.088912898,-2.1265569996210907,1.6068423406783434,2.041128812130463
15118.09853343,-2.1265569996210907,1.6068423406783434,2.041128812130463
15118.112585029,-2.1265569996210907,1.6068423406783434,2.041128812130463
15118.122856875,-2.1265569996210907,1.6068423406783434,2.041128812130463
15118.124841396,-2.128300865951994,1.6185039238323846,2.047099098636611
15118.125426895,-2.128300865951994,1.6185039238323846,2.047099098636611
15118.126364011,-2.128300865951994,1.6185039238323846,2.047099098636611
15118.130301373,-2.128300865951994,1.6185039238323846,2.047099098636611
15118.140419768,-2.128300865951994,1.6185039238323846,2.047099098636611
15118.149876219,-2.128300865951994,1.6185039238323846,2.047099098636611
15118.158894419,-2.128300865951994,1.6185039238323846,2.047099098636611
15118.159995927,-2.1321002192521026,1.6323451039300174,2.054637645160967
15118.172784693,-2.1321002192521026,1.6323451039300174,2.054637645160967
15118.179622952,-2.1321002192521026,1.6323451039300174,2.054637645160967
15118.188967701,-2.1321002192521026,1.6323451039300174,2.054637645160967
15118.199131764,-2.1321002192521026,1.6323451039300174,2.054637645160967
15118.212266615,-2.1321002192521026,1.6323451039300174,2.054637645160967
15118.217586697,-2.1321002192521026,1.6323451039300174,2.054637645160967
15118.225172132,-2.1355895347461984,1.639264161380805,2.0662869326343567
15118.225671979,-2.1355895347461984,1.639264161380805,2.0662869326343567
15118.228444253,-2.1355895347461984,1.639264161380805,2.0662869326343567
15118.233055292,-2.1355895347461984,1.639264161380805,2.0662869326343567
15118.239287292,-2.1355895347461984,1.639264161380805,2.0662869326343567
15118.254776946,-2.1355895347461984,1.639264161380805,2.0662869326343567
15118.261310064,-2.1355895347461984,1.639264161380805,2.0662869326343567
15118.270870185,-2.1410520875661545,1.6492874079118391,2.0732804648151424
15118.276837263,-2.1410520875661545,1.6492874079118391,2.0732804648151424
15118.284172624,-2.1410520875661545,1.6492874079118391,2.0732804648151424
15118.291516962,-2.1410520875661545,1.6492874079118391,2.0732804648151424
15118.297171077,-2.1410520875661545,1.6492874079118391,2.0732804648151424
15118.305810991,-2.1410520875661545,1.6492874079118391,2.0732804648151424
15118.312359871,-2.1410520875661545,1.6492874079118391,2.0732804648151424
15118.324926496,-2.1410520875661545,1.6492874079118391,2.0732804648151424
15118.326224116,-2.144549112892089,1.6555966118383705,2.080548953222277
15118.328130488,-2.144549112892089,1.6555966118383705,2.080548953222277
15118.33272742,-2.144549112892089,1.6555966118383705,2.080548953222277
15118.34086427,-2.144549112892089,1.6555966118383705,2.080548953222277
15118.348808845,-2.144549112892089,1.6555966118383705,2.080548953222277
15118.365181504,-2.144549112892089,1.6555966118383705,2.080548953222277
15118.372588721,-2.144549112892089,1.6555966118383705,2.080548953222277
15118.381356848,-2.144549112892089,1.6555966118383705,2.080548953222277
15118.390485648,-2.1481647503800394,1.661984429896947,2.0911635867824585
15118.395874941,-2.1481647503800394,1.661984429896947,2.0911635867824585
15118.396870648,-2.1481647503800394,1.661984429896947,2.0911635867824585
15118.404050795,-2.1481647503800394,1.661984429896947,2.0911635867824585
15118.409129109,-2.1481647503800394,1.661984429896947,2.0911635867824585
15118.419559886,-2.1481647503800394,1.661984429896947,2.0911635867824585
15118.429496447,-2.1481647503800394,1.661984429896947,2.0911635867824585
15118.44026244,-2.1481647503800394,1.661984429896947,2.0911635867824585
15118.448043025,-2.1540237348950533,1.6721335034450224,2.0975400320758846
15118.449474244,-2.1540237348950533,1.6721335034450224,2.0975400320758846
15118.45424078,-2.1540237348950533,1.6721335034450224,2.0975400320758846
15118.458630599,-2.1540237348950533,1.6721335034450224,2.0975400320758846
15118.461637127,-2.157819719885381,1.6785926063235197,2.1066983453502677
15118.470017639,-2.157819719885381,1.6785926063235197,2.1066983453502677
15118.477958818,-2.157819719885381,1.6785926063235197,2.1066983453502677
15118.488517277,-2.157819719885381,1.6785926063235197,2.1066983453502677
15118.500787802,-2.157819719885381,1.6785926063235197,2.1066983453502677
15118.510309806,-2.157819719885381,1.6785926063235197,2.1066983453502677
15118.517819899,-2.157819719885381,1.6785926063235197,2.1066983453502677
15118.528957576,-2.16178127122623,1.6851888667085853,2.116579186128619
15118.529724329,-2.16178127122623,1.6851888667085853,2.116579186128619
15118.532428173,-2.16178127122623,1.6851888667085853,2.116579186128619
15118.532812341,-2.16178127122623,1.6851888667085853,2.116579186128619
15118.540283149,-2.16178127122623,1.6851888667085853,2.116579186128619
15118.54875302,-2.16178127122623,1.6851888667085853,2.116579186128619
15118.561133723,-2.16178127122623,1.6851888667085853,2.116579186128619
15118.562397107,-2.1677067861252377,1.6948566196081816,2.12473757188225
15118.569835213,-2.1677067861252377,1.6948566196081816,2.12473757188225
15118.58144795,-2.1677067861252377,1.6948566196081816,2.12473757188225
15118.587430087,-2.1677067861252377,1.6948566196081816,2.12473757188225
15118.600532688,-2.1677067861252377,1.6948566196081816,2.12473757188225
15118.610866231,-2.1677067861252377,1.6948566196081816,2.12473757188225
15118.619243947,-2.1677067861252377,1.6948566196081816,2.12473757188225
15118.62024767,-2.171588768916302,1.7010861672324975,2.1314001194705985
15118.620790989,-2.171588768916302,1.7010861672324975,2.1314001194705985
15118.62115032,-2.171588768916302,1.7010861672324975,2.1314001194705985
15118.63015799,-2.171588768916302,1.7010861672324975,2.1314001194705985
15118.639054607,-2.171588768916302,1.7010861672324975,2.1314001194705985
15118.650959191,-2.171588768916302,1.7010861672324975,2.1314001194705985
15118.661010599,-2.171588768916302,1.7010861672324975,2.1314001194705985
15118.662321213,-2.1775974587023144,1.7105828534518859,2.138447534250262
15118.662698528,-2.1775974587023144,1.7105828534518859,2.138447534250262
15118.667430525,-2.1775974587023144,1.7105828534518859,2.138447534250262
15118.680772379,-2.1775974587023144,1.7105828534518859,2.138447534250262
15118.687463249,-2.1775974587023144,1.7105828534518859,2.138447534250262
15118.69809617,-2.1775974587023144,1.7105828534518859,2.138447534250262
15118.709562456,-2.1775974587023144,1.7105828534518859,2.138447534250262
15118.720209026,-2.1775974587023144,1.7105828534518859,2.138447534250262
15118.722607501,-2.181795525905179,1.7170613498853255,2.1530813686122916
15118.72320343,-2.181795525905179,1.7170613498853255,2.1530813686122916
15118.731223078,-2.181795525905179,1.7170613498853255,2.1530813686122916
15118.741354168,-2.181795525905179,1.7170613498853255,2.1530813686122916
15118.750328815,-2.181795525905179,1.7170613498853255,2.1530813686122916
15118.760342102,-2.181795525905179,1.7170613498853255,2.1530813686122916
15118.764876535,-2.188134321746383,1.726585167988824,2.16300136964226
15118.774910317,-2.188134321746383,1.726585167988824,2.16300136964226
15118.776445175,-2.188134321746383,1.726585167988824,2.16300136964226
15118.779522597,-2.188134321746383,1.726585167988824,2.16300136964226
15118.795766003,-2.188134321746383,1.726585167988824,2.16300136964226
15118.800471591,-2.188134321746383,1.726585167988824,2.16300136964226
15118.808860348,-2.188134321746383,1.726585167988824,2.16300136964226
15118.816387362,-2.192469938583841,1.7329724296021138,2.1712904683818843
15118.817068303,-2.192469938583841,1.7329724296021138,2.1712904683818843
15118.820391671,-2.192469938583841,1.7329724296021138,2.1712904683818843
15118.83115588,-2.192469938583841,1.7329724296021138,2.1712904683818843
15118.839027428,-2.192469938583841,1.7329724296021138,2.1712904683818843
15118.84863264,-2.192469938583841,1.7329724296021138,2.1712904683818843
15118.858475003,-2.192469938583841,1.7329724296021138,2.1712904683818843
15118.861088736,-2.1969204549136476,1.7394036797161456,2.180994640993121
15118.872141352,-2.1969204549136476,1.7394036797161456,2.180994640993121
15118.877528,-2.1969204549136476,1.7394036797161456,2.180994640993121
15118.888673532,-2.1969204549136476,1.7394036797161456,2.180994640993121
15118.898949786,-2.1969204549136476,1.7394036797161456,2.180994640993121
15118.910689725,-2.1969204549136476,1.7394036797161456,2.180994640993121
15118.919915629,-2.1969204549136476,1.7394036797161456,2.180994640993121
15118.923095956,-2.201318450199834,1.7456245665158152,2.191378246950152
15118.923893768,-2.201318450199834,1.7456245665158152,2.191378246950152
15118.927383491,-2.201318450199834,1.7456245665158152,2.191378246950152
15118.934778535,-2.201318450199834,1.7456245665158152,2.191378246950152
15118.93855916,-2.201318450199834,1.7456245665158152,2.191378246950152
15118.949201138,-2.201318450199834,1.7456245665158152,2.191378246950152
15118.961177043,-2.201318450199834,1.7456245665158152,2.191378246950152
15118.964926348,-2.208017598417103,1.7549296526552343,2.1981877795925167
15118.970247152,-2.208017598417103,1.7549296526552343,2.1981877795925167
15118.982010184,-2.208017598417103,1.7549296526552343,2.1981877795925167
15118.987631116,-2.208017598417103,1.7549296526552343,2.1981877795925167
15119.000696396,-2.208017598417103,1.7549296526552343,2.1981877795925167
15119.009492646,-2.208017598417103,1.7549296526552343,2.1981877795925167
15119.01695601,-2.208017598417103,1.7549296526552343,2.1981877795925167
15119.022254578,-2.212468315826344,1.7610191268548456,2.2057171575298335
15119.022823106,-2.212468315826344,1.7610191268548456,2.2057171575298335
15119.02735659,-2.212468315826344,1.7610191268548456,2.2057171575298335
15119.029804168,-2.212468315826344,1.7610191268548456,2.2057171575298335
15119.041948343,-2.212468315826344,1.7610191268548456,2.2057171575298335
15119.049595214,-2.212468315826344,1.7610191268548456,2.2057171575298335
15119.058149986,-2.212468315826344,1.7610191268548456,2.2057171575298335
15119.064872897,-2.219509265806468,1.77054480548623,2.208923291372302
15119.065359669,-2.219509265806468,1.77054480548623,2.208923291372302
15119.067145614,-2.219509265806468,1.77054480548623,2.208923291372302
15119.080475215,-2.219509265806468,1.77054480548623,2.208923291372302
15119.096329751,-2.219509265806468,1.77054480548623,2.208923291372302
15119.100527756,-2.219509265806468,1.77054480548623,2.208923291372302
15119.116102371,-2.219509265806468,1.77054480548623,2.208923291372302
15119.123703757,-2.224258880916773,1.7769169946716377,2.213727246927264
15119.13559906,-2.224258880916773,1.7769169946716377,2.213727246927264
15119.136246306,-2.224258880916773,1.7769169946716377,2.213727246927264
15119.142655302,-2.224258880916773,1.7769169946716377,2.213727246927264
15119.157558365,-2.224258880916773,1.7769169946716377,2.213727246927264
15119.163931202,-2.224258880916773,1.7769169946716377,2.213727246927264
15119.164692404,-2.2289436979469475,1.783147989278765,2.2172424904575374
15119.174092187,-2.2289436979469475,1.783147989278765,2.2172424904575374
15119.178613306,-2.2289436979469475,1.783147989278765,2.2172424904575374
15119.183335284,-2.2289436979469475,1.783147989278765,2.2172424904575374
15119.19359616,-2.2289436979469475,1.783147989278765,2.2172424904575374
15119.198241864,-2.2289436979469475,1.783147989278765,2.2172424904575374
15119.203876873,-2.2289436979469475,1.783147989278765,2.2172424904575374
15119.213628202,-2.2289436979469475,1.783147989278765,2.2172424904575374
15119.233415892,-2.2289436979469475,1.783147989278765,2.2172424904575374
15119.240595808,-2.2337192752357877,1.7894373000877561,2.2232242337932613
15119.245022948,-2.2337192752357877,1.7894373000877561,2.2232242337932613
15119.248975218,-2.2337192752357877,1.7894373000877561,2.2232242337932613
15119.25630061,-2.2337192752357877,1.7894373000877561,2.2232242337932613
15119.258064263,-2.2337192752357877,1.7894373000877561,2.2232242337932613
15119.259612347,-2.2337192752357877,1.7894373000877561,2.2232242337932613
15119.261759856,-2.240566092415354,1.7984575269546332,2.2274215891435345
15119.273462614,-2.240566092415354,1.7984575269546332,2.2274215891435345
15119.283875337,-2.240566092415354,1.7984575269546332,2.2274215891435345
15119.289900676,-2.240566092415354,1.7984575269546332,2.2274215891435345
15119.299725344,-2.240566092415354,1.7984575269546332,2.2274215891435345
15119.312877189,-2.240566092415354,1.7984575269546332,2.2274215891435345
15119.325065657,-2.240566092415354,1.7984575269546332,2.2274215891435345
15119.32671345,-2.2445350106490607,1.8044645865660918,2.2286178130546737
15119.328835691,-2.2445350106490607,1.8044645865660918,2.2286178130546737
15119.330779896,-2.2445350106490607,1.8044645865660918,2.2286178130546737
15119.331985711,-2.2445350106490607,1.8044645865660918,2.2286178130546737
15119.339827442,-2.2445350106490607,1.8044645865660918,2.2286178130546737
15119.349494362,-2.2445350106490607,1.8044645865660918,2.2286178130546737
15119.359062124,-2.2445350106490607,1.8044645865660918,2.2286178130546737
15119.363444629,-2.2513482225019916,1.813849626769378,2.2304291923410937
15119.370560725,-2.2513482225019916,1.813849626769378,2.2304291923410937
15119.383094748,-2.2513482225019916,1.813849626769378,2.2304291923410937
15119.39083669,-2.2513482225019916,1.813849626769378,2.2304291923410937
15119.401547478,-2.2513482225019916,1.813849626769378,2.2304291923410937
15119.413478909,-2.2513482225019916,1.813849626769378,2.2304291923410937
15119.417141119,-2.256263238715961,1.8201921049634662,2.235767687818422
15119.418506226,-2.256263238715961,1.8201921049634662,2.235767687818422
15119.4232206,-2.256263238715961,1.8201921049634662,2.235767687818422
15119.424219534,-2.256263238715961,1.8201921049634662,2.235767687818422
15119.43140993,-2.256263238715961,1.8201921049634662,2.235767687818422
15119.440866962,-2.256263238715961,1.8201921049634662,2.235767687818422
15119.448550302,-2.256263238715961,1.8201921049634662,2.235767687818422
15119.458557474,-2.256263238715961,1.8201921049634662,2.235767687818422
15119.474496103,-2.256263238715961,1.8201921049634662,2.235767687818422
15119.475010187,-2.261318332489987,1.8265850069165344,2.2439573660105605
15119.476032644,-2.261318332489987,1.8265850069165344,2.2439573660105605
15119.478777376,-2.261318332489987,1.8265850069165344,2.2439573660105605
15119.491870088,-2.261318332489987,1.8265850069165344,2.2439573660105605
15119.498919157,-2.261318332489987,1.8265850069165344,2.2439573660105605
15119.508706966,-2.261318332489987,1.8265850069165344,2.2439573660105605
15119.522270139,-2.261318332489987,1.8265850069165344,2.2439573660105605
15119.525102146,-2.261318332489987,1.8265850069165344,2.2439573660105605
15119.525877315,-2.268881083598381,1.8360284540344682,2.248149003049745
15119.52846049,-2.268881083598381,1.8360284540344682,2.248149003049745
15119.538946102,-2.268881083598381,1.8360284540344682,2.248149003049745
15119.550104779,-2.268881083598381,1.8360284540344682,2.248149003049745
15119.558713182,-2.268881083598381,1.8360284540344682,2.248149003049745
15119.56211004,-2.273871866379766,1.8422135753703597,2.2513135328501597
15119.563388392,-2.273871866379766,1.8422135753703597,2.2513135328501597
15119.57091699,-2.273871866379766,1.8422135753703597,2.2513135328501597
15119.581836363,-2.273871866379766,1.8422135753703597,2.2513135328501597
15119.591660871,-2.273871866379766,1.8422135753703597,2.2513135328501597
15119.600729337,-2.273871866379766,1.8422135753703597,2.2513135328501597
15119.608147555,-2.273871866379766,1.8422135753703597,2.2513135328501597
15119.621338814,-2.273871866379766,1.8422135753703597,2.2513135328501597
15119.622566791,-2.2789413123615425,1.8484326645590194,2.258091951867952
15119.623229978,-2.2789413123615425,1.8484326645590194,2.258091951867952
15119.633925617,-2.2789413123615425,1.8484326645590194,2.258091951867952
15119.641643734,-2.2789413123615425,1.8484326645590194,2.258091951867952
15119.64912435,-2.2789413123615425,1.8484326645590194,2.258091951867952
15119.658870621,-2.2789413123615425,1.8484326645590194,2.258091951867952
15119.663894962,-2.2866636327327945,1.857778933846727,2.2645830168932815
15119.671748405,-2.2866636327327945,1.857778933846727,2.2645830168932815
15119.675144601,-2.2866636327327945,1.857778933846727,2.2645830168932815
15119.679535652,-2.2866636327327945,1.857778933846727,2.2645830168932815
15119.692216073,-2.2866636327327945,1.857778933846727,2.2645830168932815
15119.700687257,-2.2866636327327945,1.857778933846727,2.2645830168932815
15119.709167147,-2.2866636327327945,1.857778933846727,2.2645830168932815
15119.713197064,-2.2866636327327945,1.857778933846727,2.2645830168932815
15119.713807882,-2.291605911611263,1.863676256932773,2.2720459356516733
15119.724649087,-2.291605911611263,1.863676256932773,2.2720459356516733
15119.731157331,-2.291605911611263,1.863676256932773,2.2720459356516733
15119.738422158,-2.291605911611263,1.863676256932773,2.2720459356516733
15119.750933358,-2.291605911611263,1.863676256932773,2.2720459356516733
15119.75788904,-2.291605911611263,1.863676256932773,2.2720459356516733
15119.76093878,-2.296835179879791,1.869828166287452,2.278562273046388
15119.769496497,-2.296835179879791,1.869828166287452,2.278562273046388
15119.780494289,-2.296835179879791,1.869828166287452,2.278562273046388
15119.788539756,-2.296835179879791,1.869828166287452,2.278562273046388
15119.801183878,-2.296835179879791,1.869828166287452,2.278562273046388
15119.810019572,-2.296835179879791,1.869828166287452,2.278562273046388
15119.81811823,-2.30211894365403,1.8759333342384965,2.2898299946993728
15119.820079257,-2.30211894365403,1.8759333342384965,2.2898299946993728
15119.820462764,-2.30211894365403,1.8759333342384965,2.2898299946993728
15119.821319557,-2.30211894365403,1.8759333342384965,2.2898299946993728
15119.834934399,-2.30211894365403,1.8759333342384965,2.2898299946993728
15119.840490588,-2.30211894365403,1.8759333342384965,2.2898299946993728
15119.850383055,-2.30211894365403,1.8759333342384965,2.2898299946993728
15119.860841676,-2.30211894365403,1.8759333342384965,2.2898299946993728
15119.863668913,-2.309935508998467,1.8847998919915308,2.296849991342439
15119.864112073,-2.309935508998467,1.8847998919915308,2.296849991342439
15119.874326711,-2.309935508998467,1.8847998919915308,2.296849991342439
15119.881888331,-2.309935508998467,1.8847998919915308,2.296849991342439
15119.890534015,-2.309935508998467,1.8847998919915308,2.296849991342439
15119.902204191,-2.309935508998467,1.8847998919915308,2.296849991342439
15119.910365468,-2.309935508998467,1.8847998919915308,2.296849991342439
15119.919354273,-2.309935508998467,1.8847998919915308,2.296849991342439
15119.925081015,-2.315171681282182,1.89064344604184,2.3060102119654555
15119.925917431,-2.315171681282182,1.89064344604184,2.3060102119654555
15119.932885456,-2.315171681282182,1.89064344604184,2.3060102119654555
15119.941354014,-2.315171681282182,1.89064344604184,2.3060102119654555
15119.953835368,-2.315171681282182,1.89064344604184,2.3060102119654555
15119.969835169,-2.315171681282182,1.89064344604184,2.3060102119654555
15119.972855223,-2.315171681282182,1.89064344604184,2.3060102119654555
15119.973242767,-2.3230505933481473,1.8992841378288088,2.3142166986674204
15119.973978421,-2.3230505933481473,1.8992841378288088,2.3142166986674204
15119.981797398,-2.3230505933481473,1.8992841378288088,2.3142166986674204
15119.990576275,-2.3230505933481473,1.8992841378288088,2.3142166986674204
15119.998205383,-2.3230505933481473,1.8992841378288088,2.3142166986674204
15120.009351887,-2.3230505933481473,1.8992841378288088,2.3142166986674204
15120.014764655,-2.328375230406647,1.9050471981546158,2.3191306247919936
15120.015573738,-2.328375230406647,1.9050471981546158,2.3191306247919936
15120.019475041,-2.328375230406647,1.9050471981546158,2.3191306247919936
15120.030421436,-2.328375230406647,1.9050471981546158,2.3191306247919936
15120.037903685,-2.328375230406647,1.9050471981546158,2.3191306247919936
15120.049764473,-2.328375230406647,1.9050471981546158,2.3191306247919936
15120.059476919,-2.328375230406647,1.9050471981546158,2.3191306247919936
15120.060220348,-2.33393878261055,1.9110028723666745,2.3252033248156447
15120.063872158,-2.33393878261055,1.9110028723666745,2.3252033248156447
15120.068787093,-2.33393878261055,1.9110028723666745,2.3252033248156447
15120.080135659,-2.33393878261055,1.9110028723666745,2.3252033248156447
15120.088465635,-2.33393878261055,1.9110028723666745,2.3252033248156447
15120.100874261,-2.33393878261055,1.9110028723666745,2.3252033248156447
15120.107835122,-2.33393878261055,1.9110028723666745,2.3252033248156447
15120.120725831,-2.33393878261055,1.9110028723666745,2.3252033248156447
15120.123193859,-2.33393878261055,1.9110028723666745,2.3252033248156447
15120.123839272,-2.3394243469669433,1.9168234751933737,2.32793649580182
15120.131652689,-2.3394243469669433,1.9168234751933737,2.32793649580182
15120.13822447,-2.3394243469669433,1.9168234751933737,2.32793649580182
15120.148351665,-2.3394243469669433,1.9168234751933737,2.32793649580182
15120.161122848,-2.3394243469669433,1.9168234751933737,2.32793649580182
15120.162396001,-2.3475264967483085,1.9253950561744093,2.328159476777925
15120.178481424,-2.3475264967483085,1.9253950561744093,2.328159476777925
15120.18025244,-2.3475264967483085,1.9253950561744093,2.328159476777925
15120.189919931,-2.3475264967483085,1.9253950561744093,2.328159476777925
15120.197684165,-2.3475264967483085,1.9253950561744093,2.328159476777925
15120.210924256,-2.3475264967483085,1.9253950561744093,2.328159476777925
15120.219932468,-2.3475264967483085,1.9253950561744093,2.328159476777925
15120.223170164,-2.3475264967483085,1.9253950561744093,2.328159476777925
15120.223961383,-2.3529232046497195,1.9310906832645978,2.3303460135668654
15120.230183043,-2.3529232046497195,1.9310906832645978,2.3303460135668654
15120.230954105,-2.3529232046497195,1.9310906832645978,2.3303460135668654
15120.239545827,-2.3529232046497195,1.9310906832645978,2.3303460135668654
15120.251722603,-2.3529232046497195,1.9310906832645978,2.3303460135668654
15120.259311856,-2.3529232046497195,1.9310906832645978,2.3303460135668654
15120.266315268,-2.360987372456381,1.9395587413351711,2.333191718122377
15120.270457929,-2.360987372456381,1.9395587413351711,2.333191718122377
15120.276239385,-2.360987372456381,1.9395587413351711,2.333191718122377
15120.283536754,-2.360987372456381,1.9395587413351711,2.333191718122377
15120.289527007,-2.360987372456381,1.9395587413351711,2.333191718122377
15120.299134794,-2.360987372456381,1.9395587413351711,2.333191718122377
15120.308917273,-2.360987372456381,1.9395587413351711,2.333191718122377
15120.319326349,-2.366314171558332,1.9451111958753906,2.3377195849627395
15120.323897552,-2.366314171558332,1.9451111958753906,2.3377195849627395
15120.324578022,-2.366314171558332,1.9451111958753906,2.3377195849627395
15120.331127884,-2.366314171558332,1.9451111958753906,2.3377195849627395
15120.341794389,-2.366314171558332,1.9451111958753906,2.3377195849627395
15120.352589315,-2.366314171558332,1.9451111958753906,2.3377195849627395
15120.36009496,-2.366314171558332,1.9451111958753906,2.3377195849627395
15120.365680865,-2.371868504233462,1.9508309846866692,2.3453200116366286
15120.366764108,-2.371868504233462,1.9508309846866692,2.3453200116366286
15120.370860241,-2.371868504233462,1.9508309846866692,2.3453200116366286
15120.383216708,-2.371868504233462,1.9508309846866692,2.3453200116366286
15120.387420645,-2.371868504233462,1.9508309846866692,2.3453200116366286
15120.397378326,-2.371868504233462,1.9508309846866692,2.3453200116366286
15120.408182661,-2.371868504233462,1.9508309846866692,2.3453200116366286
15120.420111617,-2.371868504233462,1.9508309846866692,2.3453200116366286
15120.42129525,-2.3775911530762985,1.9566339545011122,2.353131379148378
15120.42182827,-2.3775911530762985,1.9566339545011122,2.353131379148378
15120.428648947,-2.3775911530762985,1.9566339545011122,2.353131379148378
15120.438284106,-2.3775911530762985,1.9566339545011122,2.353131379148378
15120.449856036,-2.3775911530762985,1.9566339545011122,2.353131379148378
15120.459901042,-2.3775911530762985,1.9566339545011122,2.353131379148378
15120.462725065,-2.386012278110857,1.965072132044356,2.3572346821040053
15120.472678958,-2.386012278110857,1.965072132044356,2.3572346821040053
15120.481729189,-2.386012278110857,1.965072132044356,2.3572346821040053
15120.491144612,-2.386012278110857,1.965072132044356,2.3572346821040053
15120.501625755,-2.386012278110857,1.965072132044356,2.3572346821040053
15120.511250195,-2.386012278110857,1.965072132044356,2.3572346821040053
15120.514199313,-2.386012278110857,1.965072132044356,2.3572346821040053
15120.514917494,-2.3915977415151346,1.9706187575443648,2.362131918928041
15120.521727229,-2.3915977415151346,1.9706187575443648,2.362131918928041
15120.522623849,-2.3915977415151346,1.9706187575443648,2.362131918928041
15120.5312522,-2.3915977415151346,1.9706187575443648,2.362131918928041
15120.538627286,-2.3915977415151346,1.9706187575443648,2.362131918928041
15120.551754214,-2.3915977415151346,1.9706187575443648,2.362131918928041
15120.560507261,-2.3915977415151346,1.9706187575443648,2.362131918928041
15120.567515553,-2.397258702715981,1.9761609124911244,2.371465767881288
15120.571358646,-2.397258702715981,1.9761609124911244,2.371465767881288
15120.579950558,-2.397258702715981,1.9761609124911244,2.371465767881288
15120.591093125,-2.397258702715981,1.9761609124911244,2.371465767881288
15120.599201872,-2.397258702715981,1.9761609124911244,2.371465767881288
15120.608729548,-2.397258702715981,1.9761609124911244,2.371465767881288
15120.616056934,-2.4056198094463483,1.9842269301653912,2.376846398374452
15120.621024107,-2.4056198094463483,1.9842269301653912,2.376846398374452
15120.621996891,-2.4056198094463483,1.9842269301653912,2.376846398374452
15120.623317373,-2.4056198094463483,1.9842269301653912,2.376846398374452
15120.631869129,-2.4056198094463483,1.9842269301653912,2.376846398374452
15120.639552851,-2.4056198094463483,1.9842269301653912,2.376846398374452
15120.648625956,-2.4056198094463483,1.9842269301653912,2.376846398374452
15120.660426659,-2.4056198094463483,1.9842269301653912,2.376846398374452
15120.661892006,-2.4113073960009226,1.9896321113194204,2.3864486172408004
15120.671411897,-2.4113073960009226,1.9896321113194204,2.3864486172408004
15120.678519737,-2.4113073960009226,1.9896321113194204,2.3864486172408004
15120.690160928,-2.4113073960009226,1.9896321113194204,2.3864486172408004
15120.700644396,-2.4113073960009226,1.9896321113194204,2.3864486172408004
15120.708525191,-2.4113073960009226,1.9896321113194204,2.3864486172408004
15120.72244138,-2.4113073960009226,1.9896321113194204,2.3864486172408004
15120.723302642,-2.4113073960009226,1.9896321113194204,2.3864486172408004
15120.723812839,-2.4166700703711457,1.9946068326517088,2.400963331720247
15120.728276148,-2.4166700703711457,1.9946068326517088,2.400963331720247
15120.730731744,-2.4166700703711457,1.9946068326517088,2.400963331720247
15120.739234107,-2.4166700703711457,1.9946068326517088,2.400963331720247
15120.746490338,-2.4166700703711457,1.9946068326517088,2.400963331720247
15120.759866147,-2.4166700703711457,1.9946068326517088,2.400963331720247
15120.761278714,-2.4251901513127443,2.002317376589927,2.4110973134249583
15120.76766705,-2.4251901513127443,2.002317376589927,2.4110973134249583
15120.774228245,-2.4251901513127443,2.002317376589927,2.4110973134249583
15120.785009526,-2.4251901513127443,2.002317376589927,2.4110973134249583
15120.791051416,-2.4251901513127443,2.002317376589927,2.4110973134249583
15120.803902761,-2.4251901513127443,2.002317376589927,2.4110973134249583
15120.81131127,-2.4251901513127443,2.002317376589927,2.4110973134249583
15120.819544443,-2.4251901513127443,2.002317376589927,2.4110973134249583
15120.82281427,-2.4305913053209496,2.0070606093215257,2.4308216526717086
15120.823784749,-2.4305913053209496,2.0070606093215257,2.4308216526717086
15120.830599012,-2.4305913053209496,2.0070606093215257,2.4308216526717086
15120.838684035,-2.4305913053209496,2.0070606093215257,2.4308216526717086
15120.849833935,-2.4305913053209496,2.0070606093215257,2.4308216526717086
15120.862839839,-2.4305913053209496,2.0070606093215257,2.4308216526717086
15120.865368942,-2.4394806577933434,2.0142881535917416,2.443622137474742
15120.869483192,-2.4394806577933434,2.0142881535917416,2.443622137474742
15120.875378414,-2.4394806577933434,2.0142881535917416,2.443622137474742
15120.886032304,-2.4394806577933434,2.0142881535917416,2.443622137474742
15120.889472514,-2.4394806577933434,2.0142881535917416,2.443622137474742
15120.902281488,-2.4394806577933434,2.0142881535917416,2.443622137474742
15120.910565988,-2.4394806577933434,2.0142881535917416,2.443622137474742
15120.915403666,-2.4394806577933434,2.0142881535917416,2.443622137474742
15120.916069778,-2.4482254792354756,2.019378439904965,2.4594756994124296
15120.920290757,-2.4482254792354756,2.019378439904965,2.4594756994124296
15120.929794497,-2.4482254792354756,2.019378439904965,2.4594756994124296
15120.943008289,-2.4482254792354756,2.019378439904965,2.4594756994124296
15120.950921846,-2.4482254792354756,2.019378439904965,2.4594756994124296
15120.958766462,-2.4482254792354756,2.019378439904965,2.4594756994124296
15120.971815168,-2.4482254792354756,2.019378439904965,2.4594756994124296
15120.972745641,-2.456688664162155,2.024182905526496,2.4835405966706228
15120.981801486,-2.456688664162155,2.024182905526496,2.4835405966706228
15120.997408543,-2.456688664162155,2.024182905526496,2.4835405966706228
15120.999235094,-2.456688664162155,2.024182905526496,2.4835405966706228
15121.010877618,-2.456688664162155,2.024182905526496,2.4835405966706228
15121.019187085,-2.4647709915980878,2.0302291327130244,2.5016117501918456
15121.020082763,-2.4647709915980878,2.0302291327130244,2.5016117501918456
15121.024259929,-2.4647709915980878,2.0302291327130244,2.5016117501918456
15121.030769846,-2.4647709915980878,2.0302291327130244,2.5016117501918456
15121.033921579,-2.4647709915980878,2.0302291327130244,2.5016117501918456
15121.040448959,-2.4647709915980878,2.0302291327130244,2.5016117501918456
15121.051964031,-2.4647709915980878,2.0302291327130244,2.5016117501918456
15121.061404362,-2.4647709915980878,2.0302291327130244,2.5016117501918456
15121.062706068,-2.470437468362821,2.0343578135091365,2.5222260761920587
15121.079472261,-2.470437468362821,2.0343578135091365,2.5222260761920587
15121.083447375,-2.470437468362821,2.0343578135091365,2.5222260761920587
15121.091391059,-2.470437468362821,2.0343578135091365,2.5222260761920587
15121.100325771,-2.470437468362821,2.0343578135091365,2.5222260761920587
15121.110607927,-2.470437468362821,2.0343578135091365,2.5222260761920587
15121.120010847,-2.470437468362821,2.0343578135091365,2.5222260761920587
15121.123892413,-2.47591839127909,2.0381355481273347,2.5540077198211333
15121.124403301,-2.47591839127909,2.0381355481273347,2.5540077198211333
15121.133132774,-2.47591839127909,2.0381355481273347,2.5540077198211333
15121.136282203,-2.47591839127909,2.0381355481273347,2.5540077198211333
15121.141656818,-2.47591839127909,2.0381355481273347,2.5540077198211333
15121.14966277,-2.47591839127909,2.0381355481273347,2.5540077198211333
15121.158697161,-2.47591839127909,2.0381355481273347,2.5540077198211333
15121.16249588,-2.4841305228116997,2.043474793073009,2.5761944163505213
15121.172464281,-2.4841305228116997,2.043474793073009,2.5761944163505213
15121.172924684,-2.4841305228116997,2.043474793073009,2.5761944163505213
15121.180919785,-2.4841305228116997,2.043474793073009,2.5761944163505213
15121.192736729,-2.4841305228116997,2.043474793073009,2.5761944163505213
15121.197695206,-2.4841305228116997,2.043474793073009,2.5761944163505213
15121.207747346,-2.4841305228116997,2.043474793073009,2.5761944163505213
15121.216979231,-2.4841305228116997,2.043474793073009,2.5761944163505213
15121.219553279,-2.4841305228116997,2.043474793073009,2.5761944163505213
15121.220238277,-2.4895241336406184,2.046831777737706,2.593535612887539
15121.230569516,-2.4895241336406184,2.046831777737706,2.593535612887539
15121.240927416,-2.4895241336406184,2.046831777737706,2.593535612887539
15121.250977151,-2.4895241336406184,2.046831777737706,2.593535612887539
15121.262930313,-2.4895241336406184,2.046831777737706,2.593535612887539
15121.263451882,-2.494936473726056,2.0500607602040923,2.613823543852963
15121.263947832,-2.494936473726056,2.0500607602040923,2.613823543852963
15121.26983579,-2.494936473726056,2.0500607602040923,2.613823543852963
15121.279913495,-2.494936473726056,2.0500607602040923,2.613823543852963
15121.290122706,-2.494936473726056,2.0500607602040923,2.613823543852963
15121.300780463,-2.494936473726056,2.0500607602040923,2.613823543852963
15121.309548199,-2.494936473726056,2.0500607602040923,2.613823543852963
15121.31371223,-2.494936473726056,2.0500607602040923,2.613823543852963
15121.315267488,-2.50025064229098,2.0530554375695464,2.643023248380818
15121.321596913,-2.50025064229098,2.0530554375695464,2.643023248380818
15121.32944205,-2.50025064229098,2.0530554375695464,2.643023248380818
15121.339829094,-2.50025064229098,2.0530554375695464,2.643023248380818
15121.349010183,-2.50025064229098,2.0530554375695464,2.643023248380818
15121.357444237,-2.50025064229098,2.0530554375695464,2.643023248380818
15121.360779026,-2.507892766598667,2.0571209857640746,2.6623373139564177
15121.368021321,-2.507892766598667,2.0571209857640746,2.6623373139564177
15121.377399003,-2.507892766598667,2.0571209857640746,2.6623373139564177
15121.389930702,-2.507892766598667,2.0571209857640746,2.6623373139564177
15121.398012628,-2.507892766598667,2.0571209857640746,2.6623373139564177
15121.409341567,-2.507892766598667,2.0571209857640746,2.6623373139564177
15121.419599637,-2.507892766598667,2.0571209857640746,2.6623373139564177
15121.422485787,-2.507892766598667,2.0571209857640746,2.6623373139564177
15121.42304672,-2.5133481412843177,2.05984997222405,2.6931717950765273
15121.428544999,-2.5133481412843177,2.05984997222405,2.6931717950765273
15121.430399223,-2.5133481412843177,2.05984997222405,2.6931717950765273
15121.437552449,-2.5133481412843177,2.05984997222405,2.6931717950765273
15121.449772888,-2.5133481412843177,2.05984997222405,2.6931717950765273
15121.461644947,-2.5133481412843177,2.05984997222405,2.6931717950765273
15121.462984105,-2.5207312880367314,2.0633013940293465,2.715435321993031
15121.468851945,-2.5207312880367314,2.0633013940293465,2.715435321993031
15121.480847628,-2.5207312880367314,2.0633013940293465,2.715435321993031
15121.491949677,-2.5207312880367314,2.0633013940293465,2.715435321993031
15121.501370852,-2.5207312880367314,2.0633013940293465,2.715435321993031
15121.51055701,-2.5207312880367314,2.0633013940293465,2.715435321993031
15121.520068235,-2.5207312880367314,2.0633013940293465,2.715435321993031
15121.524490455,-2.5254638178342064,2.065366255992413,2.7449233937923094
15121.52657188,-2.5254638178342064,2.065366255992413,2.7449233937923094
15121.527650975,-2.5254638178342064,2.065366255992413,2.7449233937923094
15121.529164884,-2.5254638178342064,2.065366255992413,2.7449233937923094
15121.539329467,-2.5254638178342064,2.065366255992413,2.7449233937923094
15121.547901582,-2.5254638178342064,2.065366255992413,2.7449233937923094
15121.558342859,-2.5254638178342064,2.065366255992413,2.7449233937923094
15121.565495785,-2.532825054472565,2.068362225595856,2.765221919483342
15121.574911248,-2.532825054472565,2.068362225595856,2.765221919483342
15121.577340722,-2.532825054472565,2.068362225595856,2.765221919483342
15121.582080395,-2.532825054472565,2.068362225595856,2.765221919483342
15121.589981828,-2.532825054472565,2.068362225595856,2.765221919483342
15121.599069961,-2.532825054472565,2.068362225595856,2.765221919483342
15121.61051987,-2.532825054472565,2.068362225595856,2.765221919483342
15121.614006988,-2.532825054472565,2.068362225595856,2.765221919483342
15121.614665216,-2.544432870353629,2.0628369268357383,2.781866286876894
15121.623145824,-2.544432870353629,2.0628369268357383,2.781866286876894
15121.627713473,-2.544432870353629,2.0628369268357383,2.781866286876894
15121.638851001,-2.544432870353629,2.0628369268357383,2.781866286876894
15121.649638814,-2.544432870353629,2.0628369268357383,2.781866286876894
15121.658103395,-2.544432870353629,2.0628369268357383,2.781866286876894
15121.669327446,-2.544432870353629,2.0628369268357383,2.781866286876894
15121.670958116,-2.553812010701537,2.059061157311938,2.8095998551429893
15121.677301978,-2.553812010701537,2.059061157311938,2.8095998551429893
15121.681448065,-2.553812010701537,2.059061157311938,2.8095998551429893
15121.688051911,-2.553812010701537,2.059061157311938,2.8095998551429893
15121.700333044,-2.553812010701537,2.059061157311938,2.8095998551429893
15121.709852605,-2.553812010701537,2.059061157311938,2.8095998551429893
15121.718114051,-2.553812010701537,2.059061157311938,2.8095998551429893
15121.719119807,-2.5606304694508237,2.0613369740116587,2.8292932409526492
15121.7223403,-2.5606304694508237,2.0613369740116587,2.8292932409526492
15121.730951881,-2.5606304694508237,2.0613369740116587,2.8292932409526492
15121.739219719,-2.5606304694508237,2.0613369740116587,2.8292932409526492
15121.749864462,-2.5606304694508237,2.0613369740116587,2.8292932409526492
15121.765482269,-2.5606304694508237,2.0613369740116587,2.8292932409526492
15121.766394688,-2.5649793749309846,2.062694714957262,2.8486636925222064
15121.775372522,-2.5649793749309846,2.062694714957262,2.8486636925222064
15121.7816084,-2.5649793749309846,2.062694714957262,2.8486636925222064
15121.793260842,-2.5649793749309846,2.062694714957262,2.8486636925222064
15121.802728274,-2.5649793749309846,2.062694714957262,2.8486636925222064
15121.808834255,-2.5649793749309846,2.062694714957262,2.8486636925222064
15121.820738856,-2.5649793749309846,2.062694714957262,2.8486636925222064
15121.822073255,-2.5689678655890598,2.063844649501022,2.8731200449833354
15121.823135057,-2.5689678655890598,2.063844649501022,2.8731200449833354
15121.827487896,-2.5689678655890598,2.063844649501022,2.8731200449833354
15121.830162725,-2.5689678655890598,2.063844649501022,2.8731200449833354
15121.839981612,-2.5689678655890598,2.063844649501022,2.8731200449833354
15121.850958795,-2.5689678655890598,2.063844649501022,2.8731200449833354
15121.86695009,-2.5689678655890598,2.063844649501022,2.8731200449833354
15121.867369304,-2.5748387565722277,2.0654044493879633,2.8906963906915566
15121.868125167,-2.5748387565722277,2.0654044493879633,2.8906963906915566
15121.877990012,-2.5748387565722277,2.0654044493879633,2.8906963906915566
15121.882757818,-2.5748387565722277,2.0654044493879633,2.8906963906915566
15121.890307786,-2.5748387565722277,2.0654044493879633,2.8906963906915566
15121.900401083,-2.5748387565722277,2.0654044493879633,2.8906963906915566
15121.911262828,-2.5748387565722277,2.0654044493879633,2.8906963906915566
15121.92120006,-2.5748387565722277,2.0654044493879633,2.8906963906915566
15121.92595473,-2.578527606924924,2.06630254574637,2.914856464761653
15121.9267781,-2.578527606924924,2.06630254574637,2.914856464761653
15121.935235749,-2.578527606924924,2.06630254574637,2.914856464761653
15121.939474281,-2.578527606924924,2.06630254574637,2.914856464761653
15121.951542612,-2.578527606924924,2.06630254574637,2.914856464761653
15121.961138156,-2.578527606924924,2.06630254574637,2.914856464761653
15121.965890081,-2.5839381833876085,2.0675071030335666,2.9302136126639033
15121.968027632,-2.5839381833876085,2.0675071030335666,2.9302136126639033
15121.972649391,-2.5839381833876085,2.0675071030335666,2.9302136126639033
15121.984414607,-2.5839381833876085,2.0675071030335666,2.9302136126639033
15121.993276411,-2.5839381833876085,2.0675071030335666,2.9302136126639033
15121.997683292,-2.5839381833876085,2.0675071030335666,2.9302136126639033
15122.012353243,-2.5839381833876085,2.0675071030335666,2.9302136126639033
15122.014660466,-2.587532403178367,2.0682492941101467,2.9457045133890296
15122.017155033,-2.587532403178367,2.0682492941101467,2.9457045133890296
15122.020638825,-2.587532403178367,2.0682492941101467,2.9457045133890296
15122.028002881,-2.587532403178367,2.0682492941101467,2.9457045133890296
15122.040350831,-2.587532403178367,2.0682492941101467,2.9457045133890296
15122.050082303,-2.587532403178367,2.0682492941101467,2.9457045133890296
15122.05996357,-2.587532403178367,2.0682492941101467,2.9457045133890296
15122.071491696,-2.587532403178367,2.0682492941101467,2.9457045133890296
15122.072016851,-2.591935026728692,2.0691590902639962,2.9660082528729776
15122.076952141,-2.591935026728692,2.0691590902639962,2.9660082528729776
15122.084339524,-2.591935026728692,2.0691590902639962,2.9660082528729776
15122.096982634,-2.591935026728692,2.0691590902639962,2.9660082528729776
15122.101084667,-2.591935026728692,2.0691590902639962,2.9660082528729776
15122.108951095,-2.591935026728692,2.0691590902639962,2.9660082528729776
15122.115943887,-2.6055882034453552,2.0720844377535648,2.984883079948075
15122.116856146,-2.6055882034453552,2.0720844377535648,2.984883079948075
15122.12096886,-2.6055882034453552,2.0720844377535648,2.984883079948075
15122.130327145,-2.6055882034453552,2.0720844377535648,2.984883079948075
15122.138586507,-2.6055882034453552,2.0720844377535648,2.984883079948075
15122.150393613,-2.6055882034453552,2.0720844377535648,2.984883079948075
15122.157730026,-2.6055882034453552,2.0720844377535648,2.984883079948075
15122.17120852,-2.6055882034453552,2.0720844377535648,2.984883079948075
15122.17490788,-2.6151193355146765,2.0739931794882103,3.003536263871763
15122.176125558,-2.6151193355146765,2.0739931794882103,3.003536263871763
15122.183594682,-2.6151193355146765,2.0739931794882103,3.003536263871763
15122.190994426,-2.6151193355146765,2.0739931794882103,3.003536263871763
15122.199105046,-2.6151193355146765,2.0739931794882103,3.003536263871763
15122.209998801,-2.6151193355146765,2.0739931794882103,3.003536263871763
15122.216624217,-2.619107879645111,2.0745291870354974,3.012476200628851
15122.217172245,-2.619107879645111,2.0745291870354974,3.012476200628851
15122.221108906,-2.619107879645111,2.0745291870354974,3.012476200628851
15122.232262503,-2.619107879645111,2.0745291870354974,3.012476200628851
15122.239844101,-2.619107879645111,2.0745291870354974,3.012476200628851
15122.248991917,-2.619107879645111,2.0745291870354974,3.012476200628851
15122.258720543,-2.619107879645111,2.0745291870354974,3.012476200628851
15122.261766786,-2.62166969905533,2.074848881596055,3.022408733535383
15122.262840481,-2.62166969905533,2.074848881596055,3.022408733535383
15122.27103428,-2.62166969905533,2.074848881596055,3.022408733535383
15122.281003783,-2.62166969905533,2.074848881596055,3.022408733535383
15122.290776754,-2.62166969905533,2.074848881596055,3.022408733535383
15122.300930436,-2.62166969905533,2.074848881596055,3.022408733535383
15122.309840632,-2.62166969905533,2.074848881596055,3.022408733535383
15122.323227591,-2.62166969905533,2.074848881596055,3.022408733535383
15122.32552917,-2.624360379758733,2.0751568099758924,3.0328829236513117
15122.326882838,-2.624360379758733,2.0751568099758924,3.0328829236513117
15122.332255076,-2.624360379758733,2.0751568099758924,3.0328829236513117
15122.339952857,-2.624360379758733,2.0751568099758924,3.0328829236513117
15122.350879114,-2.624360379758733,2.0751568099758924,3.0328829236513117
15122.36277123,-2.624360379758733,2.0751568099758924,3.0328829236513117
15122.364973664,-2.628010259831897,2.0755410481181356,3.040526697803114
15122.374876638,-2.628010259831897,2.0755410481181356,3.040526697803114
15122.38137722,-2.628010259831897,2.0755410481181356,3.040526697803114
15122.382589297,-2.628010259831897,2.0755410481181356,3.040526697803114
15122.392329266,-2.628010259831897,2.0755410481181356,3.040526697803114
15122.401637005,-2.628010259831897,2.0755410481181356,3.040526697803114
15122.409832997,-2.628010259831897,2.0755410481181356,3.040526697803114
15122.41879458,-2.628010259831897,2.0755410481181356,3.040526697803114
15122.423287772,-2.628010259831897,2.0755410481181356,3.040526697803114
15122.424430518,-2.629874766952562,2.0757191146776024,3.0522295929676035
15122.42899459,-2.629874766952562,2.0757191146776024,3.0522295929676035
15122.439274311,-2.629874766952562,2.0757191146776024,3.0522295929676035
15122.451648822,-2.629874766952562,2.0757191146776024,3.0522295929676035
15122.459377308,-2.629874766952562,2.0757191146776024,3.0522295929676035
15122.465345268,-2.6313878889303717,2.0758484704631006,3.0603917636161784
15122.468151316,-2.6313878889303717,2.0758484704631006,3.0603917636161784
15122.468775168,-2.6313878889303717,2.0758484704631006,3.0603917636161784
15122.483755908,-2.6313878889303717,2.0758484704631006,3.0603917636161784
15122.491361111,-2.6313878889303717,2.0758484704631006,3.0603917636161784
15122.500612653,-2.6313878889303717,2.0758484704631006,3.0603917636161784
15122.511621123,-2.6313878889303717,2.0758484704631006,3.0603917636161784
15122.52027724,-2.6313878889303717,2.0758484704631006,3.0603917636161784
15122.529283508,-2.6313878889303717,2.0758484704631006,3.0603917636161784
15122.53901526,-2.6313878889303717,2.0758484704631006,3.0603917636161784
15122.551116383,-2.6313878889303717,2.0758484704631006,3.0603917636161784
15122.559300643,-2.6313878889303717,2.0758484704631006,3.0603917636161784
15122.566758744,-2.632044135829434,2.075897526126609,3.073567400146101
15122.569160118,-2.632044135829434,2.075897526126609,3.073567400146101
15122.569782517,-2.632044135829434,2.075897526126609,3.073567400146101
15122.570515136,-2.6327261716822283,2.0759405026422293,3.0837600924259165
15122.574736937,-2.6327261716822283,2.0759405026422293,3.0837600924259165
15122.581778491,-2.6327261716822283,2.0759405026422293,3.0837600924259165
15122.5890174,-2.6327261716822283,2.0759405026422293,3.0837600924259165
15122.601062957,-2.6327261716822283,2.0759405026422293,3.0837600924259165
15122.609119876,-2.6327261716822283,2.0759405026422293,3.0837600924259165
15122.613437007,-2.6327261716822283,2.0759405026422293,3.0837600924259165
15122.614098851,-2.633383337708945,2.0759751330332303,3.094129482675169
15122.620552421,-2.633383337708945,2.0759751330332303,3.094129482675169
15122.630736922,-2.633383337708945,2.0759751330332303,3.094129482675169
15122.640204304,-2.633383337708945,2.0759751330332303,3.094129482675169
15122.651081628,-2.633383337708945,2.0759751330332303,3.094129482675169
15122.662059451,-2.633383337708945,2.0759751330332303,3.094129482675169
15122.664963375,-2.6342431202705208,2.0760117827625395,3.103853920865629
15122.665659935,-2.6342431202705208,2.0760117827625395,3.103853920865629
15122.674831376,-2.6342431202705208,2.0760117827625395,3.103853920865629
15122.680028615,-2.6342431202705208,2.0760117827625395,3.103853920865629
15122.690346639,-2.6342431202705208,2.0760117827625395,3.103853920865629
15122.699909141,-2.6342431202705208,2.0760117827625395,3.103853920865629
15122.709002894,-2.6342431202705208,2.0760117827625395,3.103853920865629
15122.719868706,-2.635330946421488,2.07604585175314,3.116715023685072
15122.722085337,-2.635330946421488,2.07604585175314,3.116715023685072
15122.722627775,-2.635330946421488,2.07604585175314,3.116715023685072
15122.728360318,-2.635330946421488,2.07604585175314,3.116715023685072
15122.739988305,-2.635330946421488,2.07604585175314,3.116715023685072
15122.749241811,-2.635330946421488,2.07604585175314,3.116715023685072
15122.762666773,-2.635330946421488,2.07604585175314,3.116715023685072
15122.763612515,-2.6372011802662083,2.076052087593796,3.123805479798607
15122.764372455,-2.6372011802662083,2.076052087593796,3.123805479798607
15122.768955551,-2.6372011802662083,2.076052087593796,3.123805479798607
15122.78180417,-2.6372011802662083,2.076052087593796,3.123805479798607
15122.791688281,-2.6372011802662083,2.076052087593796,3.123805479798607
15122.799008734,-2.6372011802662083,2.076052087593796,3.123805479798607
15122.808674943,-2.6372011802662083,2.076052087593796,3.123805479798607
15122.822661208,-2.6372011802662083,2.076052087593796,3.123805479798607
15122.829429344,-2.6367154104695665,2.0757391369512543,3.1352358190171326
15122.832152815,-2.6367154104695665,2.0757391369512543,3.1352358190171326
15122.832869363,-2.6367154104695665,2.0757391369512543,3.1352358190171326
15122.839574881,-2.6367154104695665,2.0757391369512543,3.1352358190171326
15122.849368,-2.6367154104695665,2.0757391369512543,3.1352358190171326
15122.859808145,-2.6367154104695665,2.0757391369512543,3.1352358190171326
15122.862838338,-2.6380884627080614,2.0755690280685797,-3.1410286938232486
15122.863711272,-2.6380884627080614,2.0755690280685797,-3.1410286938232486
15122.868529871,-2.6380884627080614,2.0755690280685797,-3.1410286938232486
15122.880220569,-2.6380884627080614,2.0755690280685797,-3.1410286938232486
15122.889263536,-2.6380884627080614,2.0755690280685797,-3.1410286938232486
15122.900061216,-2.6380884627080614,2.0755690280685797,-3.1410286938232486
15122.90921184,-2.6380884627080614,2.0755690280685797,-3.1410286938232486
15122.914709325,-2.6396830282973687,2.075564088244486,-3.1359608089012214
15122.915457333,-2.6396830282973687,2.075564088244486,-3.1359608089012214
15122.921325524,-2.6396830282973687,2.075564088244486,-3.1359608089012214
15122.930612897,-2.6396830282973687,2.075564088244486,-3.1359608089012214
15122.940086992,-2.6396830282973687,2.075564088244486,-3.1359608089012214
15122.949105212,-2.6396830282973687,2.075564088244486,-3.1359608089012214
15122.961288952,-2.6396830282973687,2.075564088244486,-3.1359608089012214
15122.969052795,-2.6413281594392584,2.075549636858506,-3.1296562766117164
15122.972626408,-2.6413281594392584,2.075549636858506,-3.1296562766117164
15122.976715577,-2.6413281594392584,2.075549636858506,-3.1296562766117164
15122.984708695,-2.6413281594392584,2.075549636858506,-3.1296562766117164
15122.994186576,-2.6413281594392584,2.075549636858506,-3.1296562766117164
15122.998871014,-2.6413281594392584,2.075549636858506,-3.1296562766117164
15123.010764663,-2.6413281594392584,2.075549636858506,-3.1296562766117164
15123.016972318,-2.6437577628810613,2.0755167586689867,-3.126466027407081
15123.017577374,-2.6437577628810613,2.0755167586689867,-3.126466027407081
15123.023451877,-2.6437577628810613,2.0755167586689867,-3.126466027407081
15123.034127268,-2.6437577628810613,2.0755167586689867,-3.126466027407081
15123.041968809,-2.6437577628810613,2.0755167586689867,-3.126466027407081
15123.04935189,-2.6437577628810613,2.0755167586689867,-3.126466027407081
15123.061168233,-2.6437577628810613,2.0755167586689867,-3.126466027407081
15123.061724999,-2.6454533525739374,2.0754890557298222,-3.1240457212013313
15123.062724493,-2.6454533525739374,2.0754890557298222,-3.1240457212013313
15123.075429349,-2.6454533525739374,2.0754890557298222,-3.1240457212013313
15123.0800523,-2.6454533525739374,2.0754890557298222,-3.1240457212013313
15123.091215145,-2.6454533525739374,2.0754890557298222,-3.1240457212013313
15123.099967953,-2.6454533525739374,2.0754890557298222,-3.1240457212013313
15123.110067282,-2.6454533525739374,2.0754890557298222,-3.1240457212013313
15123.120472491,-2.6454533525739374,2.0754890557298222,-3.1240457212013313
15123.126129822,-2.64707293950388,2.0754580377667833,-3.1208407198471138
15123.131409147,-2.64707293950388,2.0754580377667833,-3.1208407198471138
15123.131970922,-2.64707293950388,2.0754580377667833,-3.1208407198471138
15123.140770598,-2.64707293950388,2.0754580377667833,-3.1208407198471138
15123.150257577,-2.64707293950388,2.0754580377667833,-3.1208407198471138
15123.168725525,-2.64707293950388,2.0754580377667833,-3.1208407198471138
15123.170793715,-2.64707293950388,2.0754580377667833,-3.1208407198471138
15123.177147786,-2.649451556915447,2.0754051856298377,-3.117912522463233
15123.178846606,-2.649451556915447,2.0754051856298377,-3.117912522463233
15123.180499077,-2.649451556915447,2.0754051856298377,-3.117912522463233
15123.190929404,-2.649451556915447,2.0754051856298377,-3.117912522463233
15123.199675639,-2.649451556915447,2.0754051856298377,-3.117912522463233
15123.207947244,-2.649451556915447,2.0754051856298377,-3.117912522463233
15123.217034976,-2.649451556915447,2.0754051856298377,-3.117912522463233
15123.217942987,-2.6506660711736725,2.0753740635876707,-3.1140338098091194
15123.219746655,-2.6506660711736725,2.0753740635876707,-3.1140338098091194
15123.232116808,-2.6506660711736725,2.0753740635876707,-3.1140338098091194
15123.239324147,-2.6506660711736725,2.0753740635876707,-3.1140338098091194
15123.253156677,-2.6506660711736725,2.0753740635876707,-3.1140338098091194
15123.26687593,-2.6506660711736725,2.0753740635876707,-3.1140338098091194
15123.267955065,-2.6516274492792933,2.0753453742691463,-3.1094854687732765
15123.269843514,-2.6516274492792933,2.0753453742691463,-3.1094854687732765
15123.271174667,-2.6516274492792933,2.0753453742691463,-3.1094854687732765
15123.277636793,-2.6516274492792933,2.0753453742691463,-3.1094854687732765
15123.291083737,-2.6516274492792933,2.0753453742691463,-3.1094854687732765
15123.29909596,-2.6516274492792933,2.0753453742691463,-3.1094854687732765
15123.308527965,-2.6516274492792933,2.0753453742691463,-3.1094854687732765
15123.318935498,-2.6516274492792933,2.0753453742691463,-3.1094854687732765
15123.321082978,-2.6516274492792933,2.0753453742691463,-3.1094854687732765
15123.32181746,-2.6522598140761584,2.0753228123258425,-3.1023727273029396
15123.331217063,-2.6522598140761584,2.0753228123258425,-3.1023727273029396
15123.338851631,-2.6522598140761584,2.0753228123258425,-3.1023727273029396
15123.351305152,-2.6522598140761584,2.0753228123258425,-3.1023727273029396
15123.361012498,-2.6522598140761584,2.0753228123258425,-3.1023727273029396
15123.361839355,-2.6530437776964124,2.075290450568244,-3.0983000909370486
15123.362157939,-2.6530437776964124,2.075290450568244,-3.0983000909370486
15123.369417456,-2.6530437776964124,2.075290450568244,-3.0983000909370486
15123.382443342,-2.6530437776964124,2.075290450568244,-3.0983000909370486
15123.389833727,-2.6530437776964124,2.075290450568244,-3.0983000909370486
15123.400467029,-2.6530437776964124,2.075290450568244,-3.0983000909370486
15123.408269435,-2.6530437776964124,2.075290450568244,-3.0983000909370486
15123.419153311,-2.6530437776964124,2.075290450568244,-3.0983000909370486
15123.423964716,-2.6536253140052253,2.0752638190438453,-3.093358925489814
15123.424733125,-2.6536253140052253,2.0752638190438453,-3.093358925489814
15123.428675637,-2.6536253140052253,2.0752638190438453,-3.093358925489814
15123.440769636,-2.6536253140052253,2.0752638190438453,-3.093358925489814
15123.453336001,-2.6536253140052253,2.0752638190438453,-3.093358925489814
15123.458699505,-2.6536253140052253,2.0752638190438453,-3.093358925489814
15123.466681862,-2.6548892895900758,2.0752010270754226,-3.090551695732505
15123.468845663,-2.6548892895900758,2.0752010270754226,-3.090551695732505
15123.469328428,-2.6548892895900758,2.0752010270754226,-3.090551695732505
15123.479624961,-2.6548892895900758,2.0752010270754226,-3.090551695732505
15123.490259876,-2.6548892895900758,2.0752010270754226,-3.090551695732505
15123.497647826,-2.6548892895900758,2.0752010270754226,-3.090551695732505
15123.508028429,-2.6548892895900758,2.0752010270754226,-3.090551695732505
15123.51784392,-2.6548892895900758,2.0752010270754226,-3.090551695732505
15123.51875141,-2.6559256031270437,2.0751466699036096,-3.087824783234031
15123.521433062,-2.6559256031270437,2.0751466699036096,-3.087824783234031
15123.528527276,-2.6559256031270437,2.0751466699036096,-3.087824783234031
15123.538965868,-2.6559256031270437,2.0751466699036096,-3.087824783234031
15123.548329032,-2.6559256031270437,2.0751466699036096,-3.087824783234031
15123.55837445,-2.6559256031270437,2.0751466699036096,-3.087824783234031
15123.563043067,-2.6570881333836414,2.075082652181575,-3.085336497930915
15123.566924944,-2.6570881333836414,2.075082652181575,-3.085336497930915
15123.571185348,-2.6570881333836414,2.075082652181575,-3.085336497930915
15123.579744809,-2.6570881333836414,2.075082652181575,-3.085336497930915
15123.590880091,-2.6570881333836414,2.075082652181575,-3.085336497930915
15123.60161236,-2.6570881333836414,2.075082652181575,-3.085336497930915
15123.609323994,-2.6570881333836414,2.075082652181575,-3.085336497930915
15123.618084185,-2.6570881333836414,2.075082652181575,-3.085336497930915
15123.630913498,-2.6570881333836414,2.075082652181575,-3.085336497930915
15123.631590982,-2.6570881333836414,2.075082652181575,-3.085336497930915
15123.632003163,-2.658199962771471,2.075018646504886,-3.082839957384498
15123.63916243,-2.658199962771471,2.075018646504886,-3.082839957384498
15123.64854435,-2.658199962771471,2.075018646504886,-3.082839957384498
15123.657966917,-2.658199962771471,2.075018646504886,-3.082839957384498
15123.661751148,-2.659968581363501,2.074913387717576,-3.0814562057537147
15123.666037802,-2.659968581363501,2.074913387717576,-3.0814562057537147
15123.671003262,-2.659968581363501,2.074913387717576,-3.0814562057537147
15123.681093003,-2.659968581363501,2.074913387717576,-3.0814562057537147
15123.689859256,-2.659968581363501,2.074913387717576,-3.0814562057537147
15123.701770709,-2.659968581363501,2.074913387717576,-3.0814562057537147
15123.709143161,-2.659968581363501,2.074913387717576,-3.0814562057537147
15123.721908313,-2.659968581363501,2.074913387717576,-3.0814562057537147
15123.725638021,-2.661130730046383,2.0748427810244454,-3.0803676759285037
15123.726333018,-2.661130730046383,2.0748427810244454,-3.0803676759285037
15123.730273856,-2.661130730046383,2.0748427810244454,-3.0803676759285037
15123.740302442,-2.661130730046383,2.0748427810244454,-3.0803676759285037
15123.750803031,-2.661130730046383,2.0748427810244454,-3.0803676759285037
15123.760126049,-2.661130730046383,2.0748427810244454,-3.0803676759285037
15123.766998583,-2.662949654353156,2.0747307780675586,-3.079819968847663
15123.76837424,-2.662949654353156,2.0747307780675586,-3.079819968847663
15123.776192507,-2.662949654353156,2.0747307780675586,-3.079819968847663
15123.780970411,-2.662949654353156,2.0747307780675586,-3.079819968847663
15123.788894538,-2.662949654353156,2.0747307780675586,-3.079819968847663
15123.801180091,-2.662949654353156,2.0747307780675586,-3.079819968847663
15123.81069898,-2.662949654353156,2.0747307780675586,-3.079819968847663
15123.815786732,-2.6641622395085305,2.074655606890199,-3.0795388137382576
15123.81654543,-2.6641622395085305,2.074655606890199,-3.0795388137382576
15123.819391092,-2.6641622395085305,2.074655606890199,-3.0795388137382576
15123.828949476,-2.6641622395085305,2.074655606890199,-3.0795388137382576
15123.838752905,-2.6641622395085305,2.074655606890199,-3.0795388137382576
15123.849100144,-2.6641622395085305,2.074655606890199,-3.0795388137382576
15123.859687027,-2.6641622395085305,2.074655606890199,-3.0795388137382576
15123.863385336,-2.6654253254174196,2.074576923364844,-3.0792179321331092
15123.869834127,-2.6654253254174196,2.074576923364844,-3.0792179321331092
15123.870612071,-2.6654253254174196,2.074576923364844,-3.0792179321331092
15123.880161027,-2.6654253254174196,2.074576923364844,-3.0792179321331092
15123.894775853,-2.6654253254174196,2.074576923364844,-3.0792179321331092
15123.901362977,-2.6654253254174196,2.074576923364844,-3.0792179321331092
15123.909310769,-2.6654253254174196,2.074576923364844,-3.0792179321331092
15123.922394634,-2.6654253254174196,2.074576923364844,-3.0792179321331092
15123.923313475,-2.666612629715955,2.074503017766775,-3.0796346878093788
15123.924357404,-2.666612629715955,2.074503017766775,-3.0796346878093788
15123.933512774,-2.666612629715955,2.074503017766775,-3.0796346878093788
15123.940180631,-2.666612629715955,2.074503017766775,-3.0796346878093788
15123.952142099,-2.666612629715955,2.074503017766775,-3.0796346878093788
15123.959870295,-2.666612629715955,2.074503017766775,-3.0796346878093788
15123.963151803,-2.6685326095365585,2.0743848600571924,-3.080623409656913
15123.964271916,-2.6685326095365585,2.0743848600571924,-3.080623409656913
15123.973472603,-2.6685326095365585,2.0743848600571924,-3.080623409656913
15123.979817226,-2.6685326095365585,2.0743848600571924,-3.080623409656913
15123.990918504,-2.6685326095365585,2.0743848600571924,-3.080623409656913
15123.998051442,-2.6685326095365585,2.0743848600571924,-3.080623409656913
15124.009436537,-2.6685326095365585,2.0743848600571924,-3.080623409656913
15124.017197054,-2.6695937910050755,2.074321878314027,-3.083999804167182
15124.018251803,-2.6695937910050755,2.074321878314027,-3.083999804167182
15124.022566951,-2.6695937910050755,2.074321878314027,-3.083999804167182
15124.029218106,-2.6695937910050755,2.074321878314027,-3.083999804167182
15124.041512044,-2.6695937910050755,2.074321878314027,-3.083999804167182
15124.053960485,-2.6695937910050755,2.074321878314027,-3.083999804167182
15124.063099233,-2.6695937910050755,2.074321878314027,-3.083999804167182
15124.070085744,-2.6695937910050755,2.074321878314027,-3.083999804167182
15124.071621154,-2.6702509450645926,2.0742870215684657,-3.0932008837741916
15124.079079548,-2.6702509450645926,2.0742870215684657,-3.0932008837741916
15124.08290107,-2.6702509450645926,2.0742870215684657,-3.0932008837741916
15124.091658236,-2.6702509450645926,2.0742870215684657,-3.0932008837741916
15124.106470907,-2.6702509450645926,2.0742870215684657,-3.0932008837741916
15124.110349358,-2.6702509450645926,2.0742870215684657,-3.0932008837741916
15124.125334736,-2.6702509450645926,2.0742870215684657,-3.0932008837741916
15124.131822572,-2.6702509450645926,2.0742870215684657,-3.0932008837741916
15124.133443564,-2.670933725625583,2.0742582015940445,-3.105615070967109
15124.135110873,-2.670933725625583,2.0742582015940445,-3.105615070967109
15124.14217984,-2.670933725625583,2.0742582015940445,-3.105615070967109
15124.154725515,-2.670933725625583,2.0742582015940445,-3.105615070967109
15124.161686427,-2.670933725625583,2.0742582015940445,-3.105615070967109
15124.162846846,-2.671161434300446,2.0742518882930816,-3.1221337532085487
15124.171945919,-2.671161434300446,2.0742518882930816,-3.1221337532085487
15124.173821053,-2.671161434300446,2.0742518882930816,-3.1221337532085487
15124.185529862,-2.671161434300446,2.0742518882930816,-3.1221337532085487
15124.189200448,-2.671161434300446,2.0742518882930816,-3.1221337532085487
15124.202335671,-2.671161434300446,2.0742518882930816,-3.1221337532085487
15124.212014043,-2.671161434300446,2.0742518882930816,-3.1221337532085487
15124.223234336,-2.671161434300446,2.0742518882930816,-3.1221337532085487
15124.231870974,-2.671414541061381,2.074251660290548,3.1239353840415336
15124.236925202,-2.671414541061381,2.074251660290548,3.1239353840415336
15124.239359706,-2.671414541061381,2.074251660290548,3.1239353840415336
15124.243321253,-2.671414541061381,2.074251660290548,3.1239353840415336
15124.249238537,-2.671414541061381,2.074251660290548,3.1239353840415336
15124.258734613,-2.671414541061381,2.074251660290548,3.1239353840415336
15124.266661285,-2.6715916190309215,2.074257517257934,3.093122748023734
15124.270557889,-2.6715916190309215,2.074257517257934,3.093122748023734
15124.271433178,-2.6715916190309215,2.074257517257934,3.093122748023734
15124.282976992,-2.6715916190309215,2.074257517257934,3.093122748023734
15124.293036839,-2.6715916190309215,2.074257517257934,3.093122748023734
15124.298764303,-2.6715916190309215,2.074257517257934,3.093122748023734
15124.311268881,-2.6715916190309215,2.074257517257934,3.093122748023734
15124.316141575,-2.6716673840910588,2.074262550473594,3.057393727189765
15124.318107267,-2.6716673840910588,2.074262550473594,3.057393727189765
15124.320749174,-2.6716673840910588,2.074262550473594,3.057393727189765
15124.329188831,-2.6716673840910588,2.074262550473594,3.057393727189765
15124.339724026,-2.6716673840910588,2.074262550473594,3.057393727189765
15124.352487855,-2.6716673840910588,2.074262550473594,3.057393727189765
15124.36100215,-2.6716673840910588,2.074262550473594,3.057393727189765
15124.368672677,-2.67174285194671,2.0742709338118765,3.004528944677577
15124.375870157,-2.67174285194671,2.0742709338118765,3.004528944677577
15124.378173802,-2.67174285194671,2.0742709338118765,3.004528944677577
15124.382487417,-2.67174285194671,2.0742709338118765,3.004528944677577
15124.393565341,-2.67174285194671,2.0742709338118765,3.004528944677577
15124.401587023,-2.67174285194671,2.0742709338118765,3.004528944677577
15124.409729553,-2.67174285194671,2.0742709338118765,3.004528944677577
15124.417121332,-2.67174285194671,2.0742709338118765,3.004528944677577
15124.418096881,-2.671892874416237,2.0742945128073305,2.9668674518530227
15124.425465545,-2.671892874416237,2.0742945128073305,2.9668674518530227
15124.432263347,-2.671892874416237,2.0742945128073305,2.9668674518530227
15124.439848752,-2.671892874416237,2.0742945128073305,2.9668674518530227
15124.450230817,-2.671892874416237,2.0742945128073305,2.9668674518530227
15124.461987648,-2.671892874416237,2.0742945128073305,2.9668674518530227
15124.464317182,-2.672041909293871,2.0743236901210924,2.9296581608419276
15124.466536799,-2.672041909293871,2.0743236901210924,2.9296581608419276
15124.470305571,-2.672041909293871,2.0743236901210924,2.9296581608419276
15124.480847155,-2.672041909293871,2.0743236901210924,2.9296581608419276
15124.492596334,-2.672041909293871,2.0743236901210924,2.9296581608419276
15124.500912173,-2.672041909293871,2.0743236901210924,2.9296581608419276
15124.511091474,-2.672041909293871,2.0743236901210924,2.9296581608419276
15124.519996079,-2.672041909293871,2.0743236901210924,2.9296581608419276
15124.521017555,-2.672041909293871,2.0743236901210924,2.9296581608419276
15124.52141622,-2.6721402336670588,2.0743478233169785,2.8721536577855207
15124.53018602,-2.6721402336670588,2.0743478233169785,2.8721536577855207
15124.540328732,-2.6721402336670588,2.0743478233169785,2.8721536577855207
15124.549479654,-2.6721402336670588,2.0743478233169785,2.8721536577855207
15124.559601636,-2.6721402336670588,2.0743478233169785,2.8721536577855207
15124.560530947,-2.6722616015650558,2.0743836786434984,2.836519827431903
15124.569236154,-2.6722616015650558,2.0743836786434984,2.836519827431903
15124.578944943,-2.6722616015650558,2.0743836786434984,2.836519827431903
15124.579869515,-2.6722616015650558,2.0743836786434984,2.836519827431903
15124.589677102,-2.6722616015650558,2.0743836786434984,2.836519827431903
15124.604555798,-2.6722616015650558,2.0743836786434984,2.836519827431903
15124.609889887,-2.6722616015650558,2.0743836786434984,2.836519827431903
15124.614192411,-2.6722616015650558,2.0743836786434984,2.836519827431903
15124.616889222,-2.6723815914261526,2.0744239055541165,2.7997117166583396
15124.620469527,-2.6723815914261526,2.0744239055541165,2.7997117166583396
15124.633255968,-2.6723815914261526,2.0744239055541165,2.7997117166583396
15124.639035802,-2.6723815914261526,2.0744239055541165,2.7997117166583396
15124.659435491,-2.6723815914261526,2.0744239055541165,2.7997117166583396
15124.668107115,-2.6723815914261526,2.0744239055541165,2.7997117166583396
15124.675855208,-2.6723815914261526,2.0744239055541165,2.7997117166583396
15124.678505481,-2.6724996648657777,2.074469451508481,2.747162771708236
15124.682858931,-2.6724996648657777,2.074469451508481,2.747162771708236
15124.683278997,-2.6724996648657777,2.074469451508481,2.747162771708236
15124.690308599,-2.6724996648657777,2.074469451508481,2.747162771708236
15124.712947201,-2.6724996648657777,2.074469451508481,2.747162771708236
15124.719079032,-2.6724996648657777,2.074469451508481,2.747162771708236
15124.720301238,-2.6724996648657777,2.074469451508481,2.747162771708236
15124.725945023,-2.6724996648657777,2.074469451508481,2.747162771708236
15124.72968987,-2.672592435499197,2.074509994116703,2.7120078181092597
15124.738160172,-2.672592435499197,2.074509994116703,2.7120078181092597
15124.746774508,-2.672592435499197,2.074509994116703,2.7120078181092597
15124.752953748,-2.672592435499197,2.074509994116703,2.7120078181092597
15124.76672223,-2.672592435499197,2.074509994116703,2.7120078181092597
15124.769768423,-2.6726606867405622,2.0745432724226958,2.663844165689216
15124.781463096,-2.6726606867405622,2.0745432724226958,2.663844165689216
15124.788324048,-2.6726606867405622,2.0745432724226958,2.663844165689216
15124.789714483,-2.6726606867405622,2.0745432724226958,2.663844165689216
15124.797493084,-2.6726606867405622,2.0745432724226958,2.663844165689216
15124.804690975,-2.6726606867405622,2.0745432724226958,2.663844165689216
15124.812388362,-2.6726606867405622,2.0745432724226958,2.663844165689216
15124.817785811,-2.6726383990225573,2.074531277070665,2.631856841332183
15124.823961414,-2.6726383990225573,2.074531277070665,2.631856841332183
15124.824831193,-2.6726383990225573,2.074531277070665,2.631856841332183
15124.842727618,-2.6726383990225573,2.074531277070665,2.631856841332183
15124.846598955,-2.6726383990225573,2.074531277070665,2.631856841332183
15124.855019282,-2.6726383990225573,2.074531277070665,2.631856841332183
15124.860457788,-2.672726000613698,2.0745820319200514,2.601084900385604
15124.868967335,-2.672726000613698,2.0745820319200514,2.601084900385604
15124.877829079,-2.672726000613698,2.0745820319200514,2.601084900385604
15124.881130866,-2.672726000613698,2.0745820319200514,2.601084900385604
15124.881769626,-2.672726000613698,2.0745820319200514,2.601084900385604
15124.891886449,-2.672726000613698,2.0745820319200514,2.601084900385604
15124.897742667,-2.672726000613698,2.0745820319200514,2.601084900385604
15124.913143293,-2.672726000613698,2.0745820319200514,2.601084900385604
15124.920319252,-2.672726000613698,2.0745820319200514,2.601084900385604
15124.922715182,-2.672726000613698,2.0745820319200514,2.557238293177352
15124.923648621,-2.672726000613698,2.0745820319200514,2.557238293177352
15124.929880902,-2.672726000613698,2.0745820319200514,2.557238293177352
15124.939572859,-2.672726000613698,2.0745820319200514,2.557238293177352
15124.951723456,-2.672726000613698,2.0745820319200514,2.557238293177352
15124.96836844,-2.672726000613698,2.0745820319200514,2.557238293177352
15124.96964023,-2.6728825637586544,2.0742019144318475,2.526954593415028
15124.975335643,-2.6728825637586544,2.0742019144318475,2.526954593415028
15124.978498337,-2.6728825637586544,2.0742019144318475,2.526954593415028
15124.985058499,-2.6728825637586544,2.0742019144318475,2.526954593415028
15124.989083457,-2.6728825637586544,2.0742019144318475,2.526954593415028
15125.009972012,-2.6728825637586544,2.0742019144318475,2.526954593415028
15125.012194224,-2.6728825637586544,2.0742019144318475,2.526954593415028
15125.016738425,-2.673992686544797,2.071521994352921,2.4938770973513553
15125.019249895,-2.673992686544797,2.071521994352921,2.4938770973513553
15125.02057206,-2.673992686544797,2.071521994352921,2.4938770973513553
15125.029648982,-2.673992686544797,2.071521994352921,2.4938770973513553
15125.03970533,-2.673992686544797,2.071521994352921,2.4938770973513553
15125.051610952,-2.673992686544797,2.071521994352921,2.4938770973513553
15125.064967283,-2.673992686544797,2.071521994352921,2.4938770973513553
15125.069586187,-2.673992686544797,2.071521994352921,2.4938770973513553
15125.073183725,-2.6747447204066206,2.069609748232371,2.448804824003869
15125.080430097,-2.6747447204066206,2.069609748232371,2.448804824003869
15125.085953595,-2.6747447204066206,2.069609748232371,2.448804824003869
15125.091389296,-2.6747447204066206,2.069609748232371,2.448804824003869
15125.101778505,-2.6747447204066206,2.069609748232371,2.448804824003869
15125.109848078,-2.6747447204066206,2.069609748232371,2.448804824003869
15125.115524806,-2.6747639732096857,2.0696261787046204,2.4214434012266937
15125.116794171,-2.6747639732096857,2.0696261787046204,2.4214434012266937
15125.120134481,-2.6747639732096857,2.0696261787046204,2.4214434012266937
15125.131675232,-2.6747639732096857,2.0696261787046204,2.4214434012266937
15125.140874005,-2.6747639732096857,2.0696261787046204,2.4214434012266937
15125.15188894,-2.6747639732096857,2.0696261787046204,2.4214434012266937
15125.159009053,-2.6747639732096857,2.0696261787046204,2.4214434012266937
15125.161619099,-2.674726349443027,2.06959231167701,2.3959461435171905
15125.172707493,-2.674726349443027,2.06959231167701,2.3959461435171905
15125.180385613,-2.674726349443027,2.06959231167701,2.3959461435171905
15125.181528589,-2.674726349443027,2.06959231167701,2.3959461435171905
15125.191909963,-2.674726349443027,2.06959231167701,2.3959461435171905
15125.200694922,-2.674726349443027,2.06959231167701,2.3959461435171905
15125.209956022,-2.674726349443027,2.06959231167701,2.3959461435171905
15125.218909791,-2.674726349443027,2.06959231167701,2.3959461435171905
15125.228045333,-2.674726349443027,2.06959231167701,2.3959461435171905
15125.230073677,-2.674726349443027,2.06959231167701,2.360065399059945
15125.233175576,-2.674726349443027,2.06959231167701,2.360065399059945
15125.242071705,-2.674726349443027,2.06959231167701,2.360065399059945
15125.252272336,-2.674726349443027,2.06959231167701,2.360065399059945
15125.262264593,-2.674726349443027,2.06959231167701,2.360065399059945
15125.264366295,-2.6761274995969724,2.0701749536545235,2.3393256677819405
15125.266979738,-2.6761274995969724,2.0701749536545235,2.3393256677819405
15125.27520179,-2.6761274995969724,2.0701749536545235,2.3393256677819405
15125.278200342,-2.6761274995969724,2.0701749536545235,2.3393256677819405
15125.29168133,-2.6761274995969724,2.0701749536545235,2.3393256677819405
15125.301017283,-2.6761274995969724,2.0701749536545235,2.3393256677819405
15125.309098848,-2.6761274995969724,2.0701749536545235,2.3393256677819405
15125.316828594,-2.685704572103147,2.074094370914867,2.324596753880257
15125.317849368,-2.685704572103147,2.074094370914867,2.324596753880257
15125.321620254,-2.685704572103147,2.074094370914867,2.324596753880257
15125.33754149,-2.685704572103147,2.074094370914867,2.324596753880257
15125.340636125,-2.685704572103147,2.074094370914867,2.324596753880257
15125.350619214,-2.685704572103147,2.074094370914867,2.324596753880257
15125.358396533,-2.685704572103147,2.074094370914867,2.324596753880257
15125.368835616,-2.6927381829833132,2.076954929353491,2.2976657698443095
15125.374490482,-2.6927381829833132,2.076954929353491,2.2976657698443095
15125.375453337,-2.6927381829833132,2.076954929353491,2.2976657698443095
15125.38726407,-2.6927381829833132,2.076954929353491,2.2976657698443095
15125.39106873,-2.6927381829833132,2.076954929353491,2.2976657698443095
15125.402187591,-2.6927381829833132,2.076954929353491,2.2976657698443095
15125.41112022,-2.6927381829833132,2.076954929353491,2.2976657698443095
15125.416458145,-2.692771451943325,2.076993082986036,2.2781535933306376
15125.417235087,-2.692771451943325,2.076993082986036,2.2781535933306376
15125.421692845,-2.692771451943325,2.076993082986036,2.2781535933306376
15125.429602275,-2.692771451943325,2.076993082986036,2.2781535933306376
15125.442147529,-2.692771451943325,2.076993082986036,2.2781535933306376
15125.449052024,-2.692771451943325,2.076993082986036,2.2781535933306376
15125.462477346,-2.692771451943325,2.076993082986036,2.2781535933306376
15125.463014905,-2.6927551940614083,2.0769736842201025,2.2585151145746867
15125.463923317,-2.6927551940614083,2.0769736842201025,2.2585151145746867
15125.470365516,-2.6927551940614083,2.0769736842201025,2.2585151145746867
15125.479965448,-2.6927551940614083,2.0769736842201025,2.2585151145746867
15125.492634347,-2.6927551940614083,2.0769736842201025,2.2585151145746867
15125.499304638,-2.6927551940614083,2.0769736842201025,2.2585151145746867
15125.510035594,-2.6927551940614083,2.0769736842201025,2.2585151145746867
15125.519839564,-2.6927551940614083,2.0769736842201025,2.2585151145746867
15125.521971474,-2.692707829014768,2.0769143358422455,2.23022180297877
15125.523312997,-2.692707829014768,2.0769143358422455,2.23022180297877
15125.530201451,-2.692707829014768,2.0769143358422455,2.23022180297877
15125.540230156,-2.692707829014768,2.0769143358422455,2.23022180297877
15125.552851244,-2.692707829014768,2.0769143358422455,2.23022180297877
15125.562027945,-2.692707829014768,2.0769143358422455,2.23022180297877
15125.56324949,-2.69145309162597,2.0767839646680106,2.2129080020871363
15125.563997758,-2.69145309162597,2.0767839646680106,2.2129080020871363
15125.571190118,-2.69145309162597,2.0767839646680106,2.2129080020871363
15125.58565473,-2.69145309162597,2.0767839646680106,2.2129080020871363
15125.588804349,-2.69145309162597,2.0767839646680106,2.2129080020871363
15125.600499643,-2.69145309162597,2.0767839646680106,2.2129080020871363
15125.610065321,-2.69145309162597,2.0767839646680106,2.2129080020871363
15125.619474051,-2.69145309162597,2.0767839646680106,2.2129080020871363
15125.623025903,-2.6876815891869774,2.076348991539106,2.1835597864789973
15125.623947609,-2.6876815891869774,2.076348991539106,2.1835597864789973
15125.632099217,-2.6876815891869774,2.076348991539106,2.1835597864789973
15125.637814478,-2.6876815891869774,2.076348991539106,2.1835597864789973
15125.649647884,-2.6876815891869774,2.076348991539106,2.1835597864789973
15125.661830541,-2.6876815891869774,2.076348991539106,2.1835597864789973
15125.665225445,-2.6847978532661103,2.0759953221586893,2.163973336212148
15125.669716837,-2.6847978532661103,2.0759953221586893,2.163973336212148
15125.678521552,-2.6847978532661103,2.0759953221586893,2.163973336212148
15125.68174989,-2.6847978532661103,2.0759953221586893,2.163973336212148
15125.690184324,-2.6847978532661103,2.0759953221586893,2.163973336212148
15125.702192821,-2.6847978532661103,2.0759953221586893,2.163973336212148
15125.710374146,-2.6847978532661103,2.0759953221586893,2.163973336212148
15125.712908138,-2.6847978532661103,2.0759953221586893,2.1470690417213336
15125.714763585,-2.6847978532661103,2.0759953221586893,2.1470690417213336
15125.718351013,-2.6847978532661103,2.0759953221586893,2.1470690417213336
15125.728594876,-2.6847978532661103,2.0759953221586893,2.1470690417213336
15125.740925263,-2.6847978532661103,2.0759953221586893,2.1470690417213336
15125.753681859,-2.6847978532661103,2.0759953221586893,2.1470690417213336
15125.764794809,-2.6847978532661103,2.0759953221586893,2.1470690417213336
15125.767967261,-2.684811466532202,2.076016660149,2.1302849697990314
15125.768817783,-2.684811466532202,2.076016660149,2.1302849697990314
15125.780069957,-2.684811466532202,2.076016660149,2.1302849697990314
15125.787245235,-2.684811466532202,2.076016660149,2.1302849697990314
15125.792394714,-2.684811466532202,2.076016660149,2.1302849697990314
15125.801356447,-2.684811466532202,2.076016660149,2.1302849697990314
15125.80953159,-2.684811466532202,2.076016660149,2.1302849697990314
15125.819129038,-2.684811466532202,2.076016660149,2.1302849697990314
15125.82038605,-2.684798274906012,2.075995058948973,2.1077924418373004
15125.822081062,-2.684798274906012,2.075995058948973,2.1077924418373004
15125.831364575,-2.684798274906012,2.075995058948973,2.1077924418373004
15125.839137416,-2.684798274906012,2.075995058948973,2.1077924418373004
15125.849631944,-2.684798274906012,2.075995058948973,2.1077924418373004
15125.862055208,-2.684798274906012,2.075995058948973,2.1077924418373004
15125.863240514,-2.6847726757507546,2.0759513873720983,2.094183211318959
15125.86535991,-2.6847726757507546,2.0759513873720983,2.094183211318959
15125.875026439,-2.6847726757507546,2.0759513873720983,2.094183211318959
15125.880059537,-2.6847726757507546,2.0759513873720983,2.094183211318959
15125.889728772,-2.6847726757507546,2.0759513873720983,2.094183211318959
15125.900564757,-2.6847726757507546,2.0759513873720983,2.094183211318959
15125.90991143,-2.6847726757507546,2.0759513873720983,2.094183211318959
15125.920683524,-2.6847726757507546,2.0759513873720983,2.094183211318959
15125.926097664,-2.6847478138461436,2.075907291917958,2.0741928863448993
15125.927082591,-2.6847478138461436,2.075907291917958,2.0741928863448993
15125.933332204,-2.6847478138461436,2.075907291917958,2.0741928863448993
15125.939292991,-2.6847478138461436,2.075907291917958,2.0741928863448993
15125.951415494,-2.6847478138461436,2.075907291917958,2.0741928863448993
15125.963324172,-2.6847478138461436,2.075907291917958,2.0741928863448993
15125.96482156,-2.6847357501757827,2.075885041104455,2.0610197234077345
15125.97122236,-2.6847357501757827,2.075885041104455,2.0610197234077345
15125.974090816,-2.6847357501757827,2.075885041104455,2.0610197234077345
15125.980717444,-2.6847357501757827,2.075885041104455,2.0610197234077345
15125.991966739,-2.6847357501757827,2.075885041104455,2.0610197234077345
15125.997358239,-2.6847357501757827,2.075885041104455,2.0610197234077345
15126.016901967,-2.6847357501757827,2.075885041104455,2.0610197234077345
15126.020557785,-2.684723981339741,2.075862632950975,2.0477856445236107
15126.027270827,-2.684723981339741,2.075862632950975,2.0477856445236107
15126.02794784,-2.684723981339741,2.075862632950975,2.0477856445236107
15126.030904523,-2.684723981339741,2.075862632950975,2.0477856445236107
15126.04019518,-2.684723981339741,2.075862632950975,2.0477856445236107
15126.051445441,-2.684723981339741,2.075862632950975,2.0477856445236107
15126.060072118,-2.684723981339741,2.075862632950975,2.0477856445236107
15126.064218734,-2.6866882591328913,2.077263072617282,2.0350268685555526
15126.073793542,-2.6866882591328913,2.077263072617282,2.0350268685555526
15126.074377058,-2.6866882591328913,2.077263072617282,2.0350268685555526
15126.08684189,-2.6866882591328913,2.077263072617282,2.0350268685555526
15126.094856679,-2.6866882591328913,2.077263072617282,2.0350268685555526
15126.101508004,-2.6866882591328913,2.077263072617282,2.0350268685555526
15126.113870612,-2.6866882591328913,2.077263072617282,2.0350268685555526
15126.122894503,-2.6866882591328913,2.077263072617282,2.0350268685555526
15126.128837726,-2.6866882591328913,2.077263072617282,2.0350268685555526
15126.133393941,-2.6866882591328913,2.077263072617282,2.0350268685555526
15126.134567605,-2.7014721932622403,2.087939610468142,2.0151608487892103
15126.140892652,-2.7014721932622403,2.087939610468142,2.0151608487892103
15126.149609661,-2.7014721932622403,2.087939610468142,2.0151608487892103
15126.162173962,-2.7014721932622403,2.087939610468142,2.0151608487892103
15126.162892534,-2.710752025856713,2.0945915851391574,2.001853172395636
15126.1639038,-2.710752025856713,2.0945915851391574,2.001853172395636
15126.176413979,-2.710752025856713,2.0945915851391574,2.001853172395636
15126.180244468,-2.710752025856713,2.0945915851391574,2.001853172395636
15126.191393396,-2.710752025856713,2.0945915851391574,2.001853172395636
15126.199455454,-2.710752025856713,2.0945915851391574,2.001853172395636
15126.215428214,-2.710752025856713,2.0945915851391574,2.001853172395636
15126.21977398,-2.710752025856713,2.0945915851391574,2.001853172395636
15126.225654654,-2.7107312436497164,2.094545426464469,1.9858365698794613
15126.229106917,-2.7107312436497164,2.094545426464469,1.9858365698794613
15126.232228222,-2.7107312436497164,2.094545426464469,1.9858365698794613
15126.239091689,-2.7107312436497164,2.094545426464469,1.9858365698794613
15126.249755768,-2.7107312436497164,2.094545426464469,1.9858365698794613
15126.26359757,-2.7107312436497164,2.094545426464469,1.9858365698794613
15126.266328165,-2.71074132551047,2.0945686425564722,1.975134496305396
15126.281247548,-2.71074132551047,2.0945686425564722,1.975134496305396
15126.282696554,-2.71074132551047,2.0945686425564722,1.975134496305396
15126.287953507,-2.71074132551047,2.0945686425564722,1.975134496305396
15126.294764134,-2.71074132551047,2.0945686425564722,1.975134496305396
15126.301808143,-2.71074132551047,2.0945686425564722,1.975134496305396
15126.314878442,-2.71074132551047,2.0945686425564722,1.975134496305396
15126.320185449,-2.71074132551047,2.0945686425564722,1.975134496305396
15126.32490834,-2.710721639730238,2.0945220057316094,1.965295378778389
15126.326047028,-2.710721639730238,2.0945220057316094,1.965295378778389
15126.329346411,-2.710721639730238,2.0945220057316094,1.965295378778389
15126.339440119,-2.710721639730238,2.0945220057316094,1.965295378778389
15126.353630241,-2.710721639730238,2.0945220057316094,1.965295378778389
15126.358379071,-2.710721639730238,2.0945220057316094,1.965295378778389
15126.373173437,-2.710721639730238,2.0945220057316094,1.965295378778389
15126.376406103,-2.710721639730238,2.0945220057316094,1.9520690484980838
15126.393546296,-2.710721639730238,2.0945220057316094,1.9520690484980838
15126.396863973,-2.710721639730238,2.0945220057316094,1.9520690484980838
15126.397457007,-2.710721639730238,2.0945220057316094,1.9520690484980838
15126.400948824,-2.710721639730238,2.0945220057316094,1.9520690484980838
15126.409971813,-2.710721639730238,2.0945220057316094,1.9520690484980838
15126.417267389,-2.710693735611773,2.0944513867697787,1.9421367093066464
15126.424307801,-2.710693735611773,2.0944513867697787,1.9421367093066464
15126.42573678,-2.710693735611773,2.0944513867697787,1.9421367093066464
15126.432331708,-2.710693735611773,2.0944513867697787,1.9421367093066464
15126.442122773,-2.710693735611773,2.0944513867697787,1.9421367093066464
15126.451319031,-2.710693735611773,2.0944513867697787,1.9421367093066464
15126.463053869,-2.710693735611773,2.0944513867697787,1.9421367093066464
15126.465063939,-2.710702814538562,2.094475013109582,1.9332042380313175
15126.470694389,-2.710702814538562,2.094475013109582,1.9332042380313175
15126.472611662,-2.710702814538562,2.094475013109582,1.9332042380313175
15126.481769307,-2.710702814538562,2.094475013109582,1.9332042380313175
15126.494980674,-2.710702814538562,2.094475013109582,1.9332042380313175
15126.498626894,-2.710702814538562,2.094475013109582,1.9332042380313175
