time,x,y,yaw
9817.356081385,-2.698287267413818,2.09864166692335,-1.2908976457772958
9817.360867695,-2.698287267413818,2.09864166692335,-1.2908976457772958
9817.361947785,-2.698287267413818,2.09864166692335,-1.290999338581057
9817.364908537,-2.698287267413818,2.09864166692335,-1.2910293074341328
9817.366280969,-2.698287267413818,2.09864166692335,-1.2909763173093958
9817.370489999,-2.698287267413818,2.09864166692335,-1.2909763173093958
9817.372711154,-2.698287267413818,2.09864166692335,-1.2909692025925832
9817.376078925,-2.698287267413818,2.09864166692335,-1.29099834600558
9817.383158306,-2.698287267413818,2.09864166692335,-1.29099834600558
9817.38426162,-2.698287267413818,2.0986416669233496,-1.2909906877738258
9817.385484169,-2.6981609030243257,2.098220949050509,-1.2779129343613207
9817.394515677,-2.696815137838986,2.0944017947500813,-1.2081431019113487
9817.401932806,-2.696815137838986,2.0944017947500813,-1.2081431019113487
9817.40288822,-2.694379669174189,2.0886425004715017,-1.1256205241171264
9817.405767949,-2.694379669174189,2.0886425004715017,-1.1256205241171264
9817.406634977,-2.690334645818553,2.0811384913759445,-1.0340859807779652
9817.409388988,-2.690334645818553,2.0811384913759445,-1.0340859807779652
9817.410154624,-2.6865748975447876,2.075448436081367,-0.9473545003583733
9817.410836723,-2.6828049321568077,2.0705303714659027,-0.8741334276179858
9817.411428951,-2.6778673639364805,2.065117283704878,-0.7955568007535446
9817.411932362,-2.6746078615133966,2.0618827293000446,-0.7701656588447494
9817.412647803,-2.6746078615133966,2.0618827293000446,-0.7701656588447494
9817.413149431,-2.6746078615133966,2.0618827293000446,-0.7701656588447494
9817.413810319,-2.6746078615133966,2.0618827293000446,-0.7701656588447494
9817.414283763,-2.6746078615133966,2.0618827293000446,-0.7701656588447494
9817.414971362,-2.6746078615133966,2.0618827293000446,-0.7701656588447494
9817.416615116,-2.670075890297003,2.0574667736103103,-0.7747008570564191
9817.418791527,-2.670075890297003,2.0574667736103103,-0.7747008570564191
9817.41953428,-2.670075890297003,2.0574667736103103,-0.7747008570564191
9817.428183235,-2.6664369154831764,2.053875372314244,-0.7829363116157456
9817.431317515,-2.6664369154831764,2.053875372314244,-0.7829363116157456
9817.438428476,-2.6664369154831764,2.053875372314244,-0.7829363116157456
9817.447880428,-2.6664369154831764,2.053875372314244,-0.7829363116157456
9817.458163179,-2.6664369154831764,2.053875372314244,-0.7829363116157456
9817.468551068,-2.6664369154831764,2.053875372314244,-0.7829363116157456
9817.480783272,-2.6664369154831764,2.053875372314244,-0.7829363116157456
9817.489598401,-2.6664369154831764,2.053875372314244,-0.7829363116157456
9817.491622253,-2.664416499233703,2.049107626616028,-0.811954581120479
9817.492565785,-2.664416499233703,2.049107626616028,-0.811954581120479
9817.501329738,-2.664416499233703,2.049107626616028,-0.811954581120479
9817.503324245,-2.664416499233703,2.049107626616028,-0.811954581120479
9817.512036009,-2.664416499233703,2.049107626616028,-0.811954581120479
9817.521206089,-2.664416499233703,2.049107626616028,-0.811954581120479
9817.530583971,-2.664416499233703,2.049107626616028,-0.811954581120479
9817.535820351,-2.6613200343698784,2.0419704826585328,-0.8441027587131612
9817.54576839,-2.6613200343698784,2.0419704826585328,-0.8441027587131612
9817.554936446,-2.6613200343698784,2.0419704826585328,-0.8441027587131612
9817.557319787,-2.6613200343698784,2.0419704826585328,-0.8441027587131612
9817.571644613,-2.6613200343698784,2.0419704826585328,-0.8441027587131612
9817.583885873,-2.6613200343698784,2.0419704826585328,-0.8441027587131612
9817.591145605,-2.6596682159105898,2.037865578541789,-0.8679096207543361
9817.595893743,-2.6596682159105898,2.037865578541789,-0.8679096207543361
9817.596676792,-2.6596682159105898,2.037865578541789,-0.8679096207543361
9817.598659286,-2.6596682159105898,2.037865578541789,-0.8679096207543361
9817.601142816,-2.6596682159105898,2.037865578541789,-0.8679096207543361
9817.612943625,-2.6596682159105898,2.037865578541789,-0.8679096207543361
9817.619573567,-2.6596682159105898,2.037865578541789,-0.8679096207543361
9817.63626375,-2.6596682159105898,2.037865578541789,-0.8679096207543361
9817.639946767,-2.6596682159105898,2.037865578541789,-0.8679096207543361
9817.640855002,-2.6567365640950413,2.034345191529275,-0.8848785862847317
9817.650523733,-2.6567365640950413,2.034345191529275,-0.8848785862847317
9817.657082631,-2.6567365640950413,2.034345191529275,-0.8848785862847317
9817.667377405,-2.6567365640950413,2.034345191529275,-0.8848785862847317
9817.678765004,-2.6567365640950413,2.034345191529275,-0.8848785862847317
9817.680826457,-2.652183733578337,2.028749927942727,-0.8906437859459868
9817.692228522,-2.652183733578337,2.028749927942727,-0.8906437859459868
9817.696966461,-2.652183733578337,2.028749927942727,-0.8906437859459868
9817.709980631,-2.652183733578337,2.028749927942727,-0.8906437859459868
9817.711409369,-2.652183733578337,2.028749927942727,-0.8906437859459868
9817.718015106,-2.652183733578337,2.028749927942727,-0.8906437859459868
9817.724130105,-2.652183733578337,2.028749927942727,-0.8906437859459868
9817.730605626,-2.652183733578337,2.028749927942727,-0.8906437859459868
9817.731898758,-2.6491770005884656,2.0250292383410793,-0.8916136727257719
9817.743936604,-2.6491770005884656,2.0250292383410793,-0.8916136727257719
9817.752709724,-2.6491770005884656,2.0250292383410793,-0.8916136727257719
9817.7582511,-2.6491770005884656,2.0250292383410793,-0.8916136727257719
9817.77384367,-2.6491770005884656,2.0250292383410793,-0.8916136727257719
9817.781245971,-2.6491770005884656,2.0250292383410793,-0.8916136727257719
9817.798093631,-2.6491770005884656,2.0250292383410793,-0.8916136727257719
9817.813475212,-2.6491770005884656,2.0250292383410793,-0.8916136727257719
9817.816918305,-2.6491770005884656,2.0250292383410793,-0.8916136727257719
9817.822022155,-2.6491770005884656,2.0250292383410793,-0.8916136727257719
9817.822867903,-2.6460190453681767,2.0211378876191533,-0.8865127072258938
9817.828835964,-2.6460190453681767,2.0211378876191533,-0.8865127072258938
9817.829830222,-2.6460190453681767,2.0211378876191533,-0.8865127072258938
9817.836131323,-2.6460190453681767,2.0211378876191533,-0.8865127072258938
9817.837025212,-2.6409390812158584,2.014927387066876,-0.8838822350426663
9817.840289317,-2.6409390812158584,2.014927387066876,-0.8838822350426663
9817.850884288,-2.6409390812158584,2.014927387066876,-0.8838822350426663
9817.85703239,-2.6409390812158584,2.014927387066876,-0.8838822350426663
9817.870603773,-2.6409390812158584,2.014927387066876,-0.8838822350426663
9817.883057214,-2.6409390812158584,2.014927387066876,-0.8838822350426663
9817.892300051,-2.6409390812158584,2.014927387066876,-0.8838822350426663
9817.893807277,-2.637669681887007,2.01096370386997,-0.8783022866173733
9817.906056513,-2.637669681887007,2.01096370386997,-0.8783022866173733
9817.910103564,-2.637669681887007,2.01096370386997,-0.8783022866173733
9817.912550385,-2.637669681887007,2.01096370386997,-0.8783022866173733
9817.923026354,-2.637669681887007,2.01096370386997,-0.8783022866173733
9817.933639469,-2.637669681887007,2.01096370386997,-0.8783022866173733
9817.937133328,-2.637669681887007,2.01096370386997,-0.8783022866173733
9817.937994555,-2.6323883710440055,2.004624032003588,-0.8741394982262601
9817.940513352,-2.6323883710440055,2.004624032003588,-0.8741394982262601
9817.952877825,-2.6323883710440055,2.004624032003588,-0.8741394982262601
9817.95862539,-2.6323883710440055,2.004624032003588,-0.8741394982262601
9817.968392989,-2.6323883710440055,2.004624032003588,-0.8741394982262601
9817.983978536,-2.6323883710440055,2.004624032003588,-0.8741394982262601
9817.993086668,-2.6323883710440055,2.004624032003588,-0.8741394982262601
9817.994897859,-2.6290195226464386,2.000611395524219,-0.8706497654839502
9817.997274779,-2.6290195226464386,2.000611395524219,-0.8706497654839502
9817.998065472,-2.6290195226464386,2.000611395524219,-0.8706497654839502
9818.009557788,-2.6290195226464386,2.000611395524219,-0.8706497654839502
9818.018043545,-2.6290195226464386,2.000611395524219,-0.8706497654839502
9818.021648584,-2.6290195226464386,2.000611395524219,-0.8706497654839502
9818.031514508,-2.6290195226464386,2.000611395524219,-0.8706497654839502
9818.032372098,-2.62553812783457,1.9964950050018646,-0.8669118390007963
9818.042237441,-2.62553812783457,1.9964950050018646,-0.8669118390007963
9818.047695419,-2.62553812783457,1.9964950050018646,-0.8669118390007963
9818.057649399,-2.62553812783457,1.9964950050018646,-0.8669118390007963
9818.069929122,-2.62553812783457,1.9964950050018646,-0.8669118390007963
9818.07667345,-2.62553812783457,1.9964950050018646,-0.8669118390007963
9818.089548909,-2.62553812783457,1.9964950050018646,-0.8669118390007963
9818.092587408,-2.622069135263599,1.99243451040695,-0.860678623668765
9818.097140607,-2.622069135263599,1.99243451040695,-0.860678623668765
9818.101424228,-2.622069135263599,1.99243451040695,-0.860678623668765
9818.102337483,-2.622069135263599,1.99243451040695,-0.860678623668765
9818.109385003,-2.622069135263599,1.99243451040695,-0.860678623668765
9818.124976311,-2.622069135263599,1.99243451040695,-0.860678623668765
9818.134217164,-2.622069135263599,1.99243451040695,-0.860678623668765
9818.135906455,-2.6167963881437615,1.9863198253666012,-0.8577205643578518
9818.145833525,-2.6167963881437615,1.9863198253666012,-0.8577205643578518
9818.148896299,-2.6167963881437615,1.9863198253666012,-0.8577205643578518
9818.158023565,-2.6167963881437615,1.9863198253666012,-0.8577205643578518
9818.169657912,-2.6167963881437615,1.9863198253666012,-0.8577205643578518
9818.181017677,-2.6167963881437615,1.9863198253666012,-0.8577205643578518
9818.192242769,-2.6167963881437615,1.9863198253666012,-0.8577205643578518
9818.198151909,-2.6134068017005494,1.9824248032929155,-0.8516218171044336
9818.202645677,-2.6134068017005494,1.9824248032929155,-0.8516218171044336
9818.203467499,-2.6134068017005494,1.9824248032929155,-0.8516218171044336
9818.213276886,-2.6134068017005494,1.9824248032929155,-0.8516218171044336
9818.224340041,-2.6134068017005494,1.9824248032929155,-0.8516218171044336
9818.229985805,-2.6134068017005494,1.9824248032929155,-0.8516218171044336
9818.235236041,-2.6134068017005494,1.9824248032929155,-0.8516218171044336
9818.240119484,-2.6134068017005494,1.9824248032929155,-0.8516218171044336
9818.240843903,-2.60797837262205,1.9762442862713419,-0.8485640988274566
9818.241780131,-2.60797837262205,1.9762442862713419,-0.8485640988274566
9818.248753001,-2.60797837262205,1.9762442862713419,-0.8485640988274566
9818.258063556,-2.60797837262205,1.9762442862713419,-0.8485640988274566
9818.272707243,-2.60797837262205,1.9762442862713419,-0.8485640988274566
9818.288354987,-2.6043865510916566,1.9721900109682953,-0.8430497155114167
9818.308731352,-2.6043865510916566,1.9721900109682953,-0.8430497155114167
9818.316001684,-2.6043865510916566,1.9721900109682953,-0.8430497155114167
9818.326649916,-2.6043865510916566,1.9721900109682953,-0.8430497155114167
9818.332110439,-2.6043865510916566,1.9721900109682953,-0.8430497155114167
9818.333149151,-2.6043865510916566,1.9721900109682953,-0.8430497155114167
9818.338876589,-2.6043865510916566,1.9721900109682953,-0.8430497155114167
9818.340050245,-2.60061656220041,1.9679894020827837,-0.8356937870903959
9818.342756507,-2.60061656220041,1.9679894020827837,-0.8356937870903959
9818.345952924,-2.60061656220041,1.9679894020827837,-0.8356937870903959
9818.348453948,-2.60061656220041,1.9679894020827837,-0.8356937870903959
9818.353099472,-2.60061656220041,1.9679894020827837,-0.8356937870903959
9818.356636302,-2.60061656220041,1.9679894020827837,-0.8356937870903959
9818.380550519,-2.60061656220041,1.9679894020827837,-0.8356937870903959
9818.403119385,-2.60061656220041,1.9679894020827837,-0.8356937870903959
9818.411898326,-2.60061656220041,1.9679894020827837,-0.8356937870903959
9818.412930736,-2.60061656220041,1.9679894020827837,-0.8356937870903959
9818.436407557,-2.60061656220041,1.9679894020827837,-0.8356937870903959
9818.439134317,-2.60061656220041,1.9679894020827837,-0.8356937870903959
9818.447826474,-2.60061656220041,1.9679894020827837,-0.8356937870903959
9818.453063796,-2.596785920883045,1.963809631714186,-0.8222162232323638
9818.462052153,-2.596785920883045,1.963809631714186,-0.8222162232323638
9818.466075963,-2.590614498666019,1.9572442270439105,-0.8104254708214748
9818.472452045,-2.590614498666019,1.9572442270439105,-0.8104254708214748
9818.476097159,-2.590614498666019,1.9572442270439105,-0.8104254708214748
9818.503054084,-2.590614498666019,1.9572442270439105,-0.8104254708214748
9818.511151387,-2.590614498666019,1.9572442270439105,-0.8104254708214748
9818.514543604,-2.590614498666019,1.9572442270439105,-0.8104254708214748
9818.524718432,-2.590614498666019,1.9572442270439105,-0.8104254708214748
9818.525403275,-2.590614498666019,1.9572442270439105,-0.8104254708214748
9818.537016088,-2.590614498666019,1.9572442270439105,-0.8104254708214748
9818.540065996,-2.58635336140517,1.9528441572715642,-0.7924496636315335
9818.545233198,-2.58635336140517,1.9528441572715642,-0.7924496636315335
9818.551029967,-2.58005885755213,1.9465389256851202,-0.7800495133324612
9818.566508,-2.58005885755213,1.9465389256851202,-0.7800495133324612
9818.574267917,-2.58005885755213,1.9465389256851202,-0.7800495133324612
9818.578747617,-2.58005885755213,1.9465389256851202,-0.7800495133324612
9818.585426813,-2.58005885755213,1.9465389256851202,-0.7800495133324612
9818.586581984,-2.58005885755213,1.9465389256851202,-0.7800495133324612
9818.589927904,-2.58005885755213,1.9465389256851202,-0.7800495133324612
9818.590773301,-2.5756333140874084,1.9421951449053756,-0.7720999226494779
9818.597055917,-2.5756333140874084,1.9421951449053756,-0.7720999226494779
9818.598685945,-2.5756333140874084,1.9421951449053756,-0.7720999226494779
9818.603579047,-2.5756333140874084,1.9421951449053756,-0.7720999226494779
9818.614178917,-2.5756333140874084,1.9421951449053756,-0.7720999226494779
9818.62117461,-2.5756333140874084,1.9421951449053756,-0.7720999226494779
9818.625690369,-2.5756333140874084,1.9421951449053756,-0.7720999226494779
9818.629926039,-2.5756333140874084,1.9421951449053756,-0.7720999226494779
9818.636727165,-2.5756333140874084,1.9421951449053756,-0.7720999226494779
9818.639558733,-2.5756333140874084,1.9421951449053756,-0.7720999226494779
9818.640095236,-2.571559213719332,1.9382887863145646,-0.7566644654198638
9818.642745913,-2.571559213719332,1.9382887863145646,-0.7566644654198638
9818.647449386,-2.571559213719332,1.9382887863145646,-0.7566644654198638
9818.651899561,-2.571559213719332,1.9382887863145646,-0.7566644654198638
9818.660059924,-2.571559213719332,1.9382887863145646,-0.7566644654198638
9818.66769793,-2.571559213719332,1.9382887863145646,-0.7566644654198638
9818.683028986,-2.571559213719332,1.9382887863145646,-0.7566644654198638
9818.685381018,-2.5650953467517312,1.9322310885477065,-0.7492794499321929
9818.686256822,-2.5650953467517312,1.9322310885477065,-0.7492794499321929
9818.691966817,-2.5650953467517312,1.9322310885477065,-0.7492794499321929
9818.705249915,-2.5650953467517312,1.9322310885477065,-0.7492794499321929
9818.708198184,-2.5650953467517312,1.9322310885477065,-0.7492794499321929
9818.709223119,-2.5650953467517312,1.9322310885477065,-0.7492794499321929
9818.718015075,-2.5650953467517312,1.9322310885477065,-0.7492794499321929
9818.729308625,-2.5650953467517312,1.9322310885477065,-0.7492794499321929
9818.730945216,-2.560643768242441,1.9281351242870215,-0.7383563027306543
9818.741178594,-2.560643768242441,1.9281351242870215,-0.7383563027306543
9818.754769573,-2.560643768242441,1.9281351242870215,-0.7383563027306543
9818.759079173,-2.560643768242441,1.9281351242870215,-0.7383563027306543
9818.769233953,-2.560643768242441,1.9281351242870215,-0.7383563027306543
9818.783908829,-2.560643768242441,1.9281351242870215,-0.7383563027306543
9818.794990019,-2.560643768242441,1.9281351242870215,-0.7383563027306543
9818.802015628,-2.5561957236405064,1.9241482113565131,-0.7232105240746487
9818.810599468,-2.5561957236405064,1.9241482113565131,-0.7232105240746487
9818.815863663,-2.5561957236405064,1.9241482113565131,-0.7232105240746487
9818.821775579,-2.5561957236405064,1.9241482113565131,-0.7232105240746487
9818.822670059,-2.5561957236405064,1.9241482113565131,-0.7232105240746487
9818.827521141,-2.5561957236405064,1.9241482113565131,-0.7232105240746487
9818.831747924,-2.5631546615391887,1.9302244953801018,-0.7123662298497743
9818.837016365,-2.5631546615391887,1.9302244953801018,-0.7123662298497743
9818.84297531,-2.5631546615391887,1.9302244953801018,-0.7123662298497743
9818.856565074,-2.5631546615391887,1.9302244953801018,-0.7123662298497743
9818.862593643,-2.5631546615391887,1.9302244953801018,-0.7123662298497743
9818.874071412,-2.5631546615391887,1.9302244953801018,-0.7123662298497743
9818.885785276,-2.5631546615391887,1.9302244953801018,-0.7123662298497743
9818.887564005,-2.5631546615391887,1.9302244953801018,-0.7123662298497743
9818.890677957,-2.5631546615391887,1.9302244953801018,-0.7123662298497743
9818.891839641,-2.5586518138377894,1.9263770618094274,-0.7017711466130798
9818.892745512,-2.5586518138377894,1.9263770618094274,-0.7017711466130798
9818.904578451,-2.5586518138377894,1.9263770618094274,-0.7017711466130798
9818.908476924,-2.5586518138377894,1.9263770618094274,-0.7017711466130798
9818.918059864,-2.5586518138377894,1.9263770618094274,-0.7017711466130798
9818.928016559,-2.5586518138377894,1.9263770618094274,-0.7017711466130798
9818.937841346,-2.5586518138377894,1.9263770618094274,-0.7017711466130798
9818.939947614,-2.554025056086167,1.9225194710788909,-0.6882051294622011
9818.949223974,-2.554025056086167,1.9225194710788909,-0.6882051294622011
9818.959092633,-2.554025056086167,1.9225194710788909,-0.6882051294622011
9818.97195691,-2.554025056086167,1.9225194710788909,-0.6882051294622011
9818.983979337,-2.554025056086167,1.9225194710788909,-0.6882051294622011
9818.989162507,-2.554025056086167,1.9225194710788909,-0.6882051294622011
9818.990037169,-2.547218748156683,1.9169686250457765,-0.6800900762853213
9818.991384463,-2.547218748156683,1.9169686250457765,-0.6800900762853213
9818.992733632,-2.547218748156683,1.9169686250457765,-0.6800900762853213
9818.997813185,-2.547218748156683,1.9169686250457765,-0.6800900762853213
9819.011027884,-2.547218748156683,1.9169686250457765,-0.6800900762853213
9819.017290432,-2.547218748156683,1.9169686250457765,-0.6800900762853213
9819.028040416,-2.5425149857309752,1.913205313660969,-0.6694699590978211
9819.03162683,-2.5425149857309752,1.913205313660969,-0.6694699590978211
9819.043700002,-2.5425149857309752,1.913205313660969,-0.6694699590978211
9819.060111249,-2.5425149857309752,1.913205313660969,-0.6694699590978211
9819.062725045,-2.5425149857309752,1.913205313660969,-0.6694699590978211
9819.06793207,-2.5425149857309752,1.913205313660969,-0.6694699590978211
9819.079011205,-2.5425149857309752,1.913205313660969,-0.6694699590978211
9819.093026126,-2.5425149857309752,1.913205313660969,-0.6694699590978211
9819.094162713,-2.5425149857309752,1.913205313660969,-0.6694699590978211
9819.095436088,-2.543493390138813,1.9064122712453713,-0.6721290784527126
9819.097048282,-2.543493390138813,1.9064122712453713,-0.6721290784527126
9819.100071643,-2.543493390138813,1.9064122712453713,-0.6721290784527126
9819.107578882,-2.543493390138813,1.9064122712453713,-0.6721290784527126
9819.120820963,-2.543493390138813,1.9064122712453713,-0.6721290784527126
9819.130948551,-2.543493390138813,1.9064122712453713,-0.6721290784527126
9819.13405106,-2.5463258822745494,1.8972528827712933,-0.6856783189453182
9819.139749924,-2.5463258822745494,1.8972528827712933,-0.6856783189453182
9819.151085433,-2.5463258822745494,1.8972528827712933,-0.6856783189453182
9819.160013005,-2.5463258822745494,1.8972528827712933,-0.6856783189453182
9819.170595373,-2.5463258822745494,1.8972528827712933,-0.6856783189453182
9819.182189079,-2.5463258822745494,1.8972528827712933,-0.6856783189453182
9819.198162148,-2.5463258822745494,1.8972528827712933,-0.6856783189453182
9819.206124116,-2.5463258822745494,1.8972528827712933,-0.6856783189453182
9819.208573572,-2.5463258822745494,1.8972528827712933,-0.6856783189453182
9819.212929059,-2.5463258822745494,1.8972528827712933,-0.6856783189453182
9819.213698462,-2.5487846333652566,1.8917318669647978,-0.7045773480862754
9819.21561398,-2.5487846333652566,1.8917318669647978,-0.7045773480862754
9819.227028499,-2.5487846333652566,1.8917318669647978,-0.7045773480862754
9819.229906504,-2.5487846333652566,1.8917318669647978,-0.7045773480862754
9819.238406649,-2.5487846333652566,1.8917318669647978,-0.7045773480862754
9819.239819247,-2.5434593674341506,1.8871715482473779,-0.7117666219205039
9819.240780562,-2.5434593674341506,1.8871715482473779,-0.7117666219205039
9819.251091968,-2.5434593674341506,1.8871715482473779,-0.7117666219205039
9819.261578955,-2.5434593674341506,1.8871715482473779,-0.7117666219205039
9819.274820264,-2.5434593674341506,1.8871715482473779,-0.7117666219205039
9819.27987979,-2.5434593674341506,1.8871715482473779,-0.7117666219205039
9819.28178592,-2.539177232428745,1.8834556885847986,-0.7176612828702109
9819.295225924,-2.539177232428745,1.8834556885847986,-0.7176612828702109
9819.296756395,-2.539177232428745,1.8834556885847986,-0.7176612828702109
9819.302232378,-2.539177232428745,1.8834556885847986,-0.7176612828702109
9819.305802551,-2.539177232428745,1.8834556885847986,-0.7176612828702109
9819.32057949,-2.539177232428745,1.8834556885847986,-0.7176612828702109
9819.327950302,-2.534932075813833,1.879735933678352,-0.7213968251675743
9819.337260977,-2.534932075813833,1.879735933678352,-0.7213968251675743
9819.338248442,-2.534932075813833,1.879735933678352,-0.7213968251675743
9819.345084123,-2.534932075813833,1.879735933678352,-0.7213968251675743
9819.349307991,-2.534932075813833,1.879735933678352,-0.7213968251675743
9819.362707488,-2.534932075813833,1.879735933678352,-0.7213968251675743
9819.368943687,-2.534932075813833,1.879735933678352,-0.7213968251675743
9819.380375438,-2.534932075813833,1.879735933678352,-0.7213968251675743
9819.391525838,-2.534932075813833,1.879735933678352,-0.7213968251675743
9819.403374878,-2.534932075813833,1.879735933678352,-0.7213968251675743
9819.408295301,-2.534932075813833,1.879735933678352,-0.7213968251675743
9819.410706395,-2.534932075813833,1.879735933678352,-0.7213968251675743
9819.411275249,-2.529974726643366,1.8753313732157755,-0.7314433072537558
9819.424279961,-2.529974726643366,1.8753313732157755,-0.7314433072537558
9819.432709362,-2.529974726643366,1.8753313732157755,-0.7314433072537558
9819.435725499,-2.529974726643366,1.8753313732157755,-0.7314433072537558
9819.441734719,-2.529974726643366,1.8753313732157755,-0.7314433072537558
9819.446418134,-2.5224199897324175,1.868515622549432,-0.7365957711667199
9819.45227189,-2.5224199897324175,1.868515622549432,-0.7365957711667199
9819.463012306,-2.5224199897324175,1.868515622549432,-0.7365957711667199
9819.474578141,-2.5224199897324175,1.868515622549432,-0.7365957711667199
9819.480659927,-2.5224199897324175,1.868515622549432,-0.7365957711667199
9819.499556257,-2.5224199897324175,1.868515622549432,-0.7365957711667199
9819.506285467,-2.5175654409958828,1.8640726503877212,-0.745723626467623
9819.519761339,-2.5175654409958828,1.8640726503877212,-0.745723626467623
9819.520679293,-2.5175654409958828,1.8640726503877212,-0.745723626467623
9819.525410759,-2.5175654409958828,1.8640726503877212,-0.745723626467623
9819.52594618,-2.5175654409958828,1.8640726503877212,-0.745723626467623
9819.538000087,-2.5175654409958828,1.8640726503877212,-0.745723626467623
9819.539056362,-2.509964429473336,1.8570448490191707,-0.7467454884976524
9819.543622506,-2.509964429473336,1.8570448490191707,-0.7467454884976524
9819.559941688,-2.509964429473336,1.8570448490191707,-0.7467454884976524
9819.564852811,-2.509964429473336,1.8570448490191707,-0.7467454884976524
9819.567492817,-2.509964429473336,1.8570448490191707,-0.7467454884976524
9819.569981337,-2.509964429473336,1.8570448490191707,-0.7467454884976524
9819.584036947,-2.509964429473336,1.8570448490191707,-0.7467454884976524
9819.587162671,-2.5150998011183376,1.8618179949533702,-0.7509693756180347
9819.588129297,-2.5150998011183376,1.8618179949533702,-0.7509693756180347
9819.600316081,-2.5150998011183376,1.8618179949533702,-0.7509693756180347
9819.60632332,-2.5150998011183376,1.8618179949533702,-0.7509693756180347
9819.608779138,-2.5150998011183376,1.8618179949533702,-0.7509693756180347
9819.611603433,-2.5150998011183376,1.8618179949533702,-0.7509693756180347
9819.623694306,-2.5150998011183376,1.8618179949533702,-0.7509693756180347
9819.628121651,-2.5150998011183376,1.8618179949533702,-0.7509693756180347
9819.633921124,-2.5101431424243987,1.857187206214651,-0.7518746509628834
9819.638051405,-2.5101431424243987,1.857187206214651,-0.7518746509628834
9819.648180296,-2.5101431424243987,1.857187206214651,-0.7518746509628834
9819.659935398,-2.5101431424243987,1.857187206214651,-0.7518746509628834
9819.67013381,-2.5101431424243987,1.857187206214651,-0.7518746509628834
9819.675967218,-2.5101431424243987,1.857187206214651,-0.7518746509628834
9819.680978152,-2.5026944483901357,1.8502186215697682,-0.7523443355637134
9819.682131991,-2.5026944483901357,1.8502186215697682,-0.7523443355637134
9819.685474892,-2.5026944483901357,1.8502186215697682,-0.7523443355637134
9819.691358377,-2.5026944483901357,1.8502186215697682,-0.7523443355637134
9819.699687839,-2.5026944483901357,1.8502186215697682,-0.7523443355637134
9819.707906462,-2.5026944483901357,1.8502186215697682,-0.7523443355637134
9819.721472605,-2.5026944483901357,1.8502186215697682,-0.7523443355637134
9819.733004946,-2.5026944483901357,1.8502186215697682,-0.7523443355637134
9819.73429889,-2.4976762389562555,1.8455054478564468,-0.7557813778000418
9819.738794431,-2.4976762389562555,1.8455054478564468,-0.7557813778000418
9819.74867342,-2.4976762389562555,1.8455054478564468,-0.7557813778000418
9819.766896969,-2.4976762389562555,1.8455054478564468,-0.7557813778000418
9819.770975031,-2.4976762389562555,1.8455054478564468,-0.7557813778000418
9819.779506074,-2.4976762389562555,1.8455054478564468,-0.7557813778000418
9819.787591946,-2.4976762389562555,1.8455054478564468,-0.7557813778000418
9819.790093291,-2.4926600194241386,1.8407532780583533,-0.7609660282211842
9819.791754668,-2.4926600194241386,1.8407532780583533,-0.7609660282211842
9819.793420364,-2.4926600194241386,1.8407532780583533,-0.7609660282211842
9819.800255043,-2.4926600194241386,1.8407532780583533,-0.7609660282211842
9819.821898431,-2.4926600194241386,1.8407532780583533,-0.7609660282211842
9819.826953028,-2.4926600194241386,1.8407532780583533,-0.7609660282211842
9819.835242404,-2.4926600194241386,1.8407532780583533,-0.7609660282211842
9819.836400351,-2.4851796278544973,1.8335972239636344,-0.7655183925705493
9819.846068502,-2.4851796278544973,1.8335972239636344,-0.7655183925705493
9819.852404138,-2.4851796278544973,1.8335972239636344,-0.7655183925705493
9819.862871508,-2.4851796278544973,1.8335972239636344,-0.7655183925705493
9819.868965027,-2.4851796278544973,1.8335972239636344,-0.7655183925705493
9819.882460145,-2.4851796278544973,1.8335972239636344,-0.7655183925705493
9819.88708456,-2.4851796278544973,1.8335972239636344,-0.7655183925705493
9819.891758598,-2.480404902740629,1.8289589274070746,-0.7762927665787278
9819.89337975,-2.480404902740629,1.8289589274070746,-0.7762927665787278
9819.901801957,-2.480404902740629,1.8289589274070746,-0.7762927665787278
9819.903142408,-2.480404902740629,1.8289589274070746,-0.7762927665787278
9819.920909716,-2.480404902740629,1.8289589274070746,-0.7762927665787278
9819.926129625,-2.480404902740629,1.8289589274070746,-0.7762927665787278
9819.930740494,-2.480404902740629,1.8289589274070746,-0.7762927665787278
9819.932065125,-2.4734495796481033,1.822097811321855,-0.7808668270187915
9819.941725291,-2.4734495796481033,1.822097811321855,-0.7808668270187915
9819.949727745,-2.4734495796481033,1.822097811321855,-0.7808668270187915
9819.960042988,-2.4734495796481033,1.822097811321855,-0.7808668270187915
9819.972543387,-2.4734495796481033,1.822097811321855,-0.7808668270187915
9819.985515909,-2.4734495796481033,1.822097811321855,-0.7808668270187915
9819.990640317,-2.4734495796481033,1.822097811321855,-0.7808668270187915
9819.991456709,-2.468542472093518,1.8171971688431816,-0.7886111393051686
9819.992601812,-2.468542472093518,1.8171971688431816,-0.7886111393051686
9819.994725443,-2.468542472093518,1.8171971688431816,-0.7886111393051686
9820.00373028,-2.468542472093518,1.8171971688431816,-0.7886111393051686
9820.011554097,-2.468542472093518,1.8171971688431816,-0.7886111393051686
9820.024764618,-2.468542472093518,1.8171971688431816,-0.7886111393051686
9820.029983115,-2.4638900894723483,1.8125072061907541,-0.7902302398758473
9820.034218113,-2.4638900894723483,1.8125072061907541,-0.7902302398758473
9820.038730145,-2.4638900894723483,1.8125072061907541,-0.7902302398758473
9820.051241556,-2.4638900894723483,1.8125072061907541,-0.7902302398758473
9820.063324737,-2.4638900894723483,1.8125072061907541,-0.7902302398758473
9820.071037555,-2.4638900894723483,1.8125072061907541,-0.7902302398758473
9820.0847215,-2.4638900894723483,1.8125072061907541,-0.7902302398758473
9820.100888204,-2.4638900894723483,1.8125072061907541,-0.7902302398758473
9820.103118757,-2.4638900894723483,1.8125072061907541,-0.7902302398758473
9820.107420542,-2.4638900894723483,1.8125072061907541,-0.7902302398758473
9820.108934121,-2.4590945212274518,1.807603014612686,-0.8029622688370287
9820.112339232,-2.4590945212274518,1.807603014612686,-0.8029622688370287
9820.112944435,-2.4590945212274518,1.807603014612686,-0.8029622688370287
9820.122836288,-2.4590945212274518,1.807603014612686,-0.8029622688370287
9820.128215067,-2.4590945212274518,1.807603014612686,-0.8029622688370287
9820.132784267,-2.4524388470870395,1.800659737603006,-0.8101255550461354
9820.140236913,-2.4524388470870395,1.800659737603006,-0.8101255550461354
9820.151359931,-2.4524388470870395,1.800659737603006,-0.8101255550461354
9820.157174714,-2.4524388470870395,1.800659737603006,-0.8101255550461354
9820.173324055,-2.4524388470870395,1.800659737603006,-0.8101255550461354
9820.179160609,-2.4524388470870395,1.800659737603006,-0.8101255550461354
9820.192875192,-2.4524388470870395,1.800659737603006,-0.8101255550461354
9820.201813604,-2.4524388470870395,1.800659737603006,-0.8101255550461354
9820.20863082,-2.4524388470870395,1.800659737603006,-0.8101255550461354
9820.209381888,-2.4479175345147484,1.7958432921960092,-0.8238625183182301
9820.212893531,-2.4479175345147484,1.7958432921960092,-0.8238625183182301
9820.213802858,-2.4479175345147484,1.7958432921960092,-0.8238625183182301
9820.226337443,-2.4479175345147484,1.7958432921960092,-0.8238625183182301
9820.23183194,-2.4479175345147484,1.7958432921960092,-0.8238625183182301
9820.233893554,-2.441080872483515,1.7884103167963743,-0.8304631366806569
9820.242623983,-2.441080872483515,1.7884103167963743,-0.8304631366806569
9820.249765832,-2.441080872483515,1.7884103167963743,-0.8304631366806569
9820.257647018,-2.441080872483515,1.7884103167963743,-0.8304631366806569
9820.269228252,-2.441080872483515,1.7884103167963743,-0.8304631366806569
9820.276096043,-2.441080872483515,1.7884103167963743,-0.8304631366806569
9820.281048326,-2.441080872483515,1.7884103167963743,-0.8304631366806569
9820.2824005,-2.436538945743214,1.7834062350889113,-0.8370844974594657
9820.287068647,-2.436538945743214,1.7834062350889113,-0.8370844974594657
9820.291617509,-2.436538945743214,1.7834062350889113,-0.8370844974594657
9820.302897844,-2.436538945743214,1.7834062350889113,-0.8370844974594657
9820.308003096,-2.436538945743214,1.7834062350889113,-0.8370844974594657
9820.320317445,-2.436538945743214,1.7834062350889113,-0.8370844974594657
9820.326885861,-2.436538945743214,1.7834062350889113,-0.8370844974594657
9820.328551567,-2.432030688448578,1.7783717988330252,-0.8438791885452808
9820.337953284,-2.432030688448578,1.7783717988330252,-0.8438791885452808
9820.351838349,-2.432030688448578,1.7783717988330252,-0.8438791885452808
9820.357146003,-2.432030688448578,1.7783717988330252,-0.8438791885452808
9820.368096997,-2.432030688448578,1.7783717988330252,-0.8438791885452808
9820.379198564,-2.432030688448578,1.7783717988330252,-0.8438791885452808
9820.392269201,-2.4274719968601506,1.7732128490003713,-0.8503002777176446
9820.394162477,-2.4274719968601506,1.7732128490003713,-0.8503002777176446
9820.397962594,-2.4274719968601506,1.7732128490003713,-0.8503002777176446
9820.401128404,-2.4274719968601506,1.7732128490003713,-0.8503002777176446
9820.407743257,-2.4274719968601506,1.7732128490003713,-0.8503002777176446
9820.414428213,-2.4274719968601506,1.7732128490003713,-0.8503002777176446
9820.430895666,-2.4274719968601506,1.7732128490003713,-0.8503002777176446
9820.437789176,-2.4274719968601506,1.7732128490003713,-0.8503002777176446
9820.438861701,-2.420749932419361,1.7655073280242097,-0.8566155090408863
9820.445131112,-2.420749932419361,1.7655073280242097,-0.8566155090408863
9820.453915303,-2.420749932419361,1.7655073280242097,-0.8566155090408863
9820.462752374,-2.420749932419361,1.7655073280242097,-0.8566155090408863
9820.471212633,-2.420749932419361,1.7655073280242097,-0.8566155090408863
9820.484234378,-2.420749932419361,1.7655073280242097,-0.8566155090408863
9820.495482673,-2.420749932419361,1.7655073280242097,-0.8566155090408863
9820.502003656,-2.420749932419361,1.7655073280242097,-0.8566155090408863
9820.502825758,-2.416578081324785,1.7606825710798515,-0.8590716972427909
9820.50385914,-2.416578081324785,1.7606825710798515,-0.8590716972427909
9820.509632027,-2.416578081324785,1.7606825710798515,-0.8590716972427909
9820.511900902,-2.416578081324785,1.7606825710798515,-0.8590716972427909
9820.521754052,-2.416578081324785,1.7606825710798515,-0.8590716972427909
9820.53328506,-2.416578081324785,1.7606825710798515,-0.8590716972427909
9820.540540213,-2.416578081324785,1.7606825710798515,-0.8590716972427909
9820.541429313,-2.4097980375624015,1.7527928936842745,-0.8627192630844658
9820.554316122,-2.4097980375624015,1.7527928936842745,-0.8627192630844658
9820.562174174,-2.4097980375624015,1.7527928936842745,-0.8627192630844658
9820.571304329,-2.4097980375624015,1.7527928936842745,-0.8627192630844658
9820.580555762,-2.4097980375624015,1.7527928936842745,-0.8627192630844658
9820.581900582,-2.4097980375624015,1.7527928936842745,-0.8627192630844658
9820.584675533,-2.4052963540123686,1.7475173987812893,-0.8660370960312429
9820.596977799,-2.4052963540123686,1.7475173987812893,-0.8660370960312429
9820.597839877,-2.4052963540123686,1.7475173987812893,-0.8660370960312429
9820.60595273,-2.4052963540123686,1.7475173987812893,-0.8660370960312429
9820.61056972,-2.4052963540123686,1.7475173987812893,-0.8660370960312429
9820.623234931,-2.4052963540123686,1.7475173987812893,-0.8660370960312429
9820.627753926,-2.4052963540123686,1.7475173987812893,-0.8660370960312429
9820.639164558,-2.400898320651085,1.7422867878138968,-0.877267803199822
9820.643425225,-2.400898320651085,1.7422867878138968,-0.877267803199822
9820.654596234,-2.400898320651085,1.7422867878138968,-0.877267803199822
9820.657682833,-2.400898320651085,1.7422867878138968,-0.877267803199822
9820.670217655,-2.400898320651085,1.7422867878138968,-0.877267803199822
9820.682214828,-2.400898320651085,1.7422867878138968,-0.877267803199822
9820.684097203,-2.400898320651085,1.7422867878138968,-0.877267803199822
9820.689758385,-2.400898320651085,1.7422867878138968,-0.877267803199822
9820.690513762,-2.394520312648142,1.734554894102007,-0.8848485603409354
9820.701761937,-2.394520312648142,1.734554894102007,-0.8848485603409354
9820.705576191,-2.394520312648142,1.734554894102007,-0.8848485603409354
9820.719981508,-2.394520312648142,1.734554894102007,-0.8848485603409354
9820.723443417,-2.394520312648142,1.734554894102007,-0.8848485603409354
9820.728841722,-2.394520312648142,1.734554894102007,-0.8848485603409354
9820.729329985,-2.390390947438619,1.7294634796989765,-0.8938653125839773
9820.740078346,-2.390390947438619,1.7294634796989765,-0.8938653125839773
9820.753498814,-2.390390947438619,1.7294634796989765,-0.8938653125839773
9820.759214689,-2.390390947438619,1.7294634796989765,-0.8938653125839773
9820.768512931,-2.390390947438619,1.7294634796989765,-0.8938653125839773
9820.781678848,-2.390390947438619,1.7294634796989765,-0.8938653125839773
9820.790380042,-2.390390947438619,1.7294634796989765,-0.8938653125839773
9820.791746773,-2.386477651499435,1.724523250163717,-0.9078819408493581
9820.796535047,-2.386477651499435,1.724523250163717,-0.9078819408493581
9820.807282646,-2.386477651499435,1.724523250163717,-0.9078819408493581
9820.808061698,-2.386477651499435,1.724523250163717,-0.9078819408493581
9820.813433323,-2.386477651499435,1.724523250163717,-0.9078819408493581
9820.8176622,-2.386477651499435,1.724523250163717,-0.9078819408493581
9820.82909333,-2.386477651499435,1.724523250163717,-0.9078819408493581
9820.830717658,-2.3804265454076132,1.7167242716112372,-0.9139859333115165
9820.83861301,-2.3804265454076132,1.7167242716112372,-0.9139859333115165
9820.848826601,-2.3804265454076132,1.7167242716112372,-0.9139859333115165
9820.857409221,-2.3804265454076132,1.7167242716112372,-0.9139859333115165
9820.870917575,-2.3804265454076132,1.7167242716112372,-0.9139859333115165
9820.879357906,-2.3804265454076132,1.7167242716112372,-0.9139859333115165
9820.880479735,-2.3804265454076132,1.7167242716112372,-0.9139859333115165
9820.881404572,-2.3764421272089775,1.7115186429964209,-0.9210304870682302
9820.889874779,-2.3764421272089775,1.7115186429964209,-0.9210304870682302
9820.890751365,-2.3764421272089775,1.7115186429964209,-0.9210304870682302
9820.899807847,-2.3764421272089775,1.7115186429964209,-0.9210304870682302
9820.909058062,-2.3764421272089775,1.7115186429964209,-0.9210304870682302
9820.919375378,-2.3764421272089775,1.7115186429964209,-0.9210304870682302
9820.940719227,-2.3764421272089775,1.7115186429964209,-0.9210304870682302
9820.943558002,-2.3764421272089775,1.7115186429964209,-0.9210304870682302
9820.944230552,-2.372448835291636,1.7062243929712217,-0.9281060352402275
9820.950066762,-2.372448835291636,1.7062243929712217,-0.9281060352402275
9820.958612245,-2.372448835291636,1.7062243929712217,-0.9281060352402275
9820.969695899,-2.372448835291636,1.7062243929712217,-0.9281060352402275
9820.990569794,-2.372448835291636,1.7062243929712217,-0.9281060352402275
9821.000835954,-2.372448835291636,1.7062243929712217,-0.9281060352402275
9821.003125949,-2.372448835291636,1.7062243929712217,-0.9281060352402275
9821.005933722,-2.372448835291636,1.7062243929712217,-0.9281060352402275
9821.006422435,-2.3663644260728356,1.6980375633512084,-0.9352235450821462
9821.008903411,-2.3663644260728356,1.6980375633512084,-0.9352235450821462
9821.009196124,-2.3663644260728356,1.6980375633512084,-0.9352235450821462
9821.020231397,-2.3663644260728356,1.6980375633512084,-0.9352235450821462
9821.028316888,-2.3663644260728356,1.6980375633512084,-0.9352235450821462
9821.032170877,-2.3625827286729235,1.6928698845222512,-0.9428696289139334
9821.03819211,-2.3625827286729235,1.6928698845222512,-0.9428696289139334
9821.054728663,-2.3625827286729235,1.6928698845222512,-0.9428696289139334
9821.06316151,-2.3625827286729235,1.6928698845222512,-0.9428696289139334
9821.070675639,-2.3625827286729235,1.6928698845222512,-0.9428696289139334
9821.076943651,-2.3625827286729235,1.6928698845222512,-0.9428696289139334
9821.094157062,-2.3625827286729235,1.6928698845222512,-0.9428696289139334
9821.098102003,-2.3587250424594988,1.6874760249815164,-0.9570142879562917
9821.100187452,-2.3587250424594988,1.6874760249815164,-0.9570142879562917
9821.10323098,-2.3587250424594988,1.6874760249815164,-0.9570142879562917
9821.103985184,-2.3587250424594988,1.6874760249815164,-0.9570142879562917
9821.110349936,-2.3587250424594988,1.6874760249815164,-0.9570142879562917
9821.119916484,-2.3587250424594988,1.6874760249815164,-0.9570142879562917
9821.129006082,-2.3587250424594988,1.6874760249815164,-0.9570142879562917
9821.131897614,-2.3531153361236763,1.6794462157854881,-0.9649932041245046
9821.150870237,-2.3531153361236763,1.6794462157854881,-0.9649932041245046
9821.153656019,-2.3531153361236763,1.6794462157854881,-0.9649932041245046
9821.15951246,-2.3531153361236763,1.6794462157854881,-0.9649932041245046
9821.169390126,-2.3531153361236763,1.6794462157854881,-0.9649932041245046
9821.179493249,-2.3531153361236763,1.6794462157854881,-0.9649932041245046
9821.183994751,-2.3531153361236763,1.6794462157854881,-0.9649932041245046
9821.18553517,-2.3494940005316334,1.674164921603798,-0.9744836940842213
9821.202993013,-2.3494940005316334,1.674164921603798,-0.9744836940842213
9821.207848063,-2.3494940005316334,1.674164921603798,-0.9744836940842213
9821.208899328,-2.3494940005316334,1.674164921603798,-0.9744836940842213
9821.211643581,-2.3494940005316334,1.674164921603798,-0.9744836940842213
9821.220279913,-2.3494940005316334,1.674164921603798,-0.9744836940842213
9821.232885692,-2.3494940005316334,1.674164921603798,-0.9744836940842213
9821.234443204,-2.3458954968202637,1.668776493814355,-0.9895066871719899
9821.239040687,-2.3458954968202637,1.668776493814355,-0.9895066871719899
9821.2566201,-2.3458954968202637,1.668776493814355,-0.9895066871719899
9821.25993993,-2.3458954968202637,1.668776493814355,-0.9895066871719899
9821.272468423,-2.3458954968202637,1.668776493814355,-0.9895066871719899
9821.289302258,-2.3458954968202637,1.668776493814355,-0.9895066871719899
9821.290331582,-2.3458954968202637,1.668776493814355,-0.9895066871719899
9821.294748855,-2.3458954968202637,1.668776493814355,-0.9895066871719899
9821.295691946,-2.3458954968202637,1.668776493814355,-0.9895066871719899
9821.298202758,-2.3458954968202637,1.668776493814355,-0.9895066871719899
9821.298978183,-2.34064071568034,1.6606905869919626,-0.9995195522385182
9821.308217944,-2.34064071568034,1.6606905869919626,-0.9995195522385182
9821.316478556,-2.34064071568034,1.6606905869919626,-0.9995195522385182
9821.33207313,-2.34064071568034,1.6606905869919626,-0.9995195522385182
9821.334372312,-2.3371542123423614,1.655199018809731,-1.0107237949448167
9821.342123472,-2.3371542123423614,1.655199018809731,-1.0107237949448167
9821.355101775,-2.3371542123423614,1.655199018809731,-1.0107237949448167
9821.358585354,-2.3371542123423614,1.655199018809731,-1.0107237949448167
9821.372017053,-2.3371542123423614,1.655199018809731,-1.0107237949448167
9821.38218109,-2.3371542123423614,1.655199018809731,-1.0107237949448167
9821.387552235,-2.3371542123423614,1.655199018809731,-1.0107237949448167
9821.394845359,-2.3336541704665787,1.6495367311335902,-1.0235781326370783
9821.398553383,-2.3336541704665787,1.6495367311335902,-1.0235781326370783
9821.401537248,-2.3336541704665787,1.6495367311335902,-1.0235781326370783
9821.402865136,-2.3336541704665787,1.6495367311335902,-1.0235781326370783
9821.407694368,-2.3336541704665787,1.6495367311335902,-1.0235781326370783
9821.419571039,-2.3336541704665787,1.6495367311335902,-1.0235781326370783
9821.427548917,-2.3336541704665787,1.6495367311335902,-1.0235781326370783
9821.432074194,-2.3286614362510543,1.6412568748331382,-1.0327729835587085
9821.439713502,-2.3286614362510543,1.6412568748331382,-1.0327729835587085
9821.444625259,-2.3286614362510543,1.6412568748331382,-1.0327729835587085
9821.456695387,-2.3286614362510543,1.6412568748331382,-1.0327729835587085
9821.467178376,-2.3286614362510543,1.6412568748331382,-1.0327729835587085
9821.475816602,-2.3286614362510543,1.6412568748331382,-1.0327729835587085
9821.488298657,-2.3286614362510543,1.6412568748331382,-1.0327729835587085
9821.492099115,-2.3286614362510543,1.6412568748331382,-1.0327729835587085
9821.492823954,-2.325315481781158,1.6355608233568688,-1.0465886249619067
9821.50207691,-2.325315481781158,1.6355608233568688,-1.0465886249619067
9821.510864788,-2.325315481781158,1.6355608233568688,-1.0465886249619067
9821.51313728,-2.325315481781158,1.6355608233568688,-1.0465886249619067
9821.517134587,-2.325315481781158,1.6355608233568688,-1.0465886249619067
9821.530377842,-2.325315481781158,1.6355608233568688,-1.0465886249619067
9821.538344359,-2.325315481781158,1.6355608233568688,-1.0465886249619067
9821.540178152,-2.3205015508308557,1.6271465755173702,-1.0556747570114677
9821.543508863,-2.3205015508308557,1.6271465755173702,-1.0556747570114677
9821.548415711,-2.3205015508308557,1.6271465755173702,-1.0556747570114677
9821.559960485,-2.3205015508308557,1.6271465755173702,-1.0556747570114677
9821.567055636,-2.3205015508308557,1.6271465755173702,-1.0556747570114677
9821.578405383,-2.3205015508308557,1.6271465755173702,-1.0556747570114677
9821.5799975,-2.3190248293554614,1.6234632542945098,-1.0641764608447872
9821.588635024,-2.3190248293554614,1.6234632542945098,-1.0641764608447872
9821.589512181,-2.3190248293554614,1.6234632542945098,-1.0641764608447872
9821.602929542,-2.3190248293554614,1.6234632542945098,-1.0641764608447872
9821.606522569,-2.3190248293554614,1.6234632542945098,-1.0641764608447872
9821.616985881,-2.3190248293554614,1.6234632542945098,-1.0641764608447872
9821.629555261,-2.3190248293554614,1.6234632542945098,-1.0641764608447872
9821.631655438,-2.3226896594160777,1.6257002483256027,-1.0749465393220683
9821.633453574,-2.3226896594160777,1.6257002483256027,-1.0749465393220683
9821.636863324,-2.3226896594160777,1.6257002483256027,-1.0749465393220683
9821.647962286,-2.3226896594160777,1.6257002483256027,-1.0749465393220683
9821.657137346,-2.3226896594160777,1.6257002483256027,-1.0749465393220683
9821.666575689,-2.3226896594160777,1.6257002483256027,-1.0749465393220683
9821.676376272,-2.3226896594160777,1.6257002483256027,-1.0749465393220683
9821.689953156,-2.3226896594160777,1.6257002483256027,-1.0749465393220683
9821.691517149,-2.32485020936673,1.6259809071237676,-1.086224377822587
9821.693216519,-2.32485020936673,1.6259809071237676,-1.086224377822587
9821.694055935,-2.32485020936673,1.6259809071237676,-1.086224377822587
9821.699995453,-2.32485020936673,1.6259809071237676,-1.086224377822587
9821.706683615,-2.32485020936673,1.6259809071237676,-1.086224377822587
9821.717381099,-2.32485020936673,1.6259809071237676,-1.086224377822587
9821.727540778,-2.32485020936673,1.6259809071237676,-1.086224377822587
9821.729477085,-2.320088651295182,1.6168745033023335,-1.0918007499691935
9821.737407373,-2.320088651295182,1.6168745033023335,-1.0918007499691935
9821.749666908,-2.320088651295182,1.6168745033023335,-1.0918007499691935
9821.758961633,-2.320088651295182,1.6168745033023335,-1.0918007499691935
9821.769960677,-2.320088651295182,1.6168745033023335,-1.0918007499691935
9821.780169439,-2.320088651295182,1.6168745033023335,-1.0918007499691935
9821.791979404,-2.320088651295182,1.6168745033023335,-1.0918007499691935
9821.795436364,-2.317097850887185,1.6110979870905189,-1.0942962772366494
9821.797026036,-2.317097850887185,1.6110979870905189,-1.0942962772366494
9821.801625724,-2.317097850887185,1.6110979870905189,-1.0942962772366494
9821.805676274,-2.317097850887185,1.6110979870905189,-1.0942962772366494
9821.806029371,-2.317097850887185,1.6110979870905189,-1.0942962772366494
9821.819310686,-2.317097850887185,1.6110979870905189,-1.0942962772366494
9821.826421235,-2.317097850887185,1.6110979870905189,-1.0942962772366494
9821.832937353,-2.3123344977333646,1.6018214732656575,-1.0985413200375527
9821.840827495,-2.3123344977333646,1.6018214732656575,-1.0985413200375527
9821.848461423,-2.3123344977333646,1.6018214732656575,-1.0985413200375527
9821.856670648,-2.3123344977333646,1.6018214732656575,-1.0985413200375527
9821.866854593,-2.3123344977333646,1.6018214732656575,-1.0985413200375527
9821.878296043,-2.3123344977333646,1.6018214732656575,-1.0985413200375527
9821.884016808,-2.3123344977333646,1.6018214732656575,-1.0985413200375527
9821.891644204,-2.3123344977333646,1.6018214732656575,-1.0985413200375527
9821.896780802,-2.3123344977333646,1.6018214732656575,-1.0985413200375527
9821.900834913,-2.3123344977333646,1.6018214732656575,-1.0985413200375527
9821.901451447,-2.3091317400548523,1.5955278503985892,-1.101583779525468
9821.908006578,-2.3091317400548523,1.5955278503985892,-1.101583779525468
9821.919649969,-2.3091317400548523,1.5955278503985892,-1.101583779525468
9821.928697788,-2.3091317400548523,1.5955278503985892,-1.101583779525468
9821.942513923,-2.3091317400548523,1.5955278503985892,-1.101583779525468
9821.944597525,-2.305962268916581,1.5892457355585354,-1.1054900295254688
9821.951549599,-2.305962268916581,1.5892457355585354,-1.1054900295254688
9821.957844748,-2.305962268916581,1.5892457355585354,-1.1054900295254688
9821.971714425,-2.305962268916581,1.5892457355585354,-1.1054900295254688
9821.986196216,-2.305962268916581,1.5892457355585354,-1.1054900295254688
9821.990394005,-2.305962268916581,1.5892457355585354,-1.1054900295254688
9821.992053018,-2.305962268916581,1.5892457355585354,-1.1054900295254688
9821.994053998,-2.301367365013959,1.5800258268372032,-1.1114209300991984
9821.994834802,-2.301367365013959,1.5800258268372032,-1.1114209300991984
9821.998798889,-2.301367365013959,1.5800258268372032,-1.1114209300991984
9822.009059749,-2.301367365013959,1.5800258268372032,-1.1114209300991984
9822.019931874,-2.301367365013959,1.5800258268372032,-1.1114209300991984
9822.029352577,-2.301367365013959,1.5800258268372032,-1.1114209300991984
9822.031030085,-2.2983233426691854,1.5738226418368328,-1.117780745696733
9822.03876814,-2.2983233426691854,1.5738226418368328,-1.117780745696733
9822.048251482,-2.2983233426691854,1.5738226418368328,-1.117780745696733
9822.057928108,-2.2983233426691854,1.5738226418368328,-1.117780745696733
9822.069829447,-2.2983233426691854,1.5738226418368328,-1.117780745696733
9822.076822234,-2.2983233426691854,1.5738226418368328,-1.117780745696733
9822.089179974,-2.2983233426691854,1.5738226418368328,-1.117780745696733
9822.092057309,-2.295313828414555,1.5675745361073157,-1.126061976623247
9822.092831741,-2.295313828414555,1.5675745361073157,-1.126061976623247
9822.099132862,-2.295313828414555,1.5675745361073157,-1.126061976623247
9822.103523054,-2.295313828414555,1.5675745361073157,-1.126061976623247
9822.10810029,-2.295313828414555,1.5675745361073157,-1.126061976623247
9822.119622812,-2.295313828414555,1.5675745361073157,-1.126061976623247
9822.131268518,-2.295313828414555,1.5675745361073157,-1.126061976623247
9822.136762665,-2.290867820022239,1.5581978067053055,-1.1300159103390668
9822.141123752,-2.290867820022239,1.5581978067053055,-1.1300159103390668
9822.149214273,-2.290867820022239,1.5581978067053055,-1.1300159103390668
9822.157886251,-2.290867820022239,1.5581978067053055,-1.1300159103390668
9822.1685645,-2.290867820022239,1.5581978067053055,-1.1300159103390668
9822.177755729,-2.290867820022239,1.5581978067053055,-1.1300159103390668
9822.18395065,-2.288033905955955,1.5521464978899002,-1.1356182701107953
9822.185293887,-2.288033905955955,1.5521464978899002,-1.1356182701107953
9822.190583858,-2.288033905955955,1.5521464978899002,-1.1356182701107953
9822.195001121,-2.288033905955955,1.5521464978899002,-1.1356182701107953
9822.198973955,-2.288033905955955,1.5521464978899002,-1.1356182701107953
9822.208185222,-2.288033905955955,1.5521464978899002,-1.1356182701107953
9822.218296851,-2.288033905955955,1.5521464978899002,-1.1356182701107953
9822.227594571,-2.288033905955955,1.5521464978899002,-1.1356182701107953
9822.2286901,-2.2851480351544224,1.5458960433391422,-1.140883029174516
9822.237066911,-2.2851480351544224,1.5458960433391422,-1.140883029174516
9822.247675549,-2.2851480351544224,1.5458960433391422,-1.140883029174516
9822.256867099,-2.2851480351544224,1.5458960433391422,-1.140883029174516
9822.269777974,-2.2851480351544224,1.5458960433391422,-1.140883029174516
9822.281812654,-2.2851480351544224,1.5458960433391422,-1.140883029174516
9822.284197709,-2.2823385579052613,1.5397219436203737,-1.1466310626980758
9822.285883372,-2.2823385579052613,1.5397219436203737,-1.1466310626980758
9822.29864209,-2.2823385579052613,1.5397219436203737,-1.1466310626980758
9822.305672008,-2.2823385579052613,1.5397219436203737,-1.1466310626980758
9822.306060201,-2.2823385579052613,1.5397219436203737,-1.1466310626980758
9822.307519737,-2.2823385579052613,1.5397219436203737,-1.1466310626980758
9822.317666903,-2.2823385579052613,1.5397219436203737,-1.1466310626980758
9822.3253004,-2.2823385579052613,1.5397219436203737,-1.1466310626980758
9822.327357926,-2.2781492061121185,1.5303662605471609,-1.1529377109524703
9822.341722517,-2.2781492061121185,1.5303662605471609,-1.1529377109524703
9822.345657249,-2.2781492061121185,1.5303662605471609,-1.1529377109524703
9822.356483957,-2.2781492061121185,1.5303662605471609,-1.1529377109524703
9822.365296331,-2.2781492061121185,1.5303662605471609,-1.1529377109524703
9822.375747381,-2.2781492061121185,1.5303662605471609,-1.1529377109524703
9822.389812455,-2.2781492061121185,1.5303662605471609,-1.1529377109524703
9822.395598363,-2.2781492061121185,1.5303662605471609,-1.1529377109524703
9822.396839517,-2.2753180294312028,1.5239522600293176,-1.157286942672441
9822.39984852,-2.2753180294312028,1.5239522600293176,-1.157286942672441
9822.400208751,-2.2753180294312028,1.5239522600293176,-1.157286942672441
9822.407811501,-2.2753180294312028,1.5239522600293176,-1.157286942672441
9822.418783394,-2.2753180294312028,1.5239522600293176,-1.157286942672441
9822.427452317,-2.2753180294312028,1.5239522600293176,-1.157286942672441
9822.429814007,-2.2710827321941807,1.5142847415176228,-1.158485234451005
9822.438298713,-2.2710827321941807,1.5142847415176228,-1.158485234451005
9822.448682514,-2.2710827321941807,1.5142847415176228,-1.158485234451005
9822.457704144,-2.2710827321941807,1.5142847415176228,-1.158485234451005
9822.467497441,-2.2710827321941807,1.5142847415176228,-1.158485234451005
9822.480768286,-2.2710827321941807,1.5142847415176228,-1.158485234451005
9822.481897017,-2.2710827321941807,1.5142847415176228,-1.158485234451005
9822.482802407,-2.268412775158736,1.5081593242466635,-1.1610048419949506
9822.483177045,-2.268412775158736,1.5081593242466635,-1.1610048419949506
9822.487210062,-2.268412775158736,1.5081593242466635,-1.1610048419949506
9822.49672854,-2.268412775158736,1.5081593242466635,-1.1610048419949506
9822.505716486,-2.268412775158736,1.5081593242466635,-1.1610048419949506
9822.518620508,-2.268412775158736,1.5081593242466635,-1.1610048419949506
9822.527657296,-2.268412775158736,1.5081593242466635,-1.1610048419949506
9822.536197035,-2.268412775158736,1.5081593242466635,-1.1610048419949506
9822.537345314,-2.265613347392712,1.5016762270144015,-1.1653485900876024
9822.546517007,-2.265613347392712,1.5016762270144015,-1.1653485900876024
9822.555475544,-2.265613347392712,1.5016762270144015,-1.1653485900876024
9822.564752278,-2.265613347392712,1.5016762270144015,-1.1653485900876024
9822.575988481,-2.265613347392712,1.5016762270144015,-1.1653485900876024
9822.583246679,-2.2615644822039673,1.4922313492221213,-1.166270793151567
9822.588689399,-2.2615644822039673,1.4922313492221213,-1.166270793151567
9822.591984252,-2.2615644822039673,1.4922313492221213,-1.166270793151567
9822.592578535,-2.2615644822039673,1.4922313492221213,-1.166270793151567
9822.596800178,-2.2615644822039673,1.4922313492221213,-1.166270793151567
9822.609069351,-2.2615644822039673,1.4922313492221213,-1.166270793151567
9822.625295748,-2.2615644822039673,1.4922313492221213,-1.166270793151567
9822.634827898,-2.2615644822039673,1.4922313492221213,-1.166270793151567
9822.640142677,-2.2615644822039673,1.4922313492221213,-1.166270793151567
9822.641115156,-2.2587574294257484,1.4856688815497314,-1.1669376499173143
9822.650311927,-2.2587574294257484,1.4856688815497314,-1.1669376499173143
9822.670912114,-2.2587574294257484,1.4856688815497314,-1.1669376499173143
9822.676880948,-2.2587574294257484,1.4856688815497314,-1.1669376499173143
9822.683195444,-2.2587574294257484,1.4856688815497314,-1.1669376499173143
9822.697874188,-2.2587574294257484,1.4856688815497314,-1.1669376499173143
9822.699269524,-2.2587574294257484,1.4856688815497314,-1.1669376499173143
9822.699858416,-2.255880800653739,1.4789434718489753,-1.166301310729692
9822.700212084,-2.255880800653739,1.4789434718489753,-1.166301310729692
9822.706050641,-2.255880800653739,1.4789434718489753,-1.166301310729692
9822.713107039,-2.255880800653739,1.4789434718489753,-1.166301310729692
9822.719870724,-2.255880800653739,1.4789434718489753,-1.166301310729692
9822.734480778,-2.255880800653739,1.4789434718489753,-1.166301310729692
9822.736927239,-2.255880800653739,1.4789434718489753,-1.166301310729692
9822.738175927,-2.251669421495861,1.4690725885942688,-1.1687622673031786
9822.749845548,-2.251669421495861,1.4690725885942688,-1.1687622673031786
9822.761180276,-2.251669421495861,1.4690725885942688,-1.1687622673031786
9822.76785891,-2.251669421495861,1.4690725885942688,-1.1687622673031786
9822.782089708,-2.251669421495861,1.4690725885942688,-1.1687622673031786
9822.784627231,-2.248918521130433,1.4625687518251271,-1.1725376255032514
9822.786371595,-2.248918521130433,1.4625687518251271,-1.1725376255032514
9822.793041282,-2.248918521130433,1.4625687518251271,-1.1725376255032514
9822.796034716,-2.248918521130433,1.4625687518251271,-1.1725376255032514
9822.804535732,-2.248918521130433,1.4625687518251271,-1.1725376255032514
9822.813225375,-2.248918521130433,1.4625687518251271,-1.1725376255032514
9822.822902282,-2.248918521130433,1.4625687518251271,-1.1725376255032514
9822.834492142,-2.248918521130433,1.4625687518251271,-1.1725376255032514
9822.83677871,-2.2463708710973997,1.4564462569924945,-1.1804164058682407
9822.838982463,-2.2463708710973997,1.4564462569924945,-1.1804164058682407
9822.848322063,-2.2463708710973997,1.4564462569924945,-1.1804164058682407
9822.855279062,-2.2463708710973997,1.4564462569924945,-1.1804164058682407
9822.865932213,-2.2463708710973997,1.4564462569924945,-1.1804164058682407
9822.874799361,-2.2463708710973997,1.4564462569924945,-1.1804164058682407
9822.882113174,-2.242494995172452,1.4469017588643343,-1.1896944648739785
9822.883015679,-2.242494995172452,1.4469017588643343,-1.1896944648739785
9822.89386469,-2.242494995172452,1.4469017588643343,-1.1896944648739785
9822.894250609,-2.242494995172452,1.4469017588643343,-1.1896944648739785
9822.896391062,-2.242494995172452,1.4469017588643343,-1.1896944648739785
9822.907920678,-2.242494995172452,1.4469017588643343,-1.1896944648739785
9822.924613306,-2.242494995172452,1.4469017588643343,-1.1896944648739785
9822.930036359,-2.242494995172452,1.4469017588643343,-1.1896944648739785
9822.930783159,-2.2400443879082594,1.4407397796609362,-1.1948574192044241
9822.938169159,-2.2400443879082594,1.4407397796609362,-1.1948574192044241
9822.951529573,-2.2400443879082594,1.4407397796609362,-1.1948574192044241
9822.958785888,-2.2400443879082594,1.4407397796609362,-1.1948574192044241
9822.969775304,-2.2400443879082594,1.4407397796609362,-1.1948574192044241
9822.976924798,-2.2400443879082594,1.4407397796609362,-1.1948574192044241
9822.994403901,-2.2400443879082594,1.4407397796609362,-1.1948574192044241
9822.997399479,-2.2400443879082594,1.4407397796609362,-1.1948574192044241
9822.998518462,-2.2400443879082594,1.4407397796609362,-1.1948574192044241
9822.999137391,-2.237692928780511,1.4346748256960358,-1.2069969779965373
9823.002283684,-2.237692928780511,1.4346748256960358,-1.2069969779965373
9823.005750902,-2.237692928780511,1.4346748256960358,-1.2069969779965373
9823.019186228,-2.237692928780511,1.4346748256960358,-1.2069969779965373
9823.029586501,-2.237692928780511,1.4346748256960358,-1.2069969779965373
9823.032594122,-2.234196265441492,1.4254166601337133,-1.2123518592831584
9823.038654247,-2.234196265441492,1.4254166601337133,-1.2123518592831584
9823.048241776,-2.234196265441492,1.4254166601337133,-1.2123518592831584
9823.057558603,-2.234196265441492,1.4254166601337133,-1.2123518592831584
9823.069871889,-2.234196265441492,1.4254166601337133,-1.2123518592831584
9823.077009189,-2.234196265441492,1.4254166601337133,-1.2123518592831584
9823.080761066,-2.234196265441492,1.4254166601337133,-1.2123518592831584
9823.081455327,-2.2317903507627426,1.418939226170879,-1.2179661399838428
9823.094190079,-2.2317903507627426,1.418939226170879,-1.2179661399838428
9823.09547718,-2.2317903507627426,1.418939226170879,-1.2179661399838428
9823.098024662,-2.2317903507627426,1.418939226170879,-1.2179661399838428
9823.105901359,-2.2317903507627426,1.418939226170879,-1.2179661399838428
9823.117657272,-2.2317903507627426,1.418939226170879,-1.2179661399838428
9823.13399497,-2.2317903507627426,1.418939226170879,-1.2179661399838428
9823.135324922,-2.2293613673866792,1.4123084354715012,-1.2213502532956095
9823.139340887,-2.2293613673866792,1.4123084354715012,-1.2213502532956095
9823.154296985,-2.2293613673866792,1.4123084354715012,-1.2213502532956095
9823.157378194,-2.2293613673866792,1.4123084354715012,-1.2213502532956095
9823.169295202,-2.2293613673866792,1.4123084354715012,-1.2213502532956095
9823.182031387,-2.2293613673866792,1.4123084354715012,-1.2213502532956095
9823.184767345,-2.2293613673866792,1.4123084354715012,-1.2213502532956095
9823.192480022,-2.2257677921533334,1.4023575661297272,-1.227128089141557
9823.203464258,-2.2257677921533334,1.4023575661297272,-1.227128089141557
9823.204112031,-2.2257677921533334,1.4023575661297272,-1.227128089141557
9823.207101467,-2.2257677921533334,1.4023575661297272,-1.227128089141557
9823.212956426,-2.2257677921533334,1.4023575661297272,-1.227128089141557
9823.221363975,-2.2257677921533334,1.4023575661297272,-1.227128089141557
9823.235568184,-2.2257677921533334,1.4023575661297272,-1.227128089141557
9823.238866714,-2.2234014025061697,1.395704180106209,-1.231035769653031
9823.241539492,-2.2234014025061697,1.395704180106209,-1.231035769653031
9823.24733631,-2.2234014025061697,1.395704180106209,-1.231035769653031
9823.261699147,-2.2234014025061697,1.395704180106209,-1.231035769653031
9823.272236199,-2.2234014025061697,1.395704180106209,-1.231035769653031
9823.278605749,-2.2234014025061697,1.395704180106209,-1.231035769653031
9823.289226328,-2.2234014025061697,1.395704180106209,-1.231035769653031
9823.290165562,-2.2195997590506265,1.3939355393503783,-1.2367325674167462
9823.291213732,-2.2195997590506265,1.3939355393503783,-1.2367325674167462
9823.292868948,-2.2195997590506265,1.3939355393503783,-1.2367325674167462
9823.302218647,-2.2195997590506265,1.3939355393503783,-1.2367325674167462
9823.307464435,-2.2195997590506265,1.3939355393503783,-1.2367325674167462
9823.317108059,-2.2195997590506265,1.3939355393503783,-1.2367325674167462
9823.32731628,-2.2195997590506265,1.3939355393503783,-1.2367325674167462
9823.328373847,-2.2136384617447407,1.392980097591747,-1.2416626864959746
9823.344246987,-2.2136384617447407,1.392980097591747,-1.2416626864959746
9823.349253162,-2.2136384617447407,1.392980097591747,-1.2416626864959746
9823.35952829,-2.2136384617447407,1.392980097591747,-1.2416626864959746
9823.36540549,-2.2136384617447407,1.392980097591747,-1.2416626864959746
9823.37653495,-2.2136384617447407,1.392980097591747,-1.2416626864959746
9823.38275068,-2.2088684716738385,1.3949537874550249,-1.244332045497507
9823.384139152,-2.2088684716738385,1.3949537874550249,-1.244332045497507
9823.390806114,-2.2088684716738385,1.3949537874550249,-1.244332045497507
9823.391194358,-2.2088684716738385,1.3949537874550249,-1.244332045497507
9823.39541021,-2.2088684716738385,1.3949537874550249,-1.244332045497507
9823.407842622,-2.2088684716738385,1.3949537874550249,-1.244332045497507
9823.418382749,-2.2088684716738385,1.3949537874550249,-1.244332045497507
9823.428753563,-2.2088684716738385,1.3949537874550249,-1.244332045497507
9823.437686478,-2.2088684716738385,1.3949537874550249,-1.244332045497507
9823.438837302,-2.2067712440860476,1.3886894399087966,-1.2511424722095426
9823.445491079,-2.2067712440860476,1.3886894399087966,-1.2511424722095426
9823.456629897,-2.2067712440860476,1.3886894399087966,-1.2511424722095426
9823.467534673,-2.2067712440860476,1.3886894399087966,-1.2511424722095426
9823.476350233,-2.2067712440860476,1.3886894399087966,-1.2511424722095426
9823.481613113,-2.2067712440860476,1.3886894399087966,-1.2511424722095426
9823.48204023,-2.203642047266997,1.3791673973902387,-1.2554330529590545
9823.485893598,-2.203642047266997,1.3791673973902387,-1.2554330529590545
9823.489267871,-2.203642047266997,1.3791673973902387,-1.2554330529590545
9823.495371449,-2.203642047266997,1.3791673973902387,-1.2554330529590545
9823.50683488,-2.203642047266997,1.3791673973902387,-1.2554330529590545
9823.517922442,-2.203642047266997,1.3791673973902387,-1.2554330529590545
9823.528156531,-2.203642047266997,1.3791673973902387,-1.2554330529590545
9823.532114086,-2.2015021191706756,1.372597292069403,-1.2564174832721648
9823.535159006,-2.2015021191706756,1.372597292069403,-1.2564174832721648
9823.548221628,-2.2015021191706756,1.372597292069403,-1.2564174832721648
9823.557828122,-2.2015021191706756,1.372597292069403,-1.2564174832721648
9823.570776919,-2.2015021191706756,1.372597292069403,-1.2564174832721648
9823.58120779,-2.2015021191706756,1.372597292069403,-1.2564174832721648
9823.589523296,-2.2015021191706756,1.372597292069403,-1.2564174832721648
9823.59276601,-2.199383763755735,1.3660201995111148,-1.2619964780231414
9823.593637326,-2.199383763755735,1.3660201995111148,-1.2619964780231414
9823.59867442,-2.199383763755735,1.3660201995111148,-1.2619964780231414
9823.600756272,-2.199383763755735,1.3660201995111148,-1.2619964780231414
9823.612222729,-2.199383763755735,1.3660201995111148,-1.2619964780231414
9823.61872511,-2.199383763755735,1.3660201995111148,-1.2619964780231414
9823.625708299,-2.199383763755735,1.3660201995111148,-1.2619964780231414
9823.628217358,-2.1962387005335566,1.356077774286887,-1.2668599786182346
9823.639469831,-2.1962387005335566,1.356077774286887,-1.2668599786182346
9823.644935023,-2.1962387005335566,1.356077774286887,-1.2668599786182346
9823.655778132,-2.1962387005335566,1.356077774286887,-1.2668599786182346
9823.666968308,-2.1962387005335566,1.356077774286887,-1.2668599786182346
9823.675511664,-2.1962387005335566,1.356077774286887,-1.2668599786182346
9823.679155887,-2.194091253945431,1.3491912865414593,-1.2701751889606416
9823.679689885,-2.194091253945431,1.3491912865414593,-1.2701751889606416
9823.684243085,-2.194091253945431,1.3491912865414593,-1.2701751889606416
9823.686092829,-2.194091253945431,1.3491912865414593,-1.2701751889606416
9823.696591197,-2.194091253945431,1.3491912865414593,-1.2701751889606416
9823.707023451,-2.194091253945431,1.3491912865414593,-1.2701751889606416
9823.717452869,-2.194091253945431,1.3491912865414593,-1.2701751889606416
9823.725401201,-2.194091253945431,1.3491912865414593,-1.2701751889606416
9823.738035384,-2.192247581060899,1.3431646271630366,-1.277660101832956
9823.742058162,-2.192247581060899,1.3431646271630366,-1.277660101832956
9823.746585763,-2.192247581060899,1.3431646271630366,-1.277660101832956
9823.757917406,-2.192247581060899,1.3431646271630366,-1.277660101832956
9823.767315275,-2.192247581060899,1.3431646271630366,-1.277660101832956
9823.777230362,-2.192247581060899,1.3431646271630366,-1.277660101832956
9823.77896591,-2.1892273385792738,1.3329986089167656,-1.286359042110056
9823.779563699,-2.1892273385792738,1.3329986089167656,-1.286359042110056
9823.787015864,-2.1892273385792738,1.3329986089167656,-1.286359042110056
9823.795134247,-2.1892273385792738,1.3329986089167656,-1.286359042110056
9823.800089697,-2.1892273385792738,1.3329986089167656,-1.286359042110056
9823.808855103,-2.1892273385792738,1.3329986089167656,-1.286359042110056
9823.81746258,-2.1892273385792738,1.3329986089167656,-1.286359042110056
9823.828246027,-2.1892273385792738,1.3329986089167656,-1.286359042110056
9823.831010458,-2.187315830892471,1.3264111429252672,-1.2903988065143528
9823.834691701,-2.187315830892471,1.3264111429252672,-1.2903988065143528
9823.845978619,-2.187315830892471,1.3264111429252672,-1.2903988065143528
9823.85626128,-2.187315830892471,1.3264111429252672,-1.2903988065143528
9823.866699792,-2.187315830892471,1.3264111429252672,-1.2903988065143528
9823.877119976,-2.187315830892471,1.3264111429252672,-1.2903988065143528
9823.885844414,-2.185523042247388,1.3201055845415028,-1.2971758546253143
9823.886603578,-2.185523042247388,1.3201055845415028,-1.2971758546253143
9823.890929448,-2.185523042247388,1.3201055845415028,-1.2971758546253143
9823.891440914,-2.185523042247388,1.3201055845415028,-1.2971758546253143
9823.899224736,-2.185523042247388,1.3201055845415028,-1.2971758546253143
9823.90534204,-2.185523042247388,1.3201055845415028,-1.2971758546253143
9823.91545469,-2.185523042247388,1.3201055845415028,-1.2971758546253143
9823.926498248,-2.185523042247388,1.3201055845415028,-1.2971758546253143
9823.933224592,-2.182742968105175,1.3101075230960588,-1.3019966782947485
9823.936653819,-2.182742968105175,1.3101075230960588,-1.3019966782947485
9823.945945568,-2.182742968105175,1.3101075230960588,-1.3019966782947485
9823.958746516,-2.182742968105175,1.3101075230960588,-1.3019966782947485
9823.96791902,-2.182742968105175,1.3101075230960588,-1.3019966782947485
9823.980480445,-2.182742968105175,1.3101075230960588,-1.3019966782947485
9823.994252026,-2.182742968105175,1.3101075230960588,-1.3019966782947485
9823.995073978,-2.182742968105175,1.3101075230960588,-1.3019966782947485
9823.997098843,-2.182742968105175,1.3101075230960588,-1.3019966782947485
9823.997774098,-2.182742968105175,1.3101075230960588,-1.3019966782947485
9823.998671533,-2.180880392144818,1.3033221472809802,-1.3037960233112271
9824.006145075,-2.180880392144818,1.3033221472809802,-1.3037960233112271
9824.019721801,-2.180880392144818,1.3033221472809802,-1.3037960233112271
9824.03158807,-2.180880392144818,1.3033221472809802,-1.3037960233112271
9824.032691564,-2.178092843797544,1.2930636456788358,-1.3071484269519742
9824.037107458,-2.178092843797544,1.2930636456788358,-1.3071484269519742
9824.047778442,-2.178092843797544,1.2930636456788358,-1.3071484269519742
9824.05753008,-2.178092843797544,1.2930636456788358,-1.3071484269519742
9824.066928031,-2.178092843797544,1.2930636456788358,-1.3071484269519742
9824.07755412,-2.178092843797544,1.2930636456788358,-1.3071484269519742
9824.079383946,-2.1762943109600963,1.2863395853562243,-1.3117263020893035
9824.079972187,-2.1762943109600963,1.2863395853562243,-1.3117263020893035
9824.088725199,-2.1762943109600963,1.2863395853562243,-1.3117263020893035
9824.089789907,-2.1762943109600963,1.2863395853562243,-1.3117263020893035
9824.098812832,-2.1762943109600963,1.2863395853562243,-1.3117263020893035
9824.106784017,-2.1762943109600963,1.2863395853562243,-1.3117263020893035
9824.116900241,-2.1762943109600963,1.2863395853562243,-1.3117263020893035
9824.128194596,-2.1762943109600963,1.2863395853562243,-1.3117263020893035
9824.130217176,-2.1745295973134295,1.2796065701821167,-1.3172008695026334
9824.135615522,-2.1745295973134295,1.2796065701821167,-1.3172008695026334
9824.14788736,-2.1745295973134295,1.2796065701821167,-1.3172008695026334
9824.158367194,-2.1745295973134295,1.2796065701821167,-1.3172008695026334
9824.167080831,-2.1745295973134295,1.2796065701821167,-1.3172008695026334
9824.180906484,-2.1745295973134295,1.2796065701821167,-1.3172008695026334
9824.189007261,-2.172840767023776,1.2729324197023195,-1.328715294780344
9824.196068147,-2.172840767023776,1.2729324197023195,-1.328715294780344
9824.196665686,-2.172840767023776,1.2729324197023195,-1.328715294780344
9824.198036695,-2.172840767023776,1.2729324197023195,-1.328715294780344
9824.198379192,-2.172840767023776,1.2729324197023195,-1.328715294780344
9824.206335202,-2.172840767023776,1.2729324197023195,-1.328715294780344
9824.215348205,-2.172840767023776,1.2729324197023195,-1.328715294780344
9824.230632483,-2.172840767023776,1.2729324197023195,-1.328715294780344
9824.23305581,-2.1704539802492775,1.2631977180966887,-1.3319968881030984
9824.240125803,-2.1704539802492775,1.2631977180966887,-1.3319968881030984
9824.244769364,-2.1704539802492775,1.2631977180966887,-1.3319968881030984
9824.256392436,-2.1704539802492775,1.2631977180966887,-1.3319968881030984
9824.269106179,-2.1704539802492775,1.2631977180966887,-1.3319968881030984
9824.280080106,-2.1704539802492775,1.2631977180966887,-1.3319968881030984
9824.281093189,-2.168864295036186,1.2565512988003733,-1.3400582970996795
9824.281819561,-2.168864295036186,1.2565512988003733,-1.3400582970996795
9824.288928227,-2.168864295036186,1.2565512988003733,-1.3400582970996795
9824.291918455,-2.168864295036186,1.2565512988003733,-1.3400582970996795
9824.299845938,-2.168864295036186,1.2565512988003733,-1.3400582970996795
9824.310255168,-2.168864295036186,1.2565512988003733,-1.3400582970996795
9824.330208724,-2.168864295036186,1.2565512988003733,-1.3400582970996795
9824.332487568,-2.168864295036186,1.2565512988003733,-1.3400582970996795
9824.335392535,-2.167420676002053,1.2502605925820138,-1.3503770532031951
9824.341913131,-2.167420676002053,1.2502605925820138,-1.3503770532031951
9824.352147491,-2.167420676002053,1.2502605925820138,-1.3503770532031951
9824.358239647,-2.167420676002053,1.2502605925820138,-1.3503770532031951
9824.367331138,-2.167420676002053,1.2502605925820138,-1.3503770532031951
9824.381085396,-2.167420676002053,1.2502605925820138,-1.3503770532031951
9824.381996056,-2.165207776691676,1.2402514692010553,-1.3560394944568572
9824.382570631,-2.165207776691676,1.2402514692010553,-1.3560394944568572
9824.390949848,-2.165207776691676,1.2402514692010553,-1.3560394944568572
9824.398391422,-2.165207776691676,1.2402514692010553,-1.3560394944568572
9824.400381982,-2.165207776691676,1.2402514692010553,-1.3560394944568572
9824.408059282,-2.165207776691676,1.2402514692010553,-1.3560394944568572
9824.422840109,-2.165207776691676,1.2402514692010553,-1.3560394944568572
9824.432185049,-2.165207776691676,1.2402514692010553,-1.3560394944568572
9824.43407563,-2.1637054520597223,1.2333514426619485,-1.356790036143869
9824.439699842,-2.1637054520597223,1.2333514426619485,-1.356790036143869
9824.446794342,-2.1637054520597223,1.2333514426619485,-1.356790036143869
9824.456405274,-2.1637054520597223,1.2333514426619485,-1.356790036143869
9824.467942936,-2.1637054520597223,1.2333514426619485,-1.356790036143869
9824.476174843,-2.1637054520597223,1.2333514426619485,-1.356790036143869
9824.487222219,-2.1637054520597223,1.2333514426619485,-1.356790036143869
9824.489239248,-2.162205539228057,1.2264508914493601,-1.356738537730783
9824.489917019,-2.162205539228057,1.2264508914493601,-1.356738537730783
9824.490358282,-2.162205539228057,1.2264508914493601,-1.356738537730783
9824.498133257,-2.162205539228057,1.2264508914493601,-1.356738537730783
9824.505760633,-2.162205539228057,1.2264508914493601,-1.356738537730783
9824.522856222,-2.162205539228057,1.2264508914493601,-1.356738537730783
9824.53063283,-2.162205539228057,1.2264508914493601,-1.356738537730783
9824.531467797,-2.159863501019912,1.2156668190282958,-1.3571445645709936
9824.536103362,-2.159863501019912,1.2156668190282958,-1.3571445645709936
9824.550806298,-2.159863501019912,1.2156668190282958,-1.3571445645709936
9824.556175833,-2.159863501019912,1.2156668190282958,-1.3571445645709936
9824.567507726,-2.159863501019912,1.2156668190282958,-1.3571445645709936
9824.578021854,-2.159863501019912,1.2156668190282958,-1.3571445645709936
9824.590644024,-2.159863501019912,1.2156668190282958,-1.3571445645709936
9824.592421411,-2.159863501019912,1.2156668190282958,-1.3571445645709936
9824.593332462,-2.158364992237179,1.208843684366522,-1.352069109859079
9824.601256839,-2.158364992237179,1.208843684366522,-1.352069109859079
9824.612192964,-2.158364992237179,1.208843684366522,-1.352069109859079
9824.616197748,-2.158364992237179,1.208843684366522,-1.352069109859079
9824.622645626,-2.158364992237179,1.208843684366522,-1.352069109859079
9824.629834313,-2.158364992237179,1.208843684366522,-1.352069109859079
9824.63268587,-2.155949849479555,1.1980498103104458,-1.3492724599262178
9824.641055598,-2.155949849479555,1.1980498103104458,-1.3492724599262178
9824.64801021,-2.155949849479555,1.1980498103104458,-1.3492724599262178
9824.657217783,-2.155949849479555,1.1980498103104458,-1.3492724599262178
9824.667668221,-2.155949849479555,1.1980498103104458,-1.3492724599262178
9824.677423947,-2.155949849479555,1.1980498103104458,-1.3492724599262178
9824.681087086,-2.1542727009797487,1.1906181908354447,-1.348401993693918
9824.681824218,-2.1542727009797487,1.1906181908354447,-1.348401993693918
9824.683647679,-2.1542727009797487,1.1906181908354447,-1.348401993693918
9824.687428794,-2.1542727009797487,1.1906181908354447,-1.348401993693918
9824.696833146,-2.1542727009797487,1.1906181908354447,-1.348401993693918
9824.706406116,-2.1542727009797487,1.1906181908354447,-1.348401993693918
9824.718658758,-2.1542727009797487,1.1906181908354447,-1.348401993693918
9824.729560659,-2.1542727009797487,1.1906181908354447,-1.348401993693918
9824.73080035,-2.1525963275684425,1.183264256264718,-1.34493824857673
9824.737470989,-2.1525963275684425,1.183264256264718,-1.34493824857673
9824.747963346,-2.1525963275684425,1.183264256264718,-1.34493824857673
9824.759709071,-2.1525963275684425,1.183264256264718,-1.34493824857673
9824.766361625,-2.1525963275684425,1.183264256264718,-1.34493824857673
9824.781008409,-2.1525963275684425,1.183264256264718,-1.34493824857673
9824.786660445,-2.1508438170672584,1.1757980400801566,-1.3355509938617642
9824.789308606,-2.1508438170672584,1.1757980400801566,-1.3355509938617642
9824.790022404,-2.1508438170672584,1.1757980400801566,-1.3355509938617642
9824.792057157,-2.1508438170672584,1.1757980400801566,-1.3355509938617642
9824.79929597,-2.1508438170672584,1.1757980400801566,-1.3355509938617642
9824.805255015,-2.1508438170672584,1.1757980400801566,-1.3355509938617642
9824.817493246,-2.1508438170672584,1.1757980400801566,-1.3355509938617642
9824.827853687,-2.1508438170672584,1.1757980400801566,-1.3355509938617642
9824.829730813,-2.14816698716392,1.1647012145880935,-1.3326360883136685
9824.836903991,-2.14816698716392,1.1647012145880935,-1.3326360883136685
9824.847862158,-2.14816698716392,1.1647012145880935,-1.3326360883136685
9824.857928019,-2.14816698716392,1.1647012145880935,-1.3326360883136685
9824.866403437,-2.14816698716392,1.1647012145880935,-1.3326360883136685
9824.875503495,-2.14816698716392,1.1647012145880935,-1.3326360883136685
9824.88235255,-2.14816698716392,1.1647012145880935,-1.3326360883136685
9824.883260064,-2.14816698716392,1.1647012145880935,-1.3326360883136685
9824.887933151,-2.1463729209721887,1.1573229964784166,-1.3319005669971402
9824.889815967,-2.1463729209721887,1.1573229964784166,-1.3319005669971402
9824.896216716,-2.1463729209721887,1.1573229964784166,-1.3319005669971402
9824.906884154,-2.1463729209721887,1.1573229964784166,-1.3319005669971402
9824.915890444,-2.1463729209721887,1.1573229964784166,-1.3319005669971402
9824.929148916,-2.1463729209721887,1.1573229964784166,-1.3319005669971402
9824.936483286,-2.1463729209721887,1.1573229964784166,-1.3319005669971402
9824.93834758,-2.1446497139661824,1.1502401268373503,-1.3323809804340296
9824.951636869,-2.1446497139661824,1.1502401268373503,-1.3323809804340296
9824.95784258,-2.1446497139661824,1.1502401268373503,-1.3323809804340296
9824.964944504,-2.1446497139661824,1.1502401268373503,-1.3323809804340296
9824.975880679,-2.1446497139661824,1.1502401268373503,-1.3323809804340296
9824.980279668,-2.1419827419424458,1.1400686419035204,-1.3327315745442405
9824.981366371,-2.1419827419424458,1.1400686419035204,-1.3327315745442405
9824.989882796,-2.1419827419424458,1.1400686419035204,-1.3327315745442405
9824.991983794,-2.1419827419424458,1.1400686419035204,-1.3327315745442405
9824.995822845,-2.1419827419424458,1.1400686419035204,-1.3327315745442405
9825.008104672,-2.1419827419424458,1.1400686419035204,-1.3327315745442405
9825.019920007,-2.1419827419424458,1.1400686419035204,-1.3327315745442405
9825.028665615,-2.1419827419424458,1.1400686419035204,-1.3327315745442405
9825.031204177,-2.1388981788443484,1.1388266473854252,-1.32577639172042
9825.037400133,-2.1388981788443484,1.1388266473854252,-1.32577639172042
9825.047743017,-2.1388981788443484,1.1388266473854252,-1.32577639172042
9825.05752373,-2.1388981788443484,1.1388266473854252,-1.32577639172042
9825.067124283,-2.1388981788443484,1.1388266473854252,-1.32577639172042
9825.07819349,-2.1388981788443484,1.1388266473854252,-1.32577639172042
9825.084017961,-2.1356738820883,1.1376888927619417,-1.3183526551521505
9825.085709055,-2.1356738820883,1.1376888927619417,-1.3183526551521505
9825.08680249,-2.1356738820883,1.1376888927619417,-1.3183526551521505
9825.089451984,-2.1356738820883,1.1376888927619417,-1.3183526551521505
9825.097727604,-2.1356738820883,1.1376888927619417,-1.3183526551521505
9825.108049329,-2.1356738820883,1.1376888927619417,-1.3183526551521505
9825.118588004,-2.1356738820883,1.1376888927619417,-1.3183526551521505
9825.13050378,-2.1356738820883,1.1376888927619417,-1.3183526551521505
9825.131896069,-2.13303369126206,1.1274176131906135,-1.3200418507850846
9825.135703681,-2.13303369126206,1.1274176131906135,-1.3200418507850846
9825.14608602,-2.13303369126206,1.1274176131906135,-1.3200418507850846
9825.156574751,-2.13303369126206,1.1274176131906135,-1.3200418507850846
9825.165805204,-2.13303369126206,1.1274176131906135,-1.3200418507850846
9825.18098764,-2.13303369126206,1.1274176131906135,-1.3200418507850846
9825.187851764,-2.13303369126206,1.1274176131906135,-1.3200418507850846
9825.188639201,-2.1312662832071165,1.12050228268382,-1.3211071049965104
9825.195966491,-2.1312662832071165,1.12050228268382,-1.3211071049965104
9825.197807919,-2.1312662832071165,1.12050228268382,-1.3211071049965104
9825.198087487,-2.1312662832071165,1.12050228268382,-1.3211071049965104
9825.207871927,-2.1312662832071165,1.12050228268382,-1.3211071049965104
9825.217445499,-2.1312662832071165,1.12050228268382,-1.3211071049965104
9825.226520468,-2.1312662832071165,1.12050228268382,-1.3211071049965104
9825.230008436,-2.1287042444310225,1.1103939099502564,-1.3240260636604502
9825.234813853,-2.1287042444310225,1.1103939099502564,-1.3240260636604502
9825.246773982,-2.1287042444310225,1.1103939099502564,-1.3240260636604502
9825.256981401,-2.1287042444310225,1.1103939099502564,-1.3240260636604502
9825.267082199,-2.1287042444310225,1.1103939099502564,-1.3240260636604502
9825.284442196,-2.1287042444310225,1.1103939099502564,-1.3240260636604502
9825.286681215,-2.1287042444310225,1.1103939099502564,-1.3240260636604502
9825.290990605,-2.1287042444310225,1.1103939099502564,-1.3240260636604502
9825.291637446,-2.1287042444310225,1.1103939099502564,-1.3240260636604502
9825.292152489,-2.127032267472335,1.1037155175221451,-1.3269388234413348
9825.295762668,-2.127032267472335,1.1037155175221451,-1.3269388234413348
9825.30801718,-2.127032267472335,1.1037155175221451,-1.3269388234413348
9825.316085452,-2.127032267472335,1.1037155175221451,-1.3269388234413348
9825.326131496,-2.127032267472335,1.1037155175221451,-1.3269388234413348
9825.339476902,-2.127032267472335,1.1037155175221451,-1.3269388234413348
9825.341068648,-2.1253669133806583,1.0969311759229945,-1.3332321202553001
9825.346218375,-2.1253669133806583,1.0969311759229945,-1.3332321202553001
9825.356468715,-2.1253669133806583,1.0969311759229945,-1.3332321202553001
9825.370483452,-2.1253669133806583,1.0969311759229945,-1.3332321202553001
9825.377394568,-2.1253669133806583,1.0969311759229945,-1.3332321202553001
9825.379983057,-2.1229303690383787,1.0867397670001067,-1.339014009217092
9825.380832,-2.1229303690383787,1.0867397670001067,-1.339014009217092
9825.383823581,-2.1229303690383787,1.0867397670001067,-1.339014009217092
9825.391761464,-2.1229303690383787,1.0867397670001067,-1.339014009217092
9825.407311904,-2.1229303690383787,1.0867397670001067,-1.339014009217092
9825.409902326,-2.1229303690383787,1.0867397670001067,-1.339014009217092
9825.415215912,-2.1229303690383787,1.0867397670001067,-1.339014009217092
9825.4273341,-2.1229303690383787,1.0867397670001067,-1.339014009217092
9825.430393017,-2.1214541381886978,1.0804046451303806,-1.3447029149330338
9825.437190676,-2.1214541381886978,1.0804046451303806,-1.3447029149330338
9825.446882241,-2.1214541381886978,1.0804046451303806,-1.3447029149330338
9825.456270904,-2.1214541381886978,1.0804046451303806,-1.3447029149330338
9825.466677839,-2.1214541381886978,1.0804046451303806,-1.3447029149330338
9825.47663863,-2.1214541381886978,1.0804046451303806,-1.3447029149330338
9825.488606897,-2.1199573765956465,1.0737626278729706,-1.3535995042122084
9825.49112327,-2.1199573765956465,1.0737626278729706,-1.3535995042122084
9825.491827931,-2.1199573765956465,1.0737626278729706,-1.3535995042122084
9825.497412949,-2.1199573765956465,1.0737626278729706,-1.3535995042122084
9825.503776589,-2.1199573765956465,1.0737626278729706,-1.3535995042122084
9825.505198264,-2.1199573765956465,1.0737626278729706,-1.3535995042122084
9825.519577943,-2.1199573765956465,1.0737626278729706,-1.3535995042122084
9825.528110799,-2.1177653930891385,1.0636711868881945,-1.3602139508522235
9825.532578387,-2.1177653930891385,1.0636711868881945,-1.3602139508522235
9825.534373057,-2.1177653930891385,1.0636711868881945,-1.3602139508522235
9825.548957874,-2.1177653930891385,1.0636711868881945,-1.3602139508522235
9825.558006073,-2.1177653930891385,1.0636711868881945,-1.3602139508522235
9825.567817744,-2.1177653930891385,1.0636711868881945,-1.3602139508522235
9825.576761557,-2.1177653930891385,1.0636711868881945,-1.3602139508522235
9825.580431759,-2.1177653930891385,1.0636711868881945,-1.3602139508522235
9825.581463838,-2.11629970008826,1.0567632863701413,-1.3632273232734886
9825.584785682,-2.11629970008826,1.0567632863701413,-1.3632273232734886
9825.58932738,-2.11629970008826,1.0567632863701413,-1.3632273232734886
9825.596538317,-2.11629970008826,1.0567632863701413,-1.3632273232734886
9825.610034861,-2.11629970008826,1.0567632863701413,-1.3632273232734886
9825.61658887,-2.11629970008826,1.0567632863701413,-1.3632273232734886
9825.627669207,-2.11629970008826,1.0567632863701413,-1.3632273232734886
9825.639922831,-2.11629970008826,1.0567632863701413,-1.3632273232734886
9825.641345218,-2.1149114477861635,1.0500718930858624,-1.3692328488624772
9825.645080071,-2.1149114477861635,1.0500718930858624,-1.3692328488624772
9825.656253375,-2.1149114477861635,1.0500718930858624,-1.3692328488624772
9825.665566525,-2.1149114477861635,1.0500718930858624,-1.3692328488624772
9825.677164961,-2.1149114477861635,1.0500718930858624,-1.3692328488624772
9825.679606543,-2.1128151170792746,1.0397276166767917,-1.3724634206093038
9825.680246812,-2.1128151170792746,1.0397276166767917,-1.3724634206093038
9825.680826277,-2.1128151170792746,1.0397276166767917,-1.3724634206093038
9825.690703699,-2.1128151170792746,1.0397276166767917,-1.3724634206093038
9825.699975885,-2.1128151170792746,1.0397276166767917,-1.3724634206093038
9825.709084939,-2.1128151170792746,1.0397276166767917,-1.3724634206093038
9825.720327845,-2.1128151170792746,1.0397276166767917,-1.3724634206093038
9825.730307694,-2.1128151170792746,1.0397276166767917,-1.3724634206093038
9825.732933083,-2.1114202078816615,1.0327792581287276,-1.372888759354421
9825.738533249,-2.1114202078816615,1.0327792581287276,-1.372888759354421
9825.751122747,-2.1114202078816615,1.0327792581287276,-1.372888759354421
9825.757316787,-2.1114202078816615,1.0327792581287276,-1.372888759354421
9825.768248674,-2.1114202078816615,1.0327792581287276,-1.372888759354421
9825.781035504,-2.1114202078816615,1.0327792581287276,-1.372888759354421
9825.799581944,-2.1114202078816615,1.0327792581287276,-1.372888759354421
9825.800687181,-2.1114202078816615,1.0327792581287276,-1.372888759354421
9825.806436911,-2.1114202078816615,1.0327792581287276,-1.372888759354421
9825.807102879,-2.1114202078816615,1.0327792581287276,-1.372888759354421
9825.809810112,-2.1114202078816615,1.0327792581287276,-1.372888759354421
9825.812179965,-2.1100514359899485,1.0258773035020723,-1.3771512067115987
9825.821835364,-2.1100514359899485,1.0258773035020723,-1.3771512067115987
9825.830072011,-2.1100514359899485,1.0258773035020723,-1.3771512067115987
9825.833868632,-2.108042806557788,1.0156187865399793,-1.3777315175331315
9825.83756841,-2.108042806557788,1.0156187865399793,-1.3777315175331315
9825.847600047,-2.108042806557788,1.0156187865399793,-1.3777315175331315
9825.858839626,-2.108042806557788,1.0156187865399793,-1.3777315175331315
9825.869028419,-2.108042806557788,1.0156187865399793,-1.3777315175331315
9825.876980198,-2.108042806557788,1.0156187865399793,-1.3777315175331315
9825.883280628,-2.1066483776569447,1.0085155050047105,-1.376175597885915
9825.88784021,-2.1066483776569447,1.0085155050047105,-1.376175597885915
9825.895101865,-2.1066483776569447,1.0085155050047105,-1.376175597885915
9825.895908889,-2.1066483776569447,1.0085155050047105,-1.376175597885915
9825.903157771,-2.1066483776569447,1.0085155050047105,-1.376175597885915
9825.908172231,-2.1066483776569447,1.0085155050047105,-1.376175597885915
9825.925263569,-2.1066483776569447,1.0085155050047105,-1.376175597885915
9825.932739702,-2.1066483776569447,1.0085155050047105,-1.376175597885915
9825.937748643,-2.1066483776569447,1.0085155050047105,-1.376175597885915
9825.940102599,-2.1052709924360378,1.0015636514292054,-1.3742193734443866
9825.948001918,-2.1052709924360378,1.0015636514292054,-1.3742193734443866
9825.958632627,-2.1052709924360378,1.0015636514292054,-1.3742193734443866
9825.966482423,-2.1052709924360378,1.0015636514292054,-1.3742193734443866
9825.979984194,-2.1052709924360378,1.0015636514292054,-1.3742193734443866
9825.982518691,-2.1030983679610973,0.9907958119907094,-1.369179919937917
9825.983773992,-2.1030983679610973,0.9907958119907094,-1.369179919937917
9825.988367828,-2.1030983679610973,0.9907958119907094,-1.369179919937917
9826.000564204,-2.1030983679610973,0.9907958119907094,-1.369179919937917
9826.003414447,-2.1030983679610973,0.9907958119907094,-1.369179919937917
9826.013170293,-2.1030983679610973,0.9907958119907094,-1.369179919937917
9826.023756388,-2.1030983679610973,0.9907958119907094,-1.369179919937917
9826.027700506,-2.101617281779328,0.9835550156243895,-1.368884280899831
9826.032959008,-2.101617281779328,0.9835550156243895,-1.368884280899831
9826.039993775,-2.101617281779328,0.9835550156243895,-1.368884280899831
9826.052982037,-2.101617281779328,0.9835550156243895,-1.368884280899831
9826.057761474,-2.101617281779328,0.9835550156243895,-1.368884280899831
9826.067944697,-2.101617281779328,0.9835550156243895,-1.368884280899831
9826.078258467,-2.101617281779328,0.9835550156243895,-1.368884280899831
9826.093011992,-2.101617281779328,0.9835550156243895,-1.368884280899831
9826.094558543,-2.101617281779328,0.9835550156243895,-1.368884280899831
9826.095822871,-2.1001662771765814,0.9764630746931909,-1.3690807378090104
9826.102066684,-2.1001662771765814,0.9764630746931909,-1.3690807378090104
9826.103271439,-2.1001662771765814,0.9764630746931909,-1.3690807378090104
9826.108393694,-2.1001662771765814,0.9764630746931909,-1.3690807378090104
9826.121718912,-2.1001662771765814,0.9764630746931909,-1.3690807378090104
9826.127735124,-2.1001662771765814,0.9764630746931909,-1.3690807378090104
9826.13128033,-2.0979817613314236,0.9658268050599005,-1.3673784291542255
9826.138727626,-2.0979817613314236,0.9658268050599005,-1.3673784291542255
9826.147519121,-2.0979817613314236,0.9658268050599005,-1.3673784291542255
9826.157256452,-2.0979817613314236,0.9658268050599005,-1.3673784291542255
9826.169820061,-2.0979817613314236,0.9658268050599005,-1.3673784291542255
9826.186080112,-2.0979817613314236,0.9658268050599005,-1.3673784291542255
9826.197652288,-2.0979817613314236,0.9658268050599005,-1.3673784291542255
9826.199048155,-2.0979817613314236,0.9658268050599005,-1.3673784291542255
9826.213494831,-2.0979817613314236,0.9658268050599005,-1.3673784291542255
9826.215523603,-2.096543487732501,0.958783929906875,-1.371320441941091
9826.22012864,-2.096543487732501,0.958783929906875,-1.371320441941091
9826.220760894,-2.096543487732501,0.958783929906875,-1.371320441941091
9826.224744949,-2.096543487732501,0.958783929906875,-1.371320441941091
9826.232935179,-2.096543487732501,0.958783929906875,-1.371320441941091
9826.23980853,-2.096543487732501,0.958783929906875,-1.371320441941091
9826.241658644,-2.095183359093104,0.9519834849699358,-1.3754698788917747
9826.254022497,-2.095183359093104,0.9519834849699358,-1.3754698788917747
9826.258688419,-2.095183359093104,0.9519834849699358,-1.3754698788917747
9826.268161681,-2.095183359093104,0.9519834849699358,-1.3754698788917747
9826.287299337,-2.095183359093104,0.9519834849699358,-1.3754698788917747
9826.30095556,-2.095183359093104,0.9519834849699358,-1.3754698788917747
9826.30187687,-2.095183359093104,0.9519834849699358,-1.3754698788917747
9826.307440287,-2.095183359093104,0.9519834849699358,-1.3754698788917747
9826.308782653,-2.0931276374994887,0.9415794568865021,-1.3759703194893087
9826.31768122,-2.0931276374994887,0.9415794568865021,-1.3759703194893087
9826.318557766,-2.0931276374994887,0.9415794568865021,-1.3759703194893087
9826.321284856,-2.0931276374994887,0.9415794568865021,-1.3759703194893087
9826.327117332,-2.091717606283336,0.9344018569600329,-1.3776649987495622
9826.33261707,-2.091717606283336,0.9344018569600329,-1.3776649987495622
9826.337322968,-2.091717606283336,0.9344018569600329,-1.3776649987495622
9826.347948436,-2.091717606283336,0.9344018569600329,-1.3776649987495622
9826.360092123,-2.091717606283336,0.9344018569600329,-1.3776649987495622
9826.369152626,-2.091717606283336,0.9344018569600329,-1.3776649987495622
9826.390474166,-2.091717606283336,0.9344018569600329,-1.3776649987495622
9826.403393337,-2.091717606283336,0.9344018569600329,-1.3776649987495622
9826.405477283,-2.091717606283336,0.9344018569600329,-1.3776649987495622
9826.408831869,-2.091717606283336,0.9344018569600329,-1.3776649987495622
9826.41032024,-2.091717606283336,0.9344018569600329,-1.3776649987495622
9826.420225518,-2.091717606283336,0.9344018569600329,-1.3776649987495622
9826.422537014,-2.0903701392830736,0.9274957113748923,-1.3785466706550786
9826.425582136,-2.0903701392830736,0.9274957113748923,-1.3785466706550786
9826.433672125,-2.0903701392830736,0.9274957113748923,-1.3785466706550786
9826.434932505,-2.088331502655816,0.916959392694183,-1.3807961499489032
9826.449008391,-2.088331502655816,0.916959392694183,-1.3807961499489032
9826.455031787,-2.088331502655816,0.916959392694183,-1.3807961499489032
9826.463648241,-2.088331502655816,0.916959392694183,-1.3807961499489032
9826.469970593,-2.088331502655816,0.916959392694183,-1.3807961499489032
9826.476487772,-2.088331502655816,0.916959392694183,-1.3807961499489032
9826.481593816,-2.086988871992114,0.9099234260527957,-1.383682445267507
9826.483296151,-2.086988871992114,0.9099234260527957,-1.383682445267507
9826.489462167,-2.086988871992114,0.9099234260527957,-1.383682445267507
9826.490126561,-2.086988871992114,0.9099234260527957,-1.383682445267507
9826.500744917,-2.086988871992114,0.9099234260527957,-1.383682445267507
9826.512179834,-2.086988871992114,0.9099234260527957,-1.383682445267507
9826.519942987,-2.086988871992114,0.9099234260527957,-1.383682445267507
9826.533624918,-2.086988871992114,0.9099234260527957,-1.383682445267507
9826.537558277,-2.085688227093307,0.9030598251005382,-1.3833536660469257
9826.541268454,-2.085688227093307,0.9030598251005382,-1.3833536660469257
9826.550448964,-2.085688227093307,0.9030598251005382,-1.3833536660469257
9826.56068151,-2.085688227093307,0.9030598251005382,-1.3833536660469257
9826.571220686,-2.085688227093307,0.9030598251005382,-1.3833536660469257
9826.580248597,-2.085688227093307,0.9030598251005382,-1.3833536660469257
9826.59729343,-2.085688227093307,0.9030598251005382,-1.3833536660469257
9826.598213274,-2.085688227093307,0.9030598251005382,-1.3833536660469257
9826.599388424,-2.0819726909873237,0.896780905683962,-1.3892769248155783
9826.611598108,-2.0819726909873237,0.896780905683962,-1.3892769248155783
9826.612561718,-2.0819726909873237,0.896780905683962,-1.3892769248155783
9826.629802771,-2.0819726909873237,0.896780905683962,-1.3892769248155783
9826.635879328,-2.0819726909873237,0.896780905683962,-1.3892769248155783
9826.637300432,-2.06917876462601,0.8896627103211316,-1.3901581115902442
9826.642109121,-2.06917876462601,0.8896627103211316,-1.3901581115902442
9826.64849894,-2.06917876462601,0.8896627103211316,-1.3901581115902442
9826.653357086,-2.06917876462601,0.8896627103211316,-1.3901581115902442
9826.657132586,-2.06917876462601,0.8896627103211316,-1.3901581115902442
9826.669865479,-2.06917876462601,0.8896627103211316,-1.3901581115902442
9826.690787344,-2.06917876462601,0.8896627103211316,-1.3901581115902442
9826.699287158,-2.06917876462601,0.8896627103211316,-1.3901581115902442
9826.70016709,-2.0553347560721145,0.8860171357873838,-1.3906272546075915
9826.705439445,-2.0553347560721145,0.8860171357873838,-1.3906272546075915
9826.707400452,-2.0553347560721145,0.8860171357873838,-1.3906272546075915
9826.711854685,-2.0553347560721145,0.8860171357873838,-1.3906272546075915
9826.71302193,-2.0553347560721145,0.8860171357873838,-1.3906272546075915
9826.720931128,-2.0553347560721145,0.8860171357873838,-1.3906272546075915
9826.734709932,-2.0553347560721145,0.8860171357873838,-1.3906272546075915
9826.737821128,-2.0553347560721145,0.8860171357873838,-1.3906272546075915
9826.738501614,-2.053503690941027,0.8758025753274923,-1.396212686660204
9826.739696741,-2.053503690941027,0.8758025753274923,-1.396212686660204
9826.748735533,-2.053503690941027,0.8758025753274923,-1.396212686660204
9826.758408132,-2.053503690941027,0.8758025753274923,-1.396212686660204
9826.76999347,-2.053503690941027,0.8758025753274923,-1.396212686660204
9826.775793138,-2.053503690941027,0.8758025753274923,-1.396212686660204
9826.786298278,-2.0523421562557043,0.869093810486707,-1.4025052682184325
9826.8017009,-2.0523421562557043,0.869093810486707,-1.4025052682184325
9826.805989787,-2.0523421562557043,0.869093810486707,-1.4025052682184325
9826.810763594,-2.0523421562557043,0.869093810486707,-1.4025052682184325
9826.817242914,-2.0523421562557043,0.869093810486707,-1.4025052682184325
9826.834694746,-2.0523421562557043,0.869093810486707,-1.4025052682184325
9826.835314487,-2.0523421562557043,0.869093810486707,-1.4025052682184325
9826.837790714,-2.0523421562557043,0.869093810486707,-1.4025052682184325
9826.838235814,-2.0512103266050428,0.8622773203468925,-1.4100040093683353
9826.839118291,-2.0512103266050428,0.8622773203468925,-1.4100040093683353
9826.84794411,-2.0512103266050428,0.8622773203468925,-1.4100040093683353
9826.857797812,-2.0512103266050428,0.8622773203468925,-1.4100040093683353
9826.869081991,-2.0512103266050428,0.8622773203468925,-1.4100040093683353
9826.878760714,-2.0512103266050428,0.8622773203468925,-1.4100040093683353
9826.887886571,-2.0512103266050428,0.8622773203468925,-1.4100040093683353
9826.897741013,-2.0512103266050428,0.8622773203468925,-1.4100040093683353
9826.89906313,-2.0512103266050428,0.8622773203468925,-1.4100040093683353
9826.901870452,-2.0512103266050428,0.8622773203468925,-1.4100040093683353
9826.90295457,-2.050153709263445,0.8555768554716561,-1.41877828991643
9826.909054762,-2.050153709263445,0.8555768554716561,-1.41877828991643
9826.91791699,-2.050153709263445,0.8555768554716561,-1.41877828991643
9826.928092318,-2.050153709263445,0.8555768554716561,-1.41877828991643
9826.934048869,-2.0486440227796745,0.8455401763848128,-1.4242190018915275
9826.943768186,-2.0486440227796745,0.8455401763848128,-1.4242190018915275
9826.947661359,-2.0486440227796745,0.8455401763848128,-1.4242190018915275
9826.95967018,-2.0486440227796745,0.8455401763848128,-1.4242190018915275
9826.96805132,-2.0486440227796745,0.8455401763848128,-1.4242190018915275
9826.978090768,-2.0486440227796745,0.8455401763848128,-1.4242190018915275
9826.999166428,-2.0486440227796745,0.8455401763848128,-1.4242190018915275
9827.001480779,-2.0486440227796745,0.8455401763848128,-1.4242190018915275
9827.008780075,-2.0486440227796745,0.8455401763848128,-1.4242190018915275
9827.009514202,-2.0486440227796745,0.8455401763848128,-1.4242190018915275
9827.017980532,-2.0486440227796745,0.8455401763848128,-1.4242190018915275
9827.019156854,-2.0476620561172676,0.8387260606059204,-1.4311288491510497
9827.027563522,-2.0476620561172676,0.8387260606059204,-1.4311288491510497
9827.032225156,-2.0476620561172676,0.8387260606059204,-1.4311288491510497
9827.033644567,-2.046235056522237,0.8285494846599786,-1.4318326607965568
9827.039890063,-2.046235056522237,0.8285494846599786,-1.4318326607965568
9827.050744361,-2.046235056522237,0.8285494846599786,-1.4318326607965568
9827.057092554,-2.046235056522237,0.8285494846599786,-1.4318326607965568
9827.073306428,-2.046235056522237,0.8285494846599786,-1.4318326607965568
9827.083407843,-2.046235056522237,0.8285494846599786,-1.4318326607965568
9827.085950997,-2.046235056522237,0.8285494846599786,-1.4318326607965568
9827.087582178,-2.0452802717280845,0.8216548422772043,-1.4345461026453121
9827.09474684,-2.0452802717280845,0.8216548422772043,-1.4345461026453121
9827.100178402,-2.0452802717280845,0.8216548422772043,-1.4345461026453121
9827.103751941,-2.0452802717280845,0.8216548422772043,-1.4345461026453121
9827.115957311,-2.0452802717280845,0.8216548422772043,-1.4345461026453121
9827.119819074,-2.0452802717280845,0.8216548422772043,-1.4345461026453121
9827.128289907,-2.0452802717280845,0.8216548422772043,-1.4345461026453121
9827.129131055,-2.044344108941552,0.814808735688682,-1.4352446690820797
9827.143156996,-2.044344108941552,0.814808735688682,-1.4352446690820797
9827.147464502,-2.044344108941552,0.814808735688682,-1.4352446690820797
9827.157150777,-2.044344108941552,0.814808735688682,-1.4352446690820797
9827.170116415,-2.044344108941552,0.814808735688682,-1.4352446690820797
9827.179047874,-2.044344108941552,0.814808735688682,-1.4352446690820797
9827.186721598,-2.044344108941552,0.814808735688682,-1.4352446690820797
9827.199215195,-2.044344108941552,0.814808735688682,-1.4352446690820797
9827.20260667,-2.044344108941552,0.814808735688682,-1.4352446690820797
9827.206553091,-2.044344108941552,0.814808735688682,-1.4352446690820797
9827.208475956,-2.0433622262526923,0.8076623277306861,-1.4332672253870111
9827.211326029,-2.0433622262526923,0.8076623277306861,-1.4332672253870111
9827.217218769,-2.0433622262526923,0.8076623277306861,-1.4332672253870111
9827.228367476,-2.0433622262526923,0.8076623277306861,-1.4332672253870111
9827.22994265,-2.04188525189202,0.7970327182657353,-1.432195295455371
9827.242038166,-2.04188525189202,0.7970327182657353,-1.432195295455371
9827.247447202,-2.04188525189202,0.7970327182657353,-1.432195295455371
9827.260204764,-2.04188525189202,0.7970327182657353,-1.432195295455371
9827.266873964,-2.04188525189202,0.7970327182657353,-1.432195295455371
9827.282250666,-2.04188525189202,0.7970327182657353,-1.432195295455371
9827.288570734,-2.040891872024419,0.7899134544129826,-1.4321194783472164
9827.299991383,-2.040891872024419,0.7899134544129826,-1.4321194783472164
9827.300792537,-2.040891872024419,0.7899134544129826,-1.4321194783472164
9827.304915003,-2.040891872024419,0.7899134544129826,-1.4321194783472164
9827.307443929,-2.040891872024419,0.7899134544129826,-1.4321194783472164
9827.316681326,-2.040891872024419,0.7899134544129826,-1.4321194783472164
9827.331187194,-2.040891872024419,0.7899134544129826,-1.4321194783472164
9827.331928594,-2.0399187348238748,0.7828680405802456,-1.4349630967401608
9827.337133545,-2.0399187348238748,0.7828680405802456,-1.4349630967401608
9827.338214346,-2.0399187348238748,0.7828680405802456,-1.4349630967401608
9827.352152041,-2.0399187348238748,0.7828680405802456,-1.4349630967401608
9827.361498874,-2.0399187348238748,0.7828680405802456,-1.4349630967401608
9827.36648963,-2.0399187348238748,0.7828680405802456,-1.4349630967401608
9827.376538861,-2.0399187348238748,0.7828680405802456,-1.4349630967401608
9827.379198233,-2.0399187348238748,0.7828680405802456,-1.4349630967401608
9827.380269116,-2.0385299091824556,0.7725329350970588,-1.4394711152338135
9827.395998134,-2.0385299091824556,0.7725329350970588,-1.4394711152338135
9827.400482133,-2.0385299091824556,0.7725329350970588,-1.4394711152338135
9827.408153582,-2.0385299091824556,0.7725329350970588,-1.4394711152338135
9827.421127807,-2.0385299091824556,0.7725329350970588,-1.4394711152338135
9827.426584914,-2.0385299091824556,0.7725329350970588,-1.4394711152338135
9827.432842493,-2.0376488990404535,0.7657050325271678,-1.4454778329156976
9827.441431836,-2.0376488990404535,0.7657050325271678,-1.4454778329156976
9827.442023804,-2.0376488990404535,0.7657050325271678,-1.4454778329156976
9827.44653277,-2.0376488990404535,0.7657050325271678,-1.4454778329156976
9827.456949695,-2.0376488990404535,0.7657050325271678,-1.4454778329156976
9827.476550665,-2.0376488990404535,0.7657050325271678,-1.4454778329156976
9827.49152616,-2.0376488990404535,0.7657050325271678,-1.4454778329156976
9827.504868901,-2.0376488990404535,0.7657050325271678,-1.4454778329156976
9827.505358506,-2.0376488990404535,0.7657050325271678,-1.4454778329156976
9827.521284566,-2.0376488990404535,0.7657050325271678,-1.4454778329156976
9827.522078826,-2.0368380175917364,0.7590468967289757,-1.453732360961352
9827.52421465,-2.0368380175917364,0.7590468967289757,-1.453732360961352
9827.524849769,-2.0368380175917364,0.7590468967289757,-1.453732360961352
9827.531682334,-2.0368380175917364,0.7590468967289757,-1.453732360961352
9827.535353167,-2.0368380175917364,0.7590468967289757,-1.453732360961352
9827.536662581,-2.035694465631199,0.7489109950087285,-1.4631665841364012
9827.538236072,-2.035694465631199,0.7489109950087285,-1.4631665841364012
9827.555686211,-2.035694465631199,0.7489109950087285,-1.4631665841364012
9827.558231148,-2.035694465631199,0.7489109950087285,-1.4631665841364012
9827.568442083,-2.035694465631199,0.7489109950087285,-1.4631665841364012
9827.575992534,-2.035694465631199,0.7489109950087285,-1.4631665841364012
9827.586032837,-2.0349249779921497,0.7417131530194826,-1.4654244080804926
9827.588878893,-2.0349249779921497,0.7417131530194826,-1.4654244080804926
9827.591303772,-2.0349249779921497,0.7417131530194826,-1.4654244080804926
9827.596624071,-2.0349249779921497,0.7417131530194826,-1.4654244080804926
9827.598117141,-2.0349249779921497,0.7417131530194826,-1.4654244080804926
9827.615514961,-2.0349249779921497,0.7417131530194826,-1.4654244080804926
9827.62402839,-2.0349249779921497,0.7417131530194826,-1.4654244080804926
9827.628127112,-2.0349249779921497,0.7417131530194826,-1.4654244080804926
9827.636887668,-2.034206081189321,0.7348153860878639,-1.4684747353815184
9827.641199653,-2.034206081189321,0.7348153860878639,-1.4684747353815184
9827.647916209,-2.034206081189321,0.7348153860878639,-1.4684747353815184
9827.65901456,-2.034206081189321,0.7348153860878639,-1.4684747353815184
9827.667172668,-2.034206081189321,0.7348153860878639,-1.4684747353815184
9827.679342353,-2.034206081189321,0.7348153860878639,-1.4684747353815184
9827.682356095,-2.033125965972495,0.7240363939422718,-1.4733735219263182
9827.683450392,-2.033125965972495,0.7240363939422718,-1.4733735219263182
9827.689867803,-2.033125965972495,0.7240363939422718,-1.4733735219263182
9827.705589377,-2.033125965972495,0.7240363939422718,-1.4733735219263182
9827.708102884,-2.033125965972495,0.7240363939422718,-1.4733735219263182
9827.719553862,-2.033125965972495,0.7240363939422718,-1.4733735219263182
9827.72845836,-2.032411597866675,0.7167057092045691,-1.4739345208429442
9827.736647487,-2.032411597866675,0.7167057092045691,-1.4739345208429442
9827.739119596,-2.032411597866675,0.7167057092045691,-1.4739345208429442
9827.74386546,-2.032411597866675,0.7167057092045691,-1.4739345208429442
9827.746542536,-2.032411597866675,0.7167057092045691,-1.4739345208429442
9827.758166631,-2.032411597866675,0.7167057092045691,-1.4739345208429442
9827.764637854,-2.032411597866675,0.7167057092045691,-1.4739345208429442
9827.777739419,-2.032411597866675,0.7167057092045691,-1.4739345208429442
9827.789039772,-2.032411597866675,0.7167057092045691,-1.4739345208429442
9827.791530697,-2.031734516528256,0.709574857604726,-1.4783238068842042
9827.792315509,-2.031734516528256,0.709574857604726,-1.4783238068842042
9827.804063287,-2.031734516528256,0.709574857604726,-1.4783238068842042
9827.805107029,-2.031734516528256,0.709574857604726,-1.4783238068842042
9827.809345394,-2.031734516528256,0.709574857604726,-1.4783238068842042
9827.81915939,-2.031734516528256,0.709574857604726,-1.4783238068842042
9827.825493172,-2.031734516528256,0.709574857604726,-1.4783238068842042
9827.830002289,-2.0307663693370657,0.6988360581331499,-1.4834467068933588
9827.837733511,-2.0307663693370657,0.6988360581331499,-1.4834467068933588
9827.84481725,-2.0307663693370657,0.6988360581331499,-1.4834467068933588
9827.856804651,-2.0307663693370657,0.6988360581331499,-1.4834467068933588
9827.868496644,-2.0307663693370657,0.6988360581331499,-1.4834467068933588
9827.877322564,-2.0307663693370657,0.6988360581331499,-1.4834467068933588
9827.880127261,-2.0307663693370657,0.6988360581331499,-1.4834467068933588
9827.880985312,-2.030146492502393,0.6917508196194903,-1.4836133614801505
9827.886196544,-2.030146492502393,0.6917508196194903,-1.4836133614801505
9827.900672375,-2.030146492502393,0.6917508196194903,-1.4836133614801505
9827.90803955,-2.030146492502393,0.6917508196194903,-1.4836133614801505
9827.923832398,-2.030146492502393,0.6917508196194903,-1.4836133614801505
9827.928411377,-2.030146492502393,0.6917508196194903,-1.4836133614801505
9827.938502165,-2.030146492502393,0.6917508196194903,-1.4836133614801505
9827.94096657,-2.030146492502393,0.6917508196194903,-1.4836133614801505
9827.941626106,-2.029552930132954,0.6847141279782615,-1.4896727696680176
9827.948736716,-2.029552930132954,0.6847141279782615,-1.4896727696680176
9827.956193309,-2.029552930132954,0.6847141279782615,-1.4896727696680176
9827.96740272,-2.029552930132954,0.6847141279782615,-1.4896727696680176
9827.974124346,-2.029552930132954,0.6847141279782615,-1.4896727696680176
9827.983358246,-2.029552930132954,0.6847141279782615,-1.4896727696680176
9827.984190779,-2.0287270205303107,0.6741919357072487,-1.4952567712091547
9827.98895652,-2.0287270205303107,0.6741919357072487,-1.4952567712091547
9827.99722138,-2.0287270205303107,0.6741919357072487,-1.4952567712091547
9828.006424843,-2.0287270205303107,0.6741919357072487,-1.4952567712091547
9828.017509205,-2.0287270205303107,0.6741919357072487,-1.4952567712091547
9828.025864369,-2.0287270205303107,0.6741919357072487,-1.4952567712091547
9828.03208613,-2.0282146259861076,0.6672503826086573,-1.498972047927295
9828.035308366,-2.0282146259861076,0.6672503826086573,-1.498972047927295
9828.037674004,-2.0282146259861076,0.6672503826086573,-1.498972047927295
9828.046895291,-2.0282146259861076,0.6672503826086573,-1.498972047927295
9828.056414169,-2.0282146259861076,0.6672503826086573,-1.498972047927295
9828.066287858,-2.0282146259861076,0.6672503826086573,-1.498972047927295
9828.077076675,-2.0282146259861076,0.6672503826086573,-1.498972047927295
9828.086431002,-2.0282146259861076,0.6672503826086573,-1.498972047927295
9828.087905778,-2.0282146259861076,0.6672503826086573,-1.498972047927295
9828.08840466,-2.0277533295210413,0.6603559804042876,-1.5090020791315177
9828.092316679,-2.0277533295210413,0.6603559804042876,-1.5090020791315177
9828.096580542,-2.0277533295210413,0.6603559804042876,-1.5090020791315177
9828.108803157,-2.0277533295210413,0.6603559804042876,-1.5090020791315177
9828.11541753,-2.0277533295210413,0.6603559804042876,-1.5090020791315177
9828.12609129,-2.0277533295210413,0.6603559804042876,-1.5090020791315177
9828.131994349,-2.027171587896082,0.650248433137657,-1.5176070824884522
9828.135438431,-2.027171587896082,0.650248433137657,-1.5176070824884522
9828.148383353,-2.027171587896082,0.650248433137657,-1.5176070824884522
9828.156673581,-2.027171587896082,0.650248433137657,-1.5176070824884522
9828.169524593,-2.027171587896082,0.650248433137657,-1.5176070824884522
9828.176487504,-2.027171587896082,0.650248433137657,-1.5176070824884522
9828.181584011,-2.0268382048584215,0.643625418762267,-1.5233963624261968
9828.182283352,-2.0268382048584215,0.643625418762267,-1.5233963624261968
9828.19074319,-2.0268382048584215,0.643625418762267,-1.5233963624261968
9828.196631522,-2.0268382048584215,0.643625418762267,-1.5233963624261968
9828.208379329,-2.0268382048584215,0.643625418762267,-1.5233963624261968
9828.220853801,-2.0268382048584215,0.643625418762267,-1.5233963624261968
9828.226373806,-2.0268382048584215,0.643625418762267,-1.5233963624261968
9828.236099636,-2.0268382048584215,0.643625418762267,-1.5233963624261968
9828.240232842,-2.0216308304792534,0.6355510760953466,-1.5308242327268666
9828.242451122,-2.0216308304792534,0.6355510760953466,-1.5308242327268666
9828.246855811,-2.0216308304792534,0.6355510760953466,-1.5308242327268666
9828.259558884,-2.0216308304792534,0.6355510760953466,-1.5308242327268666
9828.26674681,-2.0216308304792534,0.6355510760953466,-1.5308242327268666
9828.289562863,-2.0216308304792534,0.6355510760953466,-1.5308242327268666
9828.292311324,-2.014793351382316,0.623634345938509,-1.5294536099899187
9828.295774425,-2.014793351382316,0.623634345938509,-1.5294536099899187
9828.303188027,-2.014793351382316,0.623634345938509,-1.5294536099899187
9828.308157603,-2.014793351382316,0.623634345938509,-1.5294536099899187
9828.313362524,-2.014793351382316,0.623634345938509,-1.5294536099899187
9828.32284294,-2.014793351382316,0.623634345938509,-1.5294536099899187
9828.328412399,-2.014793351382316,0.623634345938509,-1.5294536099899187
9828.339101748,-2.014793351382316,0.623634345938509,-1.5294536099899187
9828.339895898,-2.014793351382316,0.623634345938509,-1.5294536099899187
9828.342916303,-2.013991189483364,0.6171003755337394,-1.5336076033788377
9828.349259263,-2.013991189483364,0.6171003755337394,-1.5336076033788377
9828.364057079,-2.013991189483364,0.6171003755337394,-1.5336076033788377
9828.370567665,-2.013991189483364,0.6171003755337394,-1.5336076033788377
9828.384145613,-2.013991189483364,0.6171003755337394,-1.5336076033788377
9828.388634381,-2.013991189483364,0.6171003755337394,-1.5336076033788377
9828.398866748,-2.013991189483364,0.6171003755337394,-1.5336076033788377
9828.399907373,-2.0137810950347235,0.6108521671910282,-1.5407608760076217
9828.40293928,-2.0137810950347235,0.6108521671910282,-1.5407608760076217
9828.409497827,-2.0137810950347235,0.6108521671910282,-1.5407608760076217
9828.420555101,-2.0137810950347235,0.6108521671910282,-1.5407608760076217
9828.434784266,-2.0137810950347235,0.6108521671910282,-1.5407608760076217
9828.438834536,-2.0137810950347235,0.6108521671910282,-1.5407608760076217
9828.439333769,-2.0137810950347235,0.6108521671910282,-1.5407608760076217
9828.440947166,-2.0134987698845013,0.6004533069008005,-1.546545864410941
9828.449010195,-2.0134987698845013,0.6004533069008005,-1.546545864410941
9828.459375602,-2.0134987698845013,0.6004533069008005,-1.546545864410941
9828.468312792,-2.0134987698845013,0.6004533069008005,-1.546545864410941
9828.481756213,-2.0134987698845013,0.6004533069008005,-1.546545864410941
9828.499986225,-2.0134987698845013,0.6004533069008005,-1.546545864410941
9828.505298819,-2.0134987698845013,0.6004533069008005,-1.546545864410941
9828.505983692,-2.0133370694082116,0.593393476981028,-1.5492461932378456
9828.511226805,-2.0133370694082116,0.593393476981028,-1.5492461932378456
9828.514195091,-2.0133370694082116,0.593393476981028,-1.5492461932378456
9828.520411102,-2.0133370694082116,0.593393476981028,-1.5492461932378456
9828.531016001,-2.0133370694082116,0.593393476981028,-1.5492461932378456
9828.544461756,-2.0133370694082116,0.593393476981028,-1.5492461932378456
9828.549931604,-2.0133370694082116,0.593393476981028,-1.5492461932378456
9828.553774753,-2.0133370694082116,0.593393476981028,-1.5492461932378456
9828.554482429,-2.0131297043188026,0.5828662735971081,-1.5529555094915086
9828.557284261,-2.0131297043188026,0.5828662735971081,-1.5529555094915086
9828.570660789,-2.0131297043188026,0.5828662735971081,-1.5529555094915086
9828.581708786,-2.0131297043188026,0.5828662735971081,-1.5529555094915086
9828.583588135,-2.0130056384863675,0.5757044238816341,-1.5539942992406532
9828.584943816,-2.0130056384863675,0.5757044238816341,-1.5539942992406532
9828.596665194,-2.0130056384863675,0.5757044238816341,-1.5539942992406532
9828.603828143,-2.0130056384863675,0.5757044238816341,-1.5539942992406532
9828.607330778,-2.0130056384863675,0.5757044238816341,-1.5539942992406532
9828.623785013,-2.0130056384863675,0.5757044238816341,-1.5539942992406532
9828.633972828,-2.0130056384863675,0.5757044238816341,-1.5539942992406532
9828.634845927,-2.0129056902964746,0.568542196990704,-1.5596903575139691
9828.642467562,-2.0129056902964746,0.568542196990704,-1.5596903575139691
9828.644710375,-2.0129056902964746,0.568542196990704,-1.5596903575139691
9828.650172605,-2.0129056902964746,0.568542196990704,-1.5596903575139691
9828.659475576,-2.0129056902964746,0.568542196990704,-1.5596903575139691
9828.668944136,-2.0129056902964746,0.568542196990704,-1.5596903575139691
9828.686149837,-2.0129056902964746,0.568542196990704,-1.5596903575139691
9828.697288985,-2.0129056902964746,0.568542196990704,-1.5596903575139691
9828.698243889,-2.0128468459779847,0.5614554491097492,-1.565295816727226
9828.707185457,-2.0128468459779847,0.5614554491097492,-1.565295816727226
9828.713389835,-2.0128468459779847,0.5614554491097492,-1.565295816727226
9828.719663204,-2.0128468459779847,0.5614554491097492,-1.565295816727226
9828.722334108,-2.0128468459779847,0.5614554491097492,-1.565295816727226
9828.727374599,-2.0128468459779847,0.5614554491097492,-1.565295816727226
9828.734145647,-2.0128031685005405,0.550951605079434,-1.5679804099279093
9828.738402207,-2.0128031685005405,0.550951605079434,-1.5679804099279093
9828.743154653,-2.0128031685005405,0.550951605079434,-1.5679804099279093
9828.751554678,-2.0128031685005405,0.550951605079434,-1.5679804099279093
9828.759482531,-2.0128031685005405,0.550951605079434,-1.5679804099279093
9828.773044456,-2.0128031685005405,0.550951605079434,-1.5679804099279093
9828.778917209,-2.0128031685005405,0.550951605079434,-1.5679804099279093
9828.786242534,-2.0128031685005405,0.550951605079434,-1.5679804099279093
9828.799740989,-2.0128031685005405,0.550951605079434,-1.5679804099279093
9828.8006418,-2.0127998278736494,0.5439152350635686,-1.5726627124028847
9828.802677745,-2.0127998278736494,0.5439152350635686,-1.5726627124028847
9828.813371182,-2.0127998278736494,0.5439152350635686,-1.5726627124028847
9828.818365926,-2.0127998278736494,0.5439152350635686,-1.5726627124028847
9828.830112151,-2.0127998278736494,0.5439152350635686,-1.5726627124028847
9828.83887941,-2.0127998278736494,0.5439152350635686,-1.5726627124028847
9828.842173933,-2.0128304845834535,0.5368789310390046,-1.5776437533574745
9828.845267295,-2.0128304845834535,0.5368789310390046,-1.5776437533574745
9828.854806663,-2.0128304845834535,0.5368789310390046,-1.5776437533574745
9828.858081588,-2.0128304845834535,0.5368789310390046,-1.5776437533574745
9828.86875122,-2.0128304845834535,0.5368789310390046,-1.5776437533574745
9828.878696995,-2.0128304845834535,0.5368789310390046,-1.5776437533574745
9828.883114208,-2.0128304845834535,0.5368789310390046,-1.5776437533574745
9828.888927728,-2.0129109660250175,0.5263753045284708,-1.579273105927055
9828.892781928,-2.0129109660250175,0.5263753045284708,-1.579273105927055
9828.902989577,-2.0129109660250175,0.5263753045284708,-1.579273105927055
9828.908071495,-2.0129109660250175,0.5263753045284708,-1.579273105927055
9828.917849964,-2.0129109660250175,0.5263753045284708,-1.579273105927055
9828.930251828,-2.0129109660250175,0.5263753045284708,-1.579273105927055
9828.934997551,-2.012991958057107,0.5192381505059201,-1.5850144637303996
9828.938640702,-2.012991958057107,0.5192381505059201,-1.5850144637303996
9828.946144895,-2.012991958057107,0.5192381505059201,-1.5850144637303996
9828.948949192,-2.012991958057107,0.5192381505059201,-1.5850144637303996
9828.956291029,-2.012991958057107,0.5192381505059201,-1.5850144637303996
9828.968703733,-2.012991958057107,0.5192381505059201,-1.5850144637303996
9828.986099028,-2.012991958057107,0.5192381505059201,-1.5850144637303996
9828.994135554,-2.012991958057107,0.5192381505059201,-1.5850144637303996
9829.00610832,-2.012991958057107,0.5192381505059201,-1.5850144637303996
9829.007546146,-2.012991958057107,0.5192381505059201,-1.5850144637303996
9829.01018491,-2.012991958057107,0.5192381505059201,-1.5850144637303996
9829.012073727,-2.013106377803649,0.5123039663882568,-1.589576841660087
9829.017659838,-2.013106377803649,0.5123039663882568,-1.589576841660087
9829.024893497,-2.013106377803649,0.5123039663882568,-1.589576841660087
9829.036291288,-2.013106377803649,0.5123039663882568,-1.589576841660087
9829.04042268,-2.013106377803649,0.5123039663882568,-1.589576841660087
9829.040916433,-2.013316533052751,0.5020552928650931,-1.593021274872367
9829.053358583,-2.013316533052751,0.5020552928650931,-1.593021274872367
9829.061035102,-2.013316533052751,0.5020552928650931,-1.593021274872367
9829.070059346,-2.013316533052751,0.5020552928650931,-1.593021274872367
9829.086024039,-2.013316533052751,0.5020552928650931,-1.593021274872367
9829.098962526,-2.013316533052751,0.5020552928650931,-1.593021274872367
9829.100197278,-2.0134979724317446,0.4952238165758192,-1.6016775382238075
9829.105267414,-2.0134979724317446,0.4952238165758192,-1.6016775382238075
9829.111084541,-2.0134979724317446,0.4952238165758192,-1.6016775382238075
9829.116458822,-2.0134979724317446,0.4952238165758192,-1.6016775382238075
9829.121929795,-2.0134979724317446,0.4952238165758192,-1.6016775382238075
9829.129276972,-2.0134979724317446,0.4952238165758192,-1.6016775382238075
9829.141032843,-2.0134979724317446,0.4952238165758192,-1.6016775382238075
9829.147728619,-2.013724965620494,0.48844435171175304,-1.6068550360875773
9829.151305736,-2.013724965620494,0.48844435171175304,-1.6068550360875773
9829.152008343,-2.013724965620494,0.48844435171175304,-1.6068550360875773
9829.153777644,-2.013724965620494,0.48844435171175304,-1.6068550360875773
9829.16224132,-2.013724965620494,0.48844435171175304,-1.6068550360875773
9829.1733905,-2.013724965620494,0.48844435171175304,-1.6068550360875773
9829.178021147,-2.013724965620494,0.48844435171175304,-1.6068550360875773
9829.181762132,-2.0141216180193706,0.47817587116679394,-1.6119555247502977
9829.186032658,-2.0141216180193706,0.47817587116679394,-1.6119555247502977
9829.197878883,-2.0141216180193706,0.47817587116679394,-1.6119555247502977
9829.209219232,-2.0141216180193706,0.47817587116679394,-1.6119555247502977
9829.217084317,-2.0141216180193706,0.47817587116679394,-1.6119555247502977
9829.231793769,-2.0141216180193706,0.47817587116679394,-1.6119555247502977
9829.233729735,-2.0144136896573674,0.471677585178619,-1.6194685710149461
9829.235077872,-2.0144136896573674,0.471677585178619,-1.6194685710149461
9829.243812168,-2.0144136896573674,0.471677585178619,-1.6194685710149461
9829.24714886,-2.0144136896573674,0.471677585178619,-1.6194685710149461
9829.247784581,-2.0144136896573674,0.471677585178619,-1.6194685710149461
9829.256454466,-2.0144136896573674,0.471677585178619,-1.6194685710149461
9829.271326506,-2.0144136896573674,0.471677585178619,-1.6194685710149461
9829.282116041,-2.0144136896573674,0.471677585178619,-1.6194685710149461
9829.288275257,-2.0144136896573674,0.471677585178619,-1.6194685710149461
9829.289970198,-2.0147780669186584,0.4646760001257251,-1.6261144889074017
9829.291123537,-2.0147780669186584,0.4646760001257251,-1.6261144889074017
9829.29942753,-2.0147780669186584,0.4646760001257251,-1.6261144889074017
9829.31229819,-2.0147780669186584,0.4646760001257251,-1.6261144889074017
9829.320960681,-2.0147780669186584,0.4646760001257251,-1.6261144889074017
9829.330100433,-2.0147780669186584,0.4646760001257251,-1.6261144889074017
9829.332901323,-2.0147780669186584,0.4646760001257251,-1.6261144889074017
9829.333588982,-2.015368387703738,0.45444218384909546,-1.6307171595769574
9829.34276344,-2.015368387703738,0.45444218384909546,-1.6307171595769574
9829.350408349,-2.015368387703738,0.45444218384909546,-1.6307171595769574
9829.35605272,-2.015368387703738,0.45444218384909546,-1.6307171595769574
9829.369016134,-2.015368387703738,0.45444218384909546,-1.6307171595769574
9829.377611929,-2.015368387703738,0.45444218384909546,-1.6307171595769574
9829.386383887,-2.01581458776314,0.44762288080214435,-1.6415530455785439
9829.407924288,-2.01581458776314,0.44762288080214435,-1.6415530455785439
9829.408880707,-2.01581458776314,0.44762288080214435,-1.6415530455785439
9829.416761923,-2.01581458776314,0.44762288080214435,-1.6415530455785439
9829.422910102,-2.01581458776314,0.44762288080214435,-1.6415530455785439
9829.427747629,-2.01581458776314,0.44762288080214435,-1.6415530455785439
9829.434482719,-2.01581458776314,0.44762288080214435,-1.6415530455785439
9829.435860425,-2.016314894447006,0.44101038075386434,-1.6510733378606486
9829.440310149,-2.016314894447006,0.44101038075386434,-1.6510733378606486
9829.448693212,-2.016314894447006,0.44101038075386434,-1.6510733378606486
9829.459928352,-2.016314894447006,0.44101038075386434,-1.6510733378606486
9829.468678098,-2.016314894447006,0.44101038075386434,-1.6510733378606486
9829.469350538,-2.016314894447006,0.44101038075386434,-1.6510733378606486
9829.481919377,-2.016314894447006,0.44101038075386434,-1.6510733378606486
9829.485366227,-2.0171390473460815,0.43114827874238804,-1.6572672141271285
9829.486862152,-2.0171390473460815,0.43114827874238804,-1.6572672141271285
9829.492947336,-2.0171390473460815,0.43114827874238804,-1.6572672141271285
9829.499634443,-2.0171390473460815,0.43114827874238804,-1.6572672141271285
9829.518918075,-2.0171390473460815,0.43114827874238804,-1.6572672141271285
9829.526202476,-2.0171390473460815,0.43114827874238804,-1.6572672141271285
9829.533016266,-2.0171390473460815,0.43114827874238804,-1.6572672141271285
9829.535208596,-2.0177203643832478,0.4247965316103188,-1.6668585551458057
9829.541873665,-2.0177203643832478,0.4247965316103188,-1.6668585551458057
9829.543460612,-2.0177203643832478,0.4247965316103188,-1.6668585551458057
9829.551993007,-2.0177203643832478,0.4247965316103188,-1.6668585551458057
9829.555982472,-2.0177203643832478,0.4247965316103188,-1.6668585551458057
9829.570230332,-2.0177203643832478,0.4247965316103188,-1.6668585551458057
9829.587402757,-2.0177203643832478,0.4247965316103188,-1.6668585551458057
9829.593109425,-2.0177203643832478,0.4247965316103188,-1.6668585551458057
9829.594535027,-2.0177203643832478,0.4247965316103188,-1.6668585551458057
9829.595715667,-2.018386803137607,0.41824958541748863,-1.677622915573661
9829.59948146,-2.018386803137607,0.41824958541748863,-1.677622915573661
9829.610442963,-2.018386803137607,0.41824958541748863,-1.677622915573661
9829.611595139,-2.018386803137607,0.41824958541748863,-1.677622915573661
9829.619844531,-2.018386803137607,0.41824958541748863,-1.677622915573661
9829.63385887,-2.018386803137607,0.41824958541748863,-1.677622915573661
9829.641439828,-2.018386803137607,0.41824958541748863,-1.677622915573661
9829.648018182,-2.0194896292784827,0.40828740990404894,-1.6844745886998822
9829.655012072,-2.0194896292784827,0.40828740990404894,-1.6844745886998822
9829.659163173,-2.0194896292784827,0.40828740990404894,-1.6844745886998822
9829.667778484,-2.0194896292784827,0.40828740990404894,-1.6844745886998822
9829.676675989,-2.0194896292784827,0.40828740990404894,-1.6844745886998822
9829.684594866,-2.0202319711333527,0.4019524632035658,-1.6904181254583048
9829.690727468,-2.0202319711333527,0.4019524632035658,-1.6904181254583048
9829.694781676,-2.0202319711333527,0.4019524632035658,-1.6904181254583048
9829.702475658,-2.0202319711333527,0.4019524632035658,-1.6904181254583048
9829.710029044,-2.0202319711333527,0.4019524632035658,-1.6904181254583048
9829.719253297,-2.0202319711333527,0.4019524632035658,-1.6904181254583048
9829.731662744,-2.0202319711333527,0.4019524632035658,-1.6904181254583048
9829.735924834,-2.021094531743026,0.39494365911622037,-1.6960793746190719
9829.739357978,-2.021094531743026,0.39494365911622037,-1.6960793746190719
9829.742648393,-2.021094531743026,0.39494365911622037,-1.6960793746190719
9829.746176257,-2.021094531743026,0.39494365911622037,-1.6960793746190719
9829.758330222,-2.021094531743026,0.39494365911622037,-1.6960793746190719
9829.767833251,-2.021094531743026,0.39494365911622037,-1.6960793746190719
9829.779753906,-2.021094531743026,0.39494365911622037,-1.6960793746190719
9829.792873956,-2.021094531743026,0.39494365911622037,-1.6960793746190719
9829.80027246,-2.021094531743026,0.39494365911622037,-1.6960793746190719
9829.80348115,-2.021094531743026,0.39494365911622037,-1.6960793746190719
9829.80394702,-2.022404527733813,0.38462377959510935,-1.6980408442693407
9829.806672166,-2.022404527733813,0.38462377959510935,-1.6980408442693407
9829.823554824,-2.022404527733813,0.38462377959510935,-1.6980408442693407
9829.830123209,-2.022404527733813,0.38462377959510935,-1.6980408442693407
9829.835097134,-2.022404527733813,0.38462377959510935,-1.6980408442693407
9829.836605062,-2.0266350870084313,0.3742894700190185,-1.7087559133897008
9829.839548061,-2.0266350870084313,0.3742894700190185,-1.7087559133897008
9829.850425505,-2.0266350870084313,0.3742894700190185,-1.7087559133897008
9829.857755991,-2.0266350870084313,0.3742894700190185,-1.7087559133897008
9829.872610537,-2.0266350870084313,0.3742894700190185,-1.7087559133897008
9829.876251614,-2.0266350870084313,0.3742894700190185,-1.7087559133897008
9829.894879987,-2.0266350870084313,0.3742894700190185,-1.7087559133897008
9829.904808079,-2.0266350870084313,0.3742894700190185,-1.7087559133897008
9829.905540452,-2.0266350870084313,0.3742894700190185,-1.7087559133897008
9829.908190658,-2.0266350870084313,0.3742894700190185,-1.7087559133897008
9829.908804627,-2.0266350870084313,0.3742894700190185,-1.7087559133897008
9829.910652147,-2.032282849487446,0.36246288688849565,-1.7181759902924272
9829.91986138,-2.032282849487446,0.36246288688849565,-1.7181759902924272
9829.932302488,-2.032282849487446,0.36246288688849565,-1.7181759902924272
9829.936830931,-2.0338520480903206,0.3520256328145239,-1.721873147198555
9829.944801646,-2.0338520480903206,0.3520256328145239,-1.721873147198555
9829.947310073,-2.0338520480903206,0.3520256328145239,-1.721873147198555
9829.959786488,-2.0338520480903206,0.3520256328145239,-1.721873147198555
9829.969330393,-2.0338520480903206,0.3520256328145239,-1.721873147198555
9829.977281381,-2.0338520480903206,0.3520256328145239,-1.721873147198555
9829.978883627,-2.0349266620928406,0.34512303186051996,-1.7286048957794877
9829.980405842,-2.0349266620928406,0.34512303186051996,-1.7286048957794877
9829.987930314,-2.0349266620928406,0.34512303186051996,-1.7286048957794877
9830.003078725,-2.0349266620928406,0.34512303186051996,-1.7286048957794877
9830.019711229,-2.0349266620928406,0.34512303186051996,-1.7286048957794877
9830.025494683,-2.0349266620928406,0.34512303186051996,-1.7286048957794877
9830.030654037,-2.0349266620928406,0.34512303186051996,-1.7286048957794877
9830.039377073,-2.0349266620928406,0.34512303186051996,-1.7286048957794877
9830.040797055,-2.0360204654350107,0.3384028917754614,-1.7356878349274376
9830.052645613,-2.0360204654350107,0.3384028917754614,-1.7356878349274376
9830.053933145,-2.0360204654350107,0.3384028917754614,-1.7356878349274376
9830.057836608,-2.0360204654350107,0.3384028917754614,-1.7356878349274376
9830.069078941,-2.0360204654350107,0.3384028917754614,-1.7356878349274376
9830.079098816,-2.0360204654350107,0.3384028917754614,-1.7356878349274376
9830.082079676,-2.037773997413314,0.32799502059731167,-1.7397323677033163
9830.083078042,-2.037773997413314,0.32799502059731167,-1.7397323677033163
9830.093980344,-2.037773997413314,0.32799502059731167,-1.7397323677033163
9830.101302333,-2.037773997413314,0.32799502059731167,-1.7397323677033163
9830.111696174,-2.037773997413314,0.32799502059731167,-1.7397323677033163
9830.120059089,-2.037773997413314,0.32799502059731167,-1.7397323677033163
9830.133002075,-2.037773997413314,0.32799502059731167,-1.7397323677033163
9830.134692107,-2.038944953202849,0.3212108261047282,-1.7436934539765085
9830.13834155,-2.038944953202849,0.3212108261047282,-1.7436934539765085
9830.140159383,-2.038944953202849,0.3212108261047282,-1.7436934539765085
9830.147746904,-2.038944953202849,0.3212108261047282,-1.7436934539765085
9830.161643331,-2.038944953202849,0.3212108261047282,-1.7436934539765085
9830.167743973,-2.038944953202849,0.3212108261047282,-1.7436934539765085
9830.177519847,-2.038944953202849,0.3212108261047282,-1.7436934539765085
9830.190039353,-2.038944953202849,0.3212108261047282,-1.7436934539765085
9830.192551638,-2.0401580563682806,0.31427981644740016,-1.7444399425476764
9830.195859696,-2.0401580563682806,0.31427981644740016,-1.7444399425476764
9830.198023994,-2.0401580563682806,0.31427981644740016,-1.7444399425476764
9830.201247632,-2.0401580563682806,0.31427981644740016,-1.7444399425476764
9830.206805099,-2.0401580563682806,0.31427981644740016,-1.7444399425476764
9830.224914192,-2.0401580563682806,0.31427981644740016,-1.7444399425476764
9830.232379111,-2.0401580563682806,0.31427981644740016,-1.7444399425476764
9830.236930117,-2.0401580563682806,0.31427981644740016,-1.7444399425476764
9830.237795732,-2.041990067691671,0.30403971208577024,-1.751217944332954
9830.251324404,-2.041990067691671,0.30403971208577024,-1.751217944332954
9830.259817625,-2.041990067691671,0.30403971208577024,-1.751217944332954
9830.2697791,-2.041990067691671,0.30403971208577024,-1.751217944332954
9830.283270371,-2.041990067691671,0.30403971208577024,-1.751217944332954
9830.284479004,-2.041990067691671,0.30403971208577024,-1.751217944332954
9830.297798241,-2.041990067691671,0.30403971208577024,-1.751217944332954
9830.298698421,-2.0432537202128707,0.2971692042813716,-1.7541574069946972
9830.301779641,-2.0432537202128707,0.2971692042813716,-1.7541574069946972
9830.320784325,-2.0432537202128707,0.2971692042813716,-1.7541574069946972
9830.325411485,-2.0432537202128707,0.2971692042813716,-1.7541574069946972
9830.331733816,-2.0432537202128707,0.2971692042813716,-1.7541574069946972
9830.336645002,-2.0445588282535025,0.2902034199619779,-1.7578602859467236
9830.339480998,-2.0445588282535025,0.2902034199619779,-1.7578602859467236
9830.344826555,-2.0445588282535025,0.2902034199619779,-1.7578602859467236
9830.350983934,-2.0445588282535025,0.2902034199619779,-1.7578602859467236
9830.356651319,-2.0445588282535025,0.2902034199619779,-1.7578602859467236
9830.3679455,-2.0445588282535025,0.2902034199619779,-1.7578602859467236
9830.378873921,-2.0445588282535025,0.2902034199619779,-1.7578602859467236
9830.3851419,-2.0464804917225825,0.280185864158262,-1.7627867290467003
9830.389452361,-2.0464804917225825,0.280185864158262,-1.7627867290467003
9830.393219686,-2.0464804917225825,0.280185864158262,-1.7627867290467003
9830.397053297,-2.0464804917225825,0.280185864158262,-1.7627867290467003
9830.408000433,-2.0464804917225825,0.280185864158262,-1.7627867290467003
9830.419668921,-2.0464804917225825,0.280185864158262,-1.7627867290467003
9830.42938376,-2.0464804917225825,0.280185864158262,-1.7627867290467003
9830.430765159,-2.0464804917225825,0.280185864158262,-1.7627867290467003
9830.432549088,-2.0478130927794136,0.27343156132247215,-1.7683955261200646
9830.438013289,-2.0478130927794136,0.27343156132247215,-1.7683955261200646
9830.447361455,-2.0478130927794136,0.27343156132247215,-1.7683955261200646
9830.45831334,-2.0478130927794136,0.27343156132247215,-1.7683955261200646
9830.469355426,-2.0478130927794136,0.27343156132247215,-1.7683955261200646
9830.478793952,-2.0478130927794136,0.27343156132247215,-1.7683955261200646
9830.489751548,-2.0478130927794136,0.27343156132247215,-1.7683955261200646
9830.501167851,-2.0492154427105858,0.2665880161991335,-1.7774325439423295
9830.503832003,-2.0492154427105858,0.2665880161991335,-1.7774325439423295
9830.515228848,-2.0492154427105858,0.2665880161991335,-1.7774325439423295
9830.518925009,-2.0492154427105858,0.2665880161991335,-1.7774325439423295
9830.523702883,-2.0492154427105858,0.2665880161991335,-1.7774325439423295
9830.5260096,-2.0492154427105858,0.2665880161991335,-1.7774325439423295
9830.527226308,-2.0512446379905653,0.25705702079513054,-1.7837055751770714
9830.538025365,-2.0512446379905653,0.25705702079513054,-1.7837055751770714
9830.539293049,-2.0512446379905653,0.25705702079513054,-1.7837055751770714
9830.549784665,-2.0512446379905653,0.25705702079513054,-1.7837055751770714
9830.557590378,-2.0512446379905653,0.25705702079513054,-1.7837055751770714
9830.567086794,-2.0512446379905653,0.25705702079513054,-1.7837055751770714
9830.576321736,-2.0512446379905653,0.25705702079513054,-1.7837055751770714
9830.580103416,-2.0512446379905653,0.25705702079513054,-1.7837055751770714
9830.584109525,-2.0527071438120403,0.25040737680192915,-1.79086838454902
9830.587017918,-2.0527071438120403,0.25040737680192915,-1.79086838454902
9830.59998491,-2.0527071438120403,0.25040737680192915,-1.79086838454902
9830.60731821,-2.0527071438120403,0.25040737680192915,-1.79086838454902
9830.619698403,-2.0527071438120403,0.25040737680192915,-1.79086838454902
9830.631967777,-2.0527071438120403,0.25040737680192915,-1.79086838454902
9830.640966222,-2.0527071438120403,0.25040737680192915,-1.79086838454902
9830.64807024,-2.0542041732230985,0.24386924220760736,-1.80090199203193
9830.651693172,-2.0542041732230985,0.24386924220760736,-1.80090199203193
9830.652235807,-2.0542041732230985,0.24386924220760736,-1.80090199203193
9830.657144839,-2.0542041732230985,0.24386924220760736,-1.80090199203193
9830.671124723,-2.0542041732230985,0.24386924220760736,-1.80090199203193
9830.680211025,-2.0542041732230985,0.24386924220760736,-1.80090199203193
9830.68569555,-2.0542041732230985,0.24386924220760736,-1.80090199203193
9830.686308678,-2.0564612127005315,0.23438961775973455,-1.8081742355316857
9830.687772313,-2.0564612127005315,0.23438961775973455,-1.8081742355316857
9830.707088429,-2.0564612127005315,0.23438961775973455,-1.8081742355316857
9830.713704445,-2.0564612127005315,0.23438961775973455,-1.8081742355316857
9830.722315779,-2.0564612127005315,0.23438961775973455,-1.8081742355316857
9830.729378799,-2.0564612127005315,0.23438961775973455,-1.8081742355316857
9830.731523821,-2.0564612127005315,0.23438961775973455,-1.8081742355316857
9830.732199958,-2.058019819654914,0.22804819080104943,-1.8154276439636918
9830.736605378,-2.058019819654914,0.22804819080104943,-1.8154276439636918
9830.747113492,-2.058019819654914,0.22804819080104943,-1.8154276439636918
9830.756034622,-2.058019819654914,0.22804819080104943,-1.8154276439636918
9830.768222845,-2.058019819654914,0.22804819080104943,-1.8154276439636918
9830.776199922,-2.058019819654914,0.22804819080104943,-1.8154276439636918
9830.790043469,-2.058019819654914,0.22804819080104943,-1.8154276439636918
9830.790686112,-2.058019819654914,0.22804819080104943,-1.8154276439636918
9830.791578568,-2.059527539053867,0.22213758488679725,-1.8256865570038523
9830.792306022,-2.059527539053867,0.22213758488679725,-1.8256865570038523
9830.796867678,-2.059527539053867,0.22213758488679725,-1.8256865570038523
9830.811477452,-2.059527539053867,0.22213758488679725,-1.8256865570038523
9830.817337359,-2.059527539053867,0.22213758488679725,-1.8256865570038523
9830.826560549,-2.059527539053867,0.22213758488679725,-1.8256865570038523
9830.827514742,-2.062058009427939,0.21259627097924366,-1.8343936035126427
9830.836209303,-2.062058009427939,0.21259627097924366,-1.8343936035126427
9830.848552767,-2.062058009427939,0.21259627097924366,-1.8343936035126427
9830.855817318,-2.062058009427939,0.21259627097924366,-1.8343936035126427
9830.868254999,-2.062058009427939,0.21259627097924366,-1.8343936035126427
9830.876114423,-2.062058009427939,0.21259627097924366,-1.8343936035126427
9830.890230765,-2.062058009427939,0.21259627097924366,-1.8343936035126427
9830.893141223,-2.062058009427939,0.21259627097924366,-1.8343936035126427
9830.894080416,-2.063709820051769,0.20656669646404963,-1.8419812747925497
9830.896689675,-2.063709820051769,0.20656669646404963,-1.8419812747925497
9830.909181308,-2.063709820051769,0.20656669646404963,-1.8419812747925497
9830.918784696,-2.063709820051769,0.20656669646404963,-1.8419812747925497
9830.925964046,-2.063709820051769,0.20656669646404963,-1.8419812747925497
9830.932254297,-2.066427352295648,0.19694539478686912,-1.8501688072174756
9830.93697876,-2.066427352295648,0.19694539478686912,-1.8501688072174756
9830.940629796,-2.066427352295648,0.19694539478686912,-1.8501688072174756
9830.948114773,-2.066427352295648,0.19694539478686912,-1.8501688072174756
9830.95644698,-2.066427352295648,0.19694539478686912,-1.8501688072174756
9830.970501044,-2.066427352295648,0.19694539478686912,-1.8501688072174756
9830.981282217,-2.066427352295648,0.19694539478686912,-1.8501688072174756
9830.983954364,-2.0682450275041515,0.19067331312708685,-1.8555773326843952
9830.98505373,-2.0682450275041515,0.19067331312708685,-1.8555773326843952
9830.997248803,-2.0682450275041515,0.19067331312708685,-1.8555773326843952
9831.012028238,-2.0682450275041515,0.19067331312708685,-1.8555773326843952
9831.019096187,-2.0682450275041515,0.19067331312708685,-1.8555773326843952
9831.028531027,-2.0682450275041515,0.19067331312708685,-1.8555773326843952
9831.036162357,-2.0682450275041515,0.19067331312708685,-1.8555773326843952
9831.038114044,-2.070206142283978,0.18404763542554997,-1.8615575859040006
9831.04615985,-2.070206142283978,0.18404763542554997,-1.8615575859040006
9831.053283568,-2.070206142283978,0.18404763542554997,-1.8615575859040006
9831.058929311,-2.070206142283978,0.18404763542554997,-1.8615575859040006
9831.060895936,-2.070206142283978,0.18404763542554997,-1.8615575859040006
9831.068448397,-2.070206142283978,0.18404763542554997,-1.8615575859040006
9831.079565597,-2.070206142283978,0.18404763542554997,-1.8615575859040006
9831.087773841,-2.0721265414494323,0.17775329573735016,-1.8722921440094675
9831.089080819,-2.0721265414494323,0.17775329573735016,-1.8722921440094675
9831.099727845,-2.0721265414494323,0.17775329573735016,-1.8722921440094675
9831.102376568,-2.0721265414494323,0.17775329573735016,-1.8722921440094675
9831.112699128,-2.0721265414494323,0.17775329573735016,-1.8722921440094675
9831.122203997,-2.0721265414494323,0.17775329573735016,-1.8722921440094675
9831.132144425,-2.0721265414494323,0.17775329573735016,-1.8722921440094675
9831.13564661,-2.0751901617555353,0.1680771234057104,-1.8825590440720295
9831.147151316,-2.0751901617555353,0.1680771234057104,-1.8825590440720295
9831.14798999,-2.0751901617555353,0.1680771234057104,-1.8825590440720295
9831.152659973,-2.0751901617555353,0.1680771234057104,-1.8825590440720295
9831.16618106,-2.0751901617555353,0.1680771234057104,-1.8825590440720295
9831.171929238,-2.0751901617555353,0.1680771234057104,-1.8825590440720295
9831.185673336,-2.0751901617555353,0.1680771234057104,-1.8825590440720295
9831.19149904,-2.0751901617555353,0.1680771234057104,-1.8825590440720295
9831.193011326,-2.0772636476931035,0.16177822511052214,-1.8950536081284264
9831.194409844,-2.0772636476931035,0.16177822511052214,-1.8950536081284264
9831.204667782,-2.0772636476931035,0.16177822511052214,-1.8950536081284264
9831.209230349,-2.0772636476931035,0.16177822511052214,-1.8950536081284264
9831.220124355,-2.0772636476931035,0.16177822511052214,-1.8950536081284264
9831.230276049,-2.0772636476931035,0.16177822511052214,-1.8950536081284264
9831.239631358,-2.0772636476931035,0.16177822511052214,-1.8950536081284264
9831.242166707,-2.080508331563144,0.15224142717716987,-1.9024244377106398
9831.243569126,-2.080508331563144,0.15224142717716987,-1.9024244377106398
9831.247667864,-2.080508331563144,0.15224142717716987,-1.9024244377106398
9831.261605441,-2.080508331563144,0.15224142717716987,-1.9024244377106398
9831.268012482,-2.080508331563144,0.15224142717716987,-1.9024244377106398
9831.281583912,-2.080508331563144,0.15224142717716987,-1.9024244377106398
9831.286235821,-2.082634492854261,0.14614745812526414,-1.9105501005142902
9831.29161446,-2.082634492854261,0.14614745812526414,-1.9105501005142902
9831.298849054,-2.082634492854261,0.14614745812526414,-1.9105501005142902
9831.306039195,-2.082634492854261,0.14614745812526414,-1.9105501005142902
9831.308701232,-2.082634492854261,0.14614745812526414,-1.9105501005142902
9831.322543136,-2.082634492854261,0.14614745812526414,-1.9105501005142902
9831.32873943,-2.082634492854261,0.14614745812526414,-1.9105501005142902
9831.330404284,-2.084851922495319,0.13992464368789864,-1.9156637021988607
9831.340645536,-2.084851922495319,0.13992464368789864,-1.9156637021988607
9831.350619274,-2.084851922495319,0.13992464368789864,-1.9156637021988607
9831.352938134,-2.084851922495319,0.13992464368789864,-1.9156637021988607
9831.363947127,-2.084851922495319,0.13992464368789864,-1.9156637021988607
9831.368691264,-2.084851922495319,0.13992464368789864,-1.9156637021988607
9831.380285967,-2.084851922495319,0.13992464368789864,-1.9156637021988607
9831.389741432,-2.087160568755995,0.13357325921738442,-1.9232072660416337
9831.3956578,-2.087160568755995,0.13357325921738442,-1.9232072660416337
9831.39656334,-2.087160568755995,0.13357325921738442,-1.9232072660416337
9831.404400522,-2.087160568755995,0.13357325921738442,-1.9232072660416337
9831.415374369,-2.087160568755995,0.13357325921738442,-1.9232072660416337
9831.420712762,-2.087160568755995,0.13357325921738442,-1.9232072660416337
9831.431541063,-2.0796068273138886,0.12903848584557415,-1.9236739824827365
9831.437045991,-2.0796068273138886,0.12903848584557415,-1.9236739824827365
9831.438816375,-2.0796068273138886,0.12903848584557415,-1.9236739824827365
9831.443327685,-2.0796068273138886,0.12903848584557415,-1.9236739824827365
9831.448602739,-2.0796068273138886,0.12903848584557415,-1.9236739824827365
9831.458134191,-2.0796068273138886,0.12903848584557415,-1.9236739824827365
9831.469949296,-2.0796068273138886,0.12903848584557415,-1.9236739824827365
9831.485997077,-2.0796068273138886,0.12903848584557415,-1.9236739824827365
9831.502083088,-2.0796068273138886,0.12903848584557415,-1.9236739824827365
9831.50406955,-2.0796068273138886,0.12903848584557415,-1.9236739824827365
9831.522267121,-2.0796068273138886,0.12903848584557415,-1.9236739824827365
9831.523302155,-2.0639964411265055,0.1307956447461593,-1.9269958073024163
9831.533373658,-2.0639964411265055,0.1307956447461593,-1.9269958073024163
9831.541030038,-2.0639964411265055,0.1307956447461593,-1.9269958073024163
9831.543354478,-2.0639964411265055,0.1307956447461593,-1.9269958073024163
9831.548222944,-2.0639964411265055,0.1307956447461593,-1.9269958073024163
9831.549168239,-2.0661162402558118,0.12179866713278897,-1.9324629983845292
9831.55584514,-2.0661162402558118,0.12179866713278897,-1.9324629983845292
9831.556698131,-2.0661162402558118,0.12179866713278897,-1.9324629983845292
9831.559730128,-2.0661162402558118,0.12179866713278897,-1.9324629983845292
9831.561914033,-2.0661162402558118,0.12179866713278897,-1.9324629983845292
9831.566759644,-2.0661162402558118,0.12179866713278897,-1.9324629983845292
9831.577600637,-2.0661162402558118,0.12179866713278897,-1.9324629983845292
9831.582875433,-2.0684274791782666,0.11574535748879214,-1.9385921440067817
9831.594088962,-2.0684274791782666,0.11574535748879214,-1.9385921440067817
9831.598358887,-2.0684274791782666,0.11574535748879214,-1.9385921440067817
9831.609431741,-2.0684274791782666,0.11574535748879214,-1.9385921440067817
9831.620044084,-2.0684274791782666,0.11574535748879214,-1.9385921440067817
9831.632348334,-2.0684274791782666,0.11574535748879214,-1.9385921440067817
9831.637870343,-2.0684274791782666,0.11574535748879214,-1.9385921440067817
9831.651590136,-2.0684274791782666,0.11574535748879214,-1.9385921440067817
9831.653671437,-2.0684274791782666,0.11574535748879214,-1.9385921440067817
9831.65625147,-2.0684274791782666,0.11574535748879214,-1.9385921440067817
9831.656925724,-2.0707924101323973,0.10968564394704548,-1.947183199876838
9831.659462455,-2.0707924101323973,0.10968564394704548,-1.947183199876838
9831.678802801,-2.0707924101323973,0.10968564394704548,-1.947183199876838
9831.680518421,-2.0707924101323973,0.10968564394704548,-1.947183199876838
9831.697960127,-2.0707924101323973,0.10968564394704548,-1.947183199876838
9831.700628717,-2.074400463865071,0.10066085530584115,-1.9550665101948306
9831.710271507,-2.074400463865071,0.10066085530584115,-1.9550665101948306
9831.717148776,-2.074400463865071,0.10066085530584115,-1.9550665101948306
9831.729491171,-2.074400463865071,0.10066085530584115,-1.9550665101948306
9831.737227212,-2.074400463865071,0.10066085530584115,-1.9550665101948306
9831.738091264,-2.0769202549669705,0.09449948795253384,-1.9629499397221146
9831.741250992,-2.0769202549669705,0.09449948795253384,-1.9629499397221146
9831.744239907,-2.0769202549669705,0.09449948795253384,-1.9629499397221146
9831.745029238,-2.0769202549669705,0.09449948795253384,-1.9629499397221146
9831.751644151,-2.0769202549669705,0.09449948795253384,-1.9629499397221146
9831.757173795,-2.0769202549669705,0.09449948795253384,-1.9629499397221146
9831.769307402,-2.0769202549669705,0.09449948795253384,-1.9629499397221146
9831.781374463,-2.0769202549669705,0.09449948795253384,-1.9629499397221146
9831.798046382,-2.0769202549669705,0.09449948795253384,-1.9629499397221146
9831.798995064,-2.079317391390513,0.08878043179023407,-1.9724513969364692
9831.808921803,-2.079317391390513,0.08878043179023407,-1.9724513969364692
9831.812254655,-2.079317391390513,0.08878043179023407,-1.9724513969364692
9831.821355416,-2.079317391390513,0.08878043179023407,-1.9724513969364692
9831.82828247,-2.079317391390513,0.08878043179023407,-1.9724513969364692
9831.835967956,-2.079317391390513,0.08878043179023407,-1.9724513969364692
9831.836910165,-2.079317391390513,0.08878043179023407,-1.9724513969364692
9831.844770471,-2.079317391390513,0.08878043179023407,-1.9724513969364692
9831.845544623,-2.0831155271975215,0.07991652867927646,-1.978795238489203
9831.850850435,-2.0831155271975215,0.07991652867927646,-1.978795238489203
9831.861133497,-2.0831155271975215,0.07991652867927646,-1.978795238489203
9831.871904941,-2.0831155271975215,0.07991652867927646,-1.978795238489203
9831.884662997,-2.0831155271975215,0.07991652867927646,-1.978795238489203
9831.890436592,-2.0831155271975215,0.07991652867927646,-1.978795238489203
9831.904101822,-2.0856528951902598,0.07411987521116835,-1.9880040368977112
9831.908492725,-2.0856528951902598,0.07411987521116835,-1.9880040368977112
9831.909279431,-2.0856528951902598,0.07411987521116835,-1.9880040368977112
9831.911540912,-2.0856528951902598,0.07411987521116835,-1.9880040368977112
9831.921815218,-2.0856528951902598,0.07411987521116835,-1.9880040368977112
9831.936425319,-2.0856528951902598,0.07411987521116835,-1.9880040368977112
9831.940253993,-2.0856528951902598,0.07411987521116835,-1.9880040368977112
9831.941347419,-2.0856528951902598,0.07411987521116835,-1.9880040368977112
9831.947884836,-2.089765472359186,0.06492394147566649,-1.9946628293934396
9831.956162621,-2.089765472359186,0.06492394147566649,-1.9946628293934396
9831.960069199,-2.089765472359186,0.06492394147566649,-1.9946628293934396
9831.971647307,-2.089765472359186,0.06492394147566649,-1.9946628293934396
9831.986737278,-2.089765472359186,0.06492394147566649,-1.9946628293934396
9831.995499718,-2.089765472359186,0.06492394147566649,-1.9946628293934396
9832.001107911,-2.089765472359186,0.06492394147566649,-1.9946628293934396
9832.001828462,-2.0922870416174852,0.059425290466120315,-2.006861396783881
9832.003215401,-2.0922870416174852,0.059425290466120315,-2.006861396783881
9832.006869573,-2.0922870416174852,0.059425290466120315,-2.006861396783881
9832.021952771,-2.0922870416174852,0.059425290466120315,-2.006861396783881
9832.028924328,-2.0922870416174852,0.059425290466120315,-2.006861396783881
9832.033148667,-2.096343544770498,0.0508163062987892,-2.015408345216804
9832.03427279,-2.096343544770498,0.0508163062987892,-2.015408345216804
9832.036827956,-2.096343544770498,0.0508163062987892,-2.015408345216804
9832.053458446,-2.096343544770498,0.0508163062987892,-2.015408345216804
9832.063203722,-2.096343544770498,0.0508163062987892,-2.015408345216804
9832.072184705,-2.096343544770498,0.0508163062987892,-2.015408345216804
9832.078067065,-2.096343544770498,0.0508163062987892,-2.015408345216804
9832.082820874,-2.0989959930293756,0.045295217367130436,-2.0219088277760076
9832.084797657,-2.0989959930293756,0.045295217367130436,-2.0219088277760076
9832.093025925,-2.0989959930293756,0.045295217367130436,-2.0219088277760076
9832.100741007,-2.0989959930293756,0.045295217367130436,-2.0219088277760076
9832.109782213,-2.0989959930293756,0.045295217367130436,-2.0219088277760076
9832.123895443,-2.0989959930293756,0.045295217367130436,-2.0219088277760076
9832.131914188,-2.0989959930293756,0.045295217367130436,-2.0219088277760076
9832.138117263,-2.0989959930293756,0.045295217367130436,-2.0219088277760076
9832.140626322,-2.1018710121031057,0.039460211630070664,-2.035295792573982
9832.143382288,-2.1018710121031057,0.039460211630070664,-2.035295792573982
9832.154587709,-2.1018710121031057,0.039460211630070664,-2.035295792573982
9832.162195741,-2.1018710121031057,0.039460211630070664,-2.035295792573982
9832.16898292,-2.1018710121031057,0.039460211630070664,-2.035295792573982
9832.185858023,-2.1018710121031057,0.039460211630070664,-2.035295792573982
9832.194709932,-2.1018710121031057,0.039460211630070664,-2.035295792573982
9832.195412238,-2.1018710121031057,0.039460211630070664,-2.035295792573982
9832.20898855,-2.1018710121031057,0.039460211630070664,-2.035295792573982
9832.21012822,-2.1061850810998557,0.030948981992661984,-2.0445504865589657
9832.220750936,-2.1061850810998557,0.030948981992661984,-2.0445504865589657
9832.223093992,-2.1061850810998557,0.030948981992661984,-2.0445504865589657
9832.227673461,-2.109011870118848,0.02551509125034758,-2.056418486589484
9832.234774874,-2.109011870118848,0.02551509125034758,-2.056418486589484
9832.239664679,-2.109011870118848,0.02551509125034758,-2.056418486589484
9832.253665333,-2.109011870118848,0.02551509125034758,-2.056418486589484
9832.255282617,-2.109011870118848,0.02551509125034758,-2.056418486589484
9832.257893819,-2.109011870118848,0.02551509125034758,-2.056418486589484
9832.269953697,-2.109011870118848,0.02551509125034758,-2.056418486589484
9832.28875273,-2.109011870118848,0.02551509125034758,-2.056418486589484
9832.294906804,-2.109011870118848,0.02551509125034758,-2.056418486589484
9832.295595955,-2.109011870118848,0.02551509125034758,-2.056418486589484
9832.300441891,-2.109011870118848,0.02551509125034758,-2.056418486589484
9832.302637475,-2.1119739170762424,0.0199808670715372,-2.068029709810309
9832.317069305,-2.1119739170762424,0.0199808670715372,-2.068029709810309
9832.322310995,-2.1119739170762424,0.0199808670715372,-2.068029709810309
9832.335070395,-2.1119739170762424,0.0199808670715372,-2.068029709810309
9832.337787006,-2.1119739170762424,0.0199808670715372,-2.068029709810309
9832.33882712,-2.1119739170762424,0.0199808670715372,-2.068029709810309
9832.340498888,-2.116427265819888,0.011915589066712702,-2.0825677595081853
9832.351426374,-2.116427265819888,0.011915589066712702,-2.0825677595081853
9832.362729475,-2.116427265819888,0.011915589066712702,-2.0825677595081853
9832.370050029,-2.116427265819888,0.011915589066712702,-2.0825677595081853
9832.390159353,-2.116427265819888,0.011915589066712702,-2.0825677595081853
9832.397907737,-2.116427265819888,0.011915589066712702,-2.0825677595081853
9832.404236331,-2.116427265819888,0.011915589066712702,-2.0825677595081853
9832.404991166,-2.119549091982563,0.006469897113510058,-2.1000841340961984
9832.408565327,-2.119549091982563,0.006469897113510058,-2.1000841340961984
9832.413658426,-2.119549091982563,0.006469897113510058,-2.1000841340961984
9832.43219693,-2.119549091982563,0.006469897113510058,-2.1000841340961984
9832.437604123,-2.119549091982563,0.006469897113510058,-2.1000841340961984
9832.44433363,-2.119549091982563,0.006469897113510058,-2.1000841340961984
9832.448374004,-2.119549091982563,0.006469897113510058,-2.1000841340961984
9832.449268975,-2.119549091982563,0.006469897113510058,-2.1000841340961984
9832.450470875,-2.1243720563603086,-0.001646095945132306,-2.1138766488972234
9832.461554225,-2.1243720563603086,-0.001646095945132306,-2.1138766488972234
9832.472110964,-2.1243720563603086,-0.001646095945132306,-2.1138766488972234
9832.487365639,-2.1243720563603086,-0.001646095945132306,-2.1138766488972234
9832.494504362,-2.1243720563603086,-0.001646095945132306,-2.1138766488972234
9832.495235804,-2.1276729208572807,-0.007044588450689532,-2.1252964219990305
9832.501546069,-2.1276729208572807,-0.007044588450689532,-2.1252964219990305
9832.504274723,-2.1276729208572807,-0.007044588450689532,-2.1252964219990305
9832.508268349,-2.1276729208572807,-0.007044588450689532,-2.1252964219990305
9832.522039075,-2.1276729208572807,-0.007044588450689532,-2.1252964219990305
9832.535817138,-2.1276729208572807,-0.007044588450689532,-2.1252964219990305
9832.54466379,-2.1276729208572807,-0.007044588450689532,-2.1252964219990305
9832.550816291,-2.1276729208572807,-0.007044588450689532,-2.1252964219990305
9832.551966473,-2.1276729208572807,-0.007044588450689532,-2.1252964219990305
9832.553011076,-2.13103656664664,-0.01237428262319059,-2.14226419543653
9832.558503981,-2.13103656664664,-0.01237428262319059,-2.14226419543653
9832.569583176,-2.13103656664664,-0.01237428262319059,-2.14226419543653
9832.576323787,-2.13103656664664,-0.01237428262319059,-2.14226419543653
9832.585694476,-2.136045808503099,-0.020076411012632335,-2.152600594514899
9832.586345575,-2.136045808503099,-0.020076411012632335,-2.152600594514899
9832.592703695,-2.136045808503099,-0.020076411012632335,-2.152600594514899
9832.602012216,-2.136045808503099,-0.020076411012632335,-2.152600594514899
9832.610246057,-2.136045808503099,-0.020076411012632335,-2.152600594514899
9832.617609966,-2.136045808503099,-0.020076411012632335,-2.152600594514899
9832.627810853,-2.136204037168331,-0.025106086679405032,-2.1617055949021995
9832.633317623,-2.136204037168331,-0.025106086679405032,-2.1617055949021995
9832.63402013,-2.136204037168331,-0.025106086679405032,-2.1617055949021995
9832.647598115,-2.136204037168331,-0.025106086679405032,-2.1617055949021995
9832.65039083,-2.136204037168331,-0.025106086679405032,-2.1617055949021995
9832.655472738,-2.136204037168331,-0.025106086679405032,-2.1617055949021995
9832.671430899,-2.136204037168331,-0.025106086679405032,-2.1617055949021995
9832.676600603,-2.136204037168331,-0.025106086679405032,-2.1617055949021995
9832.690038353,-2.136204037168331,-0.025106086679405032,-2.1617055949021995
9832.691759484,-2.1341678828559267,-0.029731541815783843,-2.1751679717377104
9832.692483832,-2.1341678828559267,-0.029731541815783843,-2.1751679717377104
9832.700264257,-2.1341678828559267,-0.029731541815783843,-2.1751679717377104
9832.711310872,-2.1341678828559267,-0.029731541815783843,-2.1751679717377104
9832.721428331,-2.1341678828559267,-0.029731541815783843,-2.1751679717377104
9832.728758535,-2.1341678828559267,-0.029731541815783843,-2.1751679717377104
9832.730992375,-2.1379711323854877,-0.03756522782241265,-2.185221158249886
9832.735642798,-2.1379711323854877,-0.03756522782241265,-2.185221158249886
9832.73965696,-2.1379711323854877,-0.03756522782241265,-2.185221158249886
9832.748333738,-2.1379711323854877,-0.03756522782241265,-2.185221158249886
9832.75531336,-2.1379711323854877,-0.03756522782241265,-2.185221158249886
9832.768413783,-2.1379711323854877,-0.03756522782241265,-2.185221158249886
9832.780397106,-2.1379711323854877,-0.03756522782241265,-2.185221158249886
9832.782480281,-2.1379711323854877,-0.03756522782241265,-2.185221158249886
9832.783293717,-2.141772549989448,-0.04290595641103113,-2.193546615822823
9832.787279115,-2.141772549989448,-0.04290595641103113,-2.193546615822823
9832.799883301,-2.141772549989448,-0.04290595641103113,-2.193546615822823
9832.806280874,-2.141772549989448,-0.04290595641103113,-2.193546615822823
9832.82300432,-2.141772549989448,-0.04290595641103113,-2.193546615822823
9832.828412254,-2.141772549989448,-0.04290595641103113,-2.193546615822823
9832.829486924,-2.1456459372863277,-0.04825733796940557,-2.20110245822242
9832.838983721,-2.1456459372863277,-0.04825733796940557,-2.20110245822242
9832.841467612,-2.1456459372863277,-0.04825733796940557,-2.20110245822242
9832.850831217,-2.1456459372863277,-0.04825733796940557,-2.20110245822242
9832.862615735,-2.1456459372863277,-0.04825733796940557,-2.20110245822242
9832.869226461,-2.1456459372863277,-0.04825733796940557,-2.20110245822242
9832.880759343,-2.1456459372863277,-0.04825733796940557,-2.20110245822242
9832.88580483,-2.1456459372863277,-0.04825733796940557,-2.20110245822242
9832.889506324,-2.1456459372863277,-0.04825733796940557,-2.20110245822242
9832.890175268,-2.149562366154959,-0.053577300248583364,-2.209680043442757
9832.897436762,-2.149562366154959,-0.053577300248583364,-2.209680043442757
9832.905706872,-2.149562366154959,-0.053577300248583364,-2.209680043442757
9832.919693369,-2.149562366154959,-0.053577300248583364,-2.209680043442757
9832.928298843,-2.1556466543229726,-0.061701062791896445,-2.217569552643807
9832.931839821,-2.1556466543229726,-0.061701062791896445,-2.217569552643807
9832.939471725,-2.1556466543229726,-0.061701062791896445,-2.217569552643807
9832.939936854,-2.1556466543229726,-0.061701062791896445,-2.217569552643807
9832.948477565,-2.1556466543229726,-0.061701062791896445,-2.217569552643807
9832.956545202,-2.1556466543229726,-0.061701062791896445,-2.217569552643807
9832.967749494,-2.1556466543229726,-0.061701062791896445,-2.217569552643807
9832.980690677,-2.1556466543229726,-0.061701062791896445,-2.217569552643807
9832.991932149,-2.1556466543229726,-0.061701062791896445,-2.217569552643807
9832.993989304,-2.1595434293935245,-0.06678252751707828,-2.2324328052835773
9832.996197885,-2.1595434293935245,-0.06678252751707828,-2.2324328052835773
9832.999993545,-2.1595434293935245,-0.06678252751707828,-2.2324328052835773
9833.008019523,-2.1595434293935245,-0.06678252751707828,-2.2324328052835773
9833.021986073,-2.1595434293935245,-0.06678252751707828,-2.2324328052835773
9833.030157847,-2.165296549562772,-0.07404324054530936,-2.2492935287790607
9833.036944996,-2.165296549562772,-0.07404324054530936,-2.2492935287790607
9833.040623744,-2.165296549562772,-0.07404324054530936,-2.2492935287790607
9833.042446938,-2.165296549562772,-0.07404324054530936,-2.2492935287790607
9833.046218872,-2.165296549562772,-0.07404324054530936,-2.2492935287790607
9833.0598937,-2.165296549562772,-0.07404324054530936,-2.2492935287790607
9833.067330005,-2.165296549562772,-0.07404324054530936,-2.2492935287790607
9833.077128341,-2.165296549562772,-0.07404324054530936,-2.2492935287790607
9833.079184976,-2.165296549562772,-0.07404324054530936,-2.2492935287790607
9833.079949369,-2.169360675554038,-0.07902458769932821,-2.2609840261774368
9833.088990846,-2.169360675554038,-0.07902458769932821,-2.2609840261774368
9833.101621753,-2.169360675554038,-0.07902458769932821,-2.2609840261774368
9833.10776199,-2.169360675554038,-0.07902458769932821,-2.2609840261774368
9833.116940913,-2.169360675554038,-0.07902458769932821,-2.2609840261774368
9833.126014584,-2.169360675554038,-0.07902458769932821,-2.2609840261774368
9833.141928782,-2.169360675554038,-0.07902458769932821,-2.2609840261774368
9833.142489601,-2.1733942639369674,-0.08383411202053015,-2.276363931878121
9833.151880357,-2.1733942639369674,-0.08383411202053015,-2.276363931878121
9833.157983344,-2.1733942639369674,-0.08383411202053015,-2.276363931878121
9833.160909801,-2.1733942639369674,-0.08383411202053015,-2.276363931878121
9833.169665348,-2.1733942639369674,-0.08383411202053015,-2.276363931878121
9833.177889541,-2.1733942639369674,-0.08383411202053015,-2.276363931878121
9833.187741158,-2.1733942639369674,-0.08383411202053015,-2.276363931878121
9833.188181079,-2.1733942639369674,-0.08383411202053015,-2.276363931878121
9833.189898293,-2.179498758678535,-0.09093604883491255,-2.2852573025064777
9833.196315172,-2.179498758678535,-0.09093604883491255,-2.2852573025064777
9833.207598533,-2.179498758678535,-0.09093604883491255,-2.2852573025064777
9833.219301136,-2.179498758678535,-0.09093604883491255,-2.2852573025064777
9833.230862653,-2.179498758678535,-0.09093604883491255,-2.2852573025064777
9833.233987234,-2.1837546461796333,-0.09578831039210547,-2.2963643896417927
9833.235714336,-2.1837546461796333,-0.09578831039210547,-2.2963643896417927
9833.239081987,-2.1837546461796333,-0.09578831039210547,-2.2963643896417927
9833.251486455,-2.1837546461796333,-0.09578831039210547,-2.2963643896417927
9833.257509131,-2.1837546461796333,-0.09578831039210547,-2.2963643896417927
9833.269948205,-2.1837546461796333,-0.09578831039210547,-2.2963643896417927
9833.284285193,-2.1837546461796333,-0.09578831039210547,-2.2963643896417927
9833.292307215,-2.1837546461796333,-0.09578831039210547,-2.2963643896417927
9833.295892968,-2.1837546461796333,-0.09578831039210547,-2.2963643896417927
9833.298050583,-2.1837546461796333,-0.09578831039210547,-2.2963643896417927
9833.298718434,-2.1878572020592606,-0.10033660018188816,-2.3130658495264362
9833.307437792,-2.1878572020592606,-0.10033660018188816,-2.3130658495264362
9833.325594155,-2.1878572020592606,-0.10033660018188816,-2.3130658495264362
9833.329969999,-2.1878572020592606,-0.10033660018188816,-2.3130658495264362
9833.345401626,-2.1878572020592606,-0.10033660018188816,-2.3130658495264362
9833.346196146,-2.194372218889373,-0.1073430581486589,-2.3266646492319416
9833.352094276,-2.194372218889373,-0.1073430581486589,-2.3266646492319416
9833.352788467,-2.194372218889373,-0.1073430581486589,-2.3266646492319416
9833.358382994,-2.194372218889373,-0.1073430581486589,-2.3266646492319416
9833.367307941,-2.194372218889373,-0.1073430581486589,-2.3266646492319416
9833.392141965,-2.194372218889373,-0.1073430581486589,-2.3266646492319416
9833.397979461,-2.194372218889373,-0.1073430581486589,-2.3266646492319416
9833.405957245,-2.1985374529896182,-0.11169492193635733,-2.341906629784615
9833.414733805,-2.1985374529896182,-0.11169492193635733,-2.341906629784615
9833.418358531,-2.1985374529896182,-0.11169492193635733,-2.341906629784615
9833.430938171,-2.1985374529896182,-0.11169492193635733,-2.341906629784615
9833.437678,-2.1985374529896182,-0.11169492193635733,-2.341906629784615
9833.43823917,-2.1985374529896182,-0.11169492193635733,-2.341906629784615
9833.445537836,-2.1985374529896182,-0.11169492193635733,-2.341906629784615
9833.446547863,-2.2025655390111316,-0.11575637290855069,-2.362233482583077
9833.448278161,-2.2025655390111316,-0.11575637290855069,-2.362233482583077
9833.449905254,-2.2025655390111316,-0.11575637290855069,-2.362233482583077
9833.461639497,-2.2025655390111316,-0.11575637290855069,-2.362233482583077
9833.470329069,-2.2025655390111316,-0.11575637290855069,-2.362233482583077
9833.479671525,-2.2025655390111316,-0.11575637290855069,-2.362233482583077
9833.487814054,-2.2025655390111316,-0.11575637290855069,-2.362233482583077
9833.490701317,-2.2025655390111316,-0.11575637290855069,-2.362233482583077
9833.491236257,-2.2066718058182935,-0.11966570356032494,-2.3992838489847492
9833.497143445,-2.2066718058182935,-0.11966570356032494,-2.3992838489847492
9833.504661955,-2.2066718058182935,-0.11966570356032494,-2.3992838489847492
9833.519162429,-2.2066718058182935,-0.11966570356032494,-2.3992838489847492
9833.526826287,-2.21147036693749,-0.12998135858086846,-2.4322206211478106
9833.548599962,-2.21147036693749,-0.12998135858086846,-2.4322206211478106
9833.553296252,-2.21147036693749,-0.12998135858086846,-2.4322206211478106
9833.557881402,-2.21147036693749,-0.12998135858086846,-2.4322206211478106
9833.559328235,-2.21147036693749,-0.12998135858086846,-2.4322206211478106
9833.560758767,-2.21147036693749,-0.12998135858086846,-2.4322206211478106
9833.568300161,-2.21147036693749,-0.12998135858086846,-2.4322206211478106
9833.580083386,-2.21147036693749,-0.12998135858086846,-2.4322206211478106
9833.5895204,-2.21147036693749,-0.12998135858086846,-2.4322206211478106
9833.590206976,-2.213892674763441,-0.14182466615865183,-2.480124172843124
9833.592572962,-2.213892674763441,-0.14182466615865183,-2.480124172843124
9833.597847157,-2.213892674763441,-0.14182466615865183,-2.480124172843124
9833.607398186,-2.213892674763441,-0.14182466615865183,-2.480124172843124
9833.617487502,-2.213892674763441,-0.14182466615865183,-2.480124172843124
9833.629293571,-2.213892674763441,-0.14182466615865183,-2.480124172843124
9833.640697329,-2.213892674763441,-0.14182466615865183,-2.480124172843124
9833.64113749,-2.2203689945064835,-0.1496264579947368,-2.5099327139805205
9833.646747646,-2.2203689945064835,-0.1496264579947368,-2.5099327139805205
9833.653228728,-2.2203689945064835,-0.1496264579947368,-2.5099327139805205
9833.656552105,-2.2203689945064835,-0.1496264579947368,-2.5099327139805205
9833.667290927,-2.2203689945064835,-0.1496264579947368,-2.5099327139805205
9833.678505278,-2.2203689945064835,-0.1496264579947368,-2.5099327139805205
9833.680734338,-2.2203689945064835,-0.1496264579947368,-2.5099327139805205
9833.68676036,-2.2253359152892545,-0.15316738696850163,-2.5345869831989654
9833.691208641,-2.2253359152892545,-0.15316738696850163,-2.5345869831989654
9833.696924126,-2.2253359152892545,-0.15316738696850163,-2.5345869831989654
9833.707044611,-2.2253359152892545,-0.15316738696850163,-2.5345869831989654
9833.718345816,-2.2253359152892545,-0.15316738696850163,-2.5345869831989654
9833.729954579,-2.2253359152892545,-0.15316738696850163,-2.5345869831989654
9833.731042023,-2.2253359152892545,-0.15316738696850163,-2.5345869831989654
9833.73402507,-2.2303709528464664,-0.1565657297147546,-2.5611829333256133
9833.739608886,-2.2303709528464664,-0.1565657297147546,-2.5611829333256133
9833.749339254,-2.2303709528464664,-0.1565657297147546,-2.5611829333256133
9833.756300662,-2.2303709528464664,-0.1565657297147546,-2.5611829333256133
9833.765912046,-2.2303709528464664,-0.1565657297147546,-2.5611829333256133
9833.778943308,-2.2303709528464664,-0.1565657297147546,-2.5611829333256133
9833.785786042,-2.2303709528464664,-0.1565657297147546,-2.5611829333256133
9833.786386056,-2.235623027024553,-0.1598626348162849,-2.6008766465137847
9833.789462075,-2.235623027024553,-0.1598626348162849,-2.6008766465137847
9833.796054096,-2.235623027024553,-0.1598626348162849,-2.6008766465137847
9833.806342909,-2.235623027024553,-0.1598626348162849,-2.6008766465137847
9833.819841975,-2.235623027024553,-0.1598626348162849,-2.6008766465137847
9833.826719524,-2.235623027024553,-0.1598626348162849,-2.6008766465137847
9833.831415083,-2.2434927540605374,-0.16445536317555717,-2.6257702879856475
9833.837072398,-2.2434927540605374,-0.16445536317555717,-2.6257702879856475
9833.84087483,-2.2434927540605374,-0.16445536317555717,-2.6257702879856475
9833.845161406,-2.2434927540605374,-0.16445536317555717,-2.6257702879856475
9833.85647292,-2.2434927540605374,-0.16445536317555717,-2.6257702879856475
9833.869150225,-2.2434927540605374,-0.16445536317555717,-2.6257702879856475
9833.877884191,-2.2434927540605374,-0.16445536317555717,-2.6257702879856475
9833.890105524,-2.2434927540605374,-0.16445536317555717,-2.6257702879856475
9833.891267488,-2.2488874852317497,-0.1673561872563391,-2.670691209311331
9833.892145406,-2.2488874852317497,-0.1673561872563391,-2.670691209311331
9833.902423268,-2.2488874852317497,-0.1673561872563391,-2.670691209311331
9833.907690928,-2.2488874852317497,-0.1673561872563391,-2.670691209311331
9833.918399503,-2.2488874852317497,-0.1673561872563391,-2.670691209311331
9833.926329481,-2.2488874852317497,-0.1673561872563391,-2.670691209311331
9833.93313222,-2.256773247731068,-0.1712230295234401,-2.7006864123295196
9833.939809782,-2.256773247731068,-0.1712230295234401,-2.7006864123295196
9833.941779562,-2.256773247731068,-0.1712230295234401,-2.7006864123295196
9833.948427388,-2.256773247731068,-0.1712230295234401,-2.7006864123295196
9833.961754589,-2.256773247731068,-0.1712230295234401,-2.7006864123295196
9833.969703683,-2.256773247731068,-0.1712230295234401,-2.7006864123295196
9833.977829981,-2.256773247731068,-0.1712230295234401,-2.7006864123295196
9833.986712648,-2.256773247731068,-0.1712230295234401,-2.7006864123295196
9833.989252525,-2.2619592415598087,-0.17357619855557574,-2.730555015082205
9833.989975761,-2.2619592415598087,-0.17357619855557574,-2.730555015082205
9834.002417808,-2.2619592415598087,-0.17357619855557574,-2.730555015082205
9834.006873607,-2.2619592415598087,-0.17357619855557574,-2.730555015082205
9834.017966168,-2.2619592415598087,-0.17357619855557574,-2.730555015082205
9834.026826503,-2.2692338259197733,-0.1817945874366303,-2.760766184629224
9834.03686898,-2.2692338259197733,-0.1817945874366303,-2.760766184629224
9834.043158219,-2.2692338259197733,-0.1817945874366303,-2.760766184629224
9834.044291439,-2.2692338259197733,-0.1817945874366303,-2.760766184629224
9834.046358263,-2.2692338259197733,-0.1817945874366303,-2.760766184629224
9834.057619512,-2.2692338259197733,-0.1817945874366303,-2.760766184629224
9834.071065839,-2.2692338259197733,-0.1817945874366303,-2.760766184629224
9834.077992311,-2.2692338259197733,-0.1817945874366303,-2.760766184629224
9834.085316675,-2.2799103617852836,-0.19933648674268772,-2.808343669093635
9834.085958347,-2.2799103617852836,-0.19933648674268772,-2.808343669093635
9834.08936995,-2.2799103617852836,-0.19933648674268772,-2.808343669093635
9834.103115259,-2.2799103617852836,-0.19933648674268772,-2.808343669093635
9834.110977,-2.2799103617852836,-0.19933648674268772,-2.808343669093635
9834.115797876,-2.2799103617852836,-0.19933648674268772,-2.808343669093635
9834.131852338,-2.2799103617852836,-0.19933648674268772,-2.808343669093635
9834.133257282,-2.289775002217594,-0.20818856216839432,-2.8425631908276756
9834.135838136,-2.289775002217594,-0.20818856216839432,-2.8425631908276756
9834.138142238,-2.289775002217594,-0.20818856216839432,-2.8425631908276756
9834.145768953,-2.289775002217594,-0.20818856216839432,-2.8425631908276756
9834.159137683,-2.289775002217594,-0.20818856216839432,-2.8425631908276756
9834.168289158,-2.289775002217594,-0.20818856216839432,-2.8425631908276756
9834.177437746,-2.289775002217594,-0.20818856216839432,-2.8425631908276756
9834.193253729,-2.289775002217594,-0.20818856216839432,-2.8425631908276756
9834.194550408,-2.2949667886506075,-0.20964119233557732,-2.894986966023751
9834.196604287,-2.2949667886506075,-0.20964119233557732,-2.894986966023751
9834.199801717,-2.2949667886506075,-0.20964119233557732,-2.894986966023751
9834.208150355,-2.2949667886506075,-0.20964119233557732,-2.894986966023751
9834.220038739,-2.2949667886506075,-0.20964119233557732,-2.894986966023751
9834.225387772,-2.2949667886506075,-0.20964119233557732,-2.894986966023751
9834.232429291,-2.302560782506906,-0.21140302709251585,-2.932257154355355
9834.238604805,-2.302560782506906,-0.21140302709251585,-2.932257154355355
9834.23921625,-2.302560782506906,-0.21140302709251585,-2.932257154355355
9834.247548848,-2.302560782506906,-0.21140302709251585,-2.932257154355355
9834.257920648,-2.302560782506906,-0.21140302709251585,-2.932257154355355
9834.268342462,-2.302560782506906,-0.21140302709251585,-2.932257154355355
9834.277867292,-2.302560782506906,-0.21140302709251585,-2.932257154355355
9834.280512788,-2.30765552259068,-0.21238594860747412,-2.96975401915104
9834.281330483,-2.30765552259068,-0.21238594860747412,-2.96975401915104
9834.289576417,-2.30765552259068,-0.21238594860747412,-2.96975401915104
9834.296023324,-2.30765552259068,-0.21238594860747412,-2.96975401915104
9834.31009619,-2.30765552259068,-0.21238594860747412,-2.96975401915104
9834.317168438,-2.30765552259068,-0.21238594860747412,-2.96975401915104
9834.330793225,-2.30765552259068,-0.21238594860747412,-2.96975401915104
9834.332189251,-2.3124591775507604,-0.21312155343586764,-3.0095233706334312
9834.3393735,-2.3124591775507604,-0.21312155343586764,-3.0095233706334312
9834.340087459,-2.3124591775507604,-0.21312155343586764,-3.0095233706334312
9834.349126772,-2.3124591775507604,-0.21312155343586764,-3.0095233706334312
9834.358467824,-2.3124591775507604,-0.21312155343586764,-3.0095233706334312
9834.367492259,-2.3124591775507604,-0.21312155343586764,-3.0095233706334312
9834.379272579,-2.3124591775507604,-0.21312155343586764,-3.0095233706334312
9834.386752306,-2.3124591775507604,-0.21312155343586764,-3.0095233706334312
9834.387803221,-2.317518891863778,-0.21365204170670454,-3.064734259019204
9834.388501249,-2.317518891863778,-0.21365204170670454,-3.064734259019204
9834.396883861,-2.317518891863778,-0.21365204170670454,-3.064734259019204
9834.405842352,-2.317518891863778,-0.21365204170670454,-3.064734259019204
9834.419912817,-2.317518891863778,-0.21365204170670454,-3.064734259019204
9834.427612229,-2.326440653148929,-0.21831814900396804,-3.0978844946921815
9834.430386449,-2.326440653148929,-0.21831814900396804,-3.0978844946921815
9834.435084472,-2.326440653148929,-0.21831814900396804,-3.0978844946921815
9834.439966373,-2.326440653148929,-0.21831814900396804,-3.0978844946921815
9834.449954808,-2.326440653148929,-0.21831814900396804,-3.0978844946921815
9834.458942834,-2.326440653148929,-0.21831814900396804,-3.0978844946921815
9834.470287682,-2.326440653148929,-0.21831814900396804,-3.0978844946921815
9834.482000584,-2.326440653148929,-0.21831814900396804,-3.0978844946921815
9834.488391415,-2.326440653148929,-0.21831814900396804,-3.0978844946921815
9834.493246244,-2.3342951327432875,-0.22831321741066263,3.1317403998509445
9834.493899999,-2.3342951327432875,-0.22831321741066263,3.1317403998509445
9834.499328742,-2.3342951327432875,-0.22831321741066263,3.1317403998509445
9834.50756086,-2.3342951327432875,-0.22831321741066263,3.1317403998509445
9834.517109014,-2.3342951327432875,-0.22831321741066263,3.1317403998509445
9834.529620225,-2.3342951327432875,-0.22831321741066263,3.1317403998509445
9834.532159681,-2.3438443026189892,-0.23316661456647236,3.0959584848777846
9834.534385425,-2.3438443026189892,-0.23316661456647236,3.0959584848777846
9834.535854219,-2.3438443026189892,-0.23316661456647236,3.0959584848777846
9834.54894295,-2.3438443026189892,-0.23316661456647236,3.0959584848777846
9834.559007399,-2.3438443026189892,-0.23316661456647236,3.0959584848777846
9834.566358473,-2.3438443026189892,-0.23316661456647236,3.0959584848777846
9834.57593969,-2.3438443026189892,-0.23316661456647236,3.0959584848777846
9834.581457662,-2.349072785974218,-0.2328299354232824,3.058617843856056
9834.582020414,-2.349072785974218,-0.2328299354232824,3.058617843856056
9834.588427265,-2.349072785974218,-0.2328299354232824,3.058617843856056
9834.59505343,-2.349072785974218,-0.2328299354232824,3.058617843856056
9834.60675445,-2.349072785974218,-0.2328299354232824,3.058617843856056
9834.621574461,-2.349072785974218,-0.2328299354232824,3.058617843856056
9834.629027618,-2.349072785974218,-0.2328299354232824,3.058617843856056
9834.630767224,-2.354284939405106,-0.23229716187454424,3.0208399431602553
9834.639561982,-2.354284939405106,-0.23229716187454424,3.0208399431602553
9834.640607927,-2.354284939405106,-0.23229716187454424,3.0208399431602553
9834.646204802,-2.354284939405106,-0.23229716187454424,3.0208399431602553
9834.656432278,-2.354284939405106,-0.23229716187454424,3.0208399431602553
9834.665696015,-2.354284939405106,-0.23229716187454424,3.0208399431602553
9834.678423765,-2.354284939405106,-0.23229716187454424,3.0208399431602553
9834.686493085,-2.35931478183545,-0.23153374071898378,2.96108795570298
9834.687253502,-2.35931478183545,-0.23153374071898378,2.96108795570298
9834.690043581,-2.35931478183545,-0.23153374071898378,2.96108795570298
9834.69504621,-2.35931478183545,-0.23153374071898378,2.96108795570298
9834.707432925,-2.35931478183545,-0.23153374071898378,2.96108795570298
9834.719237691,-2.35931478183545,-0.23153374071898378,2.96108795570298
9834.728193556,-2.35931478183545,-0.23153374071898378,2.96108795570298
9834.730401827,-2.3644462141273443,-0.2287874332629286,2.918432223509091
9834.734756301,-2.3644462141273443,-0.2287874332629286,2.918432223509091
9834.737110858,-2.3644462141273443,-0.2287874332629286,2.918432223509091
9834.746985769,-2.3644462141273443,-0.2287874332629286,2.918432223509091
9834.754607154,-2.3644462141273443,-0.2287874332629286,2.918432223509091
9834.765895785,-2.3644462141273443,-0.2287874332629286,2.918432223509091
9834.781281024,-2.3644462141273443,-0.2287874332629286,2.918432223509091
9834.786438792,-2.3644462141273443,-0.2287874332629286,2.918432223509091
9834.795125973,-2.3644462141273443,-0.2287874332629286,2.918432223509091
9834.796053144,-2.364370963262214,-0.2243762216613695,2.8545922367364924
9834.802392297,-2.364370963262214,-0.2243762216613695,2.8545922367364924
9834.809744373,-2.364370963262214,-0.2243762216613695,2.8545922367364924
9834.816330503,-2.364370963262214,-0.2243762216613695,2.8545922367364924
9834.828182688,-2.364370963262214,-0.2243762216613695,2.8545922367364924
9834.83255146,-2.369051435207703,-0.22066410999816327,2.8141690861815016
9834.835649601,-2.369051435207703,-0.22066410999816327,2.8141690861815016
9834.842986007,-2.369051435207703,-0.22066410999816327,2.8141690861815016
9834.847140163,-2.369051435207703,-0.22066410999816327,2.8141690861815016
9834.8589508,-2.369051435207703,-0.22066410999816327,2.8141690861815016
9834.869569897,-2.369051435207703,-0.22066410999816327,2.8141690861815016
9834.877405697,-2.369051435207703,-0.22066410999816327,2.8141690861815016
9834.882285333,-2.3733353068963754,-0.21911334157388962,2.7743634056681197
9834.883120481,-2.3733353068963754,-0.21911334157388962,2.7743634056681197
9834.889061221,-2.3733353068963754,-0.21911334157388962,2.7743634056681197
9834.895754092,-2.3733353068963754,-0.21911334157388962,2.7743634056681197
9834.907112736,-2.3733353068963754,-0.21911334157388962,2.7743634056681197
9834.917404474,-2.3733353068963754,-0.21911334157388962,2.7743634056681197
9834.930038677,-2.3733353068963754,-0.21911334157388962,2.7743634056681197
9834.931135348,-2.377320283590684,-0.21749032212175773,2.7352812063330214
9834.935656287,-2.377320283590684,-0.21749032212175773,2.7352812063330214
9834.936190506,-2.377320283590684,-0.21749032212175773,2.7352812063330214
9834.948017053,-2.377320283590684,-0.21749032212175773,2.7352812063330214
9834.957009113,-2.377320283590684,-0.21749032212175773,2.7352812063330214
9834.968227414,-2.377320283590684,-0.21749032212175773,2.7352812063330214
9834.975792834,-2.377320283590684,-0.21749032212175773,2.7352812063330214
9834.987095411,-2.377320283590684,-0.21749032212175773,2.7352812063330214
9834.997569765,-2.377320283590684,-0.21749032212175773,2.7352812063330214
9835.003275308,-2.3811085316263947,-0.215732382545958,2.678950197660307
9835.004898666,-2.3811085316263947,-0.215732382545958,2.678950197660307
9835.006453022,-2.3811085316263947,-0.215732382545958,2.678950197660307
9835.016690979,-2.3811085316263947,-0.215732382545958,2.678950197660307
9835.026237921,-2.3811085316263947,-0.215732382545958,2.678950197660307
9835.031014963,-2.390128391829154,-0.21278364447670878,2.642542444391475
9835.037686664,-2.390128391829154,-0.21278364447670878,2.642542444391475
9835.038354195,-2.390128391829154,-0.21278364447670878,2.642542444391475
9835.047078052,-2.390128391829154,-0.21278364447670878,2.642542444391475
9835.056449011,-2.390128391829154,-0.21278364447670878,2.642542444391475
9835.067396248,-2.390128391829154,-0.21278364447670878,2.642542444391475
9835.075714188,-2.390128391829154,-0.21278364447670878,2.642542444391475
9835.085815226,-2.390128391829154,-0.21278364447670878,2.642542444391475
9835.090840828,-2.390128391829154,-0.21278364447670878,2.642542444391475
9835.091716983,-2.4001780212136286,-0.21063570789576147,2.6067276077191015
9835.095433182,-2.4001780212136286,-0.21063570789576147,2.6067276077191015
9835.106097183,-2.4001780212136286,-0.21063570789576147,2.6067276077191015
9835.117775611,-2.4001780212136286,-0.21063570789576147,2.6067276077191015
9835.128752333,-2.4001780212136286,-0.21063570789576147,2.6067276077191015
9835.13797948,-2.4001780212136286,-0.21063570789576147,2.6067276077191015
9835.138715039,-2.406880355284675,-0.20865200306574042,2.556179260635962
9835.147976111,-2.406880355284675,-0.20865200306574042,2.556179260635962
9835.151667142,-2.406880355284675,-0.20865200306574042,2.556179260635962
9835.156390654,-2.406880355284675,-0.20865200306574042,2.556179260635962
9835.167345084,-2.406880355284675,-0.20865200306574042,2.556179260635962
9835.182841733,-2.406880355284675,-0.20865200306574042,2.556179260635962
9835.184032631,-2.406880355284675,-0.20865200306574042,2.556179260635962
9835.184833264,-2.4108016209018936,-0.2059564265939688,2.5225330570584434
9835.187957385,-2.4108016209018936,-0.2059564265939688,2.5225330570584434
9835.197224488,-2.4108016209018936,-0.2059564265939688,2.5225330570584434
9835.209280739,-2.4108016209018936,-0.2059564265939688,2.5225330570584434
9835.218622693,-2.4108016209018936,-0.2059564265939688,2.5225330570584434
9835.226300334,-2.4108016209018936,-0.2059564265939688,2.5225330570584434
9835.227564231,-2.414455406237557,-0.2058414785130478,2.4946169293165745
9835.231366272,-2.414455406237557,-0.2058414785130478,2.4946169293165745
9835.236958635,-2.414455406237557,-0.2058414785130478,2.4946169293165745
9835.246287234,-2.414455406237557,-0.2058414785130478,2.4946169293165745
9835.257114273,-2.414455406237557,-0.2058414785130478,2.4946169293165745
9835.267105925,-2.414455406237557,-0.2058414785130478,2.4946169293165745
9835.276557086,-2.414455406237557,-0.2058414785130478,2.4946169293165745
9835.287828384,-2.414455406237557,-0.2058414785130478,2.4946169293165745
9835.290750093,-2.420150407235274,-0.20866950414496582,2.455378087229606
9835.29269693,-2.420150407235274,-0.20866950414496582,2.455378087229606
9835.29767394,-2.420150407235274,-0.20866950414496582,2.455378087229606
9835.307883543,-2.420150407235274,-0.20866950414496582,2.455378087229606
9835.321127518,-2.420150407235274,-0.20866950414496582,2.455378087229606
9835.330698695,-2.420150407235274,-0.20866950414496582,2.455378087229606
9835.331868505,-2.420150407235274,-0.20866950414496582,2.455378087229606
9835.332698753,-2.4245762802195205,-0.20720450142099894,2.428676097113905
9835.340357298,-2.4245762802195205,-0.20720450142099894,2.428676097113905
9835.346797091,-2.4245762802195205,-0.20720450142099894,2.428676097113905
9835.356007296,-2.4245762802195205,-0.20720450142099894,2.428676097113905
9835.366359449,-2.4245762802195205,-0.20720450142099894,2.428676097113905
9835.375787115,-2.4245762802195205,-0.20720450142099894,2.428676097113905
9835.380923106,-2.42671416290971,-0.20530458751451564,2.401447312366484
9835.381496739,-2.42671416290971,-0.20530458751451564,2.401447312366484
9835.388466112,-2.42671416290971,-0.20530458751451564,2.401447312366484
9835.396963141,-2.42671416290971,-0.20530458751451564,2.401447312366484
9835.406540139,-2.42671416290971,-0.20530458751451564,2.401447312366484
9835.420121451,-2.42671416290971,-0.20530458751451564,2.401447312366484
9835.427075244,-2.42671416290971,-0.20530458751451564,2.401447312366484
9835.435381943,-2.4286640143114813,-0.20346170724819823,2.367335209083078
9835.447977092,-2.4286640143114813,-0.20346170724819823,2.367335209083078
9835.451282215,-2.4286640143114813,-0.20346170724819823,2.367335209083078
9835.452231908,-2.4286640143114813,-0.20346170724819823,2.367335209083078
9835.463783586,-2.4286640143114813,-0.20346170724819823,2.367335209083078
9835.466512541,-2.4286640143114813,-0.20346170724819823,2.367335209083078
9835.481691249,-2.4286640143114813,-0.20346170724819823,2.367335209083078
9835.482502552,-2.4286640143114813,-0.20346170724819823,2.367335209083078
9835.483161646,-2.431688156851811,-0.20043654288311308,2.344715939294813
9835.491074882,-2.431688156851811,-0.20043654288311308,2.344715939294813
9835.49637361,-2.431688156851811,-0.20043654288311308,2.344715939294813
9835.510369435,-2.431688156851811,-0.20043654288311308,2.344715939294813
9835.52373613,-2.431688156851811,-0.20043654288311308,2.344715939294813
9835.534792162,-2.431688156851811,-0.20043654288311308,2.344715939294813
9835.535866822,-2.431688156851811,-0.20043654288311308,2.344715939294813
9835.536373249,-2.432963306106651,-0.19832403234619533,2.320267493375452
9835.539680104,-2.432963306106651,-0.19832403234619533,2.320267493375452
9835.54733893,-2.432963306106651,-0.19832403234619533,2.320267493375452
9835.55585798,-2.432963306106651,-0.19832403234619533,2.320267493375452
9835.566199312,-2.432963306106651,-0.19832403234619533,2.320267493375452
9835.576233975,-2.432963306106651,-0.19832403234619533,2.320267493375452
9835.588849202,-2.432963306106651,-0.19832403234619533,2.320267493375452
9835.589556588,-2.430109887930959,-0.19707448135732086,2.277058620939417
9835.590852285,-2.430109887930959,-0.19707448135732086,2.277058620939417
9835.596140974,-2.430109887930959,-0.19707448135732086,2.277058620939417
9835.609414634,-2.430109887930959,-0.19707448135732086,2.277058620939417
9835.61985886,-2.430109887930959,-0.19707448135732086,2.277058620939417
9835.632882528,-2.430109887930959,-0.19707448135732086,2.277058620939417
9835.634716171,-2.432048423306176,-0.19327088973701786,2.250095394283412
9835.638690187,-2.432048423306176,-0.19327088973701786,2.250095394283412
9835.640178319,-2.432048423306176,-0.19327088973701786,2.250095394283412
9835.648188948,-2.432048423306176,-0.19327088973701786,2.250095394283412
9835.656636714,-2.432048423306176,-0.19327088973701786,2.250095394283412
9835.668146883,-2.432048423306176,-0.19327088973701786,2.250095394283412
9835.674791644,-2.432048423306176,-0.19327088973701786,2.250095394283412
9835.682549486,-2.4340377839980487,-0.1907459780706294,2.2261272937356216
9835.683351862,-2.4340377839980487,-0.1907459780706294,2.2261272937356216
9835.686930812,-2.4340377839980487,-0.1907459780706294,2.2261272937356216
9835.696634038,-2.4340377839980487,-0.1907459780706294,2.2261272937356216
9835.707644784,-2.4340377839980487,-0.1907459780706294,2.2261272937356216
9835.714842409,-2.4340377839980487,-0.1907459780706294,2.2261272937356216
9835.734472374,-2.4340377839980487,-0.1907459780706294,2.2261272937356216
9835.736430052,-2.4340377839980487,-0.1907459780706294,2.2261272937356216
9835.736904207,-2.4357020741977573,-0.18851398986602952,2.1968926608859287
9835.739370866,-2.4357020741977573,-0.18851398986602952,2.1968926608859287
9835.748997859,-2.4357020741977573,-0.18851398986602952,2.1968926608859287
9835.75893661,-2.4357020741977573,-0.18851398986602952,2.1968926608859287
9835.768093883,-2.4357020741977573,-0.18851398986602952,2.1968926608859287
9835.775637825,-2.4357020741977573,-0.18851398986602952,2.1968926608859287
9835.779721117,-2.4376043484606766,-0.18582921540717529,2.1775711447297317
9835.780975556,-2.4376043484606766,-0.18582921540717529,2.1775711447297317
9835.788987318,-2.4376043484606766,-0.18582921540717529,2.1775711447297317
9835.799579384,-2.4376043484606766,-0.18582921540717529,2.1775711447297317
9835.806264059,-2.4376043484606766,-0.18582921540717529,2.1775711447297317
9835.815640558,-2.4376043484606766,-0.18582921540717529,2.1775711447297317
9835.826462709,-2.4372817137281304,-0.1823226677586848,2.1596579288084894
9835.830897014,-2.4372817137281304,-0.1823226677586848,2.1596579288084894
9835.837458948,-2.4372817137281304,-0.1823226677586848,2.1596579288084894
9835.840336824,-2.4372817137281304,-0.1823226677586848,2.1596579288084894
9835.846547023,-2.4372817137281304,-0.1823226677586848,2.1596579288084894
9835.860637556,-2.4372817137281304,-0.1823226677586848,2.1596579288084894
9835.868088058,-2.4372817137281304,-0.1823226677586848,2.1596579288084894
9835.879662759,-2.4372817137281304,-0.1823226677586848,2.1596579288084894
9835.887105818,-2.4372817137281304,-0.1823226677586848,2.1596579288084894
9835.889104182,-2.4344833797244707,-0.17523171729330733,2.1379962979655844
9835.889869627,-2.4344833797244707,-0.17523171729330733,2.1379962979655844
9835.897959186,-2.4344833797244707,-0.17523171729330733,2.1379962979655844
9835.905998841,-2.4344833797244707,-0.17523171729330733,2.1379962979655844
9835.925332227,-2.4344833797244707,-0.17523171729330733,2.1379962979655844
9835.932303003,-2.4344833797244707,-0.17523171729330733,2.1379962979655844
9835.936420159,-2.4345630705429047,-0.1698790622379033,2.1260700922879123
9835.940919036,-2.4345630705429047,-0.1698790622379033,2.1260700922879123
9835.945197948,-2.4345630705429047,-0.1698790622379033,2.1260700922879123
9835.949123772,-2.4345630705429047,-0.1698790622379033,2.1260700922879123
9835.957452674,-2.4345630705429047,-0.1698790622379033,2.1260700922879123
9835.967487978,-2.4345630705429047,-0.1698790622379033,2.1260700922879123
9835.977674708,-2.4345630705429047,-0.1698790622379033,2.1260700922879123
9835.980958149,-2.435699352850394,-0.16802246097724272,2.1139484148892307
9835.981804197,-2.435699352850394,-0.16802246097724272,2.1139484148892307
9835.995329172,-2.435699352850394,-0.16802246097724272,2.1139484148892307
9836.001285061,-2.435699352850394,-0.16802246097724272,2.1139484148892307
9836.009282697,-2.435699352850394,-0.16802246097724272,2.1139484148892307
9836.019132911,-2.435699352850394,-0.16802246097724272,2.1139484148892307
9836.032221442,-2.435699352850394,-0.16802246097724272,2.1139484148892307
9836.040170465,-2.435699352850394,-0.16802246097724272,2.1139484148892307
9836.042324554,-2.4366672525063247,-0.16638945186690646,2.097727100220575
9836.045313128,-2.4366672525063247,-0.16638945186690646,2.097727100220575
9836.049200611,-2.4366672525063247,-0.16638945186690646,2.097727100220575
9836.05641669,-2.4366672525063247,-0.16638945186690646,2.097727100220575
9836.06767305,-2.4366672525063247,-0.16638945186690646,2.097727100220575
9836.078850591,-2.4366672525063247,-0.16638945186690646,2.097727100220575
9836.083933652,-2.437967956766076,-0.164130111021806,2.088587085572138
9836.08504968,-2.437967956766076,-0.164130111021806,2.088587085572138
9836.086979104,-2.437967956766076,-0.164130111021806,2.088587085572138
9836.096317371,-2.437967956766076,-0.164130111021806,2.088587085572138
9836.108408729,-2.437967956766076,-0.164130111021806,2.088587085572138
9836.117501062,-2.437967956766076,-0.164130111021806,2.088587085572138
9836.128309626,-2.437967956766076,-0.164130111021806,2.088587085572138
9836.133022568,-2.438813357034743,-0.16263091943660807,2.0799164276989837
9836.134494337,-2.438813357034743,-0.16263091943660807,2.0799164276989837
9836.137727915,-2.438813357034743,-0.16263091943660807,2.0799164276989837
9836.150531407,-2.438813357034743,-0.16263091943660807,2.0799164276989837
9836.157857884,-2.438813357034743,-0.16263091943660807,2.0799164276989837
9836.167230717,-2.438813357034743,-0.16263091943660807,2.0799164276989837
9836.176179339,-2.438813357034743,-0.16263091943660807,2.0799164276989837
9836.188004414,-2.438813357034743,-0.16263091943660807,2.0799164276989837
9836.189562606,-2.439694018401771,-0.16103546782256806,2.0704042416485686
9836.190228103,-2.439694018401771,-0.16103546782256806,2.0704042416485686
9836.197256759,-2.439694018401771,-0.16103546782256806,2.0704042416485686
9836.205368439,-2.439694018401771,-0.16103546782256806,2.0704042416485686
9836.217943109,-2.439694018401771,-0.16103546782256806,2.0704042416485686
9836.227624064,-2.439694018401771,-0.16103546782256806,2.0704042416485686
9836.232822663,-2.4406402896493806,-0.1586180357322897,2.06704600131556
9836.236652336,-2.4406402896493806,-0.1586180357322897,2.06704600131556
9836.239365801,-2.4406402896493806,-0.1586180357322897,2.06704600131556
9836.245549991,-2.4406402896493806,-0.1586180357322897,2.06704600131556
9836.256825739,-2.4406402896493806,-0.1586180357322897,2.06704600131556
9836.268714313,-2.4406402896493806,-0.1586180357322897,2.06704600131556
9836.27672386,-2.4406402896493806,-0.1586180357322897,2.06704600131556
9836.280374385,-2.4403248466026564,-0.15754622168208665,2.068065981508149
9836.281473772,-2.4403248466026564,-0.15754622168208665,2.068065981508149
9836.288709287,-2.4403248466026564,-0.15754622168208665,2.068065981508149
9836.296739705,-2.4403248466026564,-0.15754622168208665,2.068065981508149
9836.308638936,-2.4403248466026564,-0.15754622168208665,2.068065981508149
9836.31783059,-2.4403248466026564,-0.15754622168208665,2.068065981508149
9836.326902855,-2.4403248466026564,-0.15754622168208665,2.068065981508149
9836.338106105,-2.4403248466026564,-0.15754622168208665,2.068065981508149
9836.338937155,-2.4403248466026564,-0.15754622168208665,2.068065981508149
9836.339522931,-2.4404762888173024,-0.15607363575115601,2.0669229843673125
9836.34774504,-2.4404762888173024,-0.15607363575115601,2.0669229843673125
9836.357318071,-2.4404762888173024,-0.15607363575115601,2.0669229843673125
9836.366976824,-2.4404762888173024,-0.15607363575115601,2.0669229843673125
9836.37883448,-2.4404762888173024,-0.15607363575115601,2.0669229843673125
9836.385675668,-2.442291712656084,-0.15271041405711877,2.064606569057407
9836.390418639,-2.442291712656084,-0.15271041405711877,2.064606569057407
9836.391384313,-2.442291712656084,-0.15271041405711877,2.064606569057407
9836.396829618,-2.442291712656084,-0.15271041405711877,2.064606569057407
9836.406853621,-2.442291712656084,-0.15271041405711877,2.064606569057407
9836.418528902,-2.442291712656084,-0.15271041405711877,2.064606569057407
9836.426280072,-2.442291712656084,-0.15271041405711877,2.064606569057407
9836.434285582,-2.442291712656084,-0.15271041405711877,2.064606569057407
9836.435262387,-2.4435125187244457,-0.15043560508797957,2.0620783486422902
9836.439938296,-2.4435125187244457,-0.15043560508797957,2.0620783486422902
9836.446652036,-2.4435125187244457,-0.15043560508797957,2.0620783486422902
9836.456080306,-2.4435125187244457,-0.15043560508797957,2.0620783486422902
9836.468599532,-2.4435125187244457,-0.15043560508797957,2.0620783486422902
9836.47558763,-2.4435125187244457,-0.15043560508797957,2.0620783486422902
9836.488857073,-2.4435125187244457,-0.15043560508797957,2.0620783486422902
9836.493883236,-2.4446811344591755,-0.1482476937799422,2.060659549480381
9836.49577535,-2.4446811344591755,-0.1482476937799422,2.060659549480381
9836.49628919,-2.4446811344591755,-0.1482476937799422,2.060659549480381
9836.507823375,-2.4446811344591755,-0.1482476937799422,2.060659549480381
9836.518103071,-2.4446811344591755,-0.1482476937799422,2.060659549480381
9836.527961831,-2.4446811344591755,-0.1482476937799422,2.060659549480381
9836.535417102,-2.4460479971925415,-0.14567786320534518,2.058596304899158
9836.542433184,-2.4460479971925415,-0.14567786320534518,2.058596304899158
9836.546196822,-2.4460479971925415,-0.14567786320534518,2.058596304899158
9836.54874244,-2.4460479971925415,-0.14567786320534518,2.058596304899158
9836.557868147,-2.4460479971925415,-0.14567786320534518,2.058596304899158
9836.568763525,-2.4460479971925415,-0.14567786320534518,2.058596304899158
9836.576201243,-2.4460479971925415,-0.14567786320534518,2.058596304899158
9836.580787575,-2.446756581821286,-0.14433466595144745,2.053861967569294
9836.581651617,-2.446756581821286,-0.14433466595144745,2.053861967569294
9836.591468769,-2.446756581821286,-0.14433466595144745,2.053861967569294
9836.59828873,-2.446756581821286,-0.14433466595144745,2.053861967569294
9836.61169434,-2.446756581821286,-0.14433466595144745,2.053861967569294
9836.617525072,-2.446756581821286,-0.14433466595144745,2.053861967569294
9836.62667831,-2.446756581821286,-0.14433466595144745,2.053861967569294
9836.629191357,-2.4474600820787766,-0.1429887987861281,2.051033280139865
9836.64378489,-2.4474600820787766,-0.1429887987861281,2.051033280139865
9836.644502125,-2.4474600820787766,-0.1429887987861281,2.051033280139865
9836.649395427,-2.4474600820787766,-0.1429887987861281,2.051033280139865
9836.662641555,-2.4474600820787766,-0.1429887987861281,2.051033280139865
9836.671818869,-2.4474600820787766,-0.1429887987861281,2.051033280139865
9836.674570095,-2.4474600820787766,-0.1429887987861281,2.051033280139865
9836.68440988,-2.4481014789104627,-0.1417532752501804,2.0482271828708067
9836.685558259,-2.4481014789104627,-0.1417532752501804,2.0482271828708067
9836.691479222,-2.4481014789104627,-0.1417532752501804,2.0482271828708067
9836.698691734,-2.4481014789104627,-0.1417532752501804,2.0482271828708067
9836.706039543,-2.4481014789104627,-0.1417532752501804,2.0482271828708067
9836.720244803,-2.4481014789104627,-0.1417532752501804,2.0482271828708067
9836.734180861,-2.4481014789104627,-0.1417532752501804,2.0482271828708067
9836.737524349,-2.4492392573885877,-0.13954917027037206,2.0464263477382088
9836.739132606,-2.4492392573885877,-0.13954917027037206,2.0464263477382088
9836.739508576,-2.4492392573885877,-0.13954917027037206,2.0464263477382088
9836.746839813,-2.4492392573885877,-0.13954917027037206,2.0464263477382088
9836.758321119,-2.4492392573885877,-0.13954917027037206,2.0464263477382088
9836.770352953,-2.4492392573885877,-0.13954917027037206,2.0464263477382088
9836.775149393,-2.4492392573885877,-0.13954917027037206,2.0464263477382088
9836.787963966,-2.4492392573885877,-0.13954917027037206,2.0464263477382088
9836.791258549,-2.449968278528241,-0.13813100525937907,2.044829926734866
9836.792022071,-2.449968278528241,-0.13813100525937907,2.044829926734866
9836.797989118,-2.449968278528241,-0.13813100525937907,2.044829926734866
9836.809118321,-2.449968278528241,-0.13813100525937907,2.044829926734866
9836.816384254,-2.449968278528241,-0.13813100525937907,2.044829926734866
9836.830294166,-2.449968278528241,-0.13813100525937907,2.044829926734866
9836.831604922,-2.451122207077879,-0.1358782830519339,2.043541780954304
9836.834155629,-2.451122207077879,-0.1358782830519339,2.043541780954304
9836.835958454,-2.451122207077879,-0.1358782830519339,2.043541780954304
9836.847065813,-2.451122207077879,-0.1358782830519339,2.043541780954304
9836.859189091,-2.451122207077879,-0.1358782830519339,2.043541780954304
9836.868195371,-2.451122207077879,-0.1358782830519339,2.043541780954304
9836.876723679,-2.451122207077879,-0.1358782830519339,2.043541780954304
9836.884318544,-2.4519174004688233,-0.13432338404555536,2.043521187549533
9836.88821863,-2.4519174004688233,-0.13432338404555536,2.043521187549533
9836.89466225,-2.4519174004688233,-0.13432338404555536,2.043521187549533
9836.898407651,-2.4519174004688233,-0.13432338404555536,2.043521187549533
9836.905965369,-2.4519174004688233,-0.13432338404555536,2.043521187549533
9836.917943553,-2.4519174004688233,-0.13432338404555536,2.043521187549533
9836.927190658,-2.4519174004688233,-0.13432338404555536,2.043521187549533
9836.928289353,-2.4527010011804196,-0.13279098496301325,2.043452850824298
9836.933283455,-2.4527010011804196,-0.13279098496301325,2.043452850824298
9836.938129248,-2.4527010011804196,-0.13279098496301325,2.043452850824298
9836.947979452,-2.4527010011804196,-0.13279098496301325,2.043452850824298
9836.95803792,-2.4527010011804196,-0.13279098496301325,2.043452850824298
9836.965964671,-2.4527010011804196,-0.13279098496301325,2.043452850824298
9836.980253268,-2.4527010011804196,-0.13279098496301325,2.043452850824298
9836.988834146,-2.4527010011804196,-0.13279098496301325,2.043452850824298
9836.989715881,-2.4534517381678,-0.13132706580802342,2.0458524444159885
9836.990797544,-2.4534517381678,-0.13132706580802342,2.0458524444159885
9836.9951847,-2.4534517381678,-0.13132706580802342,2.0458524444159885
9837.007792152,-2.4534517381678,-0.13132706580802342,2.0458524444159885
9837.020025798,-2.4534517381678,-0.13132706580802342,2.0458524444159885
9837.028850135,-2.4534517381678,-0.13132706580802342,2.0458524444159885
9837.033986847,-2.4534517381678,-0.13132706580802342,2.0458524444159885
9837.035940276,-2.4534517381678,-0.13132706580802342,2.0458524444159885
9837.038553682,-2.454646707194014,-0.1290100630777544,2.0480592169818306
9837.050373668,-2.454646707194014,-0.1290100630777544,2.0480592169818306
9837.060502608,-2.454646707194014,-0.1290100630777544,2.0480592169818306
9837.068277022,-2.454646707194014,-0.1290100630777544,2.0480592169818306
9837.082104529,-2.454646707194014,-0.1290100630777544,2.0480592169818306
9837.098350743,-2.454646707194014,-0.1290100630777544,2.0480592169818306
9837.105821193,-2.454646707194014,-0.1290100630777544,2.0480592169818306
9837.106409664,-2.4553926482110704,-0.12757214933321134,2.0506286242064857
9837.108437965,-2.4553926482110704,-0.12757214933321134,2.0506286242064857
9837.114197032,-2.4553926482110704,-0.12757214933321134,2.0506286242064857
9837.11889747,-2.4553926482110704,-0.12757214933321134,2.0506286242064857
9837.126981829,-2.4553926482110704,-0.12757214933321134,2.0506286242064857
9837.135941973,-2.4560944572186383,-0.12622539948417943,2.051754198318423
9837.153160694,-2.4560944572186383,-0.12622539948417943,2.051754198318423
9837.172622188,-2.4560944572186383,-0.12622539948417943,2.051754198318423
9837.173128875,-2.4560944572186383,-0.12622539948417943,2.051754198318423
9837.189610318,-2.4560944572186383,-0.12622539948417943,2.051754198318423
9837.192229785,-2.4560944572186383,-0.12622539948417943,2.051754198318423
9837.192689734,-2.4564343294034163,-0.12557481710050233,2.052670858150425
9837.195212599,-2.4564343294034163,-0.12557481710050233,2.052670858150425
9837.19674891,-2.4564343294034163,-0.12557481710050233,2.052670858150425
9837.201011471,-2.4564343294034163,-0.12557481710050233,2.052670858150425
9837.205685039,-2.4564343294034163,-0.12557481710050233,2.052670858150425
9837.207879954,-2.4564343294034163,-0.12557481710050233,2.052670858150425
9837.217830348,-2.4564343294034163,-0.12557481710050233,2.052670858150425
9837.231404485,-2.4564343294034163,-0.12557481710050233,2.052670858150425
9837.232660327,-2.4564343294034163,-0.12557481710050233,2.052670858150425
9837.233361672,-2.456704174063802,-0.12505899002112206,2.0528817691859618
9837.238741432,-2.456704174063802,-0.12505899002112206,2.0528817691859618
9837.246619652,-2.456704174063802,-0.12505899002112206,2.0528817691859618
9837.256636311,-2.456704174063802,-0.12505899002112206,2.0528817691859618
9837.268045771,-2.456704174063802,-0.12505899002112206,2.0528817691859618
9837.276263362,-2.456704174063802,-0.12505899002112206,2.0528817691859618
9837.288726762,-2.456939485944941,-0.12461079290348503,2.0556342520770445
9837.290037547,-2.456939485944941,-0.12461079290348503,2.0556342520770445
9837.29075356,-2.456939485944941,-0.12461079290348503,2.0556342520770445
9837.30085587,-2.456939485944941,-0.12461079290348503,2.0556342520770445
9837.309809922,-2.456939485944941,-0.12461079290348503,2.0556342520770445
9837.320051877,-2.456939485944941,-0.12461079290348503,2.0556342520770445
9837.331769137,-2.456939485944941,-0.12461079290348503,2.0556342520770445
9837.334835499,-2.45712898277168,-0.12425289284933494,2.059845588451327
9837.337501434,-2.45712898277168,-0.12425289284933494,2.059845588451327
9837.339092379,-2.45712898277168,-0.12425289284933494,2.059845588451327
9837.345547932,-2.45712898277168,-0.12425289284933494,2.059845588451327
9837.358821402,-2.45712898277168,-0.12425289284933494,2.059845588451327
9837.367003606,-2.45712898277168,-0.12425289284933494,2.059845588451327
9837.379174072,-2.45712898277168,-0.12425289284933494,2.059845588451327
9837.390092154,-2.45712898277168,-0.12425289284933494,2.059845588451327
9837.394861301,-2.45712898277168,-0.12425289284933494,2.059845588451327
9837.396363429,-2.4572981279982304,-0.12394151921880373,2.0769971230086703
9837.398807765,-2.4572981279982304,-0.12394151921880373,2.0769971230086703
9837.406881945,-2.4572981279982304,-0.12394151921880373,2.0769971230086703
9837.415272873,-2.4572981279982304,-0.12394151921880373,2.0769971230086703
9837.43061472,-2.4572981279982304,-0.12394151921880373,2.0769971230086703
9837.43483469,-2.457485337034252,-0.12361122432515967,2.0958857157287016
9837.440569121,-2.457485337034252,-0.12361122432515967,2.0958857157287016
9837.440860502,-2.457485337034252,-0.12361122432515967,2.0958857157287016
9837.445892766,-2.457485337034252,-0.12361122432515967,2.0958857157287016
9837.457941083,-2.457485337034252,-0.12361122432515967,2.0958857157287016
9837.466694174,-2.457485337034252,-0.12361122432515967,2.0958857157287016
9837.47977493,-2.457485337034252,-0.12361122432515967,2.0958857157287016
9837.482523081,-2.4575501373768396,-0.12350251974059887,2.120821676498355
9837.483093408,-2.4575501373768396,-0.12350251974059887,2.120821676498355
9837.486002332,-2.4575501373768396,-0.12350251974059887,2.120821676498355
9837.499286412,-2.4575501373768396,-0.12350251974059887,2.120821676498355
9837.505896117,-2.4575501373768396,-0.12350251974059887,2.120821676498355
9837.522297441,-2.4575501373768396,-0.12350251974059887,2.120821676498355
9837.52541884,-2.4575501373768396,-0.12350251974059887,2.120821676498355
9837.529851943,-2.4576314901427985,-0.1233742838725261,2.1514308669623747
9837.53598157,-2.4576314901427985,-0.1233742838725261,2.1514308669623747
9837.536737097,-2.4576314901427985,-0.1233742838725261,2.1514308669623747
9837.547415075,-2.4576314901427985,-0.1233742838725261,2.1514308669623747
9837.556926089,-2.4576314901427985,-0.1233742838725261,2.1514308669623747
9837.567138697,-2.4576314901427985,-0.1233742838725261,2.1514308669623747
9837.580626011,-2.4576314901427985,-0.1233742838725261,2.1514308669623747
9837.587040927,-2.4576314901427985,-0.1233742838725261,2.1514308669623747
9837.589760213,-2.4576459380569773,-0.12335350194239264,2.2051767476853743
9837.590730977,-2.4576459380569773,-0.12335350194239264,2.2051767476853743
9837.598121075,-2.4576459380569773,-0.12335350194239264,2.2051767476853743
9837.615082661,-2.4576459380569773,-0.12335350194239264,2.2051767476853743
9837.617440444,-2.4576459380569773,-0.12335350194239264,2.2051767476853743
9837.628377341,-2.4576459380569773,-0.12335350194239264,2.2051767476853743
9837.632300471,-2.4576459380569773,-0.12335350194239264,2.2051767476853743
9837.632959966,-2.4577229161212046,-0.12325305221002997,2.244162491804065
9837.63579437,-2.4577229161212046,-0.12325305221002997,2.244162491804065
9837.646295894,-2.4577229161212046,-0.12325305221002997,2.244162491804065
9837.658182666,-2.4577229161212046,-0.12325305221002997,2.244162491804065
9837.666585246,-2.4577229161212046,-0.12325305221002997,2.244162491804065
9837.676127939,-2.4577229161212046,-0.12325305221002997,2.244162491804065
9837.681552034,-2.457674379845277,-0.12331144662343066,2.284362531548442
9837.683936207,-2.457674379845277,-0.12331144662343066,2.284362531548442
9837.688546805,-2.457674379845277,-0.12331144662343066,2.284362531548442
9837.696586801,-2.457674379845277,-0.12331144662343066,2.284362531548442
9837.706326857,-2.457674379845277,-0.12331144662343066,2.284362531548442
9837.721988598,-2.457674379845277,-0.12331144662343066,2.284362531548442
9837.726808972,-2.457674379845277,-0.12331144662343066,2.284362531548442
9837.742397345,-2.457674379845277,-0.12331144662343066,2.284362531548442
9837.744460842,-2.457674379845277,-0.12331144662343066,2.284362531548442
9837.745847451,-2.457674379845277,-0.12331144662343066,2.284362531548442
9837.746209505,-2.457725859846877,-0.12325563007541307,2.3472375043687235
9837.756873145,-2.457725859846877,-0.12325563007541307,2.3472375043687235
9837.767196554,-2.457725859846877,-0.12325563007541307,2.3472375043687235
9837.777139113,-2.457725859846877,-0.12325563007541307,2.3472375043687235
9837.781136573,-2.4577983299832695,-0.12318493231846256,2.3899096653816123
9837.782187407,-2.4577983299832695,-0.12318493231846256,2.3899096653816123
9837.788371247,-2.4577983299832695,-0.12318493231846256,2.3899096653816123
9837.799586349,-2.4577983299832695,-0.12318493231846256,2.3899096653816123
9837.807318533,-2.4577983299832695,-0.12318493231846256,2.3899096653816123
9837.816493873,-2.4577983299832695,-0.12318493231846256,2.3899096653816123
9837.826709928,-2.4577983299832695,-0.12318493231846256,2.3899096653816123
9837.829138896,-2.457817179030751,-0.12316804018262398,2.4318746671099976
9837.836522181,-2.457817179030751,-0.12316804018262398,2.4318746671099976
9837.841360276,-2.457817179030751,-0.12316804018262398,2.4318746671099976
9837.845431889,-2.457817179030751,-0.12316804018262398,2.4318746671099976
9837.856952929,-2.457817179030751,-0.12316804018262398,2.4318746671099976
9837.866803972,-2.457817179030751,-0.12316804018262398,2.4318746671099976
9837.875879977,-2.457817179030751,-0.12316804018262398,2.4318746671099976
9837.890596793,-2.457817179030751,-0.12316804018262398,2.4318746671099976
9837.894035869,-2.457856578695689,-0.12313625669981668,2.493691663539113
9837.898130893,-2.457856578695689,-0.12313625669981668,2.493691663539113
9837.898660854,-2.457856578695689,-0.12313625669981668,2.493691663539113
9837.906100055,-2.457856578695689,-0.12313625669981668,2.493691663539113
9837.918822354,-2.457856578695689,-0.12313625669981668,2.493691663539113
9837.92983864,-2.457856578695689,-0.12313625669981668,2.493691663539113
9837.930974766,-2.457856578695689,-0.12313625669981668,2.493691663539113
9837.931751954,-2.457938557331388,-0.12307684628999105,2.535262718146743
9837.938628349,-2.457938557331388,-0.12307684628999105,2.535262718146743
9837.950906182,-2.457938557331388,-0.12307684628999105,2.535262718146743
9837.957501358,-2.457938557331388,-0.12307684628999105,2.535262718146743
9837.971603293,-2.457938557331388,-0.12307684628999105,2.535262718146743
9837.97806101,-2.457938557331388,-0.12307684628999105,2.535262718146743
9837.985776462,-2.457938557331388,-0.12307684628999105,2.535262718146743
9837.990487149,-2.4579598058347933,-0.12306309376486979,2.599081165438594
9837.996899511,-2.4579598058347933,-0.12306309376486979,2.599081165438594
9838.007005198,-2.4579598058347933,-0.12306309376486979,2.599081165438594
9838.008973415,-2.4579598058347933,-0.12306309376486979,2.599081165438594
9838.020705915,-2.4579598058347933,-0.12306309376486979,2.599081165438594
9838.031323348,-2.4579598058347933,-0.12306309376486979,2.599081165438594
9838.033939139,-2.458025653566529,-0.12302528167920143,2.6415854909476653
9838.04497887,-2.458025653566529,-0.12302528167920143,2.6415854909476653
9838.051876648,-2.458025653566529,-0.12302528167920143,2.6415854909476653
9838.05310106,-2.458025653566529,-0.12302528167920143,2.6415854909476653
9838.064584339,-2.458025653566529,-0.12302528167920143,2.6415854909476653
9838.069745798,-2.458025653566529,-0.12302528167920143,2.6415854909476653
9838.077769192,-2.458025653566529,-0.12302528167920143,2.6415854909476653
9838.084039455,-2.458093062800539,-0.12299032924341169,2.6849066534098998
9838.085370539,-2.458093062800539,-0.12299032924341169,2.6849066534098998
9838.095808343,-2.458093062800539,-0.12299032924341169,2.6849066534098998
9838.102383963,-2.458093062800539,-0.12299032924341169,2.6849066534098998
9838.109404452,-2.458093062800539,-0.12299032924341169,2.6849066534098998
9838.120501342,-2.458093062800539,-0.12299032924341169,2.6849066534098998
9838.127800788,-2.458093062800539,-0.12299032924341169,2.6849066534098998
9838.129203979,-2.458093062800539,-0.12299032924341169,2.7257957377490416
9838.14185895,-2.458093062800539,-0.12299032924341169,2.7257957377490416
9838.142684459,-2.458093062800539,-0.12299032924341169,2.7257957377490416
9838.147969742,-2.458093062800539,-0.12299032924341169,2.7257957377490416
9838.162316058,-2.458093062800539,-0.12299032924341169,2.7257957377490416
9838.168565261,-2.458093062800539,-0.12299032924341169,2.7257957377490416
9838.181867025,-2.458093062800539,-0.12299032924341169,2.7257957377490416
9838.198194954,-2.458093062800539,-0.12299032924341169,2.7257957377490416
9838.206396044,-2.458093062800539,-0.12299032924341169,2.7257957377490416
9838.207314479,-2.458093062800539,-0.12299032924341169,2.7257957377490416
9838.210211541,-2.458093062800539,-0.12299032924341169,2.7257957377490416
9838.211653233,-2.4580461147763426,-0.12300926086776554,2.790785751586856
9838.220765434,-2.4580461147763426,-0.12300926086776554,2.790785751586856
9838.226311759,-2.4568298151391845,-0.1237949826146382,2.827965793857762
9838.229860632,-2.4568298151391845,-0.1237949826146382,2.827965793857762
9838.232444983,-2.4568298151391845,-0.1237949826146382,2.827965793857762
9838.243345391,-2.4568298151391845,-0.1237949826146382,2.827965793857762
9838.25145579,-2.4568298151391845,-0.1237949826146382,2.827965793857762
9838.258496778,-2.4568298151391845,-0.1237949826146382,2.827965793857762
9838.269223438,-2.4568298151391845,-0.1237949826146382,2.827965793857762
9838.284242666,-2.4568298151391845,-0.1237949826146382,2.827965793857762
9838.288271415,-2.4568298151391845,-0.1237949826146382,2.827965793857762
9838.296993428,-2.4568298151391845,-0.1237949826146382,2.827965793857762
9838.299007873,-2.4535751331856304,-0.1257459137471304,2.8600474106257114
9838.305892025,-2.4535751331856304,-0.1257459137471304,2.8600474106257114
9838.308484632,-2.4535751331856304,-0.1257459137471304,2.8600474106257114
9838.318846583,-2.4535751331856304,-0.1257459137471304,2.8600474106257114
9838.330033993,-2.4535751331856304,-0.1257459137471304,2.8600474106257114
9838.33217664,-2.4517659546316493,-0.1267427566177453,2.915645285720453
9838.336852141,-2.4517659546316493,-0.1267427566177453,2.915645285720453
9838.341450112,-2.4517659546316493,-0.1267427566177453,2.915645285720453
9838.347413749,-2.4517659546316493,-0.1267427566177453,2.915645285720453
9838.356816618,-2.4517659546316493,-0.1267427566177453,2.915645285720453
9838.367108978,-2.4517659546316493,-0.1267427566177453,2.915645285720453
9838.382688423,-2.4517659546316493,-0.1267427566177453,2.915645285720453
9838.383624401,-2.4517163927056815,-0.12675305898984934,2.9576399766155337
9838.384066506,-2.4517163927056815,-0.12675305898984934,2.9576399766155337
9838.386500062,-2.4517163927056815,-0.12675305898984934,2.9576399766155337
9838.397744109,-2.4517163927056815,-0.12675305898984934,2.9576399766155337
9838.408851668,-2.4517163927056815,-0.12675305898984934,2.9576399766155337
9838.415972588,-2.4517163927056815,-0.12675305898984934,2.9576399766155337
9838.427694127,-2.4517163927056815,-0.12675305898984934,2.9576399766155337
9838.429391693,-2.451395642624963,-0.12778541932903903,2.9930041393546274
9838.431063932,-2.451395642624963,-0.12778541932903903,2.9930041393546274
9838.438401611,-2.451395642624963,-0.12778541932903903,2.9930041393546274
9838.447206841,-2.451395642624963,-0.12778541932903903,2.9930041393546274
9838.456732403,-2.451395642624963,-0.12778541932903903,2.9930041393546274
9838.465548534,-2.451395642624963,-0.12778541932903903,2.9930041393546274
9838.475481996,-2.451395642624963,-0.12778541932903903,2.9930041393546274
9838.486450772,-2.451395642624963,-0.12778541932903903,2.9930041393546274
9838.491682143,-2.4506514066478076,-0.1297244150289184,3.044791344180157
9838.492694345,-2.4506514066478076,-0.1297244150289184,3.044791344180157
9838.498767656,-2.4506514066478076,-0.1297244150289184,3.044791344180157
9838.510901754,-2.4506514066478076,-0.1297244150289184,3.044791344180157
9838.516826935,-2.4506514066478076,-0.1297244150289184,3.044791344180157
9838.530152794,-2.4506514066478076,-0.1297244150289184,3.044791344180157
9838.532039227,-2.450335253272322,-0.13030732647637022,3.083820901304342
9838.538717871,-2.450335253272322,-0.13030732647637022,3.083820901304342
9838.53928394,-2.450335253272322,-0.13030732647637022,3.083820901304342
9838.545810166,-2.450335253272322,-0.13030732647637022,3.083820901304342
9838.555540404,-2.450335253272322,-0.13030732647637022,3.083820901304342
9838.56604211,-2.450335253272322,-0.13030732647637022,3.083820901304342
9838.576599229,-2.450335253272322,-0.13030732647637022,3.083820901304342
9838.585344406,-2.4503858403200196,-0.1303054626142831,3.1257084230481165
9838.587056199,-2.4503858403200196,-0.1303054626142831,3.1257084230481165
9838.587380732,-2.4503858403200196,-0.1303054626142831,3.1257084230481165
9838.594718181,-2.4503858403200196,-0.1303054626142831,3.1257084230481165
9838.607148057,-2.4503858403200196,-0.1303054626142831,3.1257084230481165
9838.61945365,-2.4503858403200196,-0.1303054626142831,3.1257084230481165
9838.625615498,-2.4503858403200196,-0.1303054626142831,3.1257084230481165
9838.636504584,-2.4503858403200196,-0.1303054626142831,3.1257084230481165
9838.638658563,-2.4503605324944466,-0.13030508207658176,-3.095637959246674
9838.639236845,-2.4503605324944466,-0.13030508207658176,-3.095637959246674
9838.650660501,-2.4503605324944466,-0.13030508207658176,-3.095637959246674
9838.657324838,-2.4503605324944466,-0.13030508207658176,-3.095637959246674
9838.6674382,-2.4503605324944466,-0.13030508207658176,-3.095637959246674
9838.677049793,-2.4503605324944466,-0.13030508207658176,-3.095637959246674
9838.680698535,-2.4503100251336956,-0.13030168650791277,-3.053291004900971
9838.681684848,-2.4503100251336956,-0.13030168650791277,-3.053291004900971
9838.687977363,-2.4503100251336956,-0.13030168650791277,-3.053291004900971
9838.703061703,-2.4503100251336956,-0.13030168650791277,-3.053291004900971
9838.708412549,-2.4503100251336956,-0.13030168650791277,-3.053291004900971
9838.720863957,-2.4503100251336956,-0.13030168650791277,-3.053291004900971
9838.728280755,-2.4503100251336956,-0.13030168650791277,-3.053291004900971
9838.731621635,-2.44800311917477,-0.12885926458402122,-3.0177295564952655
9838.738901224,-2.44800311917477,-0.12885926458402122,-3.0177295564952655
9838.740747812,-2.44800311917477,-0.12885926458402122,-3.0177295564952655
9838.75651911,-2.44800311917477,-0.12885926458402122,-3.0177295564952655
9838.758894847,-2.44800311917477,-0.12885926458402122,-3.0177295564952655
9838.769964635,-2.44800311917477,-0.12885926458402122,-3.0177295564952655
9838.776282107,-2.44800311917477,-0.12885926458402122,-3.0177295564952655
9838.787998125,-2.44800311917477,-0.12885926458402122,-3.0177295564952655
9838.790892712,-2.44339148039448,-0.12608043402313274,-2.9698389699420904
9838.792853957,-2.44339148039448,-0.12608043402313274,-2.9698389699420904
9838.79757301,-2.44339148039448,-0.12608043402313274,-2.9698389699420904
9838.808789174,-2.44339148039448,-0.12608043402313274,-2.9698389699420904
9838.815848147,-2.44339148039448,-0.12608043402313274,-2.9698389699420904
9838.829478661,-2.44339148039448,-0.12608043402313274,-2.9698389699420904
9838.829959229,-2.443059309009931,-0.12579261802993671,-2.9385663572718976
9838.839678345,-2.443059309009931,-0.12579261802993671,-2.9385663572718976
9838.845860021,-2.443059309009931,-0.12579261802993671,-2.9385663572718976
9838.848290872,-2.443059309009931,-0.12579261802993671,-2.9385663572718976
9838.860289655,-2.443059309009931,-0.12579261802993671,-2.9385663572718976
9838.867275289,-2.443059309009931,-0.12579261802993671,-2.9385663572718976
9838.879982369,-2.443059309009931,-0.12579261802993671,-2.9385663572718976
9838.882521254,-2.443207637823808,-0.12582519522078348,-2.9122276607921003
9838.884279135,-2.443207637823808,-0.12582519522078348,-2.9122276607921003
9838.88921679,-2.443207637823808,-0.12582519522078348,-2.9122276607921003
9838.898028723,-2.443207637823808,-0.12582519522078348,-2.9122276607921003
9838.90866347,-2.443207637823808,-0.12582519522078348,-2.9122276607921003
9838.915712844,-2.443207637823808,-0.12582519522078348,-2.9122276607921003
9838.93006426,-2.443207637823808,-0.12582519522078348,-2.9122276607921003
9838.941058586,-2.4410506169238095,-0.12789215541068166,-2.885101312268658
9838.943151779,-2.4410506169238095,-0.12789215541068166,-2.885101312268658
9838.945330514,-2.4410506169238095,-0.12789215541068166,-2.885101312268658
9838.951386412,-2.4410506169238095,-0.12789215541068166,-2.885101312268658
9838.957821987,-2.4410506169238095,-0.12789215541068166,-2.885101312268658
9838.970219162,-2.4410506169238095,-0.12789215541068166,-2.885101312268658
9838.976816983,-2.4410506169238095,-0.12789215541068166,-2.885101312268658
9838.983806775,-2.4410506169238095,-0.12789215541068166,-2.885101312268658
9838.984604031,-2.4357503357211363,-0.13312253019586692,-2.875662812761901
9838.996384401,-2.4357503357211363,-0.13312253019586692,-2.875662812761901
9838.999209437,-2.4357503357211363,-0.13312253019586692,-2.875662812761901
9839.013077159,-2.4357503357211363,-0.13312253019586692,-2.875662812761901
9839.022785837,-2.4357503357211363,-0.13312253019586692,-2.875662812761901
9839.031121621,-2.4357503357211363,-0.13312253019586692,-2.875662812761901
9839.033674963,-2.433809197963443,-0.13555594191944748,-2.8687726042556165
9839.035465285,-2.433809197963443,-0.13555594191944748,-2.8687726042556165
9839.041669563,-2.433809197963443,-0.13555594191944748,-2.8687726042556165
9839.050998119,-2.433809197963443,-0.13555594191944748,-2.8687726042556165
9839.057967916,-2.433809197963443,-0.13555594191944748,-2.8687726042556165
9839.067100726,-2.433809197963443,-0.13555594191944748,-2.8687726042556165
9839.080364788,-2.433809197963443,-0.13555594191944748,-2.8687726042556165
9839.087595034,-2.433809197963443,-0.13555594191944748,-2.8687726042556165
9839.091246901,-2.4343694312161106,-0.13571415828764474,-2.8639255545424818
9839.091804294,-2.4343694312161106,-0.13571415828764474,-2.8639255545424818
9839.101137121,-2.4343694312161106,-0.13571415828764474,-2.8639255545424818
9839.109221691,-2.4343694312161106,-0.13571415828764474,-2.8639255545424818
9839.117057931,-2.4343694312161106,-0.13571415828764474,-2.8639255545424818
9839.132978401,-2.4343694312161106,-0.13571415828764474,-2.8639255545424818
9839.134815751,-2.434734585082907,-0.13581810343423315,-2.8646081469344495
9839.137343465,-2.434734585082907,-0.13581810343423315,-2.8646081469344495
9839.138172892,-2.434734585082907,-0.13581810343423315,-2.8646081469344495
9839.150001854,-2.434734585082907,-0.13581810343423315,-2.8646081469344495
9839.158184298,-2.434734585082907,-0.13581810343423315,-2.8646081469344495
9839.167918894,-2.434734585082907,-0.13581810343423315,-2.8646081469344495
9839.177608825,-2.434734585082907,-0.13581810343423315,-2.8646081469344495
9839.181951257,-2.4348564116703324,-0.1358523679012512,-2.8702310107039812
9839.182923654,-2.4348564116703324,-0.1358523679012512,-2.8702310107039812
9839.193632701,-2.4348564116703324,-0.1358523679012512,-2.8702310107039812
9839.201097649,-2.4348564116703324,-0.1358523679012512,-2.8702310107039812
9839.207670364,-2.4348564116703324,-0.1358523679012512,-2.8702310107039812
9839.216597752,-2.4348564116703324,-0.1358523679012512,-2.8702310107039812
9839.226221442,-2.4348564116703324,-0.1358523679012512,-2.8702310107039812
9839.241742374,-2.4348564116703324,-0.1358523679012512,-2.8702310107039812
9839.243060186,-2.434566768075264,-0.13478160922484472,-2.888822390449981
9839.255148477,-2.434566768075264,-0.13478160922484472,-2.888822390449981
9839.256636408,-2.434566768075264,-0.13478160922484472,-2.888822390449981
9839.259848825,-2.434566768075264,-0.13478160922484472,-2.888822390449981
9839.274868663,-2.434566768075264,-0.13478160922484472,-2.888822390449981
9839.284813647,-2.434566768075264,-0.13478160922484472,-2.888822390449981
9839.286088254,-2.434144042169711,-0.1329585935830716,-2.907328778304796
9839.287188382,-2.434144042169711,-0.1329585935830716,-2.907328778304796
9839.289456726,-2.434144042169711,-0.1329585935830716,-2.907328778304796
9839.309847736,-2.434144042169711,-0.1329585935830716,-2.907328778304796
9839.320196903,-2.434144042169711,-0.1329585935830716,-2.907328778304796
9839.329942503,-2.434144042169711,-0.1329585935830716,-2.907328778304796
9839.338929317,-2.434144042169711,-0.1329585935830716,-2.907328778304796
9839.339928674,-2.434144042169711,-0.1329585935830716,-2.907328778304796
9839.344121002,-2.434144042169711,-0.1329585935830716,-2.907328778304796
9839.344953184,-2.4340829454888357,-0.13220517461709702,-2.932651166662797
9839.348526303,-2.4340829454888357,-0.13220517461709702,-2.932651166662797
9839.358152314,-2.4340829454888357,-0.13220517461709702,-2.932651166662797
9839.368021013,-2.4340829454888357,-0.13220517461709702,-2.932651166662797
9839.378017544,-2.4340829454888357,-0.13220517461709702,-2.932651166662797
9839.390165305,-2.4340829454888357,-0.13220517461709702,-2.932651166662797
9839.393041577,-2.4340829454888357,-0.13220517461709702,-2.932651166662797
9839.394252945,-2.434481029349852,-0.13227954353334223,-2.981157605394944
9839.403533737,-2.434481029349852,-0.13227954353334223,-2.981157605394944
9839.408558445,-2.434481029349852,-0.13227954353334223,-2.981157605394944
9839.416304628,-2.434481029349852,-0.13227954353334223,-2.981157605394944
9839.430090566,-2.434481029349852,-0.13227954353334223,-2.981157605394944
9839.433928382,-2.4351323566777046,-0.13237356035441245,-3.015315060362443
9839.441935538,-2.4351323566777046,-0.13237356035441245,-3.015315060362443
9839.444952787,-2.4351323566777046,-0.13237356035441245,-3.015315060362443
9839.449598872,-2.4351323566777046,-0.13237356035441245,-3.015315060362443
9839.45774757,-2.4351323566777046,-0.13237356035441245,-3.015315060362443
9839.469395543,-2.4351323566777046,-0.13237356035441245,-3.015315060362443
9839.482335614,-2.4351323566777046,-0.13237356035441245,-3.015315060362443
9839.499686474,-2.4351323566777046,-0.13237356035441245,-3.015315060362443
9839.50227336,-2.43558520546854,-0.1324234839575024,-3.0482701704355324
9839.506943301,-2.43558520546854,-0.1324234839575024,-3.0482701704355324
9839.50784813,-2.43558520546854,-0.1324234839575024,-3.0482701704355324
9839.515988083,-2.43558520546854,-0.1324234839575024,-3.0482701704355324
9839.520824569,-2.43558520546854,-0.1324234839575024,-3.0482701704355324
9839.526911205,-2.436089916833524,-0.13246245543066612,-3.0807902262064064
9839.540418356,-2.436089916833524,-0.13246245543066612,-3.0807902262064064
9839.541355426,-2.436089916833524,-0.13246245543066612,-3.0807902262064064
9839.54464533,-2.436089916833524,-0.13246245543066612,-3.0807902262064064
9839.550001396,-2.436089916833524,-0.13246245543066612,-3.0807902262064064
9839.561383611,-2.436089916833524,-0.13246245543066612,-3.0807902262064064
9839.569300774,-2.436089916833524,-0.13246245543066612,-3.0807902262064064
9839.580850041,-2.436089916833524,-0.13246245543066612,-3.0807902262064064
9839.591943343,-2.436089916833524,-0.13246245543066612,-3.0807902262064064
9839.593060793,-2.436089916833524,-0.13246245543066612,-3.0807902262064064
9839.599921251,-2.436798180932227,-0.13248728582148273,-3.1323075935693825
9839.604211404,-2.436798180932227,-0.13248728582148273,-3.1323075935693825
9839.607746882,-2.436798180932227,-0.13248728582148273,-3.1323075935693825
9839.622706186,-2.436798180932227,-0.13248728582148273,-3.1323075935693825
9839.625937279,-2.436798180932227,-0.13248728582148273,-3.1323075935693825
9839.630488522,-2.439076060657105,-0.13246795199947617,3.115332722116979
9839.648061422,-2.439076060657105,-0.13246795199947617,3.115332722116979
9839.655825747,-2.439076060657105,-0.13246795199947617,3.115332722116979
9839.657220081,-2.439076060657105,-0.13246795199947617,3.115332722116979
9839.660499975,-2.439076060657105,-0.13246795199947617,3.115332722116979
9839.670019455,-2.439076060657105,-0.13246795199947617,3.115332722116979
9839.684700507,-2.439076060657105,-0.13246795199947617,3.115332722116979
9839.693728007,-2.439076060657105,-0.13246795199947617,3.115332722116979
9839.695120087,-2.4410979174207204,-0.13235780378097048,3.0590026969209037
9839.696234221,-2.4410979174207204,-0.13235780378097048,3.0590026969209037
9839.70770691,-2.4410979174207204,-0.13235780378097048,3.0590026969209037
9839.715926525,-2.4410979174207204,-0.13235780378097048,3.0590026969209037
9839.72135662,-2.4410979174207204,-0.13235780378097048,3.0590026969209037
9839.729935373,-2.4410979174207204,-0.13235780378097048,3.0590026969209037
9839.740958493,-2.4410979174207204,-0.13235780378097048,3.0590026969209037
9839.741879923,-2.4410979174207204,-0.13235780378097048,3.0590026969209037
9839.743629197,-2.443993801996615,-0.13206421318661885,3.022109031130346
9839.744507055,-2.443993801996615,-0.13206421318661885,3.022109031130346
9839.749083329,-2.443993801996615,-0.13206421318661885,3.022109031130346
9839.755479489,-2.443993801996615,-0.13206421318661885,3.022109031130346
9839.768684039,-2.443993801996615,-0.13206421318661885,3.022109031130346
9839.779313676,-2.443993801996615,-0.13206421318661885,3.022109031130346
9839.780409546,-2.445899161853175,-0.13179985060819896,2.985343038488897
9839.797854946,-2.445899161853175,-0.13179985060819896,2.985343038488897
9839.802157712,-2.445899161853175,-0.13179985060819896,2.985343038488897
9839.811142883,-2.445899161853175,-0.13179985060819896,2.985343038488897
9839.822211138,-2.445899161853175,-0.13179985060819896,2.985343038488897
9839.825842497,-2.445899161853175,-0.13179985060819896,2.985343038488897
9839.831611272,-2.447644029234288,-0.13149239498748802,2.949011623312505
9839.834942945,-2.447644029234288,-0.13149239498748802,2.949011623312505
9839.837669645,-2.447644029234288,-0.13149239498748802,2.949011623312505
9839.838989127,-2.447644029234288,-0.13149239498748802,2.949011623312505
9839.851190983,-2.447644029234288,-0.13149239498748802,2.949011623312505
9839.858769316,-2.447644029234288,-0.13149239498748802,2.949011623312505
9839.867432659,-2.447644029234288,-0.13149239498748802,2.949011623312505
9839.878952437,-2.447644029234288,-0.13149239498748802,2.949011623312505
9839.886730838,-2.4493241674516115,-0.1311190150280926,2.8968177432313285
9839.891663545,-2.4493241674516115,-0.1311190150280926,2.8968177432313285
9839.892521575,-2.4493241674516115,-0.1311190150280926,2.8968177432313285
9839.902061684,-2.4493241674516115,-0.1311190150280926,2.8968177432313285
9839.909362684,-2.4493241674516115,-0.1311190150280926,2.8968177432313285
9839.920429175,-2.4493241674516115,-0.1311190150280926,2.8968177432313285
9839.933828934,-2.4493241674516115,-0.1311190150280926,2.8968177432313285
9839.934915356,-2.4510608303214685,-0.1306570386630403,2.8663819426789603
9839.940029615,-2.4510608303214685,-0.1306570386630403,2.8663819426789603
9839.940811402,-2.4510608303214685,-0.1306570386630403,2.8663819426789603
9839.947395257,-2.4510608303214685,-0.1306570386630403,2.8663819426789603
9839.957650497,-2.4510608303214685,-0.1306570386630403,2.8663819426789603
9839.971214763,-2.4510608303214685,-0.1306570386630403,2.8663819426789603
9839.982012377,-2.4510608303214685,-0.1306570386630403,2.8663819426789603
9839.99251681,-2.4510608303214685,-0.1306570386630403,2.8663819426789603
9839.996414892,-2.4510608303214685,-0.1306570386630403,2.8663819426789603
9839.997388,-2.4517152461425313,-0.1304601635286696,2.8323469454541526
9840.003856698,-2.4517152461425313,-0.1304601635286696,2.8323469454541526
9840.014316433,-2.4517152461425313,-0.1304601635286696,2.8323469454541526
9840.022913721,-2.4517152461425313,-0.1304601635286696,2.8323469454541526
9840.028818043,-2.4517152461425313,-0.1304601635286696,2.8323469454541526
9840.034147359,-2.4563594657730285,-0.13022577798983564,2.8204976641026827
9840.038984411,-2.4563594657730285,-0.13022577798983564,2.8204976641026827
9840.039783561,-2.4563594657730285,-0.13022577798983564,2.8204976641026827
9840.042280299,-2.4563594657730285,-0.13022577798983564,2.8204976641026827
9840.049362165,-2.4563594657730285,-0.13022577798983564,2.8204976641026827
9840.057072328,-2.4563594657730285,-0.13022577798983564,2.8204976641026827
9840.068916488,-2.4563594657730285,-0.13022577798983564,2.8204976641026827
9840.080685076,-2.4563594657730285,-0.13022577798983564,2.8204976641026827
9840.088499826,-2.4628552568863946,-0.13004059825655354,2.8154707632320184
9840.092995267,-2.4628552568863946,-0.13004059825655354,2.8154707632320184
9840.103883782,-2.4628552568863946,-0.13004059825655354,2.8154707632320184
9840.112023306,-2.4628552568863946,-0.13004059825655354,2.8154707632320184
9840.125258644,-2.4628552568863946,-0.13004059825655354,2.8154707632320184
9840.132498928,-2.4628552568863946,-0.13004059825655354,2.8154707632320184
9840.133179053,-2.4628552568863946,-0.13004059825655354,2.8154707632320184
9840.133991107,-2.4678140723651745,-0.12990831856740928,2.8128706571670548
9840.147821368,-2.4678140723651745,-0.12990831856740928,2.8128706571670548
9840.148573849,-2.4678140723651745,-0.12990831856740928,2.8128706571670548
9840.154395255,-2.4678140723651745,-0.12990831856740928,2.8128706571670548
9840.163072834,-2.4678140723651745,-0.12990831856740928,2.8128706571670548
9840.16649626,-2.4678140723651745,-0.12990831856740928,2.8128706571670548
9840.18106651,-2.4678140723651745,-0.12990831856740928,2.8128706571670548
9840.185352124,-2.4678140723651745,-0.12990831856740928,2.8128706571670548
9840.188197709,-2.4678140723651745,-0.12990831856740928,2.8128706571670548
9840.188740955,-2.4678859388015297,-0.12988380545004274,2.812879329642869
9840.199848855,-2.4678859388015297,-0.12988380545004274,2.812879329642869
9840.210346622,-2.4678859388015297,-0.12988380545004274,2.812879329642869
9840.22205691,-2.4678859388015297,-0.12988380545004274,2.812879329642869
9840.226214793,-2.467933863160435,-0.12986750271407074,2.814512735328294
9840.232424491,-2.467933863160435,-0.12986750271407074,2.814512735328294
9840.236043727,-2.467933863160435,-0.12986750271407074,2.814512735328294
9840.238395579,-2.467933863160435,-0.12986750271407074,2.814512735328294
9840.251822429,-2.467933863160435,-0.12986750271407074,2.814512735328294
9840.257647931,-2.467933863160435,-0.12986750271407074,2.814512735328294
9840.267109492,-2.467933863160435,-0.12986750271407074,2.814512735328294
9840.276729872,-2.467933863160435,-0.12986750271407074,2.814512735328294
9840.288989718,-2.467933863160435,-0.12986750271407074,2.814512735328294
9840.296923312,-2.467933863160434,-0.12986750271407105,2.8302132246109024
9840.306418496,-2.467933863160434,-0.12986750271407105,2.8302132246109024
9840.307974044,-2.467933863160434,-0.12986750271407105,2.8302132246109024
9840.311841028,-2.467933863160434,-0.12986750271407105,2.8302132246109024
9840.318914147,-2.467933863160434,-0.12986750271407105,2.8302132246109024
9840.328717343,-2.467933863160434,-0.12986750271407105,2.8302132246109024
9840.332465843,-2.466697775744362,-0.13035299712841553,2.8507493524093777
9840.338328917,-2.466697775744362,-0.13035299712841553,2.8507493524093777
9840.340455243,-2.466697775744362,-0.13035299712841553,2.8507493524093777
9840.354274544,-2.466697775744362,-0.13035299712841553,2.8507493524093777
9840.361683457,-2.466697775744362,-0.13035299712841553,2.8507493524093777
9840.367771035,-2.466697775744362,-0.13035299712841553,2.8507493524093777
9840.382564536,-2.466697775744362,-0.13035299712841553,2.8507493524093777
9840.383848772,-2.463719877080588,-0.1315120060730856,2.8819386304416357
9840.385785049,-2.463719877080588,-0.1315120060730856,2.8819386304416357
9840.3885651,-2.463719877080588,-0.1315120060730856,2.8819386304416357
9840.405437457,-2.463719877080588,-0.1315120060730856,2.8819386304416357
9840.411078391,-2.463719877080588,-0.1315120060730856,2.8819386304416357
9840.423557431,-2.463719877080588,-0.1315120060730856,2.8819386304416357
9840.431879609,-2.463719877080588,-0.1315120060730856,2.8819386304416357
9840.434921314,-2.463719877080588,-0.1315120060730856,2.8819386304416357
9840.43812745,-2.463719877080588,-0.1315120060730856,2.8819386304416357
9840.43872606,-2.4621779552842895,-0.13210704912000426,2.9350212441131203
9840.447762478,-2.4621779552842895,-0.13210704912000426,2.9350212441131203
9840.458075526,-2.4621779552842895,-0.13210704912000426,2.9350212441131203
9840.467769225,-2.4621779552842895,-0.13210704912000426,2.9350212441131203
9840.475942302,-2.4621779552842895,-0.13210704912000426,2.9350212441131203
9840.48574129,-2.4620536282615495,-0.132130683047325,2.972457073752555
9840.486261091,-2.4620536282615495,-0.132130683047325,2.972457073752555
9840.491027484,-2.4620536282615495,-0.132130683047325,2.972457073752555
9840.500415826,-2.4620536282615495,-0.132130683047325,2.972457073752555
9840.507134967,-2.4620536282615495,-0.132130683047325,2.972457073752555
9840.515409675,-2.4620536282615495,-0.132130683047325,2.972457073752555
9840.525862528,-2.4620536282615495,-0.132130683047325,2.972457073752555
9840.529950629,-2.462028601479203,-0.13213446339248808,3.010890983168754
9840.532895952,-2.462028601479203,-0.13213446339248808,3.010890983168754
9840.539194729,-2.462028601479203,-0.13213446339248808,3.010890983168754
9840.546438972,-2.462028601479203,-0.13213446339248808,3.010890983168754
9840.561953404,-2.462028601479203,-0.13213446339248808,3.010890983168754
9840.568826646,-2.462028601479203,-0.13213446339248808,3.010890983168754
9840.582015616,-2.462028601479203,-0.13213446339248808,3.010890983168754
9840.587468415,-2.462028601479203,-0.13213446339248808,3.010890983168754
9840.591885748,-2.462028601479203,-0.13213446339248808,3.010890983168754
9840.596811692,-2.462028601479203,-0.13213446339248808,3.010890983168754
9840.598309431,-2.4619782371298244,-0.13213955806503133,3.0706675277396767
9840.612643965,-2.4619782371298244,-0.13213955806503133,3.0706675277396767
9840.620973107,-2.4619782371298244,-0.13213955806503133,3.0706675277396767
9840.634872679,-2.4619782371298244,-0.13213955806503133,3.0706675277396767
9840.636107151,-2.4619782371298244,-0.13213955806503133,3.0706675277396767
9840.638859069,-2.4619782371298244,-0.13213955806503133,3.0706675277396767
9840.639281547,-2.461952958579186,-0.1321408331029748,3.111724160735282
9840.650162097,-2.461952958579186,-0.1321408331029748,3.111724160735282
9840.655726934,-2.461952958579186,-0.1321408331029748,3.111724160735282
9840.668935472,-2.461952958579186,-0.1321408331029748,3.111724160735282
9840.678934267,-2.461952958579186,-0.1321408331029748,3.111724160735282
9840.685368923,-2.461775792325094,-0.1321425737277595,-3.131373148530944
9840.690701435,-2.461775792325094,-0.1321425737277595,-3.131373148530944
9840.698342146,-2.461775792325094,-0.1321425737277595,-3.131373148530944
9840.709175835,-2.461775792325094,-0.1321425737277595,-3.131373148530944
9840.720633589,-2.461775792325094,-0.1321425737277595,-3.131373148530944
9840.723738824,-2.461775792325094,-0.1321425737277595,-3.131373148530944
9840.73081576,-2.461775792325094,-0.1321425737277595,-3.131373148530944
9840.733710718,-2.461699922201605,-0.13213950746630712,-3.071026902765258
9840.74029266,-2.461699922201605,-0.13213950746630712,-3.071026902765258
9840.746117221,-2.461699922201605,-0.13213950746630712,-3.071026902765258
9840.750613773,-2.461699922201605,-0.13213950746630712,-3.071026902765258
9840.759840941,-2.461699922201605,-0.13213950746630712,-3.071026902765258
9840.768234444,-2.461699922201605,-0.13213950746630712,-3.071026902765258
9840.781769628,-2.461699922201605,-0.13213950746630712,-3.071026902765258
9840.801803153,-2.461699922201605,-0.13213950746630712,-3.071026902765258
9840.802975748,-2.4615234782088384,-0.1321234317460886,-3.030441146463378
9840.804144014,-2.4615234782088384,-0.1321234317460886,-3.030441146463378
9840.814860878,-2.4615234782088384,-0.1321234317460886,-3.030441146463378
9840.823286422,-2.4615234782088384,-0.1321234317460886,-3.030441146463378
9840.833847068,-2.4615234782088384,-0.1321234317460886,-3.030441146463378
9840.837267489,-2.4615234782088384,-0.1321234317460886,-3.030441146463378
9840.838065085,-2.4615234782088384,-0.1321234317460886,-3.030441146463378
9840.841118703,-2.4615234782088384,-0.1321234317460886,-3.030441146463378
9840.84182141,-2.461297638577033,-0.1320936398162707,-2.9904261642398673
9840.853528241,-2.461297638577033,-0.1320936398162707,-2.9904261642398673
9840.858557269,-2.461297638577033,-0.1320936398162707,-2.9904261642398673
9840.86793439,-2.461297638577033,-0.1320936398162707,-2.9904261642398673
9840.880974346,-2.461297638577033,-0.1320936398162707,-2.9904261642398673
9840.883279133,-2.461123376534474,-0.13206164525599748,-2.929603081315978
9840.884494268,-2.461123376534474,-0.13206164525599748,-2.929603081315978
9840.891491775,-2.461123376534474,-0.13206164525599748,-2.929603081315978
9840.905877334,-2.461123376534474,-0.13206164525599748,-2.929603081315978
9840.910690595,-2.461123376534474,-0.13206164525599748,-2.929603081315978
9840.9275684,-2.461123376534474,-0.13206164525599748,-2.929603081315978
9840.933092417,-2.461123376534474,-0.13206164525599748,-2.929603081315978
9840.938880689,-2.461123376534474,-0.13206164525599748,-2.929603081315978
9840.939808822,-2.4610002043296415,-0.13203258705473364,-2.8902239614429313
9840.941392043,-2.4610002043296415,-0.13203258705473364,-2.8902239614429313
9840.94778691,-2.4610002043296415,-0.13203258705473364,-2.8902239614429313
9840.956896737,-2.4610002043296415,-0.13203258705473364,-2.8902239614429313
9840.969186078,-2.4610002043296415,-0.13203258705473364,-2.8902239614429313
9840.979470222,-2.4610002043296415,-0.13203258705473364,-2.8902239614429313
9840.99533318,-2.4610002043296415,-0.13203258705473364,-2.8902239614429313
9840.997671129,-2.460805140365744,-0.13197826924904493,-2.849798362821563
9841.000034913,-2.460805140365744,-0.13197826924904493,-2.849798362821563
9841.003234456,-2.460805140365744,-0.13197826924904493,-2.849798362821563
9841.011287176,-2.460805140365744,-0.13197826924904493,-2.849798362821563
9841.019518152,-2.460805140365744,-0.13197826924904493,-2.849798362821563
9841.027136892,-2.4606129177108182,-0.13191462315757285,-2.793897550672515
9841.032837048,-2.4606129177108182,-0.13191462315757285,-2.793897550672515
9841.039637081,-2.4606129177108182,-0.13191462315757285,-2.793897550672515
9841.040747148,-2.4606129177108182,-0.13191462315757285,-2.793897550672515
9841.050520337,-2.4606129177108182,-0.13191462315757285,-2.793897550672515
9841.057803292,-2.4606129177108182,-0.13191462315757285,-2.793897550672515
9841.071976192,-2.4606129177108182,-0.13191462315757285,-2.793897550672515
9841.078839995,-2.4606129177108182,-0.13191462315757285,-2.793897550672515
9841.095000738,-2.4606129177108182,-0.13191462315757285,-2.793897550672515
9841.097026735,-2.4605656893025927,-0.1318964022675549,-2.7528707199992972
9841.101419842,-2.4605656893025927,-0.1318964022675549,-2.7528707199992972
9841.105544723,-2.4605656893025927,-0.1318964022675549,-2.7528707199992972
9841.108777559,-2.4605656893025927,-0.1318964022675549,-2.7528707199992972
9841.122300911,-2.4605656893025927,-0.1318964022675549,-2.7528707199992972
9841.126020677,-2.4605656893025927,-0.1318964022675549,-2.7528707199992972
9841.129461666,-2.458528113679585,-0.13212615994863097,-2.712224435299852
9841.135712051,-2.458528113679585,-0.13212615994863097,-2.712224435299852
9841.138694815,-2.458528113679585,-0.13212615994863097,-2.712224435299852
9841.150346923,-2.458528113679585,-0.13212615994863097,-2.712224435299852
9841.157197832,-2.458528113679585,-0.13212615994863097,-2.712224435299852
9841.169811176,-2.458528113679585,-0.13212615994863097,-2.712224435299852
9841.180576609,-2.458528113679585,-0.13212615994863097,-2.712224435299852
9841.182977744,-2.458528113679585,-0.13212615994863097,-2.712224435299852
9841.18391302,-2.453806897892045,-0.13278169518613955,-2.650130457194501
9841.195261735,-2.453806897892045,-0.13278169518613955,-2.650130457194501
9841.198569312,-2.453806897892045,-0.13278169518613955,-2.650130457194501
9841.210837774,-2.453806897892045,-0.13278169518613955,-2.650130457194501
9841.222339307,-2.453806897892045,-0.13278169518613955,-2.650130457194501
9841.229716471,-2.453806897892045,-0.13278169518613955,-2.650130457194501
9841.23734006,-2.4516108135070187,-0.1331329647229141,-2.6105029636064865
9841.245290636,-2.4516108135070187,-0.1331329647229141,-2.6105029636064865
9841.250101182,-2.4516108135070187,-0.1331329647229141,-2.6105029636064865
9841.252441252,-2.4516108135070187,-0.1331329647229141,-2.6105029636064865
9841.25865618,-2.4516108135070187,-0.1331329647229141,-2.6105029636064865
9841.268000145,-2.4516108135070187,-0.1331329647229141,-2.6105029636064865
9841.277757337,-2.4516108135070187,-0.1331329647229141,-2.6105029636064865
9841.28190058,-2.4516108135070187,-0.1331329647229141,-2.6105029636064865
9841.283571796,-2.4516751429046773,-0.13317330584578463,-2.5524628215471603
9841.289109128,-2.4516751429046773,-0.13317330584578463,-2.5524628215471603
9841.307696401,-2.4516751429046773,-0.13317330584578463,-2.5524628215471603
9841.312261984,-2.4516751429046773,-0.13317330584578463,-2.5524628215471603
9841.320140428,-2.4516751429046773,-0.13317330584578463,-2.5524628215471603
9841.328954135,-2.4516751429046773,-0.13317330584578463,-2.5524628215471603
9841.330732123,-2.451737464384415,-0.13321668453595406,-2.5145862155596115
9841.341282439,-2.451737464384415,-0.13321668453595406,-2.5145862155596115
9841.344018848,-2.451737464384415,-0.13321668453595406,-2.5145862155596115
9841.349638682,-2.451737464384415,-0.13321668453595406,-2.5145862155596115
9841.357763398,-2.451737464384415,-0.13321668453595406,-2.5145862155596115
9841.368783762,-2.451737464384415,-0.13321668453595406,-2.5145862155596115
9841.383402673,-2.451737464384415,-0.13321668453595406,-2.5145862155596115
9841.393765265,-2.451737464384415,-0.13321668453595406,-2.5145862155596115
9841.397100555,-2.4518183103567734,-0.13327762731452303,-2.4767246299425456
9841.405750022,-2.4518183103567734,-0.13327762731452303,-2.4767246299425456
9841.406955188,-2.4518183103567734,-0.13327762731452303,-2.4767246299425456
9841.414439203,-2.4518183103567734,-0.13327762731452303,-2.4767246299425456
9841.420113638,-2.4518183103567734,-0.13327762731452303,-2.4767246299425456
9841.435861504,-2.451576438875451,-0.13385081546852665,-2.441590455443165
9841.439591779,-2.451576438875451,-0.13385081546852665,-2.441590455443165
9841.440950335,-2.451576438875451,-0.13385081546852665,-2.441590455443165
9841.444053908,-2.451576438875451,-0.13385081546852665,-2.441590455443165
9841.451444496,-2.451576438875451,-0.13385081546852665,-2.441590455443165
9841.459063857,-2.451576438875451,-0.13385081546852665,-2.441590455443165
9841.469514172,-2.451576438875451,-0.13385081546852665,-2.441590455443165
9841.477147292,-2.451576438875451,-0.13385081546852665,-2.441590455443165
9841.493304379,-2.451576438875451,-0.13385081546852665,-2.441590455443165
9841.496134454,-2.451576438875451,-0.13385081546852665,-2.441590455443165
9841.498130524,-2.4503330793543183,-0.13512072666625607,-2.395345729921365
9841.505870903,-2.4503330793543183,-0.13512072666625607,-2.395345729921365
9841.517117435,-2.4503330793543183,-0.13512072666625607,-2.395345729921365
9841.523122587,-2.4503330793543183,-0.13512072666625607,-2.395345729921365
9841.53100763,-2.4503330793543183,-0.13512072666625607,-2.395345729921365
9841.532518504,-2.450106491764614,-0.13553326268445492,-2.3630850499557114
9841.545440186,-2.450106491764614,-0.13553326268445492,-2.3630850499557114
9841.549390641,-2.450106491764614,-0.13553326268445492,-2.3630850499557114
9841.549956309,-2.450106491764614,-0.13553326268445492,-2.3630850499557114
9841.558262858,-2.450106491764614,-0.13553326268445492,-2.3630850499557114
9841.569814072,-2.450106491764614,-0.13553326268445492,-2.3630850499557114
9841.577970801,-2.450106491764614,-0.13553326268445492,-2.3630850499557114
9841.585768358,-2.450106491764614,-0.13553326268445492,-2.3630850499557114
9841.596888842,-2.450106491764614,-0.13553326268445492,-2.3630850499557114
9841.59832296,-2.450159182492173,-0.13558793776860267,-2.312343735067711
9841.602106617,-2.450159182492173,-0.13558793776860267,-2.312343735067711
9841.61084964,-2.450159182492173,-0.13558793776860267,-2.312343735067711
9841.620250816,-2.450159182492173,-0.13558793776860267,-2.312343735067711
9841.628513062,-2.450260207016605,-0.13570132540396637,-2.2848518079208
9841.632541647,-2.450260207016605,-0.13570132540396637,-2.2848518079208
9841.636690025,-2.450260207016605,-0.13570132540396637,-2.2848518079208
9841.642067843,-2.450260207016605,-0.13570132540396637,-2.2848518079208
9841.648736087,-2.450260207016605,-0.13570132540396637,-2.2848518079208
9841.659338613,-2.450260207016605,-0.13570132540396637,-2.2848518079208
9841.667079593,-2.450260207016605,-0.13570132540396637,-2.2848518079208
9841.681105625,-2.450260207016605,-0.13570132540396637,-2.2848518079208
9841.690177049,-2.4502764721724204,-0.13572071807140643,-2.252566952078209
9841.693763602,-2.4502764721724204,-0.13572071807140643,-2.252566952078209
9841.694271922,-2.4502764721724204,-0.13572071807140643,-2.252566952078209
9841.702414652,-2.4502764721724204,-0.13572071807140643,-2.252566952078209
9841.715782207,-2.4502764721724204,-0.13572071807140643,-2.252566952078209
9841.724330325,-2.4502764721724204,-0.13572071807140643,-2.252566952078209
9841.725753974,-2.449639593347857,-0.13787064871295346,-2.2254667808612805
9841.736285144,-2.449639593347857,-0.13787064871295346,-2.2254667808612805
9841.739784544,-2.449639593347857,-0.13787064871295346,-2.2254667808612805
9841.74048668,-2.449639593347857,-0.13787064871295346,-2.2254667808612805
9841.750370107,-2.449639593347857,-0.13787064871295346,-2.2254667808612805
9841.76089375,-2.449639593347857,-0.13787064871295346,-2.2254667808612805
9841.768195524,-2.449639593347857,-0.13787064871295346,-2.2254667808612805
9841.781575756,-2.449639593347857,-0.13787064871295346,-2.2254667808612805
9841.789388312,-2.449639593347857,-0.13787064871295346,-2.2254667808612805
9841.791092551,-2.449639593347857,-0.13787064871295346,-2.2254667808612805
9841.791853398,-2.447941626859166,-0.14283960509545632,-2.188044088445647
9841.809008769,-2.447941626859166,-0.14283960509545632,-2.188044088445647
9841.815834652,-2.447941626859166,-0.14283960509545632,-2.188044088445647
9841.82135071,-2.447941626859166,-0.14283960509545632,-2.188044088445647
9841.830862255,-2.447941626859166,-0.14283960509545632,-2.188044088445647
9841.832164675,-2.447091159513958,-0.14548090215405532,-2.1640800240614952
9841.83826285,-2.447091159513958,-0.14548090215405532,-2.1640800240614952
9841.840938854,-2.447091159513958,-0.14548090215405532,-2.1640800240614952
9841.851630281,-2.447091159513958,-0.14548090215405532,-2.1640800240614952
9841.85882536,-2.447091159513958,-0.14548090215405532,-2.1640800240614952
9841.873713186,-2.447091159513958,-0.14548090215405532,-2.1640800240614952
9841.879156357,-2.447091159513958,-0.14548090215405532,-2.1640800240614952
9841.883182504,-2.447091159513958,-0.14548090215405451,-2.1289408209899015
9841.88555748,-2.447091159513958,-0.14548090215405451,-2.1289408209899015
9841.888668686,-2.447091159513958,-0.14548090215405451,-2.1289408209899015
9841.896747295,-2.447091159513958,-0.14548090215405451,-2.1289408209899015
9841.910988272,-2.447091159513958,-0.14548090215405451,-2.1289408209899015
9841.924916669,-2.447091159513958,-0.14548090215405451,-2.1289408209899015
9841.929362346,-2.447091159513958,-0.14548090215405451,-2.1289408209899015
9841.936184993,-2.447091159513958,-0.14548090215405451,-2.1289408209899015
9841.936725644,-2.447091159513958,-0.14548090215405451,-2.1289408209899015
9841.937728227,-2.4471307454966214,-0.14554569897167707,-2.1094793084242887
9841.950040522,-2.4471307454966214,-0.14554569897167707,-2.1094793084242887
9841.957084295,-2.4471307454966214,-0.14554569897167707,-2.1094793084242887
9841.967161689,-2.4471307454966214,-0.14554569897167707,-2.1094793084242887
9841.976511398,-2.4471307454966214,-0.14554569897167707,-2.1094793084242887
9841.983960187,-2.4471307454966214,-0.14554569897167707,-2.0946816208937706
9841.984816193,-2.4471307454966214,-0.14554569897167707,-2.0946816208937706
9841.993914848,-2.4471307454966214,-0.14554569897167707,-2.0946816208937706
9842.000993267,-2.4471307454966214,-0.14554569897167707,-2.0946816208937706
9842.006195303,-2.4471307454966214,-0.14554569897167707,-2.0946816208937706
9842.017939675,-2.4471307454966214,-0.14554569897167707,-2.0946816208937706
9842.03565788,-2.4471307454966214,-0.14554569897167707,-2.0946816208937706
9842.036310933,-2.448259291985961,-0.14968527556732938,-2.0875614752251264
9842.040057931,-2.448259291985961,-0.14968527556732938,-2.0875614752251264
9842.042377231,-2.448259291985961,-0.14968527556732938,-2.0875614752251264
9842.047801806,-2.448259291985961,-0.14968527556732938,-2.0875614752251264
9842.061803712,-2.448259291985961,-0.14968527556732938,-2.0875614752251264
9842.066559605,-2.448259291985961,-0.14968527556732938,-2.0875614752251264
9842.077700317,-2.448259291985961,-0.14968527556732938,-2.0875614752251264
9842.089921129,-2.448259291985961,-0.14968527556732938,-2.0875614752251264
9842.091928687,-2.451357781173597,-0.1615019443283782,-2.0978250914909893
9842.095787719,-2.451357781173597,-0.1615019443283782,-2.0978250914909893
9842.101083161,-2.451357781173597,-0.1615019443283782,-2.0978250914909893
9842.110039858,-2.451357781173597,-0.1615019443283782,-2.0978250914909893
9842.119196001,-2.451357781173597,-0.1615019443283782,-2.0978250914909893
9842.133073472,-2.451357781173597,-0.1615019443283782,-2.0978250914909893
9842.134243412,-2.4521092252589236,-0.16453412719121566,-2.100968757741513
9842.139910746,-2.4521092252589236,-0.16453412719121566,-2.100968757741513
9842.140510318,-2.4521092252589236,-0.16453412719121566,-2.100968757741513
9842.146300815,-2.4521092252589236,-0.16453412719121566,-2.100968757741513
9842.156742006,-2.4521092252589236,-0.16453412719121566,-2.100968757741513
9842.167066897,-2.4521092252589236,-0.16453412719121566,-2.100968757741513
9842.176974961,-2.4521092252589236,-0.16453412719121566,-2.100968757741513
9842.183950756,-2.4521092252589236,-0.16453412719121566,-2.100968757741513
9842.184944554,-2.452135073793908,-0.16457765162821136,-2.11244682418591
9842.196429085,-2.452135073793908,-0.16457765162821136,-2.11244682418591
9842.205554671,-2.452135073793908,-0.16457765162821136,-2.11244682418591
9842.210109694,-2.452135073793908,-0.16457765162821136,-2.11244682418591
9842.222023906,-2.452135073793908,-0.16457765162821136,-2.11244682418591
9842.235058285,-2.452135073793908,-0.16457765162821136,-2.11244682418591
9842.237141901,-2.452135073793908,-0.16457765162821136,-2.11244682418591
9842.237684616,-2.452201278858851,-0.16468550644024954,-2.1302063857246063
9842.245839197,-2.452201278858851,-0.16468550644024954,-2.1302063857246063
9842.248139492,-2.452201278858851,-0.16468550644024954,-2.1302063857246063
9842.2594755,-2.452201278858851,-0.16468550644024954,-2.1302063857246063
9842.26987288,-2.452201278858851,-0.16468550644024954,-2.1302063857246063
9842.280029283,-2.452201278858851,-0.16468550644024954,-2.1302063857246063
9842.281619978,-2.452338172225506,-0.16489839911410648,-2.154285827748837
9842.282600009,-2.452338172225506,-0.16489839911410648,-2.154285827748837
9842.292369861,-2.452338172225506,-0.16489839911410648,-2.154285827748837
9842.307000755,-2.452338172225506,-0.16489839911410648,-2.154285827748837
9842.313914624,-2.452338172225506,-0.16489839911410648,-2.154285827748837
9842.323386333,-2.452338172225506,-0.16489839911410648,-2.154285827748837
9842.329139559,-2.452338172225506,-0.16489839911410648,-2.154285827748837
9842.334817734,-2.4524825524924223,-0.16510628711987127,-2.2013703976798675
9842.345048414,-2.4524825524924223,-0.16510628711987127,-2.2013703976798675
9842.348021532,-2.4524825524924223,-0.16510628711987127,-2.2013703976798675
9842.352110212,-2.4524825524924223,-0.16510628711987127,-2.2013703976798675
9842.355062481,-2.4524825524924223,-0.16510628711987127,-2.2013703976798675
9842.375111978,-2.4524825524924223,-0.16510628711987127,-2.2013703976798675
9842.386756382,-2.4524825524924223,-0.16510628711987127,-2.2013703976798675
9842.393890657,-2.4524825524924223,-0.16510628711987127,-2.2013703976798675
9842.398719157,-2.452635455247943,-0.16530798945443914,-2.2375032101798675
9842.404342157,-2.452635455247943,-0.16530798945443914,-2.2375032101798675
9842.405086172,-2.452635455247943,-0.16530798945443914,-2.2375032101798675
9842.421284396,-2.452635455247943,-0.16530798945443914,-2.2375032101798675
9842.42744069,-2.452635455247943,-0.16530798945443914,-2.2375032101798675
9842.433114827,-2.452635455247943,-0.16530798945443914,-2.2375032101798675
9842.434152691,-2.450355088968999,-0.16431102295667363,-2.2744088372749425
9842.439393119,-2.450355088968999,-0.16431102295667363,-2.2744088372749425
9842.445413039,-2.450355088968999,-0.16431102295667363,-2.2744088372749425
9842.455563186,-2.450355088968999,-0.16431102295667363,-2.2744088372749425
9842.469166132,-2.450355088968999,-0.16431102295667363,-2.2744088372749425
9842.48177142,-2.450355088968999,-0.16431102295667363,-2.2744088372749425
9842.486878235,-2.450355088968999,-0.16431102295667363,-2.2744088372749425
9842.492541792,-2.450355088968999,-0.16431102295667363,-2.2744088372749425
9842.502945692,-2.442792819695307,-0.16030820049137484,-2.32482666473202
9842.513800744,-2.442792819695307,-0.16030820049137484,-2.32482666473202
9842.51598531,-2.442792819695307,-0.16030820049137484,-2.32482666473202
9842.522988448,-2.442792819695307,-0.16030820049137484,-2.32482666473202
9842.534589088,-2.442792819695307,-0.16030820049137484,-2.32482666473202
9842.544679887,-2.442792819695307,-0.16030820049137484,-2.32482666473202
9842.545367566,-2.4411363459933804,-0.15955200326363309,-2.362759259054933
9842.552253077,-2.4411363459933804,-0.15955200326363309,-2.362759259054933
9842.555123399,-2.4411363459933804,-0.15955200326363309,-2.362759259054933
9842.564312648,-2.4411363459933804,-0.15955200326363309,-2.362759259054933
9842.569048162,-2.4411363459933804,-0.15955200326363309,-2.362759259054933
9842.571967566,-2.4411363459933804,-0.15955200326363309,-2.362759259054933
9842.579473072,-2.4411363459933804,-0.15955200326363309,-2.362759259054933
9842.58043557,-2.4413936197620485,-0.15979567076949017,-2.4039391544559345
9842.582212836,-2.4413936197620485,-0.15979567076949017,-2.4039391544559345
9842.603922998,-2.4413936197620485,-0.15979567076949017,-2.4039391544559345
9842.61299347,-2.4413936197620485,-0.15979567076949017,-2.4039391544559345
9842.617110225,-2.4413936197620485,-0.15979567076949017,-2.4039391544559345
9842.619374011,-2.4413936197620485,-0.15979567076949017,-2.4039391544559345
9842.632943503,-2.4413936197620485,-0.15979567076949017,-2.4039391544559345
9842.638129385,-2.4413936197620485,-0.15979567076949017,-2.4039391544559345
9842.640977995,-2.441740489490806,-0.1600910447439336,-2.468469527075564
9842.645737878,-2.441740489490806,-0.1600910447439336,-2.468469527075564
9842.649807996,-2.441740489490806,-0.1600910447439336,-2.468469527075564
9842.658364116,-2.441740489490806,-0.1600910447439336,-2.468469527075564
9842.669556044,-2.441740489490806,-0.1600910447439336,-2.468469527075564
9842.677012397,-2.441740489490806,-0.1600910447439336,-2.468469527075564
9842.695075764,-2.441740489490806,-0.1600910447439336,-2.468469527075564
9842.69579369,-2.4420422482698223,-0.16032144348356164,-2.510520484755312
9842.701866842,-2.4420422482698223,-0.16032144348356164,-2.510520484755312
9842.704732023,-2.4420422482698223,-0.16032144348356164,-2.510520484755312
9842.709329406,-2.4420422482698223,-0.16032144348356164,-2.510520484755312
9842.729061966,-2.4420422482698223,-0.16032144348356164,-2.510520484755312
9842.732942144,-2.4423534229284076,-0.1605389573263157,-2.5525439050891743
9842.735502561,-2.4423534229284076,-0.1605389573263157,-2.5525439050891743
9842.737559846,-2.4423534229284076,-0.1605389573263157,-2.5525439050891743
9842.740684197,-2.4423534229284076,-0.1605389573263157,-2.5525439050891743
9842.746825136,-2.4423534229284076,-0.1605389573263157,-2.5525439050891743
9842.755861794,-2.4423534229284076,-0.1605389573263157,-2.5525439050891743
9842.776801944,-2.4423534229284076,-0.1605389573263157,-2.5525439050891743
9842.786924072,-2.4423534229284076,-0.1605389573263157,-2.5525439050891743
9842.793532424,-2.442632671513419,-0.16071298847419652,-2.6160159376361714
9842.799684814,-2.442632671513419,-0.16071298847419652,-2.6160159376361714
9842.803489861,-2.442632671513419,-0.16071298847419652,-2.6160159376361714
9842.809153355,-2.442632671513419,-0.16071298847419652,-2.6160159376361714
9842.819896338,-2.442632671513419,-0.16071298847419652,-2.6160159376361714
9842.823505315,-2.442632671513419,-0.16071298847419652,-2.6160159376361714
9842.825060612,-2.443031305414945,-0.16093356817875182,-2.6563630369403706
9842.828555994,-2.443031305414945,-0.16093356817875182,-2.6563630369403706
9842.837947612,-2.443031305414945,-0.16093356817875182,-2.6563630369403706
9842.840049803,-2.443031305414945,-0.16093356817875182,-2.6563630369403706
9842.84574478,-2.443031305414945,-0.16093356817875182,-2.6563630369403706
9842.855594903,-2.443031305414945,-0.16093356817875182,-2.6563630369403706
9842.869569448,-2.443031305414945,-0.16093356817875182,-2.6563630369403706
9842.877100442,-2.443031305414945,-0.16093356817875182,-2.6563630369403706
9842.892913218,-2.443031305414945,-0.16093356817875182,-2.6563630369403706
9842.895357715,-2.4432814615799985,-0.16105579021125177,-2.717877652952944
9842.896839714,-2.4432814615799985,-0.16105579021125177,-2.717877652952944
9842.898611972,-2.4432814615799985,-0.16105579021125177,-2.717877652952944
9842.906043898,-2.4432814615799985,-0.16105579021125177,-2.717877652952944
9842.920212649,-2.4432814615799985,-0.16105579021125177,-2.717877652952944
9842.935857699,-2.4432814615799985,-0.16105579021125177,-2.717877652952944
9842.937138447,-2.4421089109268554,-0.1619334590212793,-2.7567211426884524
9842.94223298,-2.4421089109268554,-0.1619334590212793,-2.7567211426884524
9842.943850174,-2.4421089109268554,-0.1619334590212793,-2.7567211426884524
9842.94845929,-2.4421089109268554,-0.1619334590212793,-2.7567211426884524
9842.956580338,-2.4421089109268554,-0.1619334590212793,-2.7567211426884524
9842.967409111,-2.4421089109268554,-0.1619334590212793,-2.7567211426884524
9842.976150671,-2.4421089109268554,-0.1619334590212793,-2.7567211426884524
9842.978768826,-2.438465519872884,-0.1638053826131985,-2.7880721739680228
9842.980548417,-2.438465519872884,-0.1638053826131985,-2.7880721739680228
9842.987892448,-2.438465519872884,-0.1638053826131985,-2.7880721739680228
9842.998283374,-2.438465519872884,-0.1638053826131985,-2.7880721739680228
9843.007038229,-2.438465519872884,-0.1638053826131985,-2.7880721739680228
9843.018161569,-2.438465519872884,-0.1638053826131985,-2.7880721739680228
9843.026694295,-2.438465519872884,-0.1638053826131985,-2.7880721739680228
9843.028178759,-2.436155257370066,-0.16506297105587703,-2.823174202186093
9843.037428339,-2.436155257370066,-0.16506297105587703,-2.823174202186093
9843.039460006,-2.436155257370066,-0.16506297105587703,-2.823174202186093
9843.049428704,-2.436155257370066,-0.16506297105587703,-2.823174202186093
9843.059158441,-2.436155257370066,-0.16506297105587703,-2.823174202186093
9843.068322499,-2.436155257370066,-0.16506297105587703,-2.823174202186093
9843.079053848,-2.436155257370066,-0.16506297105587703,-2.823174202186093
9843.087032508,-2.436155257370066,-0.16506297105587703,-2.823174202186093
9843.088089114,-2.436446501854933,-0.16514915395205354,-2.884605848533139
9843.096915935,-2.436446501854933,-0.16514915395205354,-2.884605848533139
9843.100054523,-2.436446501854933,-0.16514915395205354,-2.884605848533139
9843.119008382,-2.436446501854933,-0.16514915395205354,-2.884605848533139
9843.123193347,-2.436446501854933,-0.16514915395205354,-2.884605848533139
9843.127952295,-2.436446501854933,-0.16514915395205354,-2.884605848533139
9843.129790216,-2.436741810348627,-0.1652201732107861,-2.9265596506419036
9843.141662299,-2.436741810348627,-0.1652201732107861,-2.9265596506419036
9843.143132206,-2.436741810348627,-0.1652201732107861,-2.9265596506419036
9843.149025346,-2.436741810348627,-0.1652201732107861,-2.9265596506419036
9843.156040055,-2.436741810348627,-0.1652201732107861,-2.9265596506419036
9843.170875776,-2.436741810348627,-0.1652201732107861,-2.9265596506419036
9843.178866839,-2.436741810348627,-0.1652201732107861,-2.9265596506419036
9843.190025495,-2.436741810348627,-0.1652201732107861,-2.9265596506419036
9843.191845212,-2.4368662285598286,-0.16524332228906674,-2.9887153742136805
9843.195549789,-2.4368662285598286,-0.16524332228906674,-2.9887153742136805
9843.202652153,-2.4368662285598286,-0.16524332228906674,-2.9887153742136805
9843.212717454,-2.4368662285598286,-0.16524332228906674,-2.9887153742136805
9843.219447175,-2.4368662285598286,-0.16524332228906674,-2.9887153742136805
9843.229071773,-2.4368662285598286,-0.16524332228906674,-2.9887153742136805
9843.235731862,-2.439566172569064,-0.16643196202985452,-3.0304123016669804
9843.238183473,-2.439566172569064,-0.16643196202985452,-3.0304123016669804
9843.239133707,-2.439566172569064,-0.16643196202985452,-3.0304123016669804
9843.247211053,-2.439566172569064,-0.16643196202985452,-3.0304123016669804
9843.258876526,-2.439566172569064,-0.16643196202985452,-3.0304123016669804
9843.267200348,-2.439566172569064,-0.16643196202985452,-3.0304123016669804
9843.277630468,-2.439566172569064,-0.16643196202985452,-3.0304123016669804
9843.283693149,-2.439566172569064,-0.16643196202985452,-3.0304123016669804
9843.288124639,-2.451722276452485,-0.17190370980319183,-3.074464204645467
9843.294264395,-2.451722276452485,-0.17190370980319183,-3.074464204645467
9843.302511612,-2.451722276452485,-0.17190370980319183,-3.074464204645467
9843.308132629,-2.451722276452485,-0.17190370980319183,-3.074464204645467
9843.318796219,-2.451722276452485,-0.17190370980319183,-3.074464204645467
9843.3370996,-2.451722276452485,-0.17190370980319183,-3.074464204645467
9843.338113835,-2.451722276452485,-0.17190370980319183,-3.074464204645467
9843.343004933,-2.451722276452485,-0.17190370980319183,-3.074464204645467
9843.343591601,-2.457181720332062,-0.17432852735573717,-3.1157356069602593
9843.348789218,-2.457181720332062,-0.17432852735573717,-3.1157356069602593
9843.358333475,-2.457181720332062,-0.17432852735573717,-3.1157356069602593
9843.36893243,-2.457181720332062,-0.17432852735573717,-3.1157356069602593
9843.376951359,-2.457181720332062,-0.17432852735573717,-3.1157356069602593
9843.387263015,-2.4571057889903383,-0.17432885741862103,3.1070419424602327
9843.389858968,-2.4571057889903383,-0.17432885741862103,3.1070419424602327
9843.390280013,-2.4571057889903383,-0.17432885741862103,3.1070419424602327
9843.39862239,-2.4571057889903383,-0.17432885741862103,3.1070419424602327
9843.407498304,-2.4571057889903383,-0.17432885741862103,3.1070419424602327
9843.420751035,-2.4571057889903383,-0.17432885741862103,3.1070419424602327
9843.426264689,-2.4571057889903383,-0.17432885741862103,3.1070419424602327
9843.427158818,-2.45718160974431,-0.1743247475689153,3.067839729172879
9843.438554031,-2.45718160974431,-0.1743247475689153,3.067839729172879
9843.44236053,-2.45718160974431,-0.1743247475689153,3.067839729172879
9843.44912687,-2.45718160974431,-0.1743247475689153,3.067839729172879
9843.455959311,-2.45718160974431,-0.1743247475689153,3.067839729172879
9843.467911899,-2.45718160974431,-0.1743247475689153,3.067839729172879
9843.478806957,-2.45718160974431,-0.1743247475689153,3.067839729172879
9843.483161111,-2.4573076033923096,-0.17431285758288245,3.0271634334155855
9843.485154176,-2.4573076033923096,-0.17431285758288245,3.0271634334155855
9843.495948122,-2.4573076033923096,-0.17431285758288245,3.0271634334155855
9843.502968983,-2.4573076033923096,-0.17431285758288245,3.0271634334155855
9843.511358539,-2.4573076033923096,-0.17431285758288245,3.0271634334155855
9843.520575597,-2.4573076033923096,-0.17431285758288245,3.0271634334155855
9843.530868508,-2.4573076033923096,-0.17431285758288245,3.0271634334155855
9843.533404067,-2.457160480539623,-0.17481221238769165,2.97158231740929
9843.541742276,-2.457160480539623,-0.17481221238769165,2.97158231740929
9843.543107885,-2.457160480539623,-0.17481221238769165,2.97158231740929
9843.550392794,-2.457160480539623,-0.17481221238769165,2.97158231740929
9843.558902306,-2.457160480539623,-0.17481221238769165,2.97158231740929
9843.570833451,-2.457160480539623,-0.17481221238769165,2.97158231740929
9843.581808921,-2.457160480539623,-0.17481221238769165,2.97158231740929
9843.583268738,-2.457160480539623,-0.17481221238769165,2.97158231740929
9843.590647635,-2.457160480539623,-0.17481221238769165,2.97158231740929
9843.591699131,-2.4564256788584,-0.17696537243199523,2.945107383099171
9843.603943537,-2.4564256788584,-0.17696537243199523,2.945107383099171
9843.610841856,-2.4564256788584,-0.17696537243199523,2.945107383099171
9843.619760321,-2.4564256788584,-0.17696537243199523,2.945107383099171
9843.632673691,-2.4564256788584,-0.17696537243199523,2.945107383099171
9843.635175626,-2.4564256788584,-0.17696537243199523,2.945107383099171
9843.636839168,-2.45623411298419,-0.17837565588983306,2.914464484845111
9843.640590574,-2.45623411298419,-0.17837565588983306,2.914464484845111
9843.648528323,-2.45623411298419,-0.17837565588983306,2.914464484845111
9843.65679019,-2.45623411298419,-0.17837565588983306,2.914464484845111
9843.671647071,-2.45623411298419,-0.17837565588983306,2.914464484845111
9843.680188413,-2.45623411298419,-0.17837565588983306,2.914464484845111
9843.687922671,-2.45623411298419,-0.17837565588983306,2.914464484845111
9843.691290633,-2.45623411298419,-0.17837565588983306,2.914464484845111
9843.692389819,-2.457506930798899,-0.17804069229007233,2.8540564290627928
9843.707329977,-2.457506930798899,-0.17804069229007233,2.8540564290627928
9843.71900125,-2.457506930798899,-0.17804069229007233,2.8540564290627928
9843.725063531,-2.457506930798899,-0.17804069229007233,2.8540564290627928
9843.730823159,-2.457506930798899,-0.17804069229007233,2.8540564290627928
9843.732129997,-2.4590025385612435,-0.17756556874176246,2.8139361850366087
9843.737515068,-2.4590025385612435,-0.17756556874176246,2.8139361850366087
9843.750072245,-2.4590025385612435,-0.17756556874176246,2.8139361850366087
9843.750658773,-2.4590025385612435,-0.17756556874176246,2.8139361850366087
9843.758183676,-2.4590025385612435,-0.17756556874176246,2.8139361850366087
9843.76884388,-2.4590025385612435,-0.17756556874176246,2.8139361850366087
9843.778248092,-2.4590025385612435,-0.17756556874176246,2.8139361850366087
9843.79247853,-2.4590025385612435,-0.17756556874176246,2.8139361850366087
9843.796737133,-2.459619102938678,-0.17733553652851508,2.755064021740863
9843.803335836,-2.459619102938678,-0.17733553652851508,2.755064021740863
9843.804346585,-2.459619102938678,-0.17733553652851508,2.755064021740863
9843.807584861,-2.459619102938678,-0.17733553652851508,2.755064021740863
9843.82232432,-2.459619102938678,-0.17733553652851508,2.755064021740863
9843.826966167,-2.459619102938678,-0.17733553652851508,2.755064021740863
9843.832394049,-2.462559676260423,-0.1773291183015051,2.7164402350593906
9843.837184648,-2.462559676260423,-0.1773291183015051,2.7164402350593906
9843.848309516,-2.462559676260423,-0.1773291183015051,2.7164402350593906
9843.856658509,-2.462559676260423,-0.1773291183015051,2.7164402350593906
9843.861946606,-2.462559676260423,-0.1773291183015051,2.7164402350593906
9843.870008704,-2.462559676260423,-0.1773291183015051,2.7164402350593906
9843.877070662,-2.462559676260423,-0.1773291183015051,2.7164402350593906
9843.883859203,-2.474044197451721,-0.17804602907644806,2.67486289438141
9843.89124303,-2.474044197451721,-0.17804602907644806,2.67486289438141
9843.894588198,-2.474044197451721,-0.17804602907644806,2.67486289438141
9843.897034949,-2.474044197451721,-0.17804602907644806,2.67486289438141
9843.907694182,-2.474044197451721,-0.17804602907644806,2.67486289438141
9843.919478369,-2.474044197451721,-0.17804602907644806,2.67486289438141
9843.930376363,-2.474044197451721,-0.17804602907644806,2.67486289438141
9843.937363971,-2.4817360480153594,-0.1785284049271419,2.616997196347872
9843.944528843,-2.4817360480153594,-0.1785284049271419,2.616997196347872
9843.953452397,-2.4817360480153594,-0.1785284049271419,2.616997196347872
9843.954375771,-2.4817360480153594,-0.1785284049271419,2.616997196347872
9843.957124994,-2.4817360480153594,-0.1785284049271419,2.616997196347872
9843.969891917,-2.4817360480153594,-0.1785284049271419,2.616997196347872
9843.980719287,-2.4817360480153594,-0.1785284049271419,2.616997196347872
9843.982462419,-2.482234244100568,-0.1782272498553897,2.578757717282931
9843.983895336,-2.482234244100568,-0.1782272498553897,2.578757717282931
9843.996866505,-2.482234244100568,-0.1782272498553897,2.578757717282931
9844.004005148,-2.482234244100568,-0.1782272498553897,2.578757717282931
9844.008355715,-2.482234244100568,-0.1782272498553897,2.578757717282931
9844.023012668,-2.482234244100568,-0.1782272498553897,2.578757717282931
9844.025535994,-2.482847745081806,-0.17782427704494508,2.54208843317763
9844.032708932,-2.482847745081806,-0.17782427704494508,2.54208843317763
9844.036460768,-2.482847745081806,-0.17782427704494508,2.54208843317763
9844.043128962,-2.482847745081806,-0.17782427704494508,2.54208843317763
9844.046086789,-2.482847745081806,-0.17782427704494508,2.54208843317763
9844.05770358,-2.482847745081806,-0.17782427704494508,2.54208843317763
9844.068584421,-2.482847745081806,-0.17782427704494508,2.54208843317763
9844.079572365,-2.482847745081806,-0.17782427704494508,2.54208843317763
9844.095267789,-2.482847745081806,-0.17782427704494508,2.54208843317763
9844.099422526,-2.482847745081806,-0.17782427704494508,2.54208843317763
9844.099929534,-2.4837087615673026,-0.1772008001642183,2.4876382192684807
9844.104468577,-2.4837087615673026,-0.1772008001642183,2.4876382192684807
9844.12047561,-2.4837087615673026,-0.1772008001642183,2.4876382192684807
9844.129102103,-2.4837087615673026,-0.1772008001642183,2.4876382192684807
9844.133594248,-2.4837087615673026,-0.1772008001642183,2.4876382192684807
9844.134240608,-2.4804675195635757,-0.17344834105510112,2.4531287658448164
9844.141745684,-2.4804675195635757,-0.17344834105510112,2.4531287658448164
9844.142437541,-2.4804675195635757,-0.17344834105510112,2.4531287658448164
9844.156828411,-2.4804675195635757,-0.17344834105510112,2.4531287658448164
9844.159969163,-2.4804675195635757,-0.17344834105510112,2.4531287658448164
9844.166850661,-2.4804675195635757,-0.17344834105510112,2.4531287658448164
9844.179862577,-2.4804675195635757,-0.17344834105510112,2.4531287658448164
9844.181472728,-2.4704210623209995,-0.16620456390196936,2.4188771675497
9844.182561013,-2.4704210623209995,-0.16620456390196936,2.4188771675497
9844.192932222,-2.4704210623209995,-0.16620456390196936,2.4188771675497
9844.201244842,-2.4704210623209995,-0.16620456390196936,2.4188771675497
9844.20829073,-2.4704210623209995,-0.16620456390196936,2.4188771675497
9844.219728122,-2.4704210623209995,-0.16620456390196936,2.4188771675497
9844.228270456,-2.4704210623209995,-0.16620456390196936,2.4188771675497
9844.239149985,-2.4704210623209995,-0.16620456390196936,2.4188771675497
9844.24298602,-2.463705946877479,-0.1608967592597742,2.3706051215210913
9844.245174724,-2.463705946877479,-0.1608967592597742,2.3706051215210913
9844.25084852,-2.463705946877479,-0.1608967592597742,2.3706051215210913
9844.259549904,-2.463705946877479,-0.1608967592597742,2.3706051215210913
9844.269343192,-2.463705946877479,-0.1608967592597742,2.3706051215210913
9844.280687929,-2.463705946877479,-0.1608967592597742,2.3706051215210913
9844.284185445,-2.46545515943971,-0.15913810237469556,2.3363992228785513
9844.285451977,-2.46545515943971,-0.15913810237469556,2.3363992228785513
9844.288814789,-2.46545515943971,-0.15913810237469556,2.3363992228785513
9844.301206423,-2.46545515943971,-0.15913810237469556,2.3363992228785513
9844.311465997,-2.46545515943971,-0.15913810237469556,2.3363992228785513
9844.321682824,-2.46545515943971,-0.15913810237469556,2.3363992228785513
9844.329940043,-2.46545515943971,-0.15913810237469556,2.3363992228785513
9844.331185636,-2.467006660551827,-0.1574701832709074,2.3036989226618765
9844.33893905,-2.467006660551827,-0.1574701832709074,2.3036989226618765
9844.342503593,-2.467006660551827,-0.1574701832709074,2.3036989226618765
9844.351960915,-2.467006660551827,-0.1574701832709074,2.3036989226618765
9844.359705913,-2.467006660551827,-0.1574701832709074,2.3036989226618765
9844.372587353,-2.467006660551827,-0.1574701832709074,2.3036989226618765
9844.384235363,-2.467006660551827,-0.1574701832709074,2.3036989226618765
9844.398604602,-2.467006660551827,-0.1574701832709074,2.3036989226618765
9844.40373899,-2.467006660551827,-0.1574701832709074,2.3036989226618765
9844.404887239,-2.4686210167603573,-0.15558697519443804,2.2552551582137106
9844.405997767,-2.4686210167603573,-0.15558697519443804,2.2552551582137106
9844.41067461,-2.4686210167603573,-0.15558697519443804,2.2552551582137106
9844.427359222,-2.4686210167603573,-0.15558697519443804,2.2552551582137106
9844.435401513,-2.4686210167603573,-0.15558697519443804,2.2552551582137106
9844.436899021,-2.470835143572904,-0.15413073868490645,2.225738107665409
9844.439296018,-2.470835143572904,-0.15413073868490645,2.225738107665409
9844.442042485,-2.470835143572904,-0.15413073868490645,2.225738107665409
9844.447405485,-2.470835143572904,-0.15413073868490645,2.225738107665409
9844.459089944,-2.470835143572904,-0.15413073868490645,2.225738107665409
9844.470903707,-2.470835143572904,-0.15413073868490645,2.225738107665409
9844.477876867,-2.470835143572904,-0.15413073868490645,2.225738107665409
9844.481908422,-2.47169012041381,-0.15671875082674672,2.1948811109406474
9844.483173992,-2.47169012041381,-0.15671875082674672,2.1948811109406474
9844.499022883,-2.47169012041381,-0.15671875082674672,2.1948811109406474
9844.512008853,-2.47169012041381,-0.15671875082674672,2.1948811109406474
9844.519155628,-2.47169012041381,-0.15671875082674672,2.1948811109406474
9844.524879579,-2.47169012041381,-0.15671875082674672,2.1948811109406474
9844.535601073,-2.47169012041381,-0.15671875082674672,2.1948811109406474
9844.539387754,-2.47169012041381,-0.15671875082674672,2.1948811109406474
9844.540927743,-2.472775029295015,-0.15712685690542788,2.151573266093258
9844.542165621,-2.472775029295015,-0.15712685690542788,2.151573266093258
9844.553433172,-2.472775029295015,-0.15712685690542788,2.151573266093258
9844.559998453,-2.472775029295015,-0.15712685690542788,2.151573266093258
9844.56898198,-2.472775029295015,-0.15712685690542788,2.151573266093258
9844.578910833,-2.472775029295015,-0.15712685690542788,2.151573266093258
9844.586283095,-2.4747571004601916,-0.15400803004741492,2.1222738280935327
9844.596206571,-2.4747571004601916,-0.15400803004741492,2.1222738280935327
9844.609754299,-2.4747571004601916,-0.15400803004741492,2.1222738280935327
9844.619520996,-2.4747571004601916,-0.15400803004741492,2.1222738280935327
9844.626008759,-2.4747571004601916,-0.15400803004741492,2.1222738280935327
9844.628865495,-2.4747571004601916,-0.15400803004741492,2.1222738280935327
9844.634541675,-2.4747571004601916,-0.15400803004741492,2.1222738280935327
9844.635626955,-2.476013273846262,-0.15189859314700382,2.0935296371622116
9844.644056444,-2.476013273846262,-0.15189859314700382,2.0935296371622116
9844.653636331,-2.476013273846262,-0.15189859314700382,2.0935296371622116
9844.65425525,-2.476013273846262,-0.15189859314700382,2.0935296371622116
9844.65633095,-2.476013273846262,-0.15189859314700382,2.0935296371622116
9844.669118643,-2.476013273846262,-0.15189859314700382,2.0935296371622116
9844.679065269,-2.476013273846262,-0.15189859314700382,2.0935296371622116
9844.690902574,-2.4771335137801405,-0.14985718139150167,2.051840509478573
9844.706935566,-2.4771335137801405,-0.14985718139150167,2.051840509478573
9844.713125359,-2.4771335137801405,-0.14985718139150167,2.051840509478573
9844.71821853,-2.4771335137801405,-0.14985718139150167,2.051840509478573
9844.722972515,-2.4771335137801405,-0.14985718139150167,2.051840509478573
9844.728445796,-2.4771335137801405,-0.14985718139150167,2.051840509478573
9844.731771708,-2.4771335137801405,-0.14985718139150167,2.051840509478573
9844.738204177,-2.47984797835535,-0.14648060793196838,2.0264586643779605
9844.74208113,-2.47984797835535,-0.14648060793196838,2.0264586643779605
9844.743847042,-2.47984797835535,-0.14648060793196838,2.0264586643779605
9844.748320184,-2.47984797835535,-0.14648060793196838,2.0264586643779605
9844.753844077,-2.47984797835535,-0.14648060793196838,2.0264586643779605
9844.758304952,-2.47984797835535,-0.14648060793196838,2.0264586643779605
9844.77007909,-2.47984797835535,-0.14648060793196838,2.0264586643779605
9844.788950273,-2.47984797835535,-0.14648060793196838,2.0264586643779605
9844.797457531,-2.47984797835535,-0.14648060793196838,2.0264586643779605
9844.798867594,-2.4837554367399406,-0.14376755315932477,2.0039177406198507
9844.804804848,-2.4837554367399406,-0.14376755315932477,2.0039177406198507
9844.810221929,-2.4837554367399406,-0.14376755315932477,2.0039177406198507
9844.821628934,-2.4837554367399406,-0.14376755315932477,2.0039177406198507
9844.827799618,-2.4837554367399406,-0.14376755315932477,2.0039177406198507
9844.835802775,-2.4837554367399406,-0.14376755315932477,2.0039177406198507
9844.836497657,-2.4861802041300702,-0.14154408350407108,1.9820168886231289
9844.854331841,-2.4861802041300702,-0.14154408350407108,1.9820168886231289
9844.857882898,-2.4861802041300702,-0.14154408350407108,1.9820168886231289
9844.860916358,-2.4861802041300702,-0.14154408350407108,1.9820168886231289
9844.863351958,-2.4861802041300702,-0.14154408350407108,1.9820168886231289
9844.867028442,-2.4861802041300702,-0.14154408350407108,1.9820168886231289
9844.885198981,-2.4861802041300702,-0.14154408350407108,1.9820168886231289
9844.890690493,-2.4861802041300702,-0.14154408350407108,1.9820168886231289
9844.891425912,-2.4868548347313943,-0.1399332088966624,1.9527868602322451
9844.892575694,-2.4868548347313943,-0.1399332088966624,1.9527868602322451
9844.899091541,-2.4868548347313943,-0.1399332088966624,1.9527868602322451
9844.9120682,-2.4868548347313943,-0.1399332088966624,1.9527868602322451
9844.919010322,-2.4868548347313943,-0.1399332088966624,1.9527868602322451
9844.934455023,-2.4868548347313943,-0.1399332088966624,1.9527868602322451
9844.935426658,-2.4868548347313943,-0.1399332088966624,1.9527868602322451
9844.937079851,-2.4868548347313943,-0.1399332088966624,1.9527868602322451
9844.937854413,-2.4876089375674697,-0.13799957741451566,1.932505873207937
9844.948871502,-2.4876089375674697,-0.13799957741451566,1.932505873207937
9844.959852943,-2.4876089375674697,-0.13799957741451566,1.932505873207937
9844.967280922,-2.4876089375674697,-0.13799957741451566,1.932505873207937
9844.980650153,-2.4876089375674697,-0.13799957741451566,1.932505873207937
9844.98708666,-2.4876089375674697,-0.13799957741451566,1.932505873207937
9844.992975142,-2.4879253470223732,-0.1371181531792574,1.898382929329764
9844.994287891,-2.4879253470223732,-0.1371181531792574,1.898382929329764
9845.008297621,-2.4879253470223732,-0.1371181531792574,1.898382929329764
9845.014442568,-2.4879253470223732,-0.1371181531792574,1.898382929329764
9845.022442698,-2.4879253470223732,-0.1371181531792574,1.898382929329764
9845.031865375,-2.4879253470223732,-0.1371181531792574,1.898382929329764
9845.037896436,-2.4879253470223732,-0.1371181531792574,1.898382929329764
9845.039626023,-2.490649904159744,-0.13396867592808567,1.8739542226816992
9845.048673782,-2.490649904159744,-0.13396867592808567,1.8739542226816992
9845.04926591,-2.490649904159744,-0.13396867592808567,1.8739542226816992
9845.058958216,-2.490649904159744,-0.13396867592808567,1.8739542226816992
9845.068589477,-2.490649904159744,-0.13396867592808567,1.8739542226816992
9845.082966902,-2.490649904159744,-0.13396867592808567,1.8739542226816992
9845.084388397,-2.490649904159744,-0.13396867592808567,1.8739542226816992
9845.086488373,-2.4967149626046212,-0.12791411891053744,1.8487152955721449
9845.089942888,-2.4967149626046212,-0.12791411891053744,1.8487152955721449
9845.102127461,-2.4967149626046212,-0.12791411891053744,1.8487152955721449
9845.116425964,-2.4967149626046212,-0.12791411891053744,1.8487152955721449
9845.124744729,-2.4967149626046212,-0.12791411891053744,1.8487152955721449
9845.128491987,-2.4967149626046212,-0.12791411891053744,1.8487152955721449
9845.129968426,-2.499762790756174,-0.12451267766882806,1.8197564270502924
9845.138264725,-2.499762790756174,-0.12451267766882806,1.8197564270502924
9845.139181477,-2.499762790756174,-0.12451267766882806,1.8197564270502924
9845.14794598,-2.499762790756174,-0.12451267766882806,1.8197564270502924
9845.161255198,-2.499762790756174,-0.12451267766882806,1.8197564270502924
9845.170157843,-2.499762790756174,-0.12451267766882806,1.8197564270502924
9845.178947865,-2.499762790756174,-0.12451267766882806,1.8197564270502924
9845.197921892,-2.499762790756174,-0.12451267766882806,1.8197564270502924
9845.198878859,-2.4999557450380436,-0.12367402523727192,1.7741184618479608
9845.202545685,-2.4999557450380436,-0.12367402523727192,1.7741184618479608
9845.203625875,-2.4999557450380436,-0.12367402523727192,1.7741184618479608
9845.210386123,-2.4999557450380436,-0.12367402523727192,1.7741184618479608
9845.223076402,-2.4999557450380436,-0.12367402523727192,1.7741184618479608
9845.226072501,-2.4999557450380436,-0.12367402523727192,1.7741184618479608
9845.228169482,-2.5001082412668163,-0.12287856883706622,1.746296146155059
9845.235372196,-2.5001082412668163,-0.12287856883706622,1.746296146155059
9845.239951335,-2.5001082412668163,-0.12287856883706622,1.746296146155059
9845.256169306,-2.5001082412668163,-0.12287856883706622,1.746296146155059
9845.260934286,-2.5001082412668163,-0.12287856883706622,1.746296146155059
9845.271142146,-2.5001082412668163,-0.12287856883706622,1.746296146155059
9845.281326381,-2.5001082412668163,-0.12287856883706622,1.746296146155059
9845.294622213,-2.5001082412668163,-0.12287856883706622,1.746296146155059
9845.307818748,-2.5001082412668163,-0.12287856883706622,1.746296146155059
9845.311030625,-2.500152476919835,-0.12260368788256878,1.7144136812693482
9845.320737418,-2.500152476919835,-0.12260368788256878,1.7144136812693482
9845.32270825,-2.500152476919835,-0.12260368788256878,1.7144136812693482
9845.330911634,-2.500152476919835,-0.12260368788256878,1.7144136812693482
9845.334856966,-2.500152476919835,-0.12260368788256878,1.7144136812693482
9845.339869553,-2.500152476919835,-0.12260368788256878,1.7144136812693482
9845.342065261,-2.500152476919835,-0.12260368788256878,1.7144136812693482
9845.343440608,-2.500166176514392,-0.1225033762949259,1.6986403849131464
9845.344253113,-2.500166176514392,-0.1225033762949259,1.6986403849131464
9845.349351092,-2.500166176514392,-0.1225033762949259,1.6986403849131464
9845.359787243,-2.500166176514392,-0.1225033762949259,1.6986403849131464
9845.369650733,-2.500166176514392,-0.1225033762949259,1.6986403849131464
9845.383101858,-2.500166176514392,-0.1225033762949259,1.6986403849131464
9845.386319115,-2.500166176514392,-0.1225033762949259,1.6986403849131464
9845.387010661,-2.500166176514392,-0.12250337629492497,1.6882148172861926
9845.40327512,-2.500166176514392,-0.12250337629492497,1.6882148172861926
9845.407691071,-2.500166176514392,-0.12250337629492497,1.6882148172861926
9845.42171066,-2.500166176514392,-0.12250337629492497,1.6882148172861926
9845.431908892,-2.500166176514392,-0.12250337629492497,1.6882148172861926
9845.434194919,-2.5006559419190295,-0.12225894813544363,1.6848687030459595
9845.440436067,-2.5006559419190295,-0.12225894813544363,1.6848687030459595
9845.444544307,-2.5006559419190295,-0.12225894813544363,1.6848687030459595
9845.446137175,-2.5006559419190295,-0.12225894813544363,1.6848687030459595
9845.456116043,-2.5006559419190295,-0.12225894813544363,1.6848687030459595
9845.459889249,-2.5006559419190295,-0.12225894813544363,1.6848687030459595
9845.468659313,-2.5006559419190295,-0.12225894813544363,1.6848687030459595
9845.482508761,-2.5006559419190295,-0.12225894813544363,1.6848687030459595
9845.48803543,-2.5006559419190295,-0.12225894813544363,1.6848687030459595
9845.490821983,-2.5019441627725856,-0.12152358940142524,1.6877109158073738
9845.491968318,-2.5019441627725856,-0.12152358940142524,1.6877109158073738
9845.501315572,-2.5019441627725856,-0.12152358940142524,1.6877109158073738
9845.516238117,-2.5019441627725856,-0.12152358940142524,1.6877109158073738
9845.52162408,-2.5019441627725856,-0.12152358940142524,1.6877109158073738
9845.527385341,-2.5019441627725856,-0.12152358940142524,1.6877109158073738
9845.528891315,-2.5024158554985987,-0.12128379860041394,1.69207674615785
9845.539929464,-2.5024158554985987,-0.12128379860041394,1.69207674615785
9845.546458565,-2.5024158554985987,-0.12128379860041394,1.69207674615785
9845.560078239,-2.5024158554985987,-0.12128379860041394,1.69207674615785
9845.565412995,-2.5024158554985987,-0.12128379860041394,1.69207674615785
9845.570587358,-2.5024158554985987,-0.12128379860041394,1.69207674615785
9845.579054451,-2.5024158554985987,-0.12128379860041394,1.69207674615785
9845.589714124,-2.5024158554985987,-0.12128379860041394,1.69207674615785
9845.591554961,-2.5024158554985987,-0.12128379860041394,1.69207674615785
9845.592374409,-2.5024092154067508,-0.12133398258747022,1.7126175200264109
9845.606071676,-2.5024092154067508,-0.12133398258747022,1.7126175200264109
9845.612312787,-2.5024092154067508,-0.12133398258747022,1.7126175200264109
9845.62217814,-2.5024092154067508,-0.12133398258747022,1.7126175200264109
9845.637427332,-2.5024092154067508,-0.12133398258747022,1.7126175200264109
9845.645076469,-2.5024092154067508,-0.12133398258747022,1.7126175200264109
9845.645889525,-2.5024015286799846,-0.1213840169517445,1.7338494097511428
9845.647683623,-2.5024015286799846,-0.1213840169517445,1.7338494097511428
9845.652998532,-2.5024015286799846,-0.1213840169517445,1.7338494097511428
9845.665869492,-2.5024015286799846,-0.1213840169517445,1.7338494097511428
9845.671303375,-2.5024015286799846,-0.1213840169517445,1.7338494097511428
9845.679462796,-2.5024015286799846,-0.1213840169517445,1.7338494097511428
9845.68326089,-2.5024015286799846,-0.1213840169517445,1.7338494097511428
9845.693033498,-2.5024015286799846,-0.1213840169517445,1.7338494097511428
9845.693907929,-2.5023971239968033,-0.12140894142987756,1.7575736676971574
9845.705551841,-2.5023971239968033,-0.12140894142987756,1.7575736676971574
9845.714316696,-2.5023971239968033,-0.12140894142987756,1.7575736676971574
9845.72414723,-2.5023971239968033,-0.12140894142987756,1.7575736676971574
9845.736813406,-2.5023971239968033,-0.12140894142987756,1.7575736676971574
9845.738172353,-2.5023971239968033,-0.12140894142987756,1.7575736676971574
9845.741818209,-2.5023971239968033,-0.12140894142987756,1.7575736676971574
9845.745483559,-2.5024120920592448,-0.12133449927310999,1.7808668052475114
9845.748955697,-2.5024120920592448,-0.12133449927310999,1.7808668052475114
9845.761056345,-2.5024120920592448,-0.12133449927310999,1.7808668052475114
9845.771540407,-2.5024120920592448,-0.12133449927310999,1.7808668052475114
9845.786023441,-2.5024120920592448,-0.12133449927310999,1.7808668052475114
9845.795169283,-2.5024120920592448,-0.12133449927310999,1.7808668052475114
9845.796238953,-2.5024292041916354,-0.12126052054290754,1.8153531586448801
9845.797421887,-2.5024292041916354,-0.12126052054290754,1.8153531586448801
9845.807280521,-2.5024292041916354,-0.12126052054290754,1.8153531586448801
9845.809962997,-2.5024292041916354,-0.12126052054290754,1.8153531586448801
9845.828627559,-2.5024292041916354,-0.12126052054290754,1.8153531586448801
9845.836517879,-2.5024292041916354,-0.12126052054290754,1.8153531586448801
9845.837637106,-2.5024292041916354,-0.12126052054290754,1.8153531586448801
9845.84017519,-2.5024292041916354,-0.12126052054290754,1.8153531586448801
9845.84085801,-2.4995808216147646,-0.11998436568680863,1.842093066958349
9845.852244232,-2.4995808216147646,-0.11998436568680863,1.842093066958349
9845.858309541,-2.4995808216147646,-0.11998436568680863,1.842093066958349
9845.868208748,-2.4995808216147646,-0.11998436568680863,1.842093066958349
9845.87876174,-2.4995808216147646,-0.11998436568680863,1.842093066958349
9845.890925534,-2.4995808216147646,-0.11998436568680863,1.842093066958349
9845.892774796,-2.4995808216147646,-0.11998436568680863,1.842093066958349
9845.893732405,-2.4931518550583993,-0.11725513276711395,1.88992865384504
9845.908251979,-2.4931518550583993,-0.11725513276711395,1.88992865384504
9845.913583088,-2.4931518550583993,-0.11725513276711395,1.88992865384504
9845.917562494,-2.4931518550583993,-0.11725513276711395,1.88992865384504
9845.927978086,-2.4931518550583993,-0.11725513276711395,1.88992865384504
9845.932349372,-2.4901810360571215,-0.11609157152740576,1.9260529476545074
9845.941364827,-2.4901810360571215,-0.11609157152740576,1.9260529476545074
9845.950670273,-2.4901810360571215,-0.11609157152740576,1.9260529476545074
9845.960622874,-2.4901810360571215,-0.11609157152740576,1.9260529476545074
9845.961485643,-2.4901810360571215,-0.11609157152740576,1.9260529476545074
9845.96994466,-2.4901810360571215,-0.11609157152740576,1.9260529476545074
9845.97691188,-2.4901810360571215,-0.11609157152740576,1.9260529476545074
9845.986765077,-2.4901717817039817,-0.11611512970628673,1.964159448756956
9845.994275011,-2.4901717817039817,-0.11611512970628673,1.964159448756956
9845.995588081,-2.4901717817039817,-0.11611512970628673,1.964159448756956
9846.000418768,-2.4901717817039817,-0.11611512970628673,1.964159448756956
9846.013282324,-2.4901717817039817,-0.11611512970628673,1.964159448756956
9846.017748129,-2.4901717817039817,-0.11611512970628673,1.964159448756956
9846.03201275,-2.4901717817039817,-0.11611512970628673,1.964159448756956
9846.038311675,-2.4901717817039817,-0.11611512970628673,1.964159448756956
9846.041035282,-2.4901717817039826,-0.1161151297062859,2.021002312316678
9846.042626147,-2.4901717817039826,-0.1161151297062859,2.021002312316678
9846.050610437,-2.4901717817039826,-0.1161151297062859,2.021002312316678
9846.062283164,-2.4901717817039826,-0.1161151297062859,2.021002312316678
9846.069549859,-2.4901717817039826,-0.1161151297062859,2.021002312316678
9846.080168315,-2.4901717817039826,-0.1161151297062859,2.021002312316678
9846.083688323,-2.490183254138798,-0.11609256836582194,2.0614387887857193
9846.084801305,-2.490183254138798,-0.11609256836582194,2.0614387887857193
9846.09006677,-2.490183254138798,-0.11609256836582194,2.0614387887857193
9846.111095228,-2.490183254138798,-0.11609256836582194,2.0614387887857193
9846.114461225,-2.490183254138798,-0.11609256836582194,2.0614387887857193
9846.1208385,-2.490183254138798,-0.11609256836582194,2.0614387887857193
9846.128247444,-2.490183254138798,-0.11609256836582194,2.0614387887857193
9846.129405531,-2.490183254138799,-0.11609256836582113,2.1030709642312746
9846.142955544,-2.490183254138799,-0.11609256836582113,2.1030709642312746
9846.143745736,-2.490183254138799,-0.11609256836582113,2.1030709642312746
9846.146819832,-2.490183254138799,-0.11609256836582113,2.1030709642312746
9846.156580988,-2.490183254138799,-0.11609256836582113,2.1030709642312746
9846.171829559,-2.490183254138799,-0.11609256836582113,2.1030709642312746
9846.176277711,-2.490183254138799,-0.11609256836582113,2.1030709642312746
9846.190777607,-2.490183254138799,-0.11609256836582113,2.1030709642312746
9846.195463037,-2.490183254138799,-0.11609256836582113,2.1030709642312746
9846.20398894,-2.490183254138799,-0.11609256836582113,2.1030709642312746
9846.205622966,-2.490250834884055,-0.11598557016969369,2.1651934582135897
9846.210675299,-2.490250834884055,-0.11598557016969369,2.1651934582135897
9846.22330905,-2.490250834884055,-0.11598557016969369,2.1651934582135897
9846.236419703,-2.490250834884055,-0.11598557016969369,2.1651934582135897
9846.238067525,-2.490265438037689,-0.11596489702895343,2.206393142356656
9846.240683777,-2.490265438037689,-0.11596489702895343,2.206393142356656
9846.248778215,-2.490265438037689,-0.11596489702895343,2.206393142356656
9846.260853713,-2.490265438037689,-0.11596489702895343,2.206393142356656
9846.262161193,-2.490265438037689,-0.11596489702895343,2.206393142356656
9846.269464436,-2.490265438037689,-0.11596489702895343,2.206393142356656
9846.276886164,-2.490265438037689,-0.11596489702895343,2.206393142356656
9846.280056151,-2.4902963247664394,-0.11592479050375087,2.2477042126796465
9846.281751653,-2.4902963247664394,-0.11592479050375087,2.2477042126796465
9846.296305151,-2.4902963247664394,-0.11592479050375087,2.2477042126796465
9846.306378978,-2.4902963247664394,-0.11592479050375087,2.2477042126796465
9846.313055709,-2.4902963247664394,-0.11592479050375087,2.2477042126796465
9846.32188237,-2.4902963247664394,-0.11592479050375087,2.2477042126796465
9846.328478358,-2.4902963247664394,-0.11592479050375087,2.2477042126796465
9846.330124106,-2.4874227163191414,-0.11502393402127215,2.2842016579641284
9846.338099089,-2.4874227163191414,-0.11502393402127215,2.2842016579641284
9846.341694169,-2.4874227163191414,-0.11502393402127215,2.2842016579641284
9846.349696484,-2.4874227163191414,-0.11502393402127215,2.2842016579641284
9846.357415403,-2.4874227163191414,-0.11502393402127215,2.2842016579641284
9846.367342943,-2.4874227163191414,-0.11502393402127215,2.2842016579641284
9846.377779275,-2.4874227163191414,-0.11502393402127215,2.2842016579641284
9846.389627844,-2.4874227163191414,-0.11502393402127215,2.2842016579641284
9846.392101756,-2.4821760324888515,-0.11345569147588849,2.337289548880572
9846.393989532,-2.4821760324888515,-0.11345569147588849,2.337289548880572
9846.401078621,-2.4821760324888515,-0.11345569147588849,2.337289548880572
9846.407555324,-2.4821760324888515,-0.11345569147588849,2.337289548880572
9846.421644064,-2.4821760324888515,-0.11345569147588849,2.337289548880572
9846.439020614,-2.4821760324888515,-0.11345569147588849,2.337289548880572
9846.441571372,-2.4801266243069104,-0.1129449505112874,2.3723033211415414
9846.448425998,-2.4801266243069104,-0.1129449505112874,2.3723033211415414
9846.45194275,-2.4801266243069104,-0.1129449505112874,2.3723033211415414
9846.45279539,-2.4801266243069104,-0.1129449505112874,2.3723033211415414
9846.460998925,-2.4801266243069104,-0.1129449505112874,2.3723033211415414
9846.467399083,-2.4801266243069104,-0.1129449505112874,2.3723033211415414
9846.482127701,-2.4801266243069104,-0.1129449505112874,2.3723033211415414
9846.487967391,-2.4801266243069104,-0.1129449505112874,2.3723033211415414
9846.490935227,-2.4801266243069104,-0.1129449505112874,2.4328172571247224
9846.492031287,-2.4801266243069104,-0.1129449505112874,2.4328172571247224
9846.499049783,-2.4801266243069104,-0.1129449505112874,2.4328172571247224
9846.507104116,-2.4801266243069104,-0.1129449505112874,2.4328172571247224
9846.528532859,-2.4801266243069104,-0.1129449505112874,2.4328172571247224
9846.541809986,-2.4801266243069104,-0.1129449505112874,2.4328172571247224
9846.542687413,-2.4799899856478165,-0.11305773698301529,2.4702491863852143
9846.548108833,-2.4799899856478165,-0.11305773698301529,2.4702491863852143
9846.561164962,-2.4799899856478165,-0.11305773698301529,2.4702491863852143
9846.56232845,-2.4799899856478165,-0.11305773698301529,2.4702491863852143
9846.567815944,-2.4799899856478165,-0.11305773698301529,2.4702491863852143
9846.571259778,-2.4799899856478165,-0.11305773698301529,2.4702491863852143
9846.585659686,-2.4799899856478165,-0.11305773698301529,2.4702491863852143
9846.591496099,-2.4799899856478165,-0.11305773698301529,2.4702491863852143
9846.594422898,-2.4799899856478165,-0.11305773698301529,2.4702491863852143
9846.595109865,-2.4798893625121634,-0.11313448824147634,2.5097014448826913
9846.604997751,-2.4798893625121634,-0.11313448824147634,2.5097014448826913
9846.610385066,-2.4798893625121634,-0.11313448824147634,2.5097014448826913
9846.620973695,-2.4798893625121634,-0.11313448824147634,2.5097014448826913
9846.631240807,-2.4798893625121634,-0.11313448824147634,2.5097014448826913
9846.63500695,-2.4780918829917593,-0.11961796713255958,2.56924073238386
9846.640833214,-2.4780918829917593,-0.11961796713255958,2.56924073238386
9846.644959658,-2.4780918829917593,-0.11961796713255958,2.56924073238386
9846.653804654,-2.4780918829917593,-0.11961796713255958,2.56924073238386
9846.656358738,-2.4780918829917593,-0.11961796713255958,2.56924073238386
9846.672977847,-2.4780918829917593,-0.11961796713255958,2.56924073238386
9846.682634866,-2.4780918829917593,-0.11961796713255958,2.56924073238386
9846.684121324,-2.475126610931728,-0.13043568230368013,2.6115092399215065
9846.687136699,-2.475126610931728,-0.13043568230368013,2.6115092399215065
9846.69729732,-2.475126610931728,-0.13043568230368013,2.6115092399215065
9846.70545089,-2.475126610931728,-0.13043568230368013,2.6115092399215065
9846.709069755,-2.475126610931728,-0.13043568230368013,2.6115092399215065
9846.721859291,-2.475126610931728,-0.13043568230368013,2.6115092399215065
9846.729951516,-2.475126610931728,-0.13043568230368013,2.6115092399215065
9846.737857628,-2.475126610931728,-0.13043568230368013,2.6115092399215065
9846.743228412,-2.474250297896856,-0.13354833913023736,2.669512747141489
9846.745329079,-2.474250297896856,-0.13354833913023736,2.669512747141489
9846.751474306,-2.474250297896856,-0.13354833913023736,2.669512747141489
9846.759925728,-2.474250297896856,-0.13354833913023736,2.669512747141489
9846.768274978,-2.474250297896856,-0.13354833913023736,2.669512747141489
9846.782726563,-2.474250297896856,-0.13354833913023736,2.669512747141489
9846.78764332,-2.473999876236343,-0.13367001626074654,2.709082125040659
9846.794951012,-2.473999876236343,-0.13367001626074654,2.709082125040659
9846.804452298,-2.473999876236343,-0.13367001626074654,2.709082125040659
9846.810927558,-2.473999876236343,-0.13367001626074654,2.709082125040659
9846.815136257,-2.473999876236343,-0.13367001626074654,2.709082125040659
9846.82351925,-2.473999876236343,-0.13367001626074654,2.709082125040659
9846.829340765,-2.473999876236343,-0.13367001626074654,2.709082125040659
9846.831106852,-2.4739303383485107,-0.13370051478125594,2.747455714556345
9846.840935966,-2.4739303383485107,-0.13370051478125594,2.747455714556345
9846.845831102,-2.4739303383485107,-0.13370051478125594,2.747455714556345
9846.850950661,-2.4739303383485107,-0.13370051478125594,2.747455714556345
9846.857736939,-2.4739303383485107,-0.13370051478125594,2.747455714556345
9846.869024649,-2.4739303383485107,-0.13370051478125594,2.747455714556345
9846.88203931,-2.4739303383485107,-0.13370051478125594,2.747455714556345
9846.891476495,-2.4739303383485107,-0.13370051478125594,2.747455714556345
9846.894840348,-2.4739303383485107,-0.13370051478125594,2.747455714556345
9846.895930747,-2.4738357248947946,-0.13373654793102474,2.8079575880495393
9846.906007159,-2.4738357248947946,-0.13373654793102474,2.8079575880495393
9846.911927641,-2.4738357248947946,-0.13373654793102474,2.8079575880495393
9846.919621353,-2.4738357248947946,-0.13373654793102474,2.8079575880495393
9846.926976925,-2.4712952762230107,-0.14125723771973137,2.8473975430110245
9846.932080275,-2.4712952762230107,-0.14125723771973137,2.8473975430110245
9846.948240507,-2.4712952762230107,-0.14125723771973137,2.8473975430110245
9846.959182033,-2.4712952762230107,-0.14125723771973137,2.8473975430110245
9846.966748303,-2.4712952762230107,-0.14125723771973137,2.8473975430110245
9846.971816276,-2.4712952762230107,-0.14125723771973137,2.8473975430110245
9846.976035495,-2.4712952762230107,-0.14125723771973137,2.8473975430110245
9846.977339688,-2.4712952762230107,-0.14125723771973137,2.8473975430110245
9846.978353283,-2.467345038823469,-0.15361097125409262,2.8852522822540396
9846.986343814,-2.467345038823469,-0.15361097125409262,2.8852522822540396
9846.991896893,-2.467345038823469,-0.15361097125409262,2.8852522822540396
9847.005926731,-2.467345038823469,-0.15361097125409262,2.8852522822540396
9847.016604319,-2.467345038823469,-0.15361097125409262,2.8852522822540396
9847.024942477,-2.467345038823469,-0.15361097125409262,2.8852522822540396
9847.04451779,-2.467345038823469,-0.15361097125409262,2.8852522822540396
9847.053690805,-2.467345038823469,-0.15361097125409262,2.8852522822540396
9847.054327177,-2.467345038823469,-0.15361097125409262,2.8852522822540396
9847.066265936,-2.467345038823469,-0.15361097125409262,2.8852522822540396
9847.06702528,-2.466147997704374,-0.15737301867306813,2.9376840987383113
9847.072852516,-2.466147997704374,-0.15737301867306813,2.9376840987383113
9847.091912786,-2.466147997704374,-0.15737301867306813,2.9376840987383113
9847.098044487,-2.466147997704374,-0.15737301867306813,2.9376840987383113
9847.098858084,-2.4661728539854026,-0.15736824414297884,2.965953270453094
9847.108147269,-2.4661728539854026,-0.15736824414297884,2.965953270453094
9847.11077965,-2.4661728539854026,-0.15736824414297884,2.965953270453094
9847.127729645,-2.4661728539854026,-0.15736824414297884,2.965953270453094
9847.138846562,-2.4661728539854026,-0.15736824414297884,2.965953270453094
9847.139614452,-2.4661978250494823,-0.15736411173412854,2.989228943842529
9847.148831651,-2.4661978250494823,-0.15736411173412854,2.989228943842529
9847.158695962,-2.4661978250494823,-0.15736411173412854,2.989228943842529
9847.161563899,-2.4661978250494823,-0.15736411173412854,2.989228943842529
9847.162007316,-2.4661978250494823,-0.15736411173412854,2.989228943842529
9847.164892145,-2.4661978250494823,-0.15736411173412854,2.989228943842529
9847.169661894,-2.4661978250494823,-0.15736411173412854,2.989228943842529
9847.171938694,-2.4661978250494823,-0.15736411173412854,2.989228943842529
9847.190728443,-2.4661978250494823,-0.15736411173412854,2.989228943842529
9847.207392167,-2.4661978250494823,-0.15736411173412854,2.989228943842529
9847.226009761,-2.4661978250494823,-0.15736411173412854,2.989228943842529
9847.232496262,-2.4661978250494823,-0.15736411173412854,2.989228943842529
9847.237008645,-2.4661978250494823,-0.15736411173412854,2.989228943842529
9847.238163246,-2.466298074396015,-0.1573499638711739,3.0135546722589717
9847.241871529,-2.466298074396015,-0.1573499638711739,3.0135546722589717
9847.242860848,-2.466298074396015,-0.1573499638711739,3.0135546722589717
9847.248371095,-2.466298074396015,-0.1573499638711739,3.0135546722589717
9847.250331809,-2.4629039317928774,-0.1589059887895364,3.0176587015130227
9847.253208322,-2.4629039317928774,-0.1589059887895364,3.0176587015130227
9847.256687994,-2.4629039317928774,-0.1589059887895364,3.0176587015130227
9847.259176364,-2.4629039317928774,-0.1589059887895364,3.0176587015130227
9847.270103893,-2.4629039317928774,-0.1589059887895364,3.0176587015130227
9847.275244672,-2.4629039317928774,-0.1589059887895364,3.0176587015130227
9847.281066238,-2.4629039317928774,-0.1589059887895364,3.0176587015130227
9847.28468363,-2.4572478570428045,-0.16147601937495035,3.012544942931767
9847.291882006,-2.4572478570428045,-0.16147601937495035,3.012544942931767
9847.307611131,-2.4572478570428045,-0.16147601937495035,3.012544942931767
9847.31054728,-2.4572478570428045,-0.16147601937495035,3.012544942931767
9847.320424566,-2.4572478570428045,-0.16147601937495035,3.012544942931767
9847.328967411,-2.4572478570428045,-0.16147601937495035,3.012544942931767
9847.335960265,-2.4572478570428045,-0.16147601937495035,3.012544942931767
9847.343189843,-2.4572478570428045,-0.16147601937495035,3.012544942931767
9847.344141761,-2.455745396057843,-0.162198298721587,3.0109478948665607
9847.355787808,-2.455745396057843,-0.162198298721587,3.0109478948665607
9847.36090876,-2.455745396057843,-0.162198298721587,3.0109478948665607
9847.371680826,-2.455745396057843,-0.162198298721587,3.0109478948665607
9847.379078345,-2.455745396057843,-0.162198298721587,3.0109478948665607
9847.387791104,-2.455971194464148,-0.16216819592956722,3.0071662185741412
9847.39374022,-2.455971194464148,-0.16216819592956722,3.0071662185741412
9847.394352867,-2.455971194464148,-0.16216819592956722,3.0071662185741412
9847.396405624,-2.455971194464148,-0.16216819592956722,3.0071662185741412
9847.411156805,-2.455971194464148,-0.16216819592956722,3.0071662185741412
9847.418558245,-2.455971194464148,-0.16216819592956722,3.0071662185741412
9847.432064404,-2.455971194464148,-0.16216819592956722,3.0071662185741412
9847.432864435,-2.455971194464148,-0.16216819592956722,3.0071662185741412
9847.436293722,-2.455971194464148,-0.16216819592956722,3.0071662185741412
9847.437082031,-2.456397253696019,-0.16210806403370623,2.9956010697437274
9847.448019068,-2.456397253696019,-0.16210806403370623,2.9956010697437274
9847.4571686,-2.456397253696019,-0.16210806403370623,2.9956010697437274
9847.470656294,-2.456397253696019,-0.16210806403370623,2.9956010697437274
9847.476880751,-2.456397253696019,-0.16210806403370623,2.9956010697437274
9847.491454817,-2.456397253696019,-0.16210806403370623,2.9956010697437274
9847.492908102,-2.456572119827185,-0.1620795553063613,2.964364421184157
9847.494757145,-2.456572119827185,-0.1620795553063613,2.964364421184157
9847.498863611,-2.456572119827185,-0.1620795553063613,2.964364421184157
9847.510689517,-2.456572119827185,-0.1620795553063613,2.964364421184157
9847.5184792,-2.456572119827185,-0.1620795553063613,2.964364421184157
9847.529391981,-2.456572119827185,-0.1620795553063613,2.964364421184157
9847.530335072,-2.4615464203110387,-0.1572130652265832,2.92942891302418
9847.533055791,-2.4615464203110387,-0.1572130652265832,2.92942891302418
9847.537288085,-2.4615464203110387,-0.1572130652265832,2.92942891302418
9847.550720946,-2.4615464203110387,-0.1572130652265832,2.92942891302418
9847.55789753,-2.4615464203110387,-0.1572130652265832,2.92942891302418
9847.568945747,-2.4615464203110387,-0.1572130652265832,2.92942891302418
9847.57708988,-2.4615464203110387,-0.1572130652265832,2.92942891302418
9847.58097096,-2.469245698471356,-0.1494991365205046,2.887266179192227
9847.58291432,-2.469245698471356,-0.1494991365205046,2.887266179192227
9847.587682867,-2.469245698471356,-0.1494991365205046,2.887266179192227
9847.609652031,-2.469245698471356,-0.1494991365205046,2.887266179192227
9847.616237429,-2.469245698471356,-0.1494991365205046,2.887266179192227
9847.623520104,-2.469245698471356,-0.1494991365205046,2.887266179192227
9847.626336895,-2.471939672546021,-0.1467706012738656,2.846243052447677
9847.63649996,-2.471939672546021,-0.1467706012738656,2.846243052447677
9847.638067962,-2.471939672546021,-0.1467706012738656,2.846243052447677
9847.641878178,-2.471939672546021,-0.1467706012738656,2.846243052447677
9847.65444835,-2.471939672546021,-0.1467706012738656,2.846243052447677
9847.661885276,-2.471939672546021,-0.1467706012738656,2.846243052447677
9847.669886518,-2.471939672546021,-0.1467706012738656,2.846243052447677
9847.679505125,-2.471939672546021,-0.1467706012738656,2.846243052447677
9847.692665883,-2.471939672546021,-0.1467706012738656,2.846243052447677
9847.699210313,-2.471963653352814,-0.14676250487036258,2.785734831059814
9847.705041927,-2.471963653352814,-0.14676250487036258,2.785734831059814
9847.706031276,-2.471963653352814,-0.14676250487036258,2.785734831059814
9847.71104213,-2.471963653352814,-0.14676250487036258,2.785734831059814
9847.724139718,-2.471963653352814,-0.14676250487036258,2.785734831059814
9847.726720262,-2.4719401095253235,-0.1467717956739488,2.7457352864393
9847.733277615,-2.4719401095253235,-0.1467717956739488,2.7457352864393
9847.73777527,-2.4719401095253235,-0.1467717956739488,2.7457352864393
9847.738592814,-2.4719401095253235,-0.1467717956739488,2.7457352864393
9847.747848709,-2.4719401095253235,-0.1467717956739488,2.7457352864393
9847.757304168,-2.4719401095253235,-0.1467717956739488,2.7457352864393
9847.771756905,-2.4719401095253235,-0.1467717956739488,2.7457352864393
9847.778703435,-2.4719401095253235,-0.1467717956739488,2.7457352864393
9847.790924307,-2.4719401095253235,-0.1467717956739488,2.7457352864393
9847.793997201,-2.4719401095253235,-0.1467717956739488,2.6906875061639552
9847.798880023,-2.4719401095253235,-0.1467717956739488,2.6906875061639552
9847.802762266,-2.4719401095253235,-0.1467717956739488,2.6906875061639552
9847.807099104,-2.4719401095253235,-0.1467717956739488,2.6906875061639552
9847.829402693,-2.4719401095253235,-0.1467717956739488,2.6906875061639552
9847.85143689,-2.4719401095253235,-0.1467717956739488,2.6906875061639552
9847.852508223,-2.4719401095253235,-0.1467717956739488,2.6906875061639552
9847.86180907,-2.4719401095253235,-0.1467717956739488,2.6906875061639552
9847.863570747,-2.4719627126196135,-0.14676040572343615,2.658954589331985
9847.865945763,-2.4719627126196135,-0.14676040572343615,2.658954589331985
9847.869039897,-2.4719627126196135,-0.14676040572343615,2.658954589331985
9847.87324528,-2.4719627126196135,-0.14676040572343615,2.658954589331985
9847.878641833,-2.4719627126196135,-0.14676040572343615,2.658954589331985
9847.880620259,-2.4720072196678737,-0.1467362883846131,2.6310602414258724
9847.881743892,-2.4720072196678737,-0.1467362883846131,2.6310602414258724
9847.890661374,-2.4720072196678737,-0.1467362883846131,2.6310602414258724
9847.902038723,-2.4720072196678737,-0.1467362883846131,2.6310602414258724
9847.907868865,-2.4720072196678737,-0.1467362883846131,2.6310602414258724
9847.921419789,-2.4720072196678737,-0.1467362883846131,2.6310602414258724
9847.928089607,-2.4720072196678737,-0.1467362883846131,2.6310602414258724
9847.938491072,-2.4720072196678737,-0.1467362883846131,2.6310602414258724
9847.939971168,-2.4720072196678737,-0.1467362883846131,2.6310602414258724
9847.940875987,-2.4719634665948385,-0.14676174799923516,2.5981265592225795
9847.954125883,-2.4719634665948385,-0.14676174799923516,2.5981265592225795
9847.958374958,-2.4719634665948385,-0.14676174799923516,2.5981265592225795
9847.970737348,-2.4719634665948385,-0.14676174799923516,2.5981265592225795
9847.979043205,-2.4719634665948385,-0.14676174799923516,2.5981265592225795
9847.984039522,-2.4719634665948385,-0.14676174799923516,2.5981265592225795
9847.985139279,-2.472006593239914,-0.14673524109709188,2.582844762767196
9847.992802342,-2.472006593239914,-0.14673524109709188,2.582844762767196
9848.000701802,-2.472006593239914,-0.14673524109709188,2.582844762767196
9848.008498128,-2.472006593239914,-0.14673524109709188,2.582844762767196
9848.019053133,-2.472006593239914,-0.14673524109709188,2.582844762767196
9848.029218483,-2.472006593239914,-0.14673524109709188,2.582844762767196
9848.032765963,-2.4720279545973414,-0.146721664527091,2.568016810978294
9848.039588158,-2.4720279545973414,-0.146721664527091,2.568016810978294
9848.040995296,-2.4720279545973414,-0.146721664527091,2.568016810978294
9848.050859918,-2.4720279545973414,-0.146721664527091,2.568016810978294
9848.057792101,-2.4720279545973414,-0.146721664527091,2.568016810978294
9848.06726887,-2.4720279545973414,-0.146721664527091,2.568016810978294
9848.078415172,-2.4720279545973414,-0.146721664527091,2.568016810978294
9848.08788031,-2.4720279545973414,-0.146721664527091,2.568016810978294
9848.090745421,-2.4720279545973414,-0.146721664527091,2.568016810978294
9848.09175629,-2.4720911847143574,-0.14667962133620793,2.541578842962623
9848.101604471,-2.4720911847143574,-0.14667962133620793,2.541578842962623
9848.106944858,-2.4720911847143574,-0.14667962133620793,2.541578842962623
9848.119844101,-2.4720911847143574,-0.14667962133620793,2.541578842962623
9848.133433668,-2.4720911847143574,-0.14667962133620793,2.541578842962623
9848.136782382,-2.472111907640337,-0.14666508891786195,2.5184474873193508
9848.140323641,-2.472111907640337,-0.14666508891786195,2.5184474873193508
9848.14688816,-2.472111907640337,-0.14666508891786195,2.5184474873193508
9848.152847442,-2.472111907640337,-0.14666508891786195,2.5184474873193508
9848.15935682,-2.472111907640337,-0.14666508891786195,2.5184474873193508
9848.168975247,-2.472111907640337,-0.14666508891786195,2.5184474873193508
9848.181325573,-2.472111907640337,-0.14666508891786195,2.5184474873193508
9848.189528517,-2.472111907640337,-0.14666508891786195,2.5184474873193508
9848.192729362,-2.4721322696135033,-0.14665005492661107,2.492748445535541
9848.194711546,-2.4721322696135033,-0.14665005492661107,2.492748445535541
9848.204009587,-2.4721322696135033,-0.14665005492661107,2.492748445535541
9848.208504227,-2.4721322696135033,-0.14665005492661107,2.492748445535541
9848.222549445,-2.4721322696135033,-0.14665005492661107,2.492748445535541
9848.229544467,-2.4721322696135033,-0.14665005492661107,2.492748445535541
9848.239836896,-2.4747634494327335,-0.14505673799092125,2.444949237988517
9848.245717703,-2.4747634494327335,-0.14505673799092125,2.444949237988517
9848.247538322,-2.4747634494327335,-0.14505673799092125,2.444949237988517
9848.257562926,-2.4747634494327335,-0.14505673799092125,2.444949237988517
9848.261862697,-2.4747634494327335,-0.14505673799092125,2.444949237988517
9848.268168948,-2.4747634494327335,-0.14505673799092125,2.444949237988517
9848.287952504,-2.4747634494327335,-0.14505673799092125,2.444949237988517
9848.293878767,-2.4798451602384537,-0.14181046896709615,2.4041349506907914
9848.294935132,-2.4798451602384537,-0.14181046896709615,2.4041349506907914
9848.304197325,-2.4798451602384537,-0.14181046896709615,2.4041349506907914
9848.309700089,-2.4798451602384537,-0.14181046896709615,2.4041349506907914
9848.317023508,-2.4798451602384537,-0.14181046896709615,2.4041349506907914
9848.327018789,-2.4798451602384537,-0.14181046896709615,2.4041349506907914
9848.329839307,-2.4798451602384537,-0.14181046896709615,2.4041349506907914
9848.332830556,-2.481520963131139,-0.14055344620901772,2.3664788669586536
9848.344607159,-2.481520963131139,-0.14055344620901772,2.3664788669586536
9848.345233653,-2.481520963131139,-0.14055344620901772,2.3664788669586536
9848.347386689,-2.481520963131139,-0.14055344620901772,2.3664788669586536
9848.357862192,-2.481520963131139,-0.14055344620901772,2.3664788669586536
9848.370373803,-2.481520963131139,-0.14055344620901772,2.3664788669586536
9848.378307981,-2.481520963131139,-0.14055344620901772,2.3664788669586536
9848.39233762,-2.481520963131139,-0.14055344620901772,2.3664788669586536
9848.395250101,-2.481520963131139,-0.14055344620901772,2.3664788669586536
9848.404382119,-2.481520963131139,-0.14055344620901772,2.3664788669586536
9848.405016618,-2.4824353518163758,-0.13960678938898474,2.3112361608684417
9848.406826346,-2.4824353518163758,-0.13960678938898474,2.3112361608684417
9848.419818384,-2.4824353518163758,-0.13960678938898474,2.3112361608684417
9848.432865884,-2.4824353518163758,-0.13960678938898474,2.3112361608684417
9848.436285085,-2.483956469212302,-0.13787726174009018,2.273101068162953
9848.440994778,-2.483956469212302,-0.13787726174009018,2.273101068162953
9848.455541256,-2.483956469212302,-0.13787726174009018,2.273101068162953
9848.458521805,-2.483956469212302,-0.13787726174009018,2.273101068162953
9848.459553684,-2.483956469212302,-0.13787726174009018,2.273101068162953
9848.468657879,-2.483956469212302,-0.13787726174009018,2.273101068162953
9848.481104758,-2.483956469212302,-0.13787726174009018,2.273101068162953
9848.483277572,-2.4850102904957843,-0.13658109482968264,2.233761816346681
9848.49300768,-2.4850102904957843,-0.13658109482968264,2.233761816346681
9848.494857644,-2.4850102904957843,-0.13658109482968264,2.233761816346681
9848.497664205,-2.4850102904957843,-0.13658109482968264,2.233761816346681
9848.512494325,-2.4850102904957843,-0.13658109482968264,2.233761816346681
9848.520222782,-2.4850102904957843,-0.13658109482968264,2.233761816346681
9848.526669959,-2.4850102904957843,-0.13658109482968264,2.233761816346681
9848.531045514,-2.4860426180081845,-0.1352039321920353,2.194326906526124
9848.537803688,-2.4860426180081845,-0.1352039321920353,2.194326906526124
9848.549154988,-2.4860426180081845,-0.1352039321920353,2.194326906526124
9848.5511257,-2.4860426180081845,-0.1352039321920353,2.194326906526124
9848.560279679,-2.4860426180081845,-0.1352039321920353,2.194326906526124
9848.570020427,-2.4860426180081845,-0.1352039321920353,2.194326906526124
9848.574839018,-2.4860426180081845,-0.1352039321920353,2.194326906526124
9848.588252062,-2.486992341002373,-0.13379900582608772,2.136131360256707
9848.597869276,-2.486992341002373,-0.13379900582608772,2.136131360256707
9848.607368688,-2.486992341002373,-0.13379900582608772,2.136131360256707
9848.613958855,-2.486992341002373,-0.13379900582608772,2.136131360256707
9848.623632877,-2.486992341002373,-0.13379900582608772,2.136131360256707
9848.625880201,-2.486992341002373,-0.13379900582608772,2.136131360256707
9848.630664508,-2.486992341002373,-0.13379900582608772,2.136131360256707
9848.634257634,-2.4896575973934714,-0.13139932479828964,2.1032985380006126
9848.639103938,-2.4896575973934714,-0.13139932479828964,2.1032985380006126
9848.644069527,-2.4896575973934714,-0.13139932479828964,2.1032985380006126
9848.651376036,-2.4896575973934714,-0.13139932479828964,2.1032985380006126
9848.657480045,-2.4896575973934714,-0.13139932479828964,2.1032985380006126
9848.668133427,-2.4896575973934714,-0.13139932479828964,2.1032985380006126
9848.682748989,-2.4896575973934714,-0.13139932479828964,2.1032985380006126
9848.693044818,-2.4896575973934714,-0.13139932479828964,2.1032985380006126
9848.694971867,-2.4935471530328526,-0.12949105281196233,2.0592190885431516
9848.695975794,-2.4935471530328526,-0.12949105281196233,2.0592190885431516
9848.704884918,-2.4935471530328526,-0.12949105281196233,2.0592190885431516
9848.712274178,-2.4935471530328526,-0.12949105281196233,2.0592190885431516
9848.718804912,-2.4935471530328526,-0.12949105281196233,2.0592190885431516
9848.728930006,-2.4935471530328526,-0.12949105281196233,2.0592190885431516
9848.73348042,-2.496076817208782,-0.12704993181676003,2.0289059043905784
9848.743875655,-2.496076817208782,-0.12704993181676003,2.0289059043905784
9848.745470116,-2.496076817208782,-0.12704993181676003,2.0289059043905784
9848.753826599,-2.496076817208782,-0.12704993181676003,2.0289059043905784
9848.761746087,-2.496076817208782,-0.12704993181676003,2.0289059043905784
9848.772000685,-2.496076817208782,-0.12704993181676003,2.0289059043905784
9848.77724474,-2.496076817208782,-0.12704993181676003,2.0289059043905784
9848.784946627,-2.4968208076937337,-0.1254698933338923,1.99283090839601
9848.78623499,-2.4968208076937337,-0.1254698933338923,1.99283090839601
9848.794279995,-2.4968208076937337,-0.1254698933338923,1.99283090839601
9848.802348544,-2.4968208076937337,-0.1254698933338923,1.99283090839601
9848.813907927,-2.4968208076937337,-0.1254698933338923,1.99283090839601
9848.821976687,-2.4968208076937337,-0.1254698933338923,1.99283090839601
9848.836206583,-2.4968208076937337,-0.1254698933338923,1.99283090839601
9848.844296483,-2.4968208076937337,-0.1254698933338923,1.99283090839601
9848.845254062,-2.4974200353306113,-0.12407447322576262,1.9599863351366575
9848.855553585,-2.4974200353306113,-0.12407447322576262,1.9599863351366575
9848.861903849,-2.4974200353306113,-0.12407447322576262,1.9599863351366575
9848.862850747,-2.4974200353306113,-0.12407447322576262,1.9599863351366575
9848.868778694,-2.4974200353306113,-0.12407447322576262,1.9599863351366575
9848.884835501,-2.4974200353306113,-0.12407447322576262,1.9599863351366575
9848.898393127,-2.4974200353306113,-0.12407447322576262,1.9599863351366575
9848.901241808,-2.497792421545504,-0.12310585103110283,1.9156647683165124
9848.904772015,-2.497792421545504,-0.12310585103110283,1.9156647683165124
9848.905678297,-2.497792421545504,-0.12310585103110283,1.9156647683165124
9848.908910903,-2.497792421545504,-0.12310585103110283,1.9156647683165124
9848.921737409,-2.497792421545504,-0.12310585103110283,1.9156647683165124
9848.937342032,-2.497792421545504,-0.12310585103110283,1.9156647683165124
9848.938524655,-2.4975132724292717,-0.12136554714429003,1.8957934155678358
9848.941846519,-2.4975132724292717,-0.12136554714429003,1.8957934155678358
9848.942417518,-2.4975132724292717,-0.12136554714429003,1.8957934155678358
9848.952044992,-2.4975132724292717,-0.12136554714429003,1.8957934155678358
9848.961091919,-2.4975132724292717,-0.12136554714429003,1.8957934155678358
9848.967463463,-2.4975132724292717,-0.12136554714429003,1.8957934155678358
9848.977822097,-2.4975132724292717,-0.12136554714429003,1.8957934155678358
9848.9791738,-2.4975132724292717,-0.12136554714429003,1.8957934155678358
9848.984089726,-2.4962308041157644,-0.11887814112093088,1.8833478988824095
9848.99310357,-2.4962308041157644,-0.11887814112093088,1.8833478988824095
9849.003254423,-2.4962308041157644,-0.11887814112093088,1.8833478988824095
9849.01511305,-2.4962308041157644,-0.11887814112093088,1.8833478988824095
9849.027552515,-2.4962308041157644,-0.11887814112093088,1.8833478988824095
9849.033309819,-2.4962308041157644,-0.11887814112093088,1.8833478988824095
9849.036340674,-2.4955417061348837,-0.11760149541665156,1.8694574551626166
9849.043620583,-2.4955417061348837,-0.11760149541665156,1.8694574551626166
9849.04653602,-2.4955417061348837,-0.11760149541665156,1.8694574551626166
9849.047118731,-2.4955417061348837,-0.11760149541665156,1.8694574551626166
9849.058577774,-2.4955417061348837,-0.11760149541665156,1.8694574551626166
9849.067770557,-2.4955417061348837,-0.11760149541665156,1.8694574551626166
9849.08004505,-2.4955417061348837,-0.11760149541665156,1.8694574551626166
9849.081827466,-2.4955786245671794,-0.11748044666423811,1.8641887025876962
9849.082801226,-2.4955786245671794,-0.11748044666423811,1.8641887025876962
9849.092654763,-2.4955786245671794,-0.11748044666423811,1.8641887025876962
9849.108885442,-2.4955786245671794,-0.11748044666423811,1.8641887025876962
9849.121669237,-2.4955786245671794,-0.11748044666423811,1.8641887025876962
9849.135772354,-2.4955786245671794,-0.11748044666423811,1.8641887025876962
9849.142337554,-2.4955786245671794,-0.11748044666423811,1.8641887025876962
9849.143763768,-2.4955786245671794,-0.11748044666423811,1.8641887025876962
9849.151700518,-2.4955786245671794,-0.11748044666423811,1.8641887025876962
9849.152801828,-2.495578624567179,-0.1174804466642381,1.8600169734998664
9849.156114986,-2.495578624567179,-0.1174804466642381,1.8600169734998664
9849.158331082,-2.495578624567179,-0.1174804466642381,1.8600169734998664
9849.173039712,-2.495578624567179,-0.1174804466642381,1.8600169734998664
9849.185107164,-2.495578624567179,-0.1174804466642381,1.8600169734998664
9849.191702522,-2.495578624567179,-0.1174804466642381,1.8600169734998664
9849.193299758,-2.4955857388554086,-0.1174561563833183,1.851411016468615
9849.194337117,-2.4955857388554086,-0.1174561563833183,1.851411016468615
9849.199223413,-2.4955857388554086,-0.1174561563833183,1.851411016468615
9849.21191628,-2.4955857388554086,-0.1174561563833183,1.851411016468615
9849.218752211,-2.4955857388554086,-0.1174561563833183,1.851411016468615
9849.230623774,-2.4955857388554086,-0.1174561563833183,1.851411016468615
9849.233759026,-2.4946938110228443,-0.11954684308525496,1.8409995664516685
9849.240304488,-2.4946938110228443,-0.11954684308525496,1.8409995664516685
9849.241928946,-2.4946938110228443,-0.11954684308525496,1.8409995664516685
9849.250784101,-2.4946938110228443,-0.11954684308525496,1.8409995664516685
9849.256711834,-2.4946938110228443,-0.11954684308525496,1.8409995664516685
9849.271846022,-2.4946938110228443,-0.11954684308525496,1.8409995664516685
9849.282160112,-2.4946938110228443,-0.11954684308525496,1.8409995664516685
9849.283649135,-2.4925206012599084,-0.1245923547361086,1.8278902742983125
9849.29186891,-2.4925206012599084,-0.1245923547361086,1.8278902742983125
9849.296006194,-2.4925206012599084,-0.1245923547361086,1.8278902742983125
9849.301135752,-2.4925206012599084,-0.1245923547361086,1.8278902742983125
9849.309255909,-2.4925206012599084,-0.1245923547361086,1.8278902742983125
9849.315107371,-2.4925206012599084,-0.1245923547361086,1.8278902742983125
9849.329850868,-2.4925206012599084,-0.1245923547361086,1.8278902742983125
9849.338421976,-2.4925206012599084,-0.1245923547361086,1.8278902742983125
9849.340093303,-2.491476474340343,-0.12700837490276096,1.7973676845431408
9849.340883215,-2.491476474340343,-0.12700837490276096,1.7973676845431408
9849.349323824,-2.491476474340343,-0.12700837490276096,1.7973676845431408
9849.357732459,-2.491476474340343,-0.12700837490276096,1.7973676845431408
9849.371543494,-2.491476474340343,-0.12700837490276096,1.7973676845431408
9849.377737964,-2.491476474340343,-0.12700837490276096,1.7973676845431408
9849.388164367,-2.491476474340343,-0.12700837490276096,1.7973676845431408
9849.391167719,-2.4914927673477996,-0.12693421146496656,1.7767352387309154
9849.39306901,-2.4914927673477996,-0.12693421146496656,1.7767352387309154
9849.399127353,-2.4914927673477996,-0.12693421146496656,1.7767352387309154
9849.410340632,-2.4914927673477996,-0.12693421146496656,1.7767352387309154
9849.421002419,-2.4914927673477996,-0.12693421146496656,1.7767352387309154
9849.429231201,-2.4914927673477996,-0.12693421146496656,1.7767352387309154
9849.432456092,-2.4915025477476287,-0.12688454389852932,1.7537166401743967
9849.443678939,-2.4915025477476287,-0.12688454389852932,1.7537166401743967
9849.446206714,-2.4915025477476287,-0.12688454389852932,1.7537166401743967
9849.456502529,-2.4915025477476287,-0.12688454389852932,1.7537166401743967
9849.462047002,-2.4915025477476287,-0.12688454389852932,1.7537166401743967
9849.468135862,-2.4915025477476287,-0.12688454389852932,1.7537166401743967
9849.479813137,-2.4915025477476287,-0.12688454389852932,1.7537166401743967
9849.489427937,-2.4915025477476287,-0.12688454389852932,1.7537166401743967
9849.490694109,-2.491514362750303,-0.12680953667681527,1.7003449723124584
9849.491402046,-2.491514362750303,-0.12680953667681527,1.7003449723124584
9849.498588389,-2.491514362750303,-0.12680953667681527,1.7003449723124584
9849.511684544,-2.491514362750303,-0.12680953667681527,1.7003449723124584
9849.521563162,-2.491514362750303,-0.12680953667681527,1.7003449723124584
9849.527521185,-2.491514362750303,-0.12680953667681527,1.7003449723124584
9849.537047047,-2.4915284022955704,-0.1266837644132885,1.6635807082057075
9849.543373166,-2.4915284022955704,-0.1266837644132885,1.6635807082057075
9849.545493982,-2.4915284022955704,-0.1266837644132885,1.6635807082057075
9849.551833565,-2.4915284022955704,-0.1266837644132885,1.6635807082057075
9849.557191395,-2.4915284022955704,-0.1266837644132885,1.6635807082057075
9849.568913625,-2.4915284022955704,-0.1266837644132885,1.6635807082057075
9849.578628363,-2.4915284022955704,-0.1266837644132885,1.6635807082057075
9849.586740425,-2.4915284022955704,-0.1266837644132885,1.6635807082057075
9849.593513527,-2.4915330635355666,-0.1266079755589684,1.6008631512522777
9849.596763656,-2.4915330635355666,-0.1266079755589684,1.6008631512522777
9849.597615675,-2.4915330635355666,-0.1266079755589684,1.6008631512522777
9849.606490908,-2.4915330635355666,-0.1266079755589684,1.6008631512522777
9849.622944194,-2.4915330635355666,-0.1266079755589684,1.6008631512522777
9849.63207002,-2.4915330635355666,-0.1266079755589684,1.6008631512522777
9849.638933564,-2.4915330635355666,-0.1266079755589684,1.6008631512522777
9849.648226185,-2.4915330635355666,-0.1266079755589684,1.6008631512522777
9849.64898063,-2.49153279009997,-0.12663328476830318,1.5623362585902292
9849.655603098,-2.49153279009997,-0.12663328476830318,1.5623362585902292
9849.663750456,-2.49153279009997,-0.12663328476830318,1.5623362585902292
9849.673332214,-2.49153279009997,-0.12663328476830318,1.5623362585902292
9849.684971136,-2.49153279009997,-0.12663328476830318,1.5623362585902292
9849.686139703,-2.4915312726579644,-0.12658268614434492,1.5192947909236028
9849.689071872,-2.4915312726579644,-0.12658268614434492,1.5192947909236028
9849.689490963,-2.4915312726579644,-0.12658268614434492,1.5192947909236028
9849.695750335,-2.4915312726579644,-0.12658268614434492,1.5192947909236028
9849.713238907,-2.4915312726579644,-0.12658268614434492,1.5192947909236028
9849.736386356,-2.4915312726579644,-0.12658268614434492,1.5192947909236028
9849.74214855,-2.4915312726579644,-0.12658268614434492,1.5192947909236028
9849.743066924,-2.4915312726579644,-0.12658268614434492,1.5192947909236028
9849.745622761,-2.4915312726579644,-0.12658268614434492,1.5192947909236028
9849.746419466,-2.491542256319441,-0.12673415254184084,1.4775202795863225
9849.764654948,-2.491542256319441,-0.12673415254184084,1.4775202795863225
9849.773952018,-2.491542256319441,-0.12673415254184084,1.4775202795863225
9849.777859749,-2.491542256319441,-0.12673415254184084,1.4775202795863225
9849.780940688,-2.491542256319441,-0.12673415254184084,1.4775202795863225
9849.791129772,-2.491542256319441,-0.12673415254184084,1.4775202795863225
9849.7932094,-2.4915359321569763,-0.12668392776363596,1.4135564491152839
9849.796363137,-2.4915359321569763,-0.12668392776363596,1.4135564491152839
9849.797727153,-2.4915359321569763,-0.12668392776363596,1.4135564491152839
9849.810274782,-2.4915359321569763,-0.12668392776363596,1.4135564491152839
9849.81672805,-2.4915359321569763,-0.12668392776363596,1.4135564491152839
9849.828117623,-2.4915359321569763,-0.12668392776363596,1.4135564491152839
9849.829138521,-2.4951042322187766,-0.12108205241295178,1.3725923956219652
9849.836667271,-2.4951042322187766,-0.12108205241295178,1.3725923956219652
9849.842778603,-2.4951042322187766,-0.12108205241295178,1.3725923956219652
9849.853677999,-2.4951042322187766,-0.12108205241295178,1.3725923956219652
9849.856554703,-2.4951042322187766,-0.12108205241295178,1.3725923956219652
9849.872910484,-2.4951042322187766,-0.12108205241295178,1.3725923956219652
9849.87916609,-2.4951042322187766,-0.12108205241295178,1.3725923956219652
9849.892268927,-2.4951042322187766,-0.12108205241295178,1.3725923956219652
9849.900553064,-2.4951042322187766,-0.12108205241295178,1.3725923956219652
9849.901494171,-2.503710698532914,-0.10708028232788783,1.3325213694858107
9849.9048342,-2.503710698532914,-0.10708028232788783,1.3325213694858107
9849.919087991,-2.503710698532914,-0.10708028232788783,1.3325213694858107
9849.922312311,-2.503710698532914,-0.10708028232788783,1.3325213694858107
9849.940796253,-2.503710698532914,-0.10708028232788783,1.3325213694858107
9849.95319992,-2.503710698532914,-0.10708028232788783,1.3325213694858107
9849.955215367,-2.503710698532914,-0.10708028232788783,1.3325213694858107
9849.961188799,-2.503710698532914,-0.10708028232788783,1.3325213694858107
9849.962378706,-2.5078911241052957,-0.10037266117405907,1.2710565897275825
9849.964891632,-2.5078911241052957,-0.10037266117405907,1.2710565897275825
9849.966885779,-2.5078911241052957,-0.10037266117405907,1.2710565897275825
9849.977022264,-2.5078911241052957,-0.10037266117405907,1.2710565897275825
9849.981193723,-2.5078911241052957,-0.10037266117405907,1.2710565897275825
9849.982105866,-2.507883155260062,-0.10034863767827229,1.229957518224897
9849.989110395,-2.507883155260062,-0.10034863767827229,1.229957518224897
9849.998529976,-2.507883155260062,-0.10034863767827229,1.229957518224897
9850.006927557,-2.507883155260062,-0.10034863767827229,1.229957518224897
9850.018954713,-2.507883155260062,-0.10034863767827229,1.229957518224897
9850.030660219,-2.507883155260062,-0.10034863767827229,1.229957518224897
9850.03140178,-2.507901107298532,-0.1003959689331824,1.1865908476163762
9850.035060754,-2.507901107298532,-0.1003959689331824,1.1865908476163762
9850.040015261,-2.507901107298532,-0.1003959689331824,1.1865908476163762
9850.052202931,-2.507901107298532,-0.1003959689331824,1.1865908476163762
9850.060136385,-2.507901107298532,-0.1003959689331824,1.1865908476163762
9850.073016319,-2.507901107298532,-0.1003959689331824,1.1865908476163762
9850.081298853,-2.507901107298532,-0.1003959689331824,1.1865908476163762
9850.090682579,-2.507901107298532,-0.1003959689331824,1.1865908476163762
9850.093183152,-2.507901107298532,-0.1003959689331824,1.1865908476163762
9850.093879427,-2.5079522273665966,-0.10051173814215038,1.123360929136457
9850.098594944,-2.5079522273665966,-0.10051173814215038,1.123360929136457
9850.112448079,-2.5079522273665966,-0.10051173814215038,1.123360929136457
9850.117267632,-2.5079522273665966,-0.10051173814215038,1.123360929136457
9850.132288712,-2.5079522273665966,-0.10051173814215038,1.123360929136457
9850.135201043,-2.5079522273665966,-0.10051173814215038,1.123360929136457
9850.139644406,-2.5079522273665966,-0.10051173814215038,1.123360929136457
9850.140197941,-2.5081570987338724,-0.10306599348231459,1.081957464289352
9850.150672021,-2.5081570987338724,-0.10306599348231459,1.081957464289352
9850.161669876,-2.5081570987338724,-0.10306599348231459,1.081957464289352
9850.171835396,-2.5081570987338724,-0.10306599348231459,1.081957464289352
9850.182505389,-2.5081570987338724,-0.10306599348231459,1.081957464289352
9850.187052197,-2.5081570987338724,-0.10306599348231459,1.081957464289352
9850.191771681,-2.5081570987338724,-0.10306599348231459,1.081957464289352
9850.192342479,-2.5085689336655586,-0.10927205183746569,1.0392441986670906
9850.204542261,-2.5085689336655586,-0.10927205183746569,1.0392441986670906
9850.213968886,-2.5085689336655586,-0.10927205183746569,1.0392441986670906
9850.224975805,-2.5085689336655586,-0.10927205183746569,1.0392441986670906
9850.232366775,-2.5085689336655586,-0.10927205183746569,1.0392441986670906
9850.23800321,-2.5087571587066053,-0.111998719443824,0.9771159330503407
9850.241130898,-2.5087571587066053,-0.111998719443824,0.9771159330503407
9850.252178775,-2.5087571587066053,-0.111998719443824,0.9771159330503407
9850.253948026,-2.5087571587066053,-0.111998719443824,0.9771159330503407
9850.257096623,-2.5087571587066053,-0.111998719443824,0.9771159330503407
9850.269138066,-2.5087571587066053,-0.111998719443824,0.9771159330503407
9850.279015852,-2.5087571587066053,-0.111998719443824,0.9771159330503407
9850.282958229,-2.5087571587066053,-0.111998719443824,0.9771159330503407
9850.285528513,-2.5087571587066053,-0.111998719443824,0.935930196394152
9850.293672826,-2.5087571587066053,-0.111998719443824,0.935930196394152
9850.303044106,-2.5087571587066053,-0.111998719443824,0.935930196394152
9850.309451798,-2.5087571587066053,-0.111998719443824,0.935930196394152
9850.317813,-2.5087571587066053,-0.111998719443824,0.935930196394152
9850.327221922,-2.51003358198411,-0.10899768056220106,0.894637321450909
9850.332929,-2.51003358198411,-0.10899768056220106,0.894637321450909
9850.337644416,-2.51003358198411,-0.10899768056220106,0.894637321450909
9850.34051057,-2.51003358198411,-0.10899768056220106,0.894637321450909
9850.348078203,-2.51003358198411,-0.10899768056220106,0.894637321450909
9850.358595358,-2.51003358198411,-0.10899768056220106,0.894637321450909
9850.371539456,-2.51003358198411,-0.10899768056220106,0.894637321450909
9850.380547219,-2.51003358198411,-0.10899768056220106,0.894637321450909
9850.387594209,-2.51003358198411,-0.10899768056220106,0.894637321450909
9850.390280944,-2.5137166508425484,-0.10059917977864095,0.8307499908145355
9850.391222762,-2.5137166508425484,-0.10059917977864095,0.8307499908145355
9850.401183175,-2.5137166508425484,-0.10059917977864095,0.8307499908145355
9850.411637591,-2.5137166508425484,-0.10059917977864095,0.8307499908145355
9850.421716657,-2.5137166508425484,-0.10059917977864095,0.8307499908145355
9850.426835926,-2.5137166508425484,-0.10059917977864095,0.8307499908145355
9850.429498385,-2.5146930287438733,-0.09821415192752136,0.7898374590108415
9850.438650141,-2.5146930287438733,-0.09821415192752136,0.7898374590108415
9850.439841591,-2.5146930287438733,-0.09821415192752136,0.7898374590108415
9850.448351143,-2.5146930287438733,-0.09821415192752136,0.7898374590108415
9850.458192491,-2.5146930287438733,-0.09821415192752136,0.7898374590108415
9850.469145318,-2.5146930287438733,-0.09821415192752136,0.7898374590108415
9850.480962007,-2.5146930287438733,-0.09821415192752136,0.7898374590108415
9850.48586131,-2.5147112256877113,-0.09823174459869705,0.7471940311620259
9850.488765736,-2.5147112256877113,-0.09823174459869705,0.7471940311620259
9850.492039529,-2.5147112256877113,-0.09823174459869705,0.7471940311620259
9850.499073755,-2.5147112256877113,-0.09823174459869705,0.7471940311620259
9850.51714643,-2.5147112256877113,-0.09823174459869705,0.7471940311620259
9850.525248032,-2.5147112256877113,-0.09823174459869705,0.7471940311620259
9850.529967165,-2.5147112256877113,-0.09823174459869705,0.7471940311620259
9850.540015875,-2.5147112256877113,-0.09823174459869705,0.7471940311620259
9850.541502062,-2.514711225687712,-0.09823174459869766,0.6850232872197649
9850.552634157,-2.514711225687712,-0.09823174459869766,0.6850232872197649
9850.562918121,-2.514711225687712,-0.09823174459869766,0.6850232872197649
9850.564311723,-2.514711225687712,-0.09823174459869766,0.6850232872197649
9850.569506144,-2.514711225687712,-0.09823174459869766,0.6850232872197649
9850.582762442,-2.514711225687712,-0.09823174459869766,0.6850232872197649
9850.584300707,-2.514711225687712,-0.09823174459869766,0.6850232872197649
9850.59957183,-2.514711225687712,-0.09823174459869766,0.6850232872197649
9850.6009714,-2.5147311615852064,-0.09824733917580847,0.6426067146489638
9850.616892113,-2.5147311615852064,-0.09824733917580847,0.6426067146489638
9850.623519501,-2.5147311615852064,-0.09824733917580847,0.6426067146489638
9850.63596273,-2.5147311615852064,-0.09824733917580847,0.6426067146489638
9850.650871108,-2.5147311615852064,-0.09824733917580847,0.6426067146489638
9850.651774214,-2.5147311615852064,-0.09824733917580847,0.6426067146489638
9850.658066561,-2.5147311615852064,-0.09824733917580847,0.6426067146489638
9850.65895562,-2.514124951375725,-0.10172110692458139,0.6016075000212391
9850.6612957,-2.514124951375725,-0.10172110692458139,0.6016075000212391
9850.66409663,-2.514124951375725,-0.10172110692458139,0.6016075000212391
9850.6685756,-2.514124951375725,-0.10172110692458139,0.6016075000212391
9850.678336386,-2.514124951375725,-0.10172110692458139,0.6016075000212391
9850.692366151,-2.514124951375725,-0.10172110692458139,0.6016075000212391
9850.694351611,-2.5123950453312607,-0.11162480695744488,0.5357380301979806
9850.699229667,-2.5123950453312607,-0.11162480695744488,0.5357380301979806
9850.701294196,-2.5123950453312607,-0.11162480695744488,0.5357380301979806
9850.712935561,-2.5123950453312607,-0.11162480695744488,0.5357380301979806
9850.724925701,-2.5123950453312607,-0.11162480695744488,0.5357380301979806
9850.737215573,-2.5123950453312607,-0.11162480695744488,0.5357380301979806
9850.739011522,-2.5123950453312607,-0.11162480695744488,0.5357380301979806
9850.745045953,-2.5120167741689237,-0.11434246576869256,0.4931045970127354
9850.750683912,-2.5120167741689237,-0.11434246576869256,0.4931045970127354
9850.754150609,-2.5120167741689237,-0.11434246576869256,0.4931045970127354
9850.756738006,-2.5120167741689237,-0.11434246576869256,0.4931045970127354
9850.766644687,-2.5120167741689237,-0.11434246576869256,0.4931045970127354
9850.78188383,-2.5120167741689237,-0.11434246576869256,0.4931045970127354
9850.806101721,-2.5120167741689237,-0.11434246576869256,0.4931045970127354
9850.808116757,-2.5120167741689237,-0.11434246576869256,0.4931045970127354
9850.813688431,-2.5120167741689237,-0.11434246576869256,0.4931045970127354
9850.814554286,-2.5120167741689245,-0.11434246576869299,0.4512595137760411
9850.822990319,-2.5120167741689245,-0.11434246576869299,0.4512595137760411
9850.830667549,-2.5120167741689245,-0.11434246576869299,0.4512595137760411
9850.838243799,-2.5120167741689245,-0.11434246576869299,0.4512595137760411
9850.843319914,-2.5120167741689245,-0.11434246576869299,0.4512595137760411
9850.844882177,-2.5119936557294875,-0.11433216195375714,0.3872797688648472
9850.852561041,-2.5119936557294875,-0.11433216195375714,0.3872797688648472
9850.861636162,-2.5119936557294875,-0.11433216195375714,0.3872797688648472
9850.87402985,-2.5119936557294875,-0.11433216195375714,0.3872797688648472
9850.879868087,-2.5119936557294875,-0.11433216195375714,0.3872797688648472
9850.8861968,-2.5119936557294875,-0.11433216195375714,0.3872797688648472
9850.891197175,-2.5121118292372135,-0.11437744763776322,0.34462430087778667
9850.894523157,-2.5121118292372135,-0.11437744763776322,0.34462430087778667
9850.895155942,-2.5121118292372135,-0.11437744763776322,0.34462430087778667
9850.89820462,-2.5121118292372135,-0.11437744763776322,0.34462430087778667
9850.908633728,-2.5121118292372135,-0.11437744763776322,0.34462430087778667
9850.917788819,-2.5121118292372135,-0.11437744763776322,0.34462430087778667
9850.931738436,-2.5121118292372135,-0.11437744763776322,0.34462430087778667
9850.932623808,-2.511837820245621,-0.10962892009205749,0.30551204164747126
9850.943101188,-2.511837820245621,-0.10962892009205749,0.30551204164747126
9850.946573897,-2.511837820245621,-0.10962892009205749,0.30551204164747126
9850.948847731,-2.511837820245621,-0.10962892009205749,0.30551204164747126
9850.959289363,-2.511837820245621,-0.10962892009205749,0.30551204164747126
9850.969840581,-2.511837820245621,-0.10962892009205749,0.30551204164747126
9850.979457525,-2.511837820245621,-0.10962892009205749,0.30551204164747126
9850.990309833,-2.511837820245621,-0.10962892009205749,0.30551204164747126
9850.991562599,-2.511837820245621,-0.10962892009205749,0.30551204164747126
9850.99344261,-2.511058747183534,-0.09827543291698852,0.24866022622840334
9851.005857137,-2.511058747183534,-0.09827543291698852,0.24866022622840334
9851.011773391,-2.511058747183534,-0.09827543291698852,0.24866022622840334
9851.026660059,-2.511058747183534,-0.09827543291698852,0.24866022622840334
9851.035846069,-2.511058747183534,-0.09827543291698852,0.24866022622840334
9851.040024561,-2.511058747183534,-0.09827543291698852,0.24866022622840334
9851.041084353,-2.5107051288030537,-0.09247638032513854,0.21003080788904882
9851.051569917,-2.5107051288030537,-0.09247638032513854,0.21003080788904882
9851.054127367,-2.5107051288030537,-0.09247638032513854,0.21003080788904882
9851.060494894,-2.5107051288030537,-0.09247638032513854,0.21003080788904882
9851.069223259,-2.5107051288030537,-0.09247638032513854,0.21003080788904882
9851.081113617,-2.5107051288030537,-0.09247638032513854,0.21003080788904882
9851.082947531,-2.5107548479570774,-0.09248589500326333,0.16813398782068945
9851.085195998,-2.5107548479570774,-0.09248589500326333,0.16813398782068945
9851.091307791,-2.5107548479570774,-0.09248589500326333,0.16813398782068945
9851.111147083,-2.5107548479570774,-0.09248589500326333,0.16813398782068945
9851.116622084,-2.5107548479570774,-0.09248589500326333,0.16813398782068945
9851.124171052,-2.5107548479570774,-0.09248589500326333,0.16813398782068945
9851.128548309,-2.5107548479570774,-0.09248589500326333,0.16813398782068945
9851.138646823,-2.5107799140170526,-0.09248940548492479,0.11015440408045506
9851.141766435,-2.5107799140170526,-0.09248940548492479,0.11015440408045506
9851.144892399,-2.5107799140170526,-0.09248940548492479,0.11015440408045506
9851.147530201,-2.5107799140170526,-0.09248940548492479,0.11015440408045506
9851.15893399,-2.5107799140170526,-0.09248940548492479,0.11015440408045506
9851.166682555,-2.5107799140170526,-0.09248940548492479,0.11015440408045506
9851.178678222,-2.5107799140170526,-0.09248940548492479,0.11015440408045506
9851.181905968,-2.5108807449496524,-0.09249852779481595,0.07029701653773043
9851.183492936,-2.5108807449496524,-0.09249852779481595,0.07029701653773043
9851.194234774,-2.5108807449496524,-0.09249852779481595,0.07029701653773043
9851.201696467,-2.5108807449496524,-0.09249852779481595,0.07029701653773043
9851.215844429,-2.5108807449496524,-0.09249852779481595,0.07029701653773043
9851.224759695,-2.5108807449496524,-0.09249852779481595,0.07029701653773043
9851.238060229,-2.5108807449496524,-0.09249852779481595,0.07029701653773043
9851.238897139,-2.509385493626559,-0.09229488339438498,0.030702331939490672
9851.242060574,-2.509385493626559,-0.09229488339438498,0.030702331939490672
9851.246807928,-2.509385493626559,-0.09229488339438498,0.030702331939490672
9851.250880483,-2.509385493626559,-0.09229488339438498,0.030702331939490672
9851.26375032,-2.509385493626559,-0.09229488339438498,0.030702331939490672
9851.270683025,-2.509385493626559,-0.09229488339438498,0.030702331939490672
9851.277961863,-2.509385493626559,-0.09229488339438498,0.030702331939490672
9851.29615217,-2.509385493626559,-0.09229488339438498,0.030702331939490672
9851.305107261,-2.509385493626559,-0.09229488339438498,0.030702331939490672
9851.307023172,-2.509385493626559,-0.09229488339438498,0.030702331939490672
9851.311813477,-2.509385493626559,-0.09229488339438498,0.030702331939490672
9851.312351623,-2.504950660411872,-0.09171549776932193,-0.028714182295024808
9851.320232752,-2.504950660411872,-0.09171549776932193,-0.028714182295024808
9851.340773448,-2.504950660411872,-0.09171549776932193,-0.028714182295024808
9851.341523565,-2.504950660411872,-0.09171549776932193,-0.028714182295024808
9851.34671528,-2.504950660411872,-0.09171549776932193,-0.028714182295024808
9851.348407627,-2.503734291066414,-0.09153619149685963,-0.07043176967559717
9851.354126137,-2.503734291066414,-0.09153619149685963,-0.07043176967559717
9851.366586131,-2.503734291066414,-0.09153619149685963,-0.07043176967559717
9851.370564936,-2.503734291066414,-0.09153619149685963,-0.07043176967559717
9851.379354046,-2.503734291066414,-0.09153619149685963,-0.07043176967559717
9851.382634322,-2.503809912579042,-0.09152933114517173,-0.11051207858978178
9851.383822336,-2.503809912579042,-0.09152933114517173,-0.11051207858978178
9851.391154465,-2.503809912579042,-0.09152933114517173,-0.11051207858978178
9851.403062786,-2.503809912579042,-0.09152933114517173,-0.11051207858978178
9851.407855439,-2.503809912579042,-0.09152933114517173,-0.11051207858978178
9851.421157169,-2.503809912579042,-0.09152933114517173,-0.11051207858978178
9851.430860389,-2.503809912579042,-0.09152933114517173,-0.11051207858978178
9851.437259155,-2.502305916759621,-0.0914324717528187,-0.1710407597549331
9851.444328116,-2.502305916759621,-0.0914324717528187,-0.1710407597549331
9851.449360661,-2.502305916759621,-0.0914324717528187,-0.1710407597549331
9851.450708958,-2.502305916759621,-0.0914324717528187,-0.1710407597549331
9851.45800754,-2.502305916759621,-0.0914324717528187,-0.1710407597549331
9851.468509479,-2.502305916759621,-0.0914324717528187,-0.1710407597549331
9851.480090011,-2.502305916759621,-0.0914324717528187,-0.1710407597549331
9851.49192815,-2.502305916759621,-0.0914324717528187,-0.1710407597549331
9851.500252363,-2.502305916759621,-0.0914324717528187,-0.1710407597549331
9851.508886601,-2.502305916759621,-0.0914324717528187,-0.1710407597549331
9851.521888768,-2.502305916759621,-0.0914324717528187,-0.1710407597549331
9851.525510299,-2.498597996097792,-0.0911874258482426,-0.20931112444036845
9851.529344287,-2.498597996097792,-0.0911874258482426,-0.20931112444036845
9851.538599661,-2.498597996097792,-0.0911874258482426,-0.20931112444036845
9851.539880851,-2.4968196651131946,-0.09109347990972708,-0.24811335032951748
9851.550405188,-2.4968196651131946,-0.09109347990972708,-0.24811335032951748
9851.553989889,-2.4968196651131946,-0.09109347990972708,-0.24811335032951748
9851.560688812,-2.4968196651131946,-0.09109347990972708,-0.24811335032951748
9851.561373375,-2.4968196651131946,-0.09109347990972708,-0.24811335032951748
9851.56844954,-2.4968196651131946,-0.09109347990972708,-0.24811335032951748
9851.576064242,-2.4968196651131946,-0.09109347990972708,-0.24811335032951748
9851.590884303,-2.4968196651131946,-0.09109347990972708,-0.24811335032951748
9851.599587261,-2.4968196651131946,-0.09109347990972708,-0.24811335032951748
9851.6090744,-2.4968196651131946,-0.09109347990972708,-0.24811335032951748
9851.622897809,-2.4968196651131946,-0.09109347990972708,-0.24811335032951748
9851.639748796,-2.4968196651131946,-0.09109347990972708,-0.24811335032951748
9851.642830626,-2.4968196651131946,-0.09109347990972708,-0.24811335032951748
9851.650998273,-2.4968196651131946,-0.09109347990972708,-0.24811335032951748
9851.661805241,-2.4968196651131946,-0.09109347990972708,-0.24811335032951748
9851.67023866,-2.4968196651131946,-0.09109347990972708,-0.24811335032951748
9851.676453451,-2.4968196651131946,-0.09109347990972708,-0.24811335032951748
9851.689107571,-2.4968196651131946,-0.09109347990972708,-0.24811335032951748
9851.700510859,-2.4968196651131946,-0.09109347990972708,-0.24811335032951748
9851.70694926,-2.4968196651131946,-0.09109347990972708,-0.24811335032951748
9851.717775988,-2.4968196651131946,-0.09109347990972708,-0.24811335032951748
9851.737344498,-2.4968196651131946,-0.09109347990972708,-0.24811335032951748
9851.746622402,-2.4968196651131946,-0.09109347990972708,-0.24811335032951748
9851.750663986,-2.4968196651131946,-0.09109347990972708,-0.24811335032951748
9851.761035575,-2.4968196651131946,-0.09109347990972708,-0.24811335032951748
9851.769346221,-2.4968196651131946,-0.09109347990972708,-0.24811335032951748
9851.781742665,-2.4968196651131946,-0.09109347990972708,-0.24811335032951748
9851.793057796,-2.4968196651131946,-0.09109347990972708,-0.24811335032951748
9851.800237888,-2.4968196651131946,-0.09109347990972708,-0.24811335032951748
9851.806780726,-2.4968196651131946,-0.09109347990972708,-0.24811335032951748
9851.825511643,-2.4968196651131946,-0.09109347990972708,-0.24811335032951748
9851.831371511,-2.4968196651131946,-0.09109347990972708,-0.24811335032951748
9851.838763483,-2.4968196651131946,-0.09109347990972708,-0.24811335032951748
9851.85247474,-2.4968196651131946,-0.09109347990972708,-0.24811335032951748
9851.856998514,-2.4968196651131946,-0.09109347990972708,-0.24811335032951748
9851.868939658,-2.4968196651131946,-0.09109347990972708,-0.24811335032951748
9851.871875944,-2.4968196651131946,-0.09109347990972708,-0.24811335032951748
9851.873628564,-2.496746589336828,-0.09111411019101384,-0.30219216769707113
9851.875281727,-2.4966264890561307,-0.09115400622690875,-0.3392490906096689
9851.876313405,-2.4965079385291102,-0.09119829554443726,-0.3758191627837409
9851.877102736,-2.4965079385291102,-0.09119829554443726,-0.3758191627837409
9851.880505473,-2.4987457266641666,-0.09177793036014747,-0.4267800450520342
9851.889324279,-2.4987457266641666,-0.09177793036014747,-0.4267800450520342
9851.893347718,-2.4987457266641666,-0.09177793036014747,-0.4267800450520342
9851.899967421,-2.4987457266641666,-0.09177793036014747,-0.4267800450520342
9851.901797538,-2.504015093458207,-0.09315924523668506,-0.4545940251458065
9851.906695158,-2.504015093458207,-0.09315924523668506,-0.4545940251458065
9851.907357289,-2.5066420237494187,-0.09391329067944779,-0.4864858903645641
9851.916872371,-2.5066420237494187,-0.09391329067944779,-0.4864858903645641
9851.921747258,-2.5066420237494187,-0.09391329067944779,-0.4864858903645641
9851.929952165,-2.5066420237494187,-0.09391329067944779,-0.4864858903645641
9851.932608582,-2.506531752176334,-0.09397538698588637,-0.5392371930836806
9851.93806622,-2.506531752176334,-0.09397538698588637,-0.5392371930836806
9851.939933467,-2.506531752176334,-0.09397538698588637,-0.5392371930836806
9851.944855864,-2.506531752176334,-0.09397538698588637,-0.5392371930836806
9851.947112547,-2.506531752176334,-0.09397538698588637,-0.5392371930836806
9851.952327937,-2.506531752176334,-0.09397538698588637,-0.5392371930836806
9851.955127955,-2.506531752176334,-0.09397538698588637,-0.5392371930836806
9851.95760318,-2.5063168891204333,-0.09410916647469145,-0.5745446004628312
9851.960824014,-2.5063168891204333,-0.09410916647469145,-0.5745446004628312
9851.968526853,-2.5063168891204333,-0.09410916647469145,-0.5745446004628312
9851.986535646,-2.5063168891204333,-0.09410916647469145,-0.5745446004628312
9851.995206113,-2.5063168891204333,-0.09410916647469145,-0.5745446004628312
9851.996093149,-2.5062117859006783,-0.0941796582068383,-0.6070217408894667
9852.000248647,-2.5062117859006783,-0.0941796582068383,-0.6070217408894667
9852.001313188,-2.5062117859006783,-0.0941796582068383,-0.6070217408894667
9852.007628896,-2.5062117859006783,-0.0941796582068383,-0.6070217408894667
9852.01068045,-2.5062117859006783,-0.0941796582068383,-0.6070217408894667
9852.02006249,-2.5062117859006783,-0.0941796582068383,-0.6070217408894667
9852.032105606,-2.5062117859006783,-0.0941796582068383,-0.6070217408894667
9852.04263787,-2.5062117859006783,-0.0941796582068383,-0.6070217408894667
9852.04486714,-2.504300429728451,-0.09027346982351117,-0.6398197563506078
9852.050773963,-2.504300429728451,-0.09027346982351117,-0.6398197563506078
9852.052946607,-2.504300429728451,-0.09027346982351117,-0.6398197563506078
9852.059913108,-2.504300429728451,-0.09027346982351117,-0.6398197563506078
9852.072908443,-2.504300429728451,-0.09027346982351117,-0.6398197563506078
9852.076714341,-2.504300429728451,-0.09027346982351117,-0.6398197563506078
9852.090466545,-2.504300429728451,-0.09027346982351117,-0.6398197563506078
9852.101728346,-2.504300429728451,-0.09027346982351117,-0.6398197563506078
9852.107543687,-2.504300429728451,-0.09027346982351117,-0.6398197563506078
9852.119703847,-2.504300429728451,-0.09027346982351117,-0.6398197563506078
9852.129746435,-2.504300429728451,-0.09027346982351117,-0.6398197563506078
9852.142131738,-2.504300429728451,-0.09027346982351117,-0.6398197563506078
9852.151004176,-2.504300429728451,-0.09027346982351117,-0.6398197563506078
9852.157185651,-2.504300429728451,-0.09027346982351117,-0.6398197563506078
9852.167367542,-2.504300429728451,-0.09027346982351117,-0.6398197563506078
9852.176104474,-2.504300429728451,-0.09027346982351117,-0.6398197563506078
9852.191477239,-2.504300429728451,-0.09027346982351117,-0.6398197563506078
9852.201001207,-2.504300429728451,-0.09027346982351117,-0.6398197563506078
9852.208674811,-2.504300429728451,-0.09027346982351117,-0.6398197563506078
9852.221924536,-2.504300429728451,-0.09027346982351117,-0.6398197563506078
9852.230993445,-2.504300429728451,-0.09027346982351117,-0.6398197563506078
9852.243021493,-2.504300429728451,-0.09027346982351117,-0.6398197563506078
9852.248196307,-2.504300429728451,-0.09027346982351117,-0.6398197563506078
9852.256741847,-2.504300429728451,-0.09027346982351117,-0.6398197563506078
9852.27113363,-2.504300429728451,-0.09027346982351117,-0.6398197563506078
9852.278811301,-2.504300429728451,-0.09027346982351117,-0.6398197563506078
9852.288802542,-2.504300429728451,-0.09027346982351117,-0.6398197563506078
9852.29748441,-2.504300429728451,-0.09027346982351117,-0.6398197563506078
9852.308725661,-2.504300429728451,-0.09027346982351117,-0.6398197563506078
9852.318253828,-2.504300429728451,-0.09027346982351117,-0.6398197563506078
9852.329840161,-2.504300429728451,-0.09027346982351117,-0.6398197563506078
9852.338608813,-2.504300429728451,-0.09027346982351117,-0.6398197563506078
9852.351009204,-2.504300429728451,-0.09027346982351117,-0.6398197563506078
9852.358844944,-2.504300429728451,-0.09027346982351117,-0.6398197563506078
9852.371881827,-2.504300429728451,-0.09027346982351117,-0.6398197563506078
9852.380258258,-2.504300429728451,-0.09027346982351117,-0.6398197563506078
9852.390880962,-2.504300429728451,-0.09027346982351117,-0.6398197563506078
9852.402652325,-2.504300429728451,-0.09027346982351117,-0.6398197563506078
9852.41125348,-2.504300429728451,-0.09027346982351117,-0.6398197563506078
9852.428210287,-2.504300429728451,-0.09027346982351117,-0.6398197563506078
9852.436801484,-2.504300429728451,-0.09027346982351117,-0.6398197563506078
9852.437539969,-2.4997572225066986,-0.0807339473281506,-0.656996670875704
9852.462328067,-2.4997572225066986,-0.0807339473281506,-0.656996670875704
9852.465177719,-2.4997572225066986,-0.0807339473281506,-0.656996670875704
9852.46892112,-2.4997572225066986,-0.0807339473281506,-0.656996670875704
9852.469788458,-2.4976212477014386,-0.07611758320606216,-0.6672481951685362
9852.4786423,-2.4976212477014386,-0.07611758320606216,-0.6672481951685362
9852.479786842,-2.4976410779653926,-0.07610185452284826,-0.6738712248773984
9852.482642005,-2.4976410779653926,-0.07610185452284826,-0.6738712248773984
9852.484031469,-2.4976410779653926,-0.07610185452284826,-0.6738712248773984
9852.489319376,-2.4976410779653926,-0.07610185452284826,-0.6738712248773984
9852.492030818,-2.4975620223618287,-0.07616510248765035,-0.6756643710108213
9852.494847127,-2.4975620223618287,-0.07616510248765035,-0.6756643710108213
9852.495386787,-2.4975620223618287,-0.07616510248765035,-0.6756643710108213
9852.496656354,-2.4975225313203424,-0.07619677236322553,-0.6761943755121641
9852.498688883,-2.492890693353832,-0.07655590510544048,-0.6759445157134877
9852.50112835,-2.492890693353832,-0.07655590510544048,-0.6759445157134877
9852.501868568,-2.481458949428209,-0.07744218799483318,-0.6752819289503954
9852.503645384,-2.481458949428209,-0.07744218799483318,-0.6752819289503954
9852.504408856,-2.481458949428209,-0.07744218799483318,-0.6752819289503954
9852.505050518,-2.476224088133959,-0.07784799690466884,-0.6749615457321946
9852.523935187,-2.476224088133959,-0.07784799690466884,-0.6749615457321946
9852.528338043,-2.476224088133959,-0.07784799690466884,-0.6749615457321946
9852.54417801,-2.476224088133959,-0.07784799690466884,-0.6749615457321946
9852.558086791,-2.476224088133959,-0.07784799690466884,-0.6749615457321946
9852.568834611,-2.476224088133959,-0.07784799690466884,-0.6749615457321946
9852.569800271,-2.476204341033851,-0.07786382987285087,-0.676697709825212
9852.576600278,-2.476204341033851,-0.07786382987285087,-0.676697709825212
9852.577551574,-2.476204341033851,-0.07786382987285087,-0.676697709825212
9852.59298957,-2.476204341033851,-0.07786382987285087,-0.676697709825212
9852.595166133,-2.476204341033851,-0.07786382987285087,-0.676697709825212
9852.609648266,-2.476204341033851,-0.07786382987285087,-0.676697709825212
9852.61101076,-2.476204341033851,-0.07786382987285087,-0.6850440290238207
9852.617953012,-2.476204341033851,-0.07786382987285087,-0.6850440290238207
9852.618960806,-2.476204341033851,-0.07786382987285087,-0.6850440290238207
9852.62791616,-2.476204341033851,-0.07786382987285087,-0.6850440290238207
9852.62881105,-2.476204341033851,-0.07786382987285087,-0.6927494790818041
9852.641056008,-2.476204341033851,-0.07786382987285087,-0.6927494790818041
9852.642069993,-2.476204341033851,-0.07786382987285087,-0.6927494790818041
9852.651365419,-2.476204341033851,-0.07786382987285087,-0.6927494790818041
9852.654755633,-2.476204341033851,-0.07786382987285087,-0.6927494790818041
9852.663338153,-2.476204341033851,-0.07786382987285087,-0.6927494790818041
9852.664386994,-2.4761655425291336,-0.077896344475852,-0.7022667354953991
9852.672861377,-2.4761655425291336,-0.077896344475852,-0.7022667354953991
9852.680697888,-2.4761655425291336,-0.077896344475852,-0.7022667354953991
9852.69171169,-2.4761655425291336,-0.077896344475852,-0.7022667354953991
9852.7061377,-2.4761655425291336,-0.077896344475852,-0.7022667354953991
9852.709229941,-2.4761655425291336,-0.077896344475852,-0.7022667354953991
9852.717760032,-2.4761655425291336,-0.077896344475852,-0.7022667354953991
9852.718459784,-2.4761655425291336,-0.077896344475852,-0.7076759762180554
9852.728229593,-2.4761655425291336,-0.077896344475852,-0.7076759762180554
9852.751015914,-2.4761655425291336,-0.077896344475852,-0.7076759762180554
9852.7521526,-2.4761463375570107,-0.07791283083051104,-0.7110734409702529
9852.760391622,-2.4761463375570107,-0.07791283083051104,-0.7110734409702529
9852.771010939,-2.4761463375570107,-0.07791283083051104,-0.7110734409702529
9852.774324708,-2.4761463375570107,-0.07791283083051104,-0.7110734409702529
9852.78302471,-2.4761463375570107,-0.07791283083051104,-0.7110734409702529
9852.790804754,-2.4761463375570107,-0.07791283083051104,-0.7110734409702529
9852.798578657,-2.4761463375570107,-0.07791283083051104,-0.7110734409702529
9852.804424288,-2.4761463375570107,-0.07791283083051104,-0.7110734409702529
9852.812868133,-2.4761463375570107,-0.07791283083051104,-0.7110734409702529
9852.813434213,-2.4761463375570116,-0.07791283083051043,-0.7241909927738417
9852.821735705,-2.4761463375570116,-0.07791283083051043,-0.7241909927738417
9852.83039515,-2.4761463375570116,-0.07791283083051043,-0.7241909927738417
9852.837226634,-2.4761463375570116,-0.07791283083051043,-0.7241909927738417
9852.852073896,-2.4761463375570116,-0.07791283083051043,-0.7241909927738417
9852.852946244,-2.476165170247646,-0.07789592046068633,-0.739145559729408
9852.863462677,-2.476165170247646,-0.07789592046068633,-0.739145559729408
9852.866435932,-2.476165170247646,-0.07789592046068633,-0.739145559729408
9852.870714433,-2.476165170247646,-0.07789592046068633,-0.739145559729408
9852.875211467,-2.476165170247646,-0.07789592046068633,-0.739145559729408
9852.876500502,-2.476165170247646,-0.07789592046068633,-0.739145559729408
9852.881528228,-2.476165170247646,-0.07789592046068633,-0.739145559729408
9852.885075438,-2.476165170247646,-0.07789592046068633,-0.739145559729408
9852.885860971,-2.476165170247646,-0.07789592046068633,-0.7541201538456186
9852.889158369,-2.476165170247646,-0.07789592046068633,-0.7541201538456186
9852.889925919,-2.476165170247646,-0.07789592046068633,-0.7541201538456186
9852.897413711,-2.476165170247646,-0.07789592046068633,-0.7541201538456186
9852.899828232,-2.476165170247646,-0.07789592046068633,-0.7541201538456186
9852.903483075,-2.476165170247646,-0.07789592046068633,-0.7541201538456186
9852.906564305,-2.476165170247646,-0.07789592046068633,-0.7541201538456186
9852.908717331,-2.476165170247646,-0.07789592046068633,-0.7541201538456186
9852.910504447,-2.476165170247646,-0.07789592046068633,-0.7541201538456186
9852.916621801,-2.476165170247646,-0.07789592046068633,-0.7541201538456186
9852.936813808,-2.476165170247646,-0.07789592046068633,-0.7541201538456186
9852.940903703,-2.476165170247646,-0.07789592046068633,-0.7541201538456186
9852.946034313,-2.4762015552250904,-0.07786072590438847,-0.7834177441013561
9852.953576429,-2.4762015552250904,-0.07786072590438847,-0.7834177441013561
9852.959177287,-2.4762015552250904,-0.07786072590438847,-0.7834177441013561
9852.960730751,-2.4762015552250904,-0.07786072590438847,-0.7834177441013561
9852.968854725,-2.4762015552250904,-0.07786072590438847,-0.7834177441013561
9852.978605071,-2.4762015552250904,-0.07786072590438847,-0.7834177441013561
9852.983160625,-2.4762015552250904,-0.07786072590438847,-0.7834177441013561
9852.984251746,-2.476183803236973,-0.07787876746091923,-0.8035581535709606
9852.990975666,-2.476183803236973,-0.07787876746091923,-0.8035581535709606
9853.007125048,-2.476183803236973,-0.07787876746091923,-0.8035581535709606
9853.032950796,-2.476183803236973,-0.07787876746091923,-0.8035581535709606
9853.048586949,-2.476183803236973,-0.07787876746091923,-0.8035581535709606
9853.049913134,-2.476183803236973,-0.07787876746091923,-0.8035581535709606
9853.057320625,-2.476183803236973,-0.07787876746091923,-0.8035581535709606
9853.058505242,-2.4761316424288458,-0.07793394832438483,-0.8234932846439585
9853.061412724,-2.4761316424288458,-0.07793394832438483,-0.8234932846439585
9853.063869965,-2.4761316424288458,-0.07793394832438483,-0.8234932846439585
9853.067047536,-2.4761316424288458,-0.07793394832438483,-0.8234932846439585
9853.071911493,-2.4761316424288458,-0.07793394832438483,-0.8234932846439585
9853.079864574,-2.4761316424288458,-0.07793394832438483,-0.8234932846439585
9853.088734607,-2.4761316424288458,-0.07793394832438483,-0.8234932846439585
9853.090399492,-2.4761147245396886,-0.07795277426049957,-0.8539641327274546
9853.094305539,-2.4761147245396886,-0.07795277426049957,-0.8539641327274546
9853.10161217,-2.4761147245396886,-0.07795277426049957,-0.8539641327274546
9853.108948045,-2.4761147245396886,-0.07795277426049957,-0.8539641327274546
9853.119172576,-2.4761147245396886,-0.07795277426049957,-0.8539641327274546
9853.128578622,-2.4761147245396886,-0.07795277426049957,-0.8539641327274546
9853.133082959,-2.476180455834698,-0.0778757710763914,-0.8744471496952287
9853.135297412,-2.476180455834698,-0.0778757710763914,-0.8744471496952287
9853.139530447,-2.476180455834698,-0.0778757710763914,-0.8744471496952287
9853.147637479,-2.476180455834698,-0.0778757710763914,-0.8744471496952287
9853.162403699,-2.476180455834698,-0.0778757710763914,-0.8744471496952287
9853.168082434,-2.476180455834698,-0.0778757710763914,-0.8744471496952287
9853.179211484,-2.476180455834698,-0.0778757710763914,-0.8744471496952287
9853.1824867,-2.4761644107832312,-0.07789534624350539,-0.893912596167396
9853.185230663,-2.4761644107832312,-0.07789534624350539,-0.893912596167396
9853.200843211,-2.4761644107832312,-0.07789534624350539,-0.893912596167396
9853.209577337,-2.4761644107832312,-0.07789534624350539,-0.893912596167396
9853.212017436,-2.4761644107832312,-0.07789534624350539,-0.893912596167396
9853.219237092,-2.4761644107832312,-0.07789534624350539,-0.893912596167396
9853.236064395,-2.4761644107832312,-0.07789534624350539,-0.893912596167396
9853.239814417,-2.4761644107832312,-0.07789534624350539,-0.893912596167396
9853.240291288,-2.4761644107832304,-0.07789534624350614,-0.9216497368229138
9853.243842175,-2.4761644107832304,-0.07789534624350614,-0.9216497368229138
9853.248010408,-2.4761644107832304,-0.07789534624350614,-0.9216497368229138
9853.257050622,-2.4761644107832304,-0.07789534624350614,-0.9216497368229138
9853.266928108,-2.4761644107832304,-0.07789534624350614,-0.9216497368229138
9853.277229084,-2.4761644107832304,-0.07789534624350614,-0.9216497368229138
9853.283251639,-2.4761946492260485,-0.07785474870721892,-0.9395690388096084
9853.2843215,-2.4761946492260485,-0.07785474870721892,-0.9395690388096084
9853.286487471,-2.4761946492260485,-0.07785474870721892,-0.9395690388096084
9853.302056987,-2.4761946492260485,-0.07785474870721892,-0.9395690388096084
9853.306383729,-2.4761946492260485,-0.07785474870721892,-0.9395690388096084
9853.323362104,-2.4761946492260485,-0.07785474870721892,-0.9395690388096084
9853.327391477,-2.4761946492260485,-0.07785474870721892,-0.9395690388096084
9853.329109472,-2.475055643794145,-0.08291812143344364,-0.9631181460637512
9853.340698668,-2.475055643794145,-0.08291812143344364,-0.9631181460637512
9853.343967585,-2.475055643794145,-0.08291812143344364,-0.9631181460637512
9853.349528669,-2.475055643794145,-0.08291812143344364,-0.9631181460637512
9853.359390285,-2.475055643794145,-0.08291812143344364,-0.9631181460637512
9853.365959241,-2.475055643794145,-0.08291812143344364,-0.9631181460637512
9853.378376592,-2.475055643794145,-0.08291812143344364,-0.9631181460637512
9853.392170288,-2.475055643794145,-0.08291812143344364,-0.9631181460637512
9853.393204241,-2.472611991432191,-0.09295925035524376,-1.0007716889833487
9853.393843087,-2.472611991432191,-0.09295925035524376,-1.0007716889833487
9853.401063335,-2.472611991432191,-0.09295925035524376,-1.0007716889833487
9853.404802947,-2.472611991432191,-0.09295925035524376,-1.0007716889833487
9853.420255764,-2.472611991432191,-0.09295925035524376,-1.0007716889833487
9853.433848246,-2.472611991432191,-0.09295925035524376,-1.0007716889833487
9853.437427887,-2.472611991432191,-0.09295925035524376,-1.0007716889833487
9853.438249439,-2.4723515582487554,-0.09384527356263593,-1.0180502545889445
9853.453191751,-2.4723515582487554,-0.09384527356263593,-1.0180502545889445
9853.45520285,-2.4723515582487554,-0.09384527356263593,-1.0180502545889445
9853.457975627,-2.4723515582487554,-0.09384527356263593,-1.0180502545889445
9853.468928094,-2.4723515582487554,-0.09384527356263593,-1.0180502545889445
9853.47623289,-2.4723515582487554,-0.09384527356263593,-1.0180502545889445
9853.481132385,-2.4723515582487554,-0.09384527356263593,-1.0180502545889445
9853.484666907,-2.4723909495244314,-0.09378035819467195,-1.032719196086748
9853.494482359,-2.4723909495244314,-0.09378035819467195,-1.032719196086748
9853.500007805,-2.4723909495244314,-0.09378035819467195,-1.032719196086748
9853.508509022,-2.4723909495244314,-0.09378035819467195,-1.032719196086748
9853.52601715,-2.4723909495244314,-0.09378035819467195,-1.032719196086748
9853.529818791,-2.4723909495244314,-0.09378035819467195,-1.032719196086748
9853.536781061,-2.47240369614095,-0.09375849144796596,-1.0533378732260303
9853.541452053,-2.47240369614095,-0.09375849144796596,-1.0533378732260303
9853.545920733,-2.47240369614095,-0.09375849144796596,-1.0533378732260303
9853.552821527,-2.47240369614095,-0.09375849144796596,-1.0533378732260303
9853.558019555,-2.47240369614095,-0.09375849144796596,-1.0533378732260303
9853.568258524,-2.47240369614095,-0.09375849144796596,-1.0533378732260303
9853.577137944,-2.47240369614095,-0.09375849144796596,-1.0533378732260303
9853.584552909,-2.4724408097342954,-0.09369224751400626,-1.0668876779135297
9853.587226409,-2.4724408097342954,-0.09369224751400626,-1.0668876779135297
9853.590236775,-2.4724408097342954,-0.09369224751400626,-1.0668876779135297
9853.596608168,-2.4724408097342954,-0.09369224751400626,-1.0668876779135297
9853.610878752,-2.4724408097342954,-0.09369224751400626,-1.0668876779135297
9853.622377217,-2.4724408097342954,-0.09369224751400626,-1.0668876779135297
9853.640582305,-2.4724408097342954,-0.09369224751400626,-1.0668876779135297
9853.641325087,-2.4724408097342954,-0.09369224751400626,-1.0668876779135297
9853.644353447,-2.4724408097342954,-0.09369224751400626,-1.0668876779135297
9853.647520088,-2.4724649634152778,-0.0936477601779247,-1.0799010407980516
9853.653461751,-2.4724649634152778,-0.0936477601779247,-1.0799010407980516
9853.656599707,-2.4724649634152778,-0.0936477601779247,-1.0799010407980516
9853.666708079,-2.4724649634152778,-0.0936477601779247,-1.0799010407980516
9853.676945084,-2.4724649634152778,-0.0936477601779247,-1.0799010407980516
9853.687930002,-2.4724649634152778,-0.0936477601779247,-1.0799010407980516
9853.695475293,-2.472453238824924,-0.09367019151371234,-1.0984259259756637
9853.696928788,-2.472453238824924,-0.09367019151371234,-1.0984259259756637
9853.698826533,-2.472453238824924,-0.09367019151371234,-1.0984259259756637
9853.706149113,-2.472453238824924,-0.09367019151371234,-1.0984259259756637
9853.71702257,-2.472453238824924,-0.09367019151371234,-1.0984259259756637
9853.727784988,-2.472453238824924,-0.09367019151371234,-1.0984259259756637
9853.729338181,-2.47246461836564,-0.09364758317681485,-1.1105445039328168
9853.738113005,-2.47246461836564,-0.09364758317681485,-1.1105445039328168
9853.740203133,-2.47246461836564,-0.09364758317681485,-1.1105445039328168
9853.747967097,-2.47246461836564,-0.09364758317681485,-1.1105445039328168
9853.757516543,-2.47246461836564,-0.09364758317681485,-1.1105445039328168
9853.768598203,-2.47246461836564,-0.09364758317681485,-1.1105445039328168
9853.776805855,-2.47246461836564,-0.09364758317681485,-1.1105445039328168
9853.781714383,-2.4724424123581032,-0.09369307401771615,-1.1228149545248574
9853.782239926,-2.4724424123581032,-0.09369307401771615,-1.1228149545248574
9853.787869141,-2.4724424123581032,-0.09369307401771615,-1.1228149545248574
9853.804041216,-2.4724424123581032,-0.09369307401771615,-1.1228149545248574
9853.809472965,-2.4724424123581032,-0.09369307401771615,-1.1228149545248574
9853.819420133,-2.4724424123581032,-0.09369307401771615,-1.1228149545248574
9853.827166453,-2.4724424123581032,-0.09369307401771615,-1.1228149545248574
9853.840130669,-2.4724424123581032,-0.09369307401771615,-1.1228149545248574
9853.841386131,-2.4719162427887307,-0.09101252895390981,-1.1395137330493263
9853.849562794,-2.4719162427887307,-0.09101252895390981,-1.1395137330493263
9853.85096885,-2.4719162427887307,-0.09101252895390981,-1.1395137330493263
9853.856896396,-2.4719162427887307,-0.09101252895390981,-1.1395137330493263
9853.868445038,-2.4719162427887307,-0.09101252895390981,-1.1395137330493263
9853.877775651,-2.4719162427887307,-0.09101252895390981,-1.1395137330493263
9853.88204727,-2.4705824746723697,-0.08421888262279957,-1.1495041015806522
9853.882833735,-2.4705824746723697,-0.08421888262279957,-1.1495041015806522
9853.892389614,-2.4705824746723697,-0.08421888262279957,-1.1495041015806522
9853.896792009,-2.4705824746723697,-0.08421888262279957,-1.1495041015806522
9853.909238316,-2.4705824746723697,-0.08421888262279957,-1.1495041015806522
9853.919073713,-2.4705824746723697,-0.08421888262279957,-1.1495041015806522
9853.925138779,-2.4705824746723697,-0.08421888262279957,-1.1495041015806522
9853.928171596,-2.4700144364518977,-0.08132604723619312,-1.1598673668447947
9853.93292798,-2.4700144364518977,-0.08132604723619312,-1.1598673668447947
9853.939896592,-2.4700144364518977,-0.08132604723619312,-1.1598673668447947
9853.952424744,-2.4700144364518977,-0.08132604723619312,-1.1598673668447947
9853.961874102,-2.4700144364518977,-0.08132604723619312,-1.1598673668447947
9853.969776046,-2.4700144364518977,-0.08132604723619312,-1.1598673668447947
9853.98084376,-2.4700144364518977,-0.08132604723619312,-1.1598673668447947
9853.98562958,-2.4700144364518977,-0.08132604723619312,-1.1598673668447947
9853.988438946,-2.470004503249441,-0.08134932732066649,-1.1751356926504595
9853.989840193,-2.470004503249441,-0.08134932732066649,-1.1751356926504595
9854.000812747,-2.470004503249441,-0.08134932732066649,-1.1751356926504595
9854.007691038,-2.470004503249441,-0.08134932732066649,-1.1751356926504595
9854.017287513,-2.470004503249441,-0.08134932732066649,-1.1751356926504595
9854.026300687,-2.470004503249441,-0.08134932732066649,-1.1751356926504595
9854.031643127,-2.4700237823524294,-0.08130252091550033,-1.1850281563345415
9854.035919905,-2.4700237823524294,-0.08130252091550033,-1.1850281563345415
9854.041169991,-2.4700237823524294,-0.08130252091550033,-1.1850281563345415
9854.050893326,-2.4700237823524294,-0.08130252091550033,-1.1850281563345415
9854.059857678,-2.4700237823524294,-0.08130252091550033,-1.1850281563345415
9854.068487337,-2.4700237823524294,-0.08130252091550033,-1.1850281563345415
9854.07966035,-2.4700237823524294,-0.08130252091550033,-1.1850281563345415
9854.081072417,-2.4700237823524294,-0.08130252091550033,-1.1850281563345415
9854.082026058,-2.470014369935633,-0.08132601638855758,-1.194507917458199
9854.094291224,-2.470014369935633,-0.08132601638855758,-1.194507917458199
9854.100199002,-2.470014369935633,-0.08132601638855758,-1.194507917458199
9854.109845602,-2.470014369935633,-0.08132601638855758,-1.194507917458199
9854.122495775,-2.470014369935633,-0.08132601638855758,-1.194507917458199
9854.131631791,-2.470014369935633,-0.08132601638855758,-1.194507917458199
9854.138723695,-2.470014369935633,-0.08132601638855758,-1.194507917458199
9854.14031992,-2.4700326659359995,-0.0812788170268329,-1.2074859943930132
9854.14249597,-2.4700326659359995,-0.0812788170268329,-1.2074859943930132
9854.147580684,-2.4700326659359995,-0.0812788170268329,-1.2074859943930132
9854.157374191,-2.4700326659359995,-0.0812788170268329,-1.2074859943930132
9854.167470962,-2.4700326659359995,-0.0812788170268329,-1.2074859943930132
9854.180297398,-2.4700326659359995,-0.0812788170268329,-1.2074859943930132
9854.185114616,-2.4700326659359995,-0.0812788170268329,-1.2074859943930132
9854.190208677,-2.4700415719253064,-0.08125512495645906,-1.2149773445669636
9854.19416532,-2.4700415719253064,-0.08125512495645906,-1.2149773445669636
9854.199922895,-2.4700415719253064,-0.08125512495645906,-1.2149773445669636
9854.208827283,-2.4700415719253064,-0.08125512495645906,-1.2149773445669636
9854.226967222,-2.4700415719253064,-0.08125512495645906,-1.2149773445669636
9854.237865459,-2.4700415719253064,-0.08125512495645906,-1.2149773445669636
9854.242401125,-2.4700415719253064,-0.08125512495645906,-1.2149773445669636
9854.248197223,-2.4700415719253064,-0.08125512495645906,-1.2149773445669636
9854.25080091,-2.4700503019338766,-0.08123136747775153,-1.2223211136404495
9854.255015771,-2.4700503019338766,-0.08123136747775153,-1.2223211136404495
