time,x,y,yaw
10625.913606318,-2.6945240856507957,2.0813069676939384,-1.292471076361864
10625.914597249,-2.6945240856507957,2.0813069676939384,-1.292471076361864
10625.918727078,-2.6945240856507957,2.0813069676939384,-1.292471076361864
10625.923425513,-2.6945240856507957,2.0813069676939384,-1.292471076361864
10625.932791363,-2.6945240856507957,2.0813069676939384,-1.292471076361864
10625.944967411,-2.6945240856507957,2.0813069676939384,-1.292471076361864
10625.950984765,-2.6945240856507957,2.0813069676939384,-1.2934752954170399
10625.956893228,-2.6945240856507957,2.0813069676939384,-1.2934752954170399
10625.962887545,-2.6945240856507957,2.0813069676939384,-1.2934752954170399
10625.973562663,-2.6945240856507957,2.0813069676939384,-1.2934752954170399
10625.982925276,-2.6945240856507957,2.0813069676939384,-1.2934752954170399
10625.99570998,-2.6945240856507957,2.0813069676939384,-1.2934752954170399
10626.0078488,-2.6945240856507957,2.0813069676939384,-1.2934752954170399
10626.008380825,-2.6945240856507957,2.0813069676939384,-1.2934752954170399
10626.013272168,-2.6945240856507957,2.0813069676939384,-1.2934752954170399
10626.014467609,-2.694357971017738,2.080722665293704,-1.2941421521827874
10626.016259106,-2.694357971017738,2.080722665293704,-1.2941421521827874
10626.023242511,-2.694357971017738,2.080722665293704,-1.2941421521827874
10626.034399418,-2.694357971017738,2.080722665293704,-1.2941421521827874
10626.046254537,-2.694357971017738,2.080722665293704,-1.2941421521827874
10626.052908683,-2.694357971017738,2.080722665293704,-1.2941421521827874
10626.057479744,-2.6937254410868734,2.0784816375492263,-1.2972628129646473
10626.064090828,-2.6937254410868734,2.0784816375492263,-1.2972628129646473
10626.070974913,-2.6937254410868734,2.0784816375492263,-1.2972628129646473
10626.084733203,-2.6937254410868734,2.0784816375492263,-1.2972628129646473
10626.097223294,-2.6937254410868734,2.0784816375492263,-1.2972628129646473
10626.10358943,-2.692093102941427,2.0726042272148617,-1.302523280493944
10626.108638824,-2.692093102941427,2.0726042272148617,-1.302523280493944
10626.109677456,-2.692093102941427,2.0726042272148617,-1.302523280493944
10626.110323719,-2.692093102941427,2.0726042272148617,-1.302523280493944
10626.114984402,-2.692093102941427,2.0726042272148617,-1.302523280493944
10626.122567981,-2.692093102941427,2.0726042272148617,-1.302523280493944
10626.132896818,-2.692093102941427,2.0726042272148617,-1.302523280493944
10626.145621246,-2.692093102941427,2.0726042272148617,-1.302523280493944
10626.146511775,-2.6906896312367348,2.06742515588556,-1.3098024381324942
10626.151458623,-2.6906896312367348,2.06742515588556,-1.3098024381324942
10626.163003921,-2.6906896312367348,2.06742515588556,-1.3098024381324942
10626.176333063,-2.6906896312367348,2.06742515588556,-1.3098024381324942
10626.182989213,-2.6906896312367348,2.06742515588556,-1.3098024381324942
10626.197040753,-2.6906896312367348,2.06742515588556,-1.3098024381324942
10626.208094803,-2.6906896312367348,2.06742515588556,-1.3098024381324942
10626.209293991,-2.6906896312367348,2.06742515588556,-1.3098024381324942
10626.209952969,-2.6892199537654684,2.0618446001844495,-1.3167706979438953
10626.211812467,-2.6892199537654684,2.0618446001844495,-1.3167706979438953
10626.22179877,-2.6892199537654684,2.0618446001844495,-1.3167706979438953
10626.224695307,-2.6892199537654684,2.0618446001844495,-1.3167706979438953
10626.235142479,-2.6892199537654684,2.0618446001844495,-1.3167706979438953
10626.246566085,-2.6892199537654684,2.0618446001844495,-1.3167706979438953
10626.254663906,-2.6892199537654684,2.0618446001844495,-1.3167706979438953
10626.256495621,-2.6868512722257707,2.052575013068496,-1.3244639886543443
10626.262956107,-2.6868512722257707,2.052575013068496,-1.3244639886543443
10626.274339757,-2.6868512722257707,2.052575013068496,-1.3244639886543443
10626.283710295,-2.6868512722257707,2.052575013068496,-1.3244639886543443
10626.296801252,-2.6868512722257707,2.052575013068496,-1.3244639886543443
10626.298299822,-2.6853253051861428,2.046460180481854,-1.3280152333900626
10626.298867645,-2.6853253051861428,2.046460180481854,-1.3280152333900626
10626.305821172,-2.6853253051861428,2.046460180481854,-1.3280152333900626
10626.306301619,-2.6853253051861428,2.046460180481854,-1.3280152333900626
10626.31264582,-2.6853253051861428,2.046460180481854,-1.3280152333900626
10626.322626666,-2.6853253051861428,2.046460180481854,-1.3280152333900626
10626.336438449,-2.6853253051861428,2.046460180481854,-1.3280152333900626
10626.347248004,-2.6853253051861428,2.046460180481854,-1.3280152333900626
10626.348606265,-2.6837144641159445,2.0398188568497964,-1.3376714242622547
10626.352562854,-2.6837144641159445,2.0398188568497964,-1.3376714242622547
10626.365337948,-2.6837144641159445,2.0398188568497964,-1.3376714242622547
10626.376451693,-2.6837144641159445,2.0398188568497964,-1.3376714242622547
10626.382439447,-2.6837144641159445,2.0398188568497964,-1.3376714242622547
10626.400917509,-2.6837144641159445,2.0398188568497964,-1.3376714242622547
10626.403435326,-2.6837144641159445,2.0398188568497964,-1.3376714242622547
10626.405573145,-2.6837144641159445,2.0398188568497964,-1.3376714242622547
10626.406035286,-2.6823293705679547,2.0338263509816277,-1.3496240628883538
10626.408849586,-2.6823293705679547,2.0338263509816277,-1.3496240628883538
10626.411218977,-2.6823293705679547,2.0338263509816277,-1.3496240628883538
10626.425514352,-2.6823293705679547,2.0338263509816277,-1.3496240628883538
10626.43182915,-2.6823293705679547,2.0338263509816277,-1.3496240628883538
10626.444769559,-2.6823293705679547,2.0338263509816277,-1.3496240628883538
10626.457959976,-2.6823293705679547,2.0338263509816277,-1.3496240628883538
10626.459217115,-2.680232407692567,2.0242841195887347,-1.3593334211036854
10626.466884313,-2.680232407692567,2.0242841195887347,-1.3593334211036854
10626.476223211,-2.680232407692567,2.0242841195887347,-1.3593334211036854
10626.484119246,-2.680232407692567,2.0242841195887347,-1.3593334211036854
10626.492143586,-2.680232407692567,2.0242841195887347,-1.3593334211036854
10626.496952558,-2.6788966613267347,2.017943759610868,-1.3669847501442134
10626.501045427,-2.6788966613267347,2.017943759610868,-1.3669847501442134
10626.505742309,-2.6788966613267347,2.017943759610868,-1.3669847501442134
10626.510002347,-2.6788966613267347,2.017943759610868,-1.3669847501442134
10626.51413773,-2.6788966613267347,2.017943759610868,-1.3669847501442134
10626.524255845,-2.6788966613267347,2.017943759610868,-1.3669847501442134
10626.535762218,-2.6788966613267347,2.017943759610868,-1.3669847501442134
10626.544936292,-2.6788966613267347,2.017943759610868,-1.3669847501442134
10626.55480476,-2.6788966613267347,2.017943759610868,-1.3669847501442134
10626.557758896,-2.6788966613267347,2.017943759610868,-1.3669847501442134
10626.558845399,-2.677656161678308,2.011764689001873,-1.3783587468788316
10626.564655154,-2.677656161678308,2.011764689001873,-1.3783587468788316
10626.574453429,-2.677656161678308,2.011764689001873,-1.3783587468788316
10626.582245776,-2.677656161678308,2.011764689001873,-1.3783587468788316
10626.602115396,-2.677656161678308,2.011764689001873,-1.3783587468788316
10626.605018044,-2.677656161678308,2.011764689001873,-1.3783587468788316
10626.605522777,-2.675872531478807,2.0024422764508625,-1.3851489080116446
10626.606572941,-2.675872531478807,2.0024422764508625,-1.3851489080116446
10626.61285172,-2.675872531478807,2.0024422764508625,-1.3851489080116446
10626.613692124,-2.675872531478807,2.0024422764508625,-1.3851489080116446
10626.624722379,-2.675872531478807,2.0024422764508625,-1.3851489080116446
10626.632796935,-2.675872531478807,2.0024422764508625,-1.3851489080116446
10626.644569586,-2.675872531478807,2.0024422764508625,-1.3851489080116446
10626.655397916,-2.6746890140667214,1.9960202644572687,-1.3919519437477281
10626.659506054,-2.6746890140667214,1.9960202644572687,-1.3919519437477281
10626.664518809,-2.6746890140667214,1.9960202644572687,-1.3919519437477281
10626.674124545,-2.6746890140667214,1.9960202644572687,-1.3919519437477281
10626.68502882,-2.6746890140667214,1.9960202644572687,-1.3919519437477281
10626.691405336,-2.6746890140667214,1.9960202644572687,-1.3919519437477281
10626.704395441,-2.6746890140667214,1.9960202644572687,-1.3919519437477281
10626.706053274,-2.673596424006827,1.9898390342884305,-1.3997363103553948
10626.709967171,-2.673596424006827,1.9898390342884305,-1.3997363103553948
10626.716075235,-2.673596424006827,1.9898390342884305,-1.3997363103553948
10626.717874688,-2.673596424006827,1.9898390342884305,-1.3997363103553948
10626.722297437,-2.673596424006827,1.9898390342884305,-1.3997363103553948
10626.733498788,-2.673596424006827,1.9898390342884305,-1.3997363103553948
10626.745003769,-2.673596424006827,1.9898390342884305,-1.3997363103553948
10626.746700616,-2.671982092081276,1.980331745168863,-1.4054659856483631
10626.753139088,-2.671982092081276,1.980331745168863,-1.4054659856483631
10626.761664657,-2.671982092081276,1.980331745168863,-1.4054659856483631
10626.773530536,-2.671982092081276,1.980331745168863,-1.4054659856483631
10626.782801635,-2.671982092081276,1.980331745168863,-1.4054659856483631
10626.793865985,-2.671982092081276,1.980331745168863,-1.4054659856483631
10626.803011344,-2.671982092081276,1.980331745168863,-1.4054659856483631
10626.804121532,-2.6709487947070314,1.9740377069052495,-1.4106880677864242
10626.807339382,-2.6709487947070314,1.9740377069052495,-1.4106880677864242
10626.808262563,-2.6709487947070314,1.9740377069052495,-1.4106880677864242
10626.817754233,-2.6709487947070314,1.9740377069052495,-1.4106880677864242
10626.823106735,-2.6709487947070314,1.9740377069052495,-1.4106880677864242
10626.834851523,-2.6709487947070314,1.9740377069052495,-1.4106880677864242
10626.844982813,-2.6709487947070314,1.9740377069052495,-1.4106880677864242
10626.858371809,-2.6709487947070314,1.9740377069052495,-1.4106880677864242
10626.859035725,-2.669971194659634,1.9677860090632835,-1.4206699384376704
10626.865137785,-2.669971194659634,1.9677860090632835,-1.4206699384376704
10626.871398042,-2.669971194659634,1.9677860090632835,-1.4206699384376704
10626.886780821,-2.669971194659634,1.9677860090632835,-1.4206699384376704
10626.898254913,-2.669971194659634,1.9677860090632835,-1.4206699384376704
10626.90035497,-2.66862484677429,1.9586718238720955,-1.427603865973681
10626.901266619,-2.66862484677429,1.9586718238720955,-1.427603865973681
10626.907813851,-2.66862484677429,1.9586718238720955,-1.427603865973681
10626.911750632,-2.66862484677429,1.9586718238720955,-1.427603865973681
10626.91430185,-2.66862484677429,1.9586718238720955,-1.427603865973681
10626.92621549,-2.66862484677429,1.9586718238720955,-1.427603865973681
10626.935752977,-2.66862484677429,1.9586718238720955,-1.427603865973681
10626.945053572,-2.66862484677429,1.9586718238720955,-1.427603865973681
10626.946443554,-2.667781555373832,1.952707198724575,-1.4330863012001205
10626.950527065,-2.667781555373832,1.952707198724575,-1.4330863012001205
10626.964118357,-2.667781555373832,1.952707198724575,-1.4330863012001205
10626.971604109,-2.667781555373832,1.952707198724575,-1.4330863012001205
10626.984028945,-2.667781555373832,1.952707198724575,-1.4330863012001205
10626.993057401,-2.667781555373832,1.952707198724575,-1.4330863012001205
10627.003991503,-2.667781555373832,1.952707198724575,-1.4330863012001205
10627.007866626,-2.667012478579146,1.94696230159909,-1.4423462403938465
10627.013653808,-2.667012478579146,1.94696230159909,-1.4423462403938465
10627.018410754,-2.667012478579146,1.94696230159909,-1.4423462403938465
10627.020022409,-2.667012478579146,1.94696230159909,-1.4423462403938465
10627.02359243,-2.667012478579146,1.94696230159909,-1.4423462403938465
10627.033090392,-2.667012478579146,1.94696230159909,-1.4423462403938465
10627.043901529,-2.667012478579146,1.94696230159909,-1.4423462403938465
10627.045504417,-2.6659511718318263,1.938575416453874,-1.447497273795336
10627.054493097,-2.6659511718318263,1.938575416453874,-1.447497273795336
10627.06234623,-2.6659511718318263,1.938575416453874,-1.447497273795336
10627.073151757,-2.6659511718318263,1.938575416453874,-1.447497273795336
10627.085756235,-2.6659511718318263,1.938575416453874,-1.447497273795336
10627.104921812,-2.6659511718318263,1.938575416453874,-1.447497273795336
10627.114440573,-2.6659511718318263,1.938575416453874,-1.447497273795336
10627.115630403,-2.6659511718318263,1.938575416453874,-1.447497273795336
10627.12176632,-2.6659511718318263,1.938575416453874,-1.447497273795336
10627.122229584,-2.6659511718318263,1.938575416453874,-1.447497273795336
10627.124134389,-2.6669149188114445,1.934089320994252,-1.4576213472323933
10627.13492711,-2.6669149188114445,1.934089320994252,-1.4576213472323933
10627.145066035,-2.6669149188114445,1.934089320994252,-1.4576213472323933
10627.150785056,-2.6669149188114445,1.934089320994252,-1.4576213472323933
10627.15222978,-2.6681652079843126,1.9272468749633298,-1.4659593910018631
10627.155692056,-2.6681652079843126,1.9272468749633298,-1.4659593910018631
10627.166284799,-2.6681652079843126,1.9272468749633298,-1.4659593910018631
10627.183061879,-2.6681652079843126,1.9272468749633298,-1.4659593910018631
10627.202139377,-2.6681652079843126,1.9272468749633298,-1.4659593910018631
10627.21789578,-2.6681652079843126,1.9272468749633298,-1.4659593910018631
10627.218519861,-2.6681652079843126,1.9272468749633298,-1.4659593910018631
10627.219903581,-2.6681652079843126,1.9272468749633298,-1.4659593910018631
10627.220156844,-2.668431676406746,1.9222752578346012,-1.4721387085815805
10627.230606592,-2.668431676406746,1.9222752578346012,-1.4721387085815805
10627.231232796,-2.668431676406746,1.9222752578346012,-1.4721387085815805
10627.237312025,-2.668431676406746,1.9222752578346012,-1.4721387085815805
10627.244618856,-2.668431676406746,1.9222752578346012,-1.4721387085815805
10627.250002938,-2.668431676406746,1.9222752578346012,-1.4721387085815805
10627.253331589,-2.668431676406746,1.9222752578346012,-1.4721387085815805
10627.25687485,-2.667835774510966,1.9157723467602303,-1.4866920170685185
10627.264058626,-2.667835774510966,1.9157723467602303,-1.4866920170685185
10627.273124182,-2.667835774510966,1.9157723467602303,-1.4866920170685185
10627.281932939,-2.667835774510966,1.9157723467602303,-1.4866920170685185
10627.293152375,-2.667835774510966,1.9157723467602303,-1.4866920170685185
10627.303907325,-2.667835774510966,1.9157723467602303,-1.4866920170685185
10627.305033764,-2.667835774510966,1.9157723467602303,-1.4866920170685185
10627.305737647,-2.6670784373131102,1.9061587597950203,-1.4976697621246713
10627.308979132,-2.6670784373131102,1.9061587597950203,-1.4976697621246713
10627.313509275,-2.6670784373131102,1.9061587597950203,-1.4976697621246713
10627.334148113,-2.6670784373131102,1.9061587597950203,-1.4976697621246713
10627.346015435,-2.6670784373131102,1.9061587597950203,-1.4976697621246713
10627.356685382,-2.6670784373131102,1.9061587597950203,-1.4976697621246713
10627.363789547,-2.6670784373131102,1.9061587597950203,-1.4976697621246713
10627.364136168,-2.6665970063194138,1.8990881387204372,-1.5079549012085334
10627.366150251,-2.6665970063194138,1.8990881387204372,-1.5079549012085334
10627.371151292,-2.6665970063194138,1.8990881387204372,-1.5079549012085334
10627.383492856,-2.6665970063194138,1.8990881387204372,-1.5079549012085334
10627.391886554,-2.6665970063194138,1.8990881387204372,-1.5079549012085334
10627.396836538,-2.6661331665727968,1.891433040428395,-1.5126012024780642
10627.397371168,-2.6661331665727968,1.891433040428395,-1.5126012024780642
10627.403869246,-2.6661331665727968,1.891433040428395,-1.5126012024780642
10627.404490151,-2.6661331665727968,1.891433040428395,-1.5126012024780642
10627.417924913,-2.6661331665727968,1.891433040428395,-1.5126012024780642
10627.422031899,-2.6661331665727968,1.891433040428395,-1.5126012024780642
10627.434129029,-2.6661331665727968,1.891433040428395,-1.5126012024780642
10627.445565239,-2.6661331665727968,1.891433040428395,-1.5126012024780642
10627.456830432,-2.6661331665727968,1.891433040428395,-1.5126012024780642
10627.458735597,-2.6656980725820927,1.8835988003667876,-1.5180304703613647
10627.460891821,-2.6656980725820927,1.8835988003667876,-1.5180304703613647
10627.467913087,-2.6656980725820927,1.8835988003667876,-1.5180304703613647
10627.473462915,-2.6656980725820927,1.8835988003667876,-1.5180304703613647
10627.483230701,-2.6656980725820927,1.8835988003667876,-1.5180304703613647
10627.49487609,-2.6656980725820927,1.8835988003667876,-1.5180304703613647
10627.501219903,-2.665092534403951,1.8715661407413804,-1.5229979214569462
10627.503523078,-2.665092534403951,1.8715661407413804,-1.5229979214569462
10627.50414291,-2.665092534403951,1.8715661407413804,-1.5229979214569462
10627.505939448,-2.665092534403951,1.8715661407413804,-1.5229979214569462
10627.511443579,-2.665092534403951,1.8715661407413804,-1.5229979214569462
10627.526997174,-2.665092534403951,1.8715661407413804,-1.5229979214569462
10627.5344012,-2.665092534403951,1.8715661407413804,-1.5229979214569462
10627.544082411,-2.665092534403951,1.8715661407413804,-1.5229979214569462
10627.547882632,-2.6647120401406603,1.8635263411418692,-1.5240126309296025
10627.554842621,-2.6647120401406603,1.8635263411418692,-1.5240126309296025
10627.564025471,-2.6647120401406603,1.8635263411418692,-1.5240126309296025
10627.575679736,-2.6647120401406603,1.8635263411418692,-1.5240126309296025
10627.58354901,-2.6647120401406603,1.8635263411418692,-1.5240126309296025
10627.596328643,-2.6647120401406603,1.8635263411418692,-1.5240126309296025
10627.602793577,-2.6647120401406603,1.8635263411418692,-1.5240126309296025
10627.609827307,-2.664362147037726,1.8554851516588875,-1.5306096730133432
10627.611049699,-2.664362147037726,1.8554851516588875,-1.5306096730133432
10627.613084812,-2.664362147037726,1.8554851516588875,-1.5306096730133432
10627.615989895,-2.664362147037726,1.8554851516588875,-1.5306096730133432
10627.630115635,-2.664362147037726,1.8554851516588875,-1.5306096730133432
10627.633915004,-2.664362147037726,1.8554851516588875,-1.5306096730133432
10627.641230782,-2.664362147037726,1.8554851516588875,-1.5306096730133432
10627.650345182,-2.6639212003181476,1.843521320160439,-1.5373030362030395
10627.656269004,-2.6639212003181476,1.843521320160439,-1.5373030362030395
10627.666627317,-2.6639212003181476,1.843521320160439,-1.5373030362030395
10627.675548327,-2.6639212003181476,1.843521320160439,-1.5373030362030395
10627.682633796,-2.6639212003181476,1.843521320160439,-1.5373030362030395
10627.697580012,-2.6639212003181476,1.843521320160439,-1.5373030362030395
10627.702328351,-2.6639212003181476,1.843521320160439,-1.5373030362030395
10627.709837435,-2.6637120559864655,1.8359816358080812,-1.5488255677124396
10627.714100231,-2.6637120559864655,1.8359816358080812,-1.5488255677124396
10627.71646359,-2.6637120559864655,1.8359816358080812,-1.5488255677124396
10627.717234601,-2.6637120559864655,1.8359816358080812,-1.5488255677124396
10627.721895273,-2.6637120559864655,1.8359816358080812,-1.5488255677124396
10627.732295556,-2.6637120559864655,1.8359816358080812,-1.5488255677124396
10627.745622703,-2.6637120559864655,1.8359816358080812,-1.5488255677124396
10627.747805598,-2.6635067729580126,1.825049346498953,-1.5552161393066772
10627.751166357,-2.6635067729580126,1.825049346498953,-1.5552161393066772
10627.762876409,-2.6635067729580126,1.825049346498953,-1.5552161393066772
10627.77582665,-2.6635067729580126,1.825049346498953,-1.5552161393066772
10627.784145352,-2.6635067729580126,1.825049346498953,-1.5552161393066772
10627.793261675,-2.6635067729580126,1.825049346498953,-1.5552161393066772
10627.803779742,-2.6635067729580126,1.825049346498953,-1.5552161393066772
10627.805036941,-2.6634351524119126,1.8174058547570837,-1.5676367936035527
10627.805670329,-2.6634351524119126,1.8174058547570837,-1.5676367936035527
10627.814974842,-2.6634351524119126,1.8174058547570837,-1.5676367936035527
10627.817658462,-2.6634351524119126,1.8174058547570837,-1.5676367936035527
10627.82970187,-2.6634351524119126,1.8174058547570837,-1.5676367936035527
10627.842720337,-2.6634351524119126,1.8174058547570837,-1.5676367936035527
10627.845461918,-2.6634351524119126,1.8174058547570837,-1.5676367936035527
10627.853927901,-2.6634351524119126,1.8174058547570837,-1.5676367936035527
10627.856440084,-2.663470472951148,1.809964596791847,-1.5834489521881476
10627.86315242,-2.663470472951148,1.809964596791847,-1.5834489521881476
10627.870360864,-2.663470472951148,1.809964596791847,-1.5834489521881476
10627.885196418,-2.663470472951148,1.809964596791847,-1.5834489521881476
10627.894832554,-2.663470472951148,1.809964596791847,-1.5834489521881476
10627.904539283,-2.663470472951148,1.809964596791847,-1.5834489521881476
10627.90521921,-2.66367334062803,1.79880442780081,-1.5944953617950808
10627.906636164,-2.66367334062803,1.79880442780081,-1.5944953617950808
10627.910136362,-2.66367334062803,1.79880442780081,-1.5944953617950808
10627.913583659,-2.66367334062803,1.79880442780081,-1.5944953617950808
10627.924835577,-2.66367334062803,1.79880442780081,-1.5944953617950808
10627.942880986,-2.66367334062803,1.79880442780081,-1.5944953617950808
10627.946744697,-2.66367334062803,1.79880442780081,-1.5944953617950808
10627.950267809,-2.6638851443686264,1.7911128948411696,-1.6021578965088263
10627.955598991,-2.6638851443686264,1.7911128948411696,-1.6021578965088263
10627.966763321,-2.6638851443686264,1.7911128948411696,-1.6021578965088263
10627.973702811,-2.6638851443686264,1.7911128948411696,-1.6021578965088263
10627.983149745,-2.6638851443686264,1.7911128948411696,-1.6021578965088263
10627.991636778,-2.6638851443686264,1.7911128948411696,-1.6021578965088263
10628.005150632,-2.6638851443686264,1.7911128948411696,-1.6021578965088263
10628.009407373,-2.664161398947986,1.7833220997721386,-1.6103232560058962
10628.010104493,-2.664161398947986,1.7833220997721386,-1.6103232560058962
10628.014071983,-2.664161398947986,1.7833220997721386,-1.6103232560058962
10628.019045288,-2.664161398947986,1.7833220997721386,-1.6103232560058962
10628.025311897,-2.664161398947986,1.7833220997721386,-1.6103232560058962
10628.033038656,-2.664161398947986,1.7833220997721386,-1.6103232560058962
10628.044057833,-2.664161398947986,1.7833220997721386,-1.6103232560058962
10628.054999358,-2.664161398947986,1.7833220997721386,-1.6103232560058962
10628.055842848,-2.664663600957052,1.7715380162381424,-1.6164518055817017
10628.065195361,-2.664663600957052,1.7715380162381424,-1.6164518055817017
10628.073651756,-2.664663600957052,1.7715380162381424,-1.6164518055817017
10628.083028546,-2.664663600957052,1.7715380162381424,-1.6164518055817017
10628.09203519,-2.664663600957052,1.7715380162381424,-1.6164518055817017
10628.099825603,-2.665023431012753,1.7641307198574654,-1.6222201046844849
10628.100408956,-2.665023431012753,1.7641307198574654,-1.6222201046844849
10628.104154252,-2.665023431012753,1.7641307198574654,-1.6222201046844849
10628.105019673,-2.665023431012753,1.7641307198574654,-1.6222201046844849
10628.113878435,-2.665023431012753,1.7641307198574654,-1.6222201046844849
10628.123515752,-2.665023431012753,1.7641307198574654,-1.6222201046844849
10628.135199664,-2.665023431012753,1.7641307198574654,-1.6222201046844849
10628.145221685,-2.665023431012753,1.7641307198574654,-1.6222201046844849
10628.155265798,-2.665023431012753,1.7641307198574654,-1.6222201046844849
10628.156601106,-2.6654629309820494,1.7562967257356505,-1.6314583477875126
10628.16209106,-2.6654629309820494,1.7562967257356505,-1.6314583477875126
10628.17356942,-2.6654629309820494,1.7562967257356505,-1.6314583477875126
10628.183962229,-2.6654629309820494,1.7562967257356505,-1.6314583477875126
10628.193608172,-2.6654629309820494,1.7562967257356505,-1.6314583477875126
10628.201294968,-2.6654629309820494,1.7562967257356505,-1.6314583477875126
10628.203899327,-2.6654629309820494,1.7562967257356505,-1.6314583477875126
10628.204310421,-2.6654629309820494,1.7562967257356505,-1.6314583477875126
10628.205346488,-2.666198313788267,1.7449053181641068,-1.6390672383209601
10628.212918385,-2.666198313788267,1.7449053181641068,-1.6390672383209601
10628.221655204,-2.666198313788267,1.7449053181641068,-1.6390672383209601
10628.232021692,-2.666198313788267,1.7449053181641068,-1.6390672383209601
10628.250196187,-2.666198313788267,1.7449053181641068,-1.6390672383209601
10628.255646175,-2.666751957316996,1.7371293112683168,-1.6446834263702759
10628.257222342,-2.666751957316996,1.7371293112683168,-1.6446834263702759
10628.267240597,-2.666751957316996,1.7371293112683168,-1.6446834263702759
10628.274357916,-2.666751957316996,1.7371293112683168,-1.6446834263702759
10628.283042916,-2.666751957316996,1.7371293112683168,-1.6446834263702759
10628.294202948,-2.666751957316996,1.7371293112683168,-1.6446834263702759
10628.304017354,-2.666751957316996,1.7371293112683168,-1.6446834263702759
10628.31103391,-2.667379983834903,1.7293843516735925,-1.658732002725257
10628.312992608,-2.667379983834903,1.7293843516735925,-1.658732002725257
10628.316959797,-2.667379983834903,1.7293843516735925,-1.658732002725257
10628.317530716,-2.667379983834903,1.7293843516735925,-1.658732002725257
10628.322160008,-2.667379983834903,1.7293843516735925,-1.658732002725257
10628.334401935,-2.667379983834903,1.7293843516735925,-1.658732002725257
10628.34741373,-2.667379983834903,1.7293843516735925,-1.658732002725257
10628.349727265,-2.6684709644581517,1.717818085717897,-1.670952862252845
10628.352130529,-2.6684709644581517,1.717818085717897,-1.670952862252845
10628.354043108,-2.6684709644581517,1.717818085717897,-1.670952862252845
10628.363077806,-2.6684709644581517,1.717818085717897,-1.670952862252845
10628.373667981,-2.6684709644581517,1.717818085717897,-1.670952862252845
10628.383870727,-2.6684709644581517,1.717818085717897,-1.670952862252845
10628.39216442,-2.6684709644581517,1.717818085717897,-1.670952862252845
10628.402341808,-2.672812227455392,1.7121160286645198,-1.6812336229853377
10628.404835926,-2.672812227455392,1.7121160286645198,-1.6812336229853377
10628.40661983,-2.672812227455392,1.7121160286645198,-1.6812336229853377
10628.411809792,-2.672812227455392,1.7121160286645198,-1.6812336229853377
10628.423812351,-2.672812227455392,1.7121160286645198,-1.6812336229853377
10628.433540311,-2.672812227455392,1.7121160286645198,-1.6812336229853377
10628.446515837,-2.672812227455392,1.7121160286645198,-1.6812336229853377
10628.44734533,-2.677376855943081,1.70621403761292,-1.695635664237254
10628.455636739,-2.677376855943081,1.70621403761292,-1.695635664237254
10628.456033917,-2.677376855943081,1.70621403761292,-1.695635664237254
10628.464684581,-2.677376855943081,1.70621403761292,-1.695635664237254
10628.477735711,-2.677376855943081,1.70621403761292,-1.695635664237254
10628.483010555,-2.677376855943081,1.70621403761292,-1.695635664237254
10628.496097781,-2.677376855943081,1.70621403761292,-1.695635664237254
10628.509566041,-2.677376855943081,1.70621403761292,-1.695635664237254
10628.513890127,-2.677376855943081,1.70621403761292,-1.695635664237254
10628.521892294,-2.677376855943081,1.70621403761292,-1.695635664237254
10628.522735653,-2.678962520575605,1.6992747369986638,-1.7105104842995822
10628.524702386,-2.678962520575605,1.6992747369986638,-1.7105104842995822
10628.535036105,-2.678962520575605,1.6992747369986638,-1.7105104842995822
10628.543904555,-2.678962520575605,1.6992747369986638,-1.7105104842995822
10628.552630182,-2.6805811536931152,1.6881795493316532,-1.72081040533535
10628.564039139,-2.6805811536931152,1.6881795493316532,-1.72081040533535
10628.567953066,-2.6805811536931152,1.6881795493316532,-1.72081040533535
10628.571647665,-2.6805811536931152,1.6881795493316532,-1.72081040533535
10628.584451874,-2.6805811536931152,1.6881795493316532,-1.72081040533535
10628.59239589,-2.6805811536931152,1.6881795493316532,-1.72081040533535
10628.603497521,-2.6805811536931152,1.6881795493316532,-1.72081040533535
10628.610823468,-2.681766169270702,1.6807050074607757,-1.7352454582070538
10628.614329808,-2.681766169270702,1.6807050074607757,-1.7352454582070538
10628.614827538,-2.681766169270702,1.6807050074607757,-1.7352454582070538
10628.620231848,-2.681766169270702,1.6807050074607757,-1.7352454582070538
10628.623997443,-2.681766169270702,1.6807050074607757,-1.7352454582070538
10628.63594133,-2.681766169270702,1.6807050074607757,-1.7352454582070538
10628.643167968,-2.681766169270702,1.6807050074607757,-1.7352454582070538
10628.648823027,-2.683628509433834,1.6696994535755951,-1.7416076579903788
10628.656605726,-2.683628509433834,1.6696994535755951,-1.7416076579903788
10628.658110016,-2.683628509433834,1.6696994535755951,-1.7416076579903788
10628.663472126,-2.683628509433834,1.6696994535755951,-1.7416076579903788
10628.675881953,-2.683628509433834,1.6696994535755951,-1.7416076579903788
10628.682612875,-2.683628509433834,1.6696994535755951,-1.7416076579903788
10628.693780902,-2.683628509433834,1.6696994535755951,-1.7416076579903788
10628.701023891,-2.683628509433834,1.6696994535755951,-1.7416076579903788
10628.70181503,-2.684949132570691,1.6622476757589246,-1.7507877269601058
10628.707856967,-2.684949132570691,1.6622476757589246,-1.7507877269601058
10628.719239875,-2.684949132570691,1.6622476757589246,-1.7507877269601058
10628.72466395,-2.684949132570691,1.6622476757589246,-1.7507877269601058
10628.73600444,-2.684949132570691,1.6622476757589246,-1.7507877269601058
10628.744634625,-2.684949132570691,1.6622476757589246,-1.7507877269601058
10628.755485106,-2.684949132570691,1.6622476757589246,-1.7507877269601058
10628.756994646,-2.686357630608624,1.65468324099016,-1.758988610825461
10628.765927139,-2.686357630608624,1.65468324099016,-1.758988610825461
10628.766455056,-2.686357630608624,1.65468324099016,-1.758988610825461
10628.777358529,-2.686357630608624,1.65468324099016,-1.758988610825461
10628.782024381,-2.686357630608624,1.65468324099016,-1.758988610825461
10628.793825255,-2.686357630608624,1.65468324099016,-1.758988610825461
10628.799482478,-2.686357630608624,1.65468324099016,-1.758988610825461
10628.801497954,-2.686357630608624,1.65468324099016,-1.758988610825461
10628.801902706,-2.688478375619111,1.6436472162214963,-1.7623066821908189
10628.816708314,-2.688478375619111,1.6436472162214963,-1.7623066821908189
10628.82408624,-2.688478375619111,1.6436472162214963,-1.7623066821908189
10628.831447454,-2.688478375619111,1.6436472162214963,-1.7623066821908189
10628.844793898,-2.688478375619111,1.6436472162214963,-1.7623066821908189
10628.853232608,-2.689957690181295,1.6361479013236702,-1.7688050189828113
10628.856810956,-2.689957690181295,1.6361479013236702,-1.7688050189828113
10628.864689537,-2.689957690181295,1.6361479013236702,-1.7688050189828113
10628.873493975,-2.689957690181295,1.6361479013236702,-1.7688050189828113
10628.882405757,-2.689957690181295,1.6361479013236702,-1.7688050189828113
10628.895754375,-2.689957690181295,1.6361479013236702,-1.7688050189828113
10628.900305729,-2.689957690181295,1.6361479013236702,-1.7688050189828113
10628.906141272,-2.689957690181295,1.6361479013236702,-1.7688050189828113
10628.909125676,-2.6914942483310424,1.6286859455368765,-1.7789482990121077
10628.91058479,-2.6914942483310424,1.6286859455368765,-1.7789482990121077
10628.919537621,-2.6914942483310424,1.6286859455368765,-1.7789482990121077
10628.922871211,-2.6914942483310424,1.6286859455368765,-1.7789482990121077
10628.933775024,-2.6914942483310424,1.6286859455368765,-1.7789482990121077
10628.944184441,-2.6914942483310424,1.6286859455368765,-1.7789482990121077
10628.945710773,-2.693968711815435,1.6171795371162356,-1.7862939754342266
10628.95130529,-2.693968711815435,1.6171795371162356,-1.7862939754342266
10628.952304085,-2.693968711815435,1.6171795371162356,-1.7862939754342266
10628.964044595,-2.693968711815435,1.6171795371162356,-1.7862939754342266
10628.973640874,-2.693968711815435,1.6171795371162356,-1.7862939754342266
10628.986939125,-2.693968711815435,1.6171795371162356,-1.7862939754342266
10628.992872065,-2.693968711815435,1.6171795371162356,-1.7862939754342266
10629.002110461,-2.6957029314645724,1.609397565790139,-1.7938346782540506
10629.004359963,-2.6957029314645724,1.609397565790139,-1.7938346782540506
10629.004932906,-2.6957029314645724,1.609397565790139,-1.7938346782540506
10629.011082699,-2.6957029314645724,1.609397565790139,-1.7938346782540506
10629.021514151,-2.6957029314645724,1.609397565790139,-1.7938346782540506
10629.032251346,-2.6957029314645724,1.609397565790139,-1.7938346782540506
10629.042374991,-2.6957029314645724,1.609397565790139,-1.7938346782540506
10629.05082919,-2.6957029314645724,1.609397565790139,-1.7938346782540506
10629.054323377,-2.6974607586422983,1.6018806031128938,-1.8071980396126943
10629.06236546,-2.6974607586422983,1.6018806031128938,-1.8071980396126943
10629.06476593,-2.6974607586422983,1.6018806031128938,-1.8071980396126943
10629.073031557,-2.6974607586422983,1.6018806031128938,-1.8071980396126943
10629.081789159,-2.6974607586422983,1.6018806031128938,-1.8071980396126943
10629.092237774,-2.6974607586422983,1.6018806031128938,-1.8071980396126943
10629.09974674,-2.6974607586422983,1.6018806031128938,-1.8071980396126943
10629.100609836,-2.700187804452227,1.590796011307903,-1.8168556609963604
10629.106370053,-2.700187804452227,1.590796011307903,-1.8168556609963604
10629.112446089,-2.700187804452227,1.590796011307903,-1.8168556609963604
10629.122479411,-2.700187804452227,1.590796011307903,-1.8168556609963604
10629.133667026,-2.700187804452227,1.590796011307903,-1.8168556609963604
10629.145230408,-2.700187804452227,1.590796011307903,-1.8168556609963604
10629.146509078,-2.702111278400637,1.5832413404103687,-1.8233573356484603
10629.155232882,-2.702111278400637,1.5832413404103687,-1.8233573356484603
10629.157132135,-2.702111278400637,1.5832413404103687,-1.8233573356484603
10629.162614144,-2.702111278400637,1.5832413404103687,-1.8233573356484603
10629.173898584,-2.702111278400637,1.5832413404103687,-1.8233573356484603
10629.182750813,-2.702111278400637,1.5832413404103687,-1.8233573356484603
10629.193733877,-2.702111278400637,1.5832413404103687,-1.8233573356484603
10629.206045266,-2.702111278400637,1.5832413404103687,-1.8233573356484603
10629.207058249,-2.702111278400637,1.5832413404103687,-1.8233573356484603
10629.207791999,-2.7040759070818057,1.5757495886880564,-1.8311633983468247
10629.219707222,-2.7040759070818057,1.5757495886880564,-1.8311633983468247
10629.222508767,-2.7040759070818057,1.5757495886880564,-1.8311633983468247
10629.235067267,-2.7040759070818057,1.5757495886880564,-1.8311633983468247
10629.241918128,-2.7040759070818057,1.5757495886880564,-1.8311633983468247
10629.247618854,-2.7071707317276656,1.5642369761474397,-1.835653297028465
10629.254047379,-2.7071707317276656,1.5642369761474397,-1.835653297028465
10629.25453559,-2.7071707317276656,1.5642369761474397,-1.835653297028465
10629.264756921,-2.7071707317276656,1.5642369761474397,-1.835653297028465
10629.273509591,-2.7071707317276656,1.5642369761474397,-1.835653297028465
10629.281971615,-2.7071707317276656,1.5642369761474397,-1.835653297028465
10629.292106762,-2.7071707317276656,1.5642369761474397,-1.835653297028465
10629.302532683,-2.7071707317276656,1.5642369761474397,-1.835653297028465
10629.302995286,-2.7091750841214948,1.5569393320358114,-1.8420348087166967
10629.304015653,-2.7091750841214948,1.5569393320358114,-1.8420348087166967
10629.314535644,-2.7091750841214948,1.5569393320358114,-1.8420348087166967
10629.322576665,-2.7091750841214948,1.5569393320358114,-1.8420348087166967
10629.334108046,-2.7091750841214948,1.5569393320358114,-1.8420348087166967
10629.342693796,-2.7091750841214948,1.5569393320358114,-1.8420348087166967
10629.352823753,-2.7091750841214948,1.5569393320358114,-1.8420348087166967
10629.356571564,-2.7091750841214948,1.5569393320358114,-1.8420348087166967
10629.357431625,-2.7113056253591585,1.5494141165793798,-1.8513574519967273
10629.365107349,-2.7113056253591585,1.5494141165793798,-1.8513574519967273
10629.375955536,-2.7113056253591585,1.5494141165793798,-1.8513574519967273
10629.3851767,-2.7113056253591585,1.5494141165793798,-1.8513574519967273
10629.398310657,-2.7113056253591585,1.5494141165793798,-1.8513574519967273
10629.404359377,-2.7113056253591585,1.5494141165793798,-1.8513574519967273
10629.405137241,-2.7113056253591585,1.5494141165793798,-1.8513574519967273
10629.407276292,-2.714570216726419,1.5382382528620298,-1.8586420932625953
10629.415994385,-2.714570216726419,1.5382382528620298,-1.8586420932625953
10629.423341703,-2.714570216726419,1.5382382528620298,-1.8586420932625953
10629.432344389,-2.714570216726419,1.5382382528620298,-1.8586420932625953
10629.443587118,-2.714570216726419,1.5382382528620298,-1.8586420932625953
10629.451054755,-2.714570216726419,1.5382382528620298,-1.8586420932625953
10629.451847117,-2.7167993053918336,1.530794464837588,-1.8648662486886218
10629.455681663,-2.7167993053918336,1.530794464837588,-1.8648662486886218
10629.467551539,-2.7167993053918336,1.530794464837588,-1.8648662486886218
10629.47230634,-2.7167993053918336,1.530794464837588,-1.8648662486886218
10629.483675862,-2.7167993053918336,1.530794464837588,-1.8648662486886218
10629.499748075,-2.7167993053918336,1.530794464837588,-1.8648662486886218
10629.502435372,-2.7167993053918336,1.530794464837588,-1.8648662486886218
10629.508468613,-2.719069015543422,1.5234423932981138,-1.8755960384225079
10629.510108912,-2.719069015543422,1.5234423932981138,-1.8755960384225079
10629.518155114,-2.719069015543422,1.5234423932981138,-1.8755960384225079
10629.52518202,-2.719069015543422,1.5234423932981138,-1.8755960384225079
10629.532585886,-2.719069015543422,1.5234423932981138,-1.8755960384225079
10629.543694917,-2.719069015543422,1.5234423932981138,-1.8755960384225079
10629.546954566,-2.7227041700827757,1.5124534211292027,-1.8852652457946961
10629.554001233,-2.7227041700827757,1.5124534211292027,-1.8852652457946961
10629.554636195,-2.7227041700827757,1.5124534211292027,-1.8852652457946961
10629.56572444,-2.7227041700827757,1.5124534211292027,-1.8852652457946961
10629.575787699,-2.7227041700827757,1.5124534211292027,-1.8852652457946961
10629.583652103,-2.7227041700827757,1.5124534211292027,-1.8852652457946961
10629.591854372,-2.7227041700827757,1.5124534211292027,-1.8852652457946961
10629.601967156,-2.7227041700827757,1.5124534211292027,-1.8852652457946961
10629.605717841,-2.727149580733631,1.5080242024265746,-1.8947546405776692
10629.611239175,-2.727149580733631,1.5080242024265746,-1.8947546405776692
10629.613656547,-2.727149580733631,1.5080242024265746,-1.8947546405776692
10629.623500769,-2.727149580733631,1.5080242024265746,-1.8947546405776692
10629.634185464,-2.727149580733631,1.5080242024265746,-1.8947546405776692
10629.643223758,-2.727149580733631,1.5080242024265746,-1.8947546405776692
10629.655706523,-2.727149580733631,1.5080242024265746,-1.8947546405776692
10629.659738686,-2.73146184831437,1.503272657153787,-1.9082760514424946
10629.665468778,-2.73146184831437,1.503272657153787,-1.9082760514424946
10629.670099122,-2.73146184831437,1.503272657153787,-1.9082760514424946
10629.67399285,-2.73146184831437,1.503272657153787,-1.9082760514424946
10629.684219362,-2.73146184831437,1.503272657153787,-1.9082760514424946
10629.691097494,-2.73146184831437,1.503272657153787,-1.9082760514424946
10629.705532113,-2.73146184831437,1.503272657153787,-1.9082760514424946
10629.709713531,-2.73146184831437,1.503272657153787,-1.9082760514424946
10629.710220568,-2.7353676971887957,1.4923044380096364,-1.9175247849630015
10629.721554642,-2.7353676971887957,1.4923044380096364,-1.9175247849630015
10629.722786432,-2.7353676971887957,1.4923044380096364,-1.9175247849630015
10629.735225554,-2.7353676971887957,1.4923044380096364,-1.9175247849630015
10629.744806163,-2.7353676971887957,1.4923044380096364,-1.9175247849630015
10629.747145686,-2.737937716713339,1.4852401329641385,-1.9219052495168345
10629.749060921,-2.737937716713339,1.4852401329641385,-1.9219052495168345
10629.755121544,-2.737937716713339,1.4852401329641385,-1.9219052495168345
10629.765396247,-2.737937716713339,1.4852401329641385,-1.9219052495168345
10629.776686002,-2.737937716713339,1.4852401329641385,-1.9219052495168345
10629.784202937,-2.737937716713339,1.4852401329641385,-1.9219052495168345
10629.795117089,-2.737937716713339,1.4852401329641385,-1.9219052495168345
10629.803300142,-2.737937716713339,1.4852401329641385,-1.9219052495168345
10629.806824275,-2.740505075334837,1.478363671395689,-1.9343421162770889
10629.807779448,-2.740505075334837,1.478363671395689,-1.9343421162770889
10629.81768705,-2.740505075334837,1.478363671395689,-1.9343421162770889
10629.821040869,-2.740505075334837,1.478363671395689,-1.9343421162770889
10629.835811028,-2.740505075334837,1.478363671395689,-1.9343421162770889
10629.845465147,-2.740505075334837,1.478363671395689,-1.9343421162770889
10629.846936494,-2.744672138180677,1.467519118195257,-1.940968483846058
10629.847844476,-2.744672138180677,1.467519118195257,-1.940968483846058
10629.852591613,-2.744672138180677,1.467519118195257,-1.940968483846058
10629.866519356,-2.744672138180677,1.467519118195257,-1.940968483846058
10629.877424271,-2.744672138180677,1.467519118195257,-1.940968483846058
10629.881562636,-2.744672138180677,1.467519118195257,-1.940968483846058
10629.894367586,-2.744672138180677,1.467519118195257,-1.940968483846058
10629.903382235,-2.744672138180677,1.467519118195257,-1.940968483846058
10629.904893639,-2.744672138180677,1.467519118195257,-1.940968483846058
10629.90595861,-2.7475108667132204,1.460285831476922,-1.9485919179128302
10629.915358414,-2.7475108667132204,1.460285831476922,-1.9485919179128302
10629.922628244,-2.7475108667132204,1.460285831476922,-1.9485919179128302
10629.934197757,-2.7475108667132204,1.460285831476922,-1.9485919179128302
10629.946231736,-2.7475108667132204,1.460285831476922,-1.9485919179128302
10629.959707803,-2.7475108667132204,1.460285831476922,-1.9485919179128302
10629.960105091,-2.7505424063966206,1.4527205862334613,-1.9552533330129287
10629.966365298,-2.7505424063966206,1.4527205862334613,-1.9552533330129287
10629.966976284,-2.7505424063966206,1.4527205862334613,-1.9552533330129287
10629.975250359,-2.7505424063966206,1.4527205862334613,-1.9552533330129287
10629.982191352,-2.7505424063966206,1.4527205862334613,-1.9552533330129287
10629.997373647,-2.7505424063966206,1.4527205862334613,-1.9552533330129287
10629.999453415,-2.7551469069926187,1.441341176557267,-1.9553296269582414
10630.001821583,-2.7551469069926187,1.441341176557267,-1.9553296269582414
10630.003170447,-2.7551469069926187,1.441341176557267,-1.9553296269582414
10630.018295022,-2.7551469069926187,1.441341176557267,-1.9553296269582414
10630.022096205,-2.7551469069926187,1.441341176557267,-1.9553296269582414
10630.035600229,-2.7551469069926187,1.441341176557267,-1.9553296269582414
10630.044161893,-2.7551469069926187,1.441341176557267,-1.9553296269582414
10630.04777703,-2.7582417896868883,1.4336922952859619,-1.9552268685506484
10630.053270311,-2.7582417896868883,1.4336922952859619,-1.9552268685506484
10630.05516233,-2.7582417896868883,1.4336922952859619,-1.9552268685506484
10630.063105264,-2.7582417896868883,1.4336922952859619,-1.9552268685506484
10630.07487562,-2.7582417896868883,1.4336922952859619,-1.9552268685506484
10630.084505072,-2.7582417896868883,1.4336922952859619,-1.9552268685506484
10630.095750487,-2.7582417896868883,1.4336922952859619,-1.9552268685506484
10630.105276431,-2.7582417896868883,1.4336922952859619,-1.9552268685506484
10630.109524406,-2.7613295132975093,1.426095136185298,-1.9584424199269919
10630.111220602,-2.7613295132975093,1.426095136185298,-1.9584424199269919
10630.114039049,-2.7613295132975093,1.426095136185298,-1.9584424199269919
10630.12166574,-2.7613295132975093,1.426095136185298,-1.9584424199269919
10630.133940298,-2.7613295132975093,1.426095136185298,-1.9584424199269919
10630.148503122,-2.7613295132975093,1.426095136185298,-1.9584424199269919
10630.150126579,-2.7613295132975093,1.426095136185298,-1.9584424199269919
10630.156218812,-2.7613295132975093,1.426095136185298,-1.9584424199269919
10630.157248337,-2.766042681446046,1.4146233659781278,-1.9627983273671765
10630.165504078,-2.766042681446046,1.4146233659781278,-1.9627983273671765
10630.172084482,-2.766042681446046,1.4146233659781278,-1.9627983273671765
10630.182775789,-2.766042681446046,1.4146233659781278,-1.9627983273671765
10630.192329002,-2.766042681446046,1.4146233659781278,-1.9627983273671765
10630.200232625,-2.7691283311824213,1.407189529876282,-1.965674132268299
10630.201237903,-2.7691283311824213,1.407189529876282,-1.965674132268299
10630.207971509,-2.7691283311824213,1.407189529876282,-1.965674132268299
10630.211044482,-2.7691283311824213,1.407189529876282,-1.965674132268299
10630.222696243,-2.7691283311824213,1.407189529876282,-1.965674132268299
10630.231954225,-2.7691283311824213,1.407189529876282,-1.965674132268299
10630.240954537,-2.7691283311824213,1.407189529876282,-1.965674132268299
10630.257181646,-2.7691283311824213,1.407189529876282,-1.965674132268299
10630.258633295,-2.7691283311824213,1.407189529876282,-1.965674132268299
10630.259255312,-2.772336050083651,1.3995323653757208,-1.9693331422017715
10630.262906207,-2.772336050083651,1.3995323653757208,-1.9693331422017715
10630.272451449,-2.772336050083651,1.3995323653757208,-1.9693331422017715
10630.285106182,-2.772336050083651,1.3995323653757208,-1.9693331422017715
10630.291621603,-2.772336050083651,1.3995323653757208,-1.9693331422017715
10630.299012012,-2.7770890179891126,1.3882690876515156,-1.9708928765462541
10630.299701948,-2.7770890179891126,1.3882690876515156,-1.9708928765462541
10630.304076334,-2.7770890179891126,1.3882690876515156,-1.9708928765462541
10630.313750311,-2.7770890179891126,1.3882690876515156,-1.9708928765462541
10630.323207835,-2.7770890179891126,1.3882690876515156,-1.9708928765462541
10630.331965172,-2.7770890179891126,1.3882690876515156,-1.9708928765462541
10630.34330145,-2.7770890179891126,1.3882690876515156,-1.9708928765462541
10630.347799482,-2.7801275128919487,1.3810899266193546,-1.9714545907186176
10630.356465416,-2.7801275128919487,1.3810899266193546,-1.9714545907186176
10630.358190397,-2.7801275128919487,1.3810899266193546,-1.9714545907186176
10630.362907536,-2.7801275128919487,1.3810899266193546,-1.9714545907186176
10630.373818292,-2.7801275128919487,1.3810899266193546,-1.9714545907186176
10630.386032305,-2.7801275128919487,1.3810899266193546,-1.9714545907186176
10630.392434209,-2.7801275128919487,1.3810899266193546,-1.9714545907186176
10630.404092371,-2.7801275128919487,1.3810899266193546,-1.9714545907186176
10630.412915354,-2.7801275128919487,1.3810899266193546,-1.9714545907186176
10630.416349946,-2.7801275128919487,1.3810899266193546,-1.9714545907186176
10630.418537179,-2.783338330260099,1.3734889835579844,-1.9695107640432028
10630.42277806,-2.783338330260099,1.3734889835579844,-1.9695107640432028
10630.434274904,-2.783338330260099,1.3734889835579844,-1.9695107640432028
10630.444128955,-2.783338330260099,1.3734889835579844,-1.9695107640432028
10630.447362013,-2.783338330260099,1.3734889835579844,-1.9695107640432028
10630.454637563,-2.783338330260099,1.3734889835579844,-1.9695107640432028
10630.455441266,-2.7882672787787683,1.36175054943115,-1.967164963643423
10630.466802882,-2.7882672787787683,1.36175054943115,-1.967164963643423
10630.476704142,-2.7882672787787683,1.36175054943115,-1.967164963643423
10630.483532039,-2.7882672787787683,1.36175054943115,-1.967164963643423
10630.496590092,-2.7882672787787683,1.36175054943115,-1.967164963643423
10630.50444127,-2.791509292635559,1.3540254279389505,-1.969125241200794
10630.506551155,-2.791509292635559,1.3540254279389505,-1.969125241200794
10630.506869102,-2.791509292635559,1.3540254279389505,-1.969125241200794
10630.512997314,-2.791509292635559,1.3540254279389505,-1.969125241200794
10630.527339494,-2.791509292635559,1.3540254279389505,-1.969125241200794
10630.53763561,-2.791509292635559,1.3540254279389505,-1.969125241200794
10630.546809121,-2.791509292635559,1.3540254279389505,-1.969125241200794
10630.554839923,-2.791509292635559,1.3540254279389505,-1.969125241200794
10630.555625271,-2.794711092022086,1.3464206817707842,-1.9694678486989632
10630.557631248,-2.794711092022086,1.3464206817707842,-1.9694678486989632
10630.5649757,-2.794711092022086,1.3464206817707842,-1.9694678486989632
10630.571092076,-2.794711092022086,1.3464206817707842,-1.9694678486989632
10630.584118672,-2.794711092022086,1.3464206817707842,-1.9694678486989632
10630.594759703,-2.794711092022086,1.3464206817707842,-1.9694678486989632
10630.60284038,-2.794711092022086,1.3464206817707842,-1.9694678486989632
10630.604015361,-2.799551419445447,1.334919555022653,-1.968836993138661
10630.605028414,-2.799551419445447,1.334919555022653,-1.968836993138661
10630.614821888,-2.799551419445447,1.334919555022653,-1.968836993138661
10630.621558631,-2.799551419445447,1.334919555022653,-1.968836993138661
10630.632795318,-2.799551419445447,1.334919555022653,-1.968836993138661
10630.644876207,-2.799551419445447,1.334919555022653,-1.968836993138661
10630.65069604,-2.802835833401317,1.327074984623414,-1.9657771290944714
10630.65663467,-2.802835833401317,1.327074984623414,-1.9657771290944714
10630.663544814,-2.802835833401317,1.327074984623414,-1.9657771290944714
10630.666412224,-2.802835833401317,1.327074984623414,-1.9657771290944714
10630.673704296,-2.802835833401317,1.327074984623414,-1.9657771290944714
10630.6835342,-2.802835833401317,1.327074984623414,-1.9657771290944714
10630.69532909,-2.802835833401317,1.327074984623414,-1.9657771290944714
10630.703620061,-2.802835833401317,1.327074984623414,-1.9657771290944714
10630.711268132,-2.802835833401317,1.327074984623414,-1.9657771290944714
10630.712116951,-2.806031572016672,1.3193853956939001,-1.9635672272847795
10630.718159249,-2.806031572016672,1.3193853956939001,-1.9635672272847795
10630.723439483,-2.806031572016672,1.3193853956939001,-1.9635672272847795
10630.732808488,-2.806031572016672,1.3193853956939001,-1.9635672272847795
10630.743758308,-2.806031572016672,1.3193853956939001,-1.9635672272847795
10630.751608284,-2.81089028838628,1.3076725028934697,-1.964454859654775
10630.754653093,-2.81089028838628,1.3076725028934697,-1.964454859654775
10630.756306267,-2.81089028838628,1.3076725028934697,-1.964454859654775
10630.764210177,-2.81089028838628,1.3076725028934697,-1.964454859654775
10630.774032517,-2.81089028838628,1.3076725028934697,-1.964454859654775
10630.784111294,-2.81089028838628,1.3076725028934697,-1.964454859654775
10630.796198084,-2.81089028838628,1.3076725028934697,-1.964454859654775
10630.800857013,-2.814055660862418,1.3000251221247132,-1.9620277585195214
10630.802920169,-2.814055660862418,1.3000251221247132,-1.9620277585195214
10630.804941485,-2.814055660862418,1.3000251221247132,-1.9620277585195214
10630.813219008,-2.814055660862418,1.3000251221247132,-1.9620277585195214
10630.822600406,-2.814055660862418,1.3000251221247132,-1.9620277585195214
10630.833635229,-2.814055660862418,1.3000251221247132,-1.9620277585195214
10630.842922718,-2.814055660862418,1.3000251221247132,-1.9620277585195214
10630.856305801,-2.814055660862418,1.3000251221247132,-1.9620277585195214
10630.85785165,-2.814055660862418,1.3000251221247132,-1.9620277585195214
10630.858677175,-2.8172980524312896,1.2921904751384212,-1.9643473328756003
10630.863377873,-2.8172980524312896,1.2921904751384212,-1.9643473328756003
10630.87240198,-2.8172980524312896,1.2921904751384212,-1.9643473328756003
10630.88625533,-2.8172980524312896,1.2921904751384212,-1.9643473328756003
10630.89668103,-2.8172980524312896,1.2921904751384212,-1.9643473328756003
10630.902318776,-2.8172980524312896,1.2921904751384212,-1.9643473328756003
10630.903393446,-2.822085250812804,1.2806945455841645,-1.966416567723622
10630.908383106,-2.822085250812804,1.2806945455841645,-1.966416567723622
10630.913920129,-2.822085250812804,1.2806945455841645,-1.966416567723622
10630.923376842,-2.822085250812804,1.2806945455841645,-1.966416567723622
10630.935913459,-2.822085250812804,1.2806945455841645,-1.966416567723622
10630.941203008,-2.822085250812804,1.2806945455841645,-1.966416567723622
10630.945334493,-2.825149693891693,1.2733615497893402,-1.9668554963277487
10630.946791893,-2.825149693891693,1.2733615497893402,-1.9668554963277487
10630.9515281,-2.825149693891693,1.2733615497893402,-1.9668554963277487
10630.964252616,-2.825149693891693,1.2733615497893402,-1.9668554963277487
10630.972340597,-2.825149693891693,1.2733615497893402,-1.9668554963277487
10630.982246265,-2.825149693891693,1.2733615497893402,-1.9668554963277487
10630.99295246,-2.825149693891693,1.2733615497893402,-1.9668554963277487
10631.000009584,-2.825149693891693,1.2733615497893402,-1.9668554963277487
10631.012399372,-2.825149693891693,1.2733615497893402,-1.9668554963277487
10631.012972966,-2.8284059068926513,1.265587490967187,-1.9680478276418354
10631.013775788,-2.8284059068926513,1.265587490967187,-1.9680478276418354
10631.026061968,-2.8284059068926513,1.265587490967187,-1.9680478276418354
10631.033658571,-2.8284059068926513,1.265587490967187,-1.9680478276418354
10631.041901577,-2.8284059068926513,1.265587490967187,-1.9680478276418354
10631.047707544,-2.8331917870031886,1.2542203641257292,-1.9661945506183274
10631.053280667,-2.8331917870031886,1.2542203641257292,-1.9661945506183274
10631.055626632,-2.8331917870031886,1.2542203641257292,-1.9661945506183274
10631.062928373,-2.8331917870031886,1.2542203641257292,-1.9661945506183274
10631.075650715,-2.8331917870031886,1.2542203641257292,-1.9661945506183274
10631.085288031,-2.8331917870031886,1.2542203641257292,-1.9661945506183274
10631.093288124,-2.8331917870031886,1.2542203641257292,-1.9661945506183274
10631.099677414,-2.834262636896597,1.2534594323778716,-1.9684717508376057
10631.100632426,-2.834262636896597,1.2534594323778716,-1.9684717508376057
10631.107111316,-2.834262636896597,1.2534594323778716,-1.9684717508376057
10631.115171714,-2.834262636896597,1.2534594323778716,-1.9684717508376057
10631.124814,-2.834262636896597,1.2534594323778716,-1.9684717508376057
10631.131980012,-2.834262636896597,1.2534594323778716,-1.9684717508376057
10631.146009508,-2.834262636896597,1.2534594323778716,-1.9684717508376057
10631.152874896,-2.834262636896597,1.2534594323778716,-1.9684717508376057
10631.154220894,-2.835496453308085,1.2521221442892567,-1.9702072254538479
10631.164143485,-2.835496453308085,1.2521221442892567,-1.9702072254538479
10631.164912542,-2.835496453308085,1.2521221442892567,-1.9702072254538479
10631.175245405,-2.835496453308085,1.2521221442892567,-1.9702072254538479
10631.184153981,-2.835496453308085,1.2521221442892567,-1.9702072254538479
10631.194685594,-2.835496453308085,1.2521221442892567,-1.9702072254538479
10631.203024323,-2.835496453308085,1.2521221442892567,-1.9702072254538479
10631.203413605,-2.835496453308085,1.2521221442892567,-1.9702072254538479
10631.204013831,-2.8401688303786004,1.241044634337818,-1.9696817509055082
10631.215553156,-2.8401688303786004,1.241044634337818,-1.9696817509055082
10631.222307692,-2.8401688303786004,1.241044634337818,-1.9696817509055082
10631.232149589,-2.8401688303786004,1.241044634337818,-1.9696817509055082
10631.247223878,-2.8401688303786004,1.241044634337818,-1.9696817509055082
10631.250588878,-2.8401688303786004,1.241044634337818,-1.9696817509055082
10631.252587722,-2.8401688303786004,1.241044634337818,-1.9696817509055082
10631.253001541,-2.8433284597664126,1.2335319843008858,-1.968143474233144
10631.265940206,-2.8433284597664126,1.2335319843008858,-1.968143474233144
10631.270878708,-2.8433284597664126,1.2335319843008858,-1.968143474233144
10631.283127317,-2.8433284597664126,1.2335319843008858,-1.968143474233144
10631.29321944,-2.8433284597664126,1.2335319843008858,-1.968143474233144
10631.304948227,-2.8433284597664126,1.2335319843008858,-1.968143474233144
10631.307650042,-2.8433284597664126,1.2335319843008858,-1.968143474233144
10631.308546762,-2.8464899961639016,1.225992683076795,-1.9675841442465716
10631.315568048,-2.8464899961639016,1.225992683076795,-1.9675841442465716
10631.322516795,-2.8464899961639016,1.225992683076795,-1.9675841442465716
10631.334354019,-2.8464899961639016,1.225992683076795,-1.9675841442465716
10631.347229503,-2.8464899961639016,1.225992683076795,-1.9675841442465716
10631.349998165,-2.8464899961639016,1.225992683076795,-1.9675841442465716
10631.354409181,-2.8464899961639016,1.225992683076795,-1.9675841442465716
10631.354976924,-2.851352544684977,1.214363640392425,-1.9660973659872947
10631.364456079,-2.851352544684977,1.214363640392425,-1.9660973659872947
10631.373422766,-2.851352544684977,1.214363640392425,-1.9660973659872947
10631.383939159,-2.851352544684977,1.214363640392425,-1.9660973659872947
10631.392481787,-2.851352544684977,1.214363640392425,-1.9660973659872947
10631.406529838,-2.851352544684977,1.214363640392425,-1.9660973659872947
10631.407928787,-2.854445382766463,1.2069602151378307,-1.966936122548574
10631.410675748,-2.854445382766463,1.2069602151378307,-1.966936122548574
10631.413852278,-2.854445382766463,1.2069602151378307,-1.966936122548574
10631.423046338,-2.854445382766463,1.2069602151378307,-1.966936122548574
10631.435749163,-2.854445382766463,1.2069602151378307,-1.966936122548574
10631.446777743,-2.854445382766463,1.2069602151378307,-1.966936122548574
10631.450235761,-2.8593252077334,1.1952561008694746,-1.9646916500449119
10631.454115272,-2.8593252077334,1.1952561008694746,-1.9646916500449119
10631.458798517,-2.8593252077334,1.1952561008694746,-1.9646916500449119
10631.466359972,-2.8593252077334,1.1952561008694746,-1.9646916500449119
10631.473795949,-2.8593252077334,1.1952561008694746,-1.9646916500449119
10631.48355116,-2.8593252077334,1.1952561008694746,-1.9646916500449119
10631.497833448,-2.8593252077334,1.1952561008694746,-1.9646916500449119
10631.501330079,-2.862650008113127,1.187263826569181,-1.9653499237418113
10631.502430649,-2.862650008113127,1.187263826569181,-1.9653499237418113
10631.510089931,-2.862650008113127,1.187263826569181,-1.9653499237418113
10631.513240692,-2.862650008113127,1.187263826569181,-1.9653499237418113
10631.524730152,-2.862650008113127,1.187263826569181,-1.9653499237418113
10631.535756979,-2.862650008113127,1.187263826569181,-1.9653499237418113
10631.542335299,-2.862650008113127,1.187263826569181,-1.9653499237418113
10631.556873175,-2.862650008113127,1.187263826569181,-1.9653499237418113
10631.557825281,-2.8657668303012516,1.1797881314249512,-1.966269265782826
10631.566995416,-2.8657668303012516,1.1797881314249512,-1.966269265782826
10631.569682412,-2.8657668303012516,1.1797881314249512,-1.966269265782826
10631.573730245,-2.8657668303012516,1.1797881314249512,-1.966269265782826
10631.58366034,-2.8657668303012516,1.1797881314249512,-1.966269265782826
10631.59336794,-2.8657668303012516,1.1797881314249512,-1.966269265782826
10631.603292093,-2.8657668303012516,1.1797881314249512,-1.966269265782826
10631.605138806,-2.8657668303012516,1.1797881314249512,-1.966269265782826
10631.605869871,-2.8704352874396144,1.1685991864585186,-1.9658796898245738
10631.614970704,-2.8704352874396144,1.1685991864585186,-1.9658796898245738
10631.621755458,-2.8704352874396144,1.1685991864585186,-1.9658796898245738
10631.633072298,-2.8704352874396144,1.1685991864585186,-1.9658796898245738
10631.642074383,-2.8704352874396144,1.1685991864585186,-1.9658796898245738
10631.646633841,-2.8736318660193003,1.1609099466660244,-1.9636831394553114
10631.648508368,-2.8736318660193003,1.1609099466660244,-1.9636831394553114
10631.656858628,-2.8736318660193003,1.1609099466660244,-1.9636831394553114
10631.664243026,-2.8736318660193003,1.1609099466660244,-1.9636831394553114
10631.67498517,-2.8736318660193003,1.1609099466660244,-1.9636831394553114
10631.683589034,-2.8736318660193003,1.1609099466660244,-1.9636831394553114
10631.693772322,-2.8736318660193003,1.1609099466660244,-1.9636831394553114
10631.703678772,-2.8736318660193003,1.1609099466660244,-1.9636831394553114
10631.710150519,-2.8736318660193003,1.1609099466660244,-1.9636831394553114
10631.710804156,-2.876797068771361,1.1532351098419407,-1.9602320305228167
10631.715766022,-2.876797068771361,1.1532351098419407,-1.9602320305228167
10631.723811401,-2.876797068771361,1.1532351098419407,-1.9602320305228167
10631.734074421,-2.876797068771361,1.1532351098419407,-1.9602320305228167
10631.745113291,-2.876797068771361,1.1532351098419407,-1.9602320305228167
10631.750384868,-2.8815333478928062,1.141663392217973,-1.9583525768637595
10631.754343411,-2.8815333478928062,1.141663392217973,-1.9583525768637595
10631.757780468,-2.8815333478928062,1.141663392217973,-1.9583525768637595
10631.763133821,-2.8815333478928062,1.141663392217973,-1.9583525768637595
10631.773996124,-2.8815333478928062,1.141663392217973,-1.9583525768637595
10631.78467663,-2.8815333478928062,1.141663392217973,-1.9583525768637595
10631.793549689,-2.8815333478928062,1.141663392217973,-1.9583525768637595
10631.79991886,-2.8846283142156306,1.1340418558653176,-1.954716455113882
10631.802081476,-2.8846283142156306,1.1340418558653176,-1.954716455113882
10631.803042238,-2.8846283142156306,1.1340418558653176,-1.954716455113882
10631.816523228,-2.8846283142156306,1.1340418558653176,-1.954716455113882
10631.821978856,-2.8846283142156306,1.1340418558653176,-1.954716455113882
10631.833045629,-2.8846283142156306,1.1340418558653176,-1.954716455113882
10631.842317248,-2.8846283142156306,1.1340418558653176,-1.954716455113882
10631.853831184,-2.8846283142156306,1.1340418558653176,-1.954716455113882
10631.855067573,-2.88773355761292,1.1263152792206346,-1.9511475674033099
10631.859592245,-2.88773355761292,1.1263152792206346,-1.9511475674033099
10631.863859747,-2.88773355761292,1.1263152792206346,-1.9511475674033099
10631.873053327,-2.88773355761292,1.1263152792206346,-1.9511475674033099
10631.886889934,-2.88773355761292,1.1263152792206346,-1.9511475674033099
10631.89347126,-2.88773355761292,1.1263152792206346,-1.9511475674033099
10631.902312968,-2.8921391709833797,1.1153196391373548,-1.952611219060415
10631.905298404,-2.8921391709833797,1.1153196391373548,-1.952611219060415
10631.905802576,-2.8921391709833797,1.1153196391373548,-1.952611219060415
10631.91457944,-2.8921391709833797,1.1153196391373548,-1.952611219060415
10631.92560768,-2.8921391709833797,1.1153196391373548,-1.952611219060415
10631.93456574,-2.8921391709833797,1.1153196391373548,-1.952611219060415
10631.942698567,-2.8921391709833797,1.1153196391373548,-1.952611219060415
10631.945204327,-2.8950972302725195,1.107943086829359,-1.951732169759267
10631.949825914,-2.8950972302725195,1.107943086829359,-1.951732169759267
10631.95375532,-2.8950972302725195,1.107943086829359,-1.951732169759267
10631.963228854,-2.8950972302725195,1.107943086829359,-1.951732169759267
10631.974796152,-2.8950972302725195,1.107943086829359,-1.951732169759267
10631.983970605,-2.8950972302725195,1.107943086829359,-1.951732169759267
10631.990232382,-2.8950972302725195,1.107943086829359,-1.951732169759267
10632.004690535,-2.8950972302725195,1.107943086829359,-1.951732169759267
10632.008543867,-2.8981447894979357,1.1003024706446631,-1.9489121548056545
10632.009353191,-2.8981447894979357,1.1003024706446631,-1.9489121548056545
10632.015882517,-2.8981447894979357,1.1003024706446631,-1.9489121548056545
10632.027735891,-2.8981447894979357,1.1003024706446631,-1.9489121548056545
10632.034118889,-2.8981447894979357,1.1003024706446631,-1.9489121548056545
10632.045389231,-2.8981447894979357,1.1003024706446631,-1.9489121548056545
10632.048217657,-2.902688471154381,1.088844166508224,-1.9477214924216204
10632.054477529,-2.902688471154381,1.088844166508224,-1.9477214924216204
10632.056005003,-2.902688471154381,1.088844166508224,-1.9477214924216204
10632.066061219,-2.902688471154381,1.088844166508224,-1.9477214924216204
10632.073506032,-2.902688471154381,1.088844166508224,-1.9477214924216204
10632.082817757,-2.902688471154381,1.088844166508224,-1.9477214924216204
10632.09926795,-2.902688471154381,1.088844166508224,-1.9477214924216204
10632.101632181,-2.90573885322468,1.0811229750222442,-1.9463629833579001
10632.102493013,-2.90573885322468,1.0811229750222442,-1.9463629833579001
10632.104832176,-2.90573885322468,1.0811229750222442,-1.9463629833579001
10632.112107026,-2.90573885322468,1.0811229750222442,-1.9463629833579001
10632.122358222,-2.90573885322468,1.0811229750222442,-1.9463629833579001
10632.135132263,-2.90573885322468,1.0811229750222442,-1.9463629833579001
10632.14674595,-2.90573885322468,1.0811229750222442,-1.9463629833579001
10632.158871603,-2.90573885322468,1.0811229750222442,-1.9463629833579001
10632.16695255,-2.90573885322468,1.0811229750222442,-1.9463629833579001
10632.167389614,-2.9087096182536873,1.0735336586111195,-1.941441070210927
10632.170897747,-2.9087096182536873,1.0735336586111195,-1.941441070210927
10632.174676656,-2.9087096182536873,1.0735336586111195,-1.941441070210927
10632.184133488,-2.9087096182536873,1.0735336586111195,-1.941441070210927
10632.195998684,-2.9087096182536873,1.0735336586111195,-1.941441070210927
10632.203331073,-2.9087096182536873,1.0735336586111195,-1.941441070210927
10632.20525323,-2.9131138849255906,1.0621295118177079,-1.9372563473105362
10632.206137497,-2.9131138849255906,1.0621295118177079,-1.9372563473105362
10632.215670975,-2.9131138849255906,1.0621295118177079,-1.9372563473105362
10632.225703836,-2.9131138849255906,1.0621295118177079,-1.9372563473105362
10632.233986939,-2.9131138849255906,1.0621295118177079,-1.9372563473105362
10632.245167479,-2.9131138849255906,1.0621295118177079,-1.9372563473105362
10632.246582318,-2.916110129950258,1.0543057868948196,-1.9358141533255508
10632.249048794,-2.916110129950258,1.0543057868948196,-1.9358141533255508
10632.256481865,-2.916110129950258,1.0543057868948196,-1.9358141533255508
10632.262745224,-2.916110129950258,1.0543057868948196,-1.9358141533255508
10632.271582153,-2.916110129950258,1.0543057868948196,-1.9358141533255508
10632.282196393,-2.916110129950258,1.0543057868948196,-1.9358141533255508
10632.293591893,-2.916110129950258,1.0543057868948196,-1.9358141533255508
10632.307109262,-2.916110129950258,1.0543057868948196,-1.9358141533255508
10632.308199983,-2.9188756173854813,1.046990039983073,-1.9286072365164686
10632.310296012,-2.9188756173854813,1.046990039983073,-1.9286072365164686
10632.312568387,-2.9188756173854813,1.046990039983073,-1.9286072365164686
10632.323105159,-2.9188756173854813,1.046990039983073,-1.9286072365164686
10632.33414947,-2.9188756173854813,1.046990039983073,-1.9286072365164686
10632.344589267,-2.9188756173854813,1.046990039983073,-1.9286072365164686
10632.346857885,-2.922946985979263,1.0359741779651672,-1.9210264793753566
10632.357769121,-2.922946985979263,1.0359741779651672,-1.9210264793753566
10632.35849714,-2.922946985979263,1.0359741779651672,-1.9210264793753566
10632.364024345,-2.922946985979263,1.0359741779651672,-1.9210264793753566
10632.372548869,-2.922946985979263,1.0359741779651672,-1.9210264793753566
10632.382044785,-2.922946985979263,1.0359741779651672,-1.9210264793753566
10632.392096401,-2.922946985979263,1.0359741779651672,-1.9210264793753566
10632.407850727,-2.922946985979263,1.0359741779651672,-1.9210264793753566
10632.408618061,-2.922946985979263,1.0359741779651672,-1.9210264793753566
10632.409470998,-2.9257043054699077,1.0283047348515992,-1.910827647817128
10632.411694911,-2.9257043054699077,1.0283047348515992,-1.910827647817128
10632.421352325,-2.9257043054699077,1.0283047348515992,-1.910827647817128
10632.434780914,-2.9257043054699077,1.0283047348515992,-1.910827647817128
10632.444702452,-2.9257043054699077,1.0283047348515992,-1.910827647817128
10632.454058231,-2.9257043054699077,1.0283047348515992,-1.910827647817128
10632.460948613,-2.928381657776137,1.020633813952432,-1.9023790470480864
10632.4665957,-2.928381657776137,1.020633813952432,-1.9023790470480864
10632.468360176,-2.928381657776137,1.020633813952432,-1.9023790470480864
10632.472260557,-2.928381657776137,1.020633813952432,-1.9023790470480864
10632.484148176,-2.928381657776137,1.020633813952432,-1.9023790470480864
10632.491722356,-2.928381657776137,1.020633813952432,-1.9023790470480864
10632.5030427,-2.928381657776137,1.020633813952432,-1.9023790470480864
10632.506689189,-2.932075493921427,1.0098061171282346,-1.8967461696982324
10632.507867327,-2.932075493921427,1.0098061171282346,-1.8967461696982324
10632.51982994,-2.932075493921427,1.0098061171282346,-1.8967461696982324
10632.523360866,-2.932075493921427,1.0098061171282346,-1.8967461696982324
10632.532103745,-2.932075493921427,1.0098061171282346,-1.8967461696982324
10632.547069436,-2.932075493921427,1.0098061171282346,-1.8967461696982324
10632.548054265,-2.934923248888306,1.0028393014524275,-1.886382381594202
10632.550296142,-2.934923248888306,1.0028393014524275,-1.886382381594202
10632.554893814,-2.934923248888306,1.0028393014524275,-1.886382381594202
10632.564256145,-2.934923248888306,1.0028393014524275,-1.886382381594202
10632.570906259,-2.934923248888306,1.0028393014524275,-1.886382381594202
10632.583725708,-2.934923248888306,1.0028393014524275,-1.886382381594202
10632.592289917,-2.934923248888306,1.0028393014524275,-1.886382381594202
10632.602419081,-2.934923248888306,1.0028393014524275,-1.886382381594202
10632.606937992,-2.934923248888306,1.0028393014524275,-1.886382381594202
10632.607660791,-2.9492931103001867,1.0025620608416357,-1.8904762189047533
10632.617410391,-2.9492931103001867,1.0025620608416357,-1.8904762189047533
10632.627951963,-2.9492931103001867,1.0025620608416357,-1.8904762189047533
10632.632601543,-2.9492931103001867,1.0025620608416357,-1.8904762189047533
10632.64719818,-2.9492931103001867,1.0025620608416357,-1.8904762189047533
10632.648318057,-2.9608380386613167,0.996614951730331,-1.8965116991033286
10632.65451019,-2.9608380386613167,0.996614951730331,-1.8965116991033286
10632.656673066,-2.9608380386613167,0.996614951730331,-1.8965116991033286
10632.665500547,-2.9608380386613167,0.996614951730331,-1.8965116991033286
10632.674471221,-2.9608380386613167,0.996614951730331,-1.8965116991033286
10632.683392561,-2.9608380386613167,0.996614951730331,-1.8965116991033286
10632.693748197,-2.9608380386613167,0.996614951730331,-1.8965116991033286
10632.706410695,-2.9608380386613167,0.996614951730331,-1.8965116991033286
10632.711511075,-2.9608380386613167,0.996614951730331,-1.8965116991033286
10632.712046988,-2.9608380386613167,0.996614951730331,-1.8965116991033286
10632.712753596,-2.9632756421435364,0.989236814723296,-1.8832649244298665
10632.72332825,-2.9632756421435364,0.989236814723296,-1.8832649244298665
10632.733750463,-2.9632756421435364,0.989236814723296,-1.8832649244298665
10632.742856906,-2.9632756421435364,0.989236814723296,-1.8832649244298665
10632.750181721,-2.966673510094912,0.9785514202092734,-1.8740881933202478
10632.754281482,-2.966673510094912,0.9785514202092734,-1.8740881933202478
10632.755322117,-2.966673510094912,0.9785514202092734,-1.8740881933202478
10632.762862192,-2.966673510094912,0.9785514202092734,-1.8740881933202478
10632.771453282,-2.966673510094912,0.9785514202092734,-1.8740881933202478
10632.783969981,-2.966673510094912,0.9785514202092734,-1.8740881933202478
10632.791547117,-2.966673510094912,0.9785514202092734,-1.8740881933202478
10632.803336058,-2.968953318728282,0.9711494892234528,-1.8650678647985197
10632.804960627,-2.968953318728282,0.9711494892234528,-1.8650678647985197
10632.808412933,-2.968953318728282,0.9711494892234528,-1.8650678647985197
10632.811486858,-2.968953318728282,0.9711494892234528,-1.8650678647985197
10632.821130375,-2.968953318728282,0.9711494892234528,-1.8650678647985197
10632.833926788,-2.968953318728282,0.9711494892234528,-1.8650678647985197
10632.846425383,-2.968953318728282,0.9711494892234528,-1.8650678647985197
10632.849549523,-2.9711860926096127,0.9637068057540344,-1.8594306959142426
10632.853061302,-2.9711860926096127,0.9637068057540344,-1.8594306959142426
10632.855005842,-2.9711860926096127,0.9637068057540344,-1.8594306959142426
10632.863834947,-2.9711860926096127,0.9637068057540344,-1.8594306959142426
10632.872696402,-2.9711860926096127,0.9637068057540344,-1.8594306959142426
10632.88595179,-2.9711860926096127,0.9637068057540344,-1.8594306959142426
10632.892909785,-2.9711860926096127,0.9637068057540344,-1.8594306959142426
10632.905191165,-2.9711860926096127,0.9637068057540344,-1.8594306959142426
10632.906968876,-2.9733115940716313,0.9563907932713652,-1.847649480246517
10632.908260601,-2.9733115940716313,0.9563907932713652,-1.847649480246517
10632.91374311,-2.9733115940716313,0.9563907932713652,-1.847649480246517
10632.924789945,-2.9733115940716313,0.9563907932713652,-1.847649480246517
10632.939782825,-2.9733115940716313,0.9563907932713652,-1.847649480246517
10632.943229083,-2.9733115940716313,0.9563907932713652,-1.847649480246517
10632.94810731,-2.97639908183209,0.9453485727416006,-1.839232589148495
10632.956756931,-2.97639908183209,0.9453485727416006,-1.839232589148495
10632.95788835,-2.97639908183209,0.9453485727416006,-1.839232589148495
10632.961502946,-2.97639908183209,0.9453485727416006,-1.839232589148495
10632.97439475,-2.97639908183209,0.9453485727416006,-1.839232589148495
10632.984717975,-2.97639908183209,0.9453485727416006,-1.839232589148495
10632.991214739,-2.97639908183209,0.9453485727416006,-1.839232589148495
10633.003116926,-2.97639908183209,0.9453485727416006,-1.839232589148495
10633.011713226,-2.9783796106255744,0.9379919905997492,-1.8283268465032314
10633.012606681,-2.9783796106255744,0.9379919905997492,-1.8283268465032314
10633.021811341,-2.9783796106255744,0.9379919905997492,-1.8283268465032314
10633.029194517,-2.9783796106255744,0.9379919905997492,-1.8283268465032314
10633.038355434,-2.9783796106255744,0.9379919905997492,-1.8283268465032314
10633.048757709,-2.9783796106255744,0.9379919905997492,-1.8283268465032314
10633.059956043,-2.9783796106255744,0.9379919905997492,-1.8283268465032314
10633.060455646,-2.9783796106255744,0.9379919905997492,-1.8283268465032314
10633.061001938,-2.981269301266904,0.9268963652051913,-1.822816993140194
10633.072955142,-2.981269301266904,0.9268963652051913,-1.822816993140194
10633.081441072,-2.981269301266904,0.9268963652051913,-1.822816993140194
10633.088892367,-2.981269301266904,0.9268963652051913,-1.822816993140194
10633.098599997,-2.981269301266904,0.9268963652051913,-1.822816993140194
10633.102980945,-2.981269301266904,0.9268963652051913,-1.822816993140194
10633.11478233,-2.981269301266904,0.9268963652051913,-1.822816993140194
10633.115351936,-2.983178100386272,0.9193379731591165,-1.813511992835019
10633.126844642,-2.983178100386272,0.9193379731591165,-1.813511992835019
10633.147472796,-2.983178100386272,0.9193379731591165,-1.813511992835019
10633.160420507,-2.983178100386272,0.9193379731591165,-1.813511992835019
10633.161023177,-2.983178100386272,0.9193379731591165,-1.813511992835019
10633.175611278,-2.983178100386272,0.9193379731591165,-1.813511992835019
10633.176072929,-2.9849332845950443,0.9121326386260471,-1.805963660620662
10633.178917656,-2.9849332845950443,0.9121326386260471,-1.805963660620662
10633.182343191,-2.9849332845950443,0.9121326386260471,-1.805963660620662
10633.18652013,-2.9849332845950443,0.9121326386260471,-1.805963660620662
10633.191622454,-2.9849332845950443,0.9121326386260471,-1.805963660620662
10633.19440389,-2.9849332845950443,0.9121326386260471,-1.805963660620662
10633.204754507,-2.9849332845950443,0.9121326386260471,-1.805963660620662
10633.206637279,-2.9866583045006028,0.9047639654466981,-1.7955502523412452
10633.207978809,-2.9866583045006028,0.9047639654466981,-1.7955502523412452
10633.212761092,-2.9866583045006028,0.9047639654466981,-1.7955502523412452
10633.222722155,-2.9866583045006028,0.9047639654466981,-1.7955502523412452
10633.236947234,-2.9866583045006028,0.9047639654466981,-1.7955502523412452
10633.249229906,-2.9866583045006028,0.9047639654466981,-1.7955502523412452
10633.252225622,-2.9866583045006028,0.9047639654466981,-1.7955502523412452
10633.256097157,-2.9866583045006028,0.9047639654466981,-1.7955502523412452
10633.256732209,-2.989073926815071,0.8939701987032496,-1.7863823427190522
10633.264300267,-2.989073926815071,0.8939701987032496,-1.7863823427190522
10633.275872395,-2.989073926815071,0.8939701987032496,-1.7863823427190522
10633.282282684,-2.989073926815071,0.8939701987032496,-1.7863823427190522
10633.292912884,-2.989073926815071,0.8939701987032496,-1.7863823427190522
10633.303317564,-2.989073926815071,0.8939701987032496,-1.7863823427190522
10633.309971458,-2.989073926815071,0.8939701987032496,-1.7863823427190522
10633.313853605,-2.989073926815071,0.8939701987032496,-1.7863823427190522
10633.314781164,-2.9906092406295555,0.8866889639771367,-1.770839835547421
10633.323472475,-2.9906092406295555,0.8866889639771367,-1.770839835547421
10633.331948436,-2.9906092406295555,0.8866889639771367,-1.770839835547421
10633.342698514,-2.9906092406295555,0.8866889639771367,-1.770839835547421
10633.352064072,-2.9906092406295555,0.8866889639771367,-1.770839835547421
10633.352826437,-2.992817714674647,0.8754379259232016,-1.7584055913915366
10633.362166465,-2.992817714674647,0.8754379259232016,-1.7584055913915366
10633.364343218,-2.992817714674647,0.8754379259232016,-1.7584055913915366
10633.372396713,-2.992817714674647,0.8754379259232016,-1.7584055913915366
10633.383304161,-2.992817714674647,0.8754379259232016,-1.7584055913915366
10633.393738087,-2.992817714674647,0.8754379259232016,-1.7584055913915366
10633.400834615,-2.992817714674647,0.8754379259232016,-1.7584055913915366
10633.406821627,-2.992817714674647,0.8754379259232016,-1.7584055913915366
10633.409393313,-2.9942413324250436,0.8677733243744564,-1.7504800809850427
10633.420183157,-2.9942413324250436,0.8677733243744564,-1.7504800809850427
10633.42488103,-2.9942413324250436,0.8677733243744564,-1.7504800809850427
10633.430956009,-2.9942413324250436,0.8677733243744564,-1.7504800809850427
10633.442841294,-2.9942413324250436,0.8677733243744564,-1.7504800809850427
10633.446383732,-2.9942413324250436,0.8677733243744564,-1.7504800809850427
10633.447465606,-2.9956235376919653,0.8600497155855715,-1.745280410193417
10633.454003328,-2.9956235376919653,0.8600497155855715,-1.745280410193417
10633.461965699,-2.9956235376919653,0.8600497155855715,-1.745280410193417
10633.473754919,-2.9956235376919653,0.8600497155855715,-1.745280410193417
10633.483954829,-2.9956235376919653,0.8600497155855715,-1.745280410193417
10633.493567978,-2.9956235376919653,0.8600497155855715,-1.745280410193417
10633.505484021,-2.9956235376919653,0.8600497155855715,-1.745280410193417
10633.506631397,-2.9956235376919653,0.8600497155855715,-1.745280410193417
10633.507982364,-2.9969193518821196,0.8524908437943617,-1.7358707441320165
10633.513051728,-2.9969193518821196,0.8524908437943617,-1.7358707441320165
10633.522018184,-2.9969193518821196,0.8524908437943617,-1.7358707441320165
10633.531899425,-2.9969193518821196,0.8524908437943617,-1.7358707441320165
10633.544586088,-2.9969193518821196,0.8524908437943617,-1.7358707441320165
10633.54779455,-2.9987737424958376,0.8410991165037912,-1.7284590257634855
10633.553942629,-2.9987737424958376,0.8410991165037912,-1.7284590257634855
10633.556258286,-2.9987737424958376,0.8410991165037912,-1.7284590257634855
10633.563993122,-2.9987737424958376,0.8410991165037912,-1.7284590257634855
10633.572179921,-2.9987737424958376,0.8410991165037912,-1.7284590257634855
10633.583979031,-2.9987737424958376,0.8410991165037912,-1.7284590257634855
10633.593192928,-2.9987737424958376,0.8410991165037912,-1.7284590257634855
10633.609265848,-2.9987737424958376,0.8410991165037912,-1.7284590257634855
10633.610517025,-2.9998661014881245,0.8339175516440637,-1.7150315298070644
10633.619524743,-2.9998661014881245,0.8339175516440637,-1.7150315298070644
10633.619991494,-2.9998661014881245,0.8339175516440637,-1.7150315298070644
10633.622995144,-2.9998661014881245,0.8339175516440637,-1.7150315298070644
10633.633033752,-2.9998661014881245,0.8339175516440637,-1.7150315298070644
10633.646234569,-2.9998661014881245,0.8339175516440637,-1.7150315298070644
10633.648744053,-2.9998661014881245,0.8339175516440637,-1.7150315298070644
10633.649611568,-3.001425697924796,0.8227883530633582,-1.705018903159116
10633.654586299,-3.001425697924796,0.8227883530633582,-1.705018903159116
10633.661202294,-3.001425697924796,0.8227883530633582,-1.705018903159116
10633.672191639,-3.001425697924796,0.8227883530633582,-1.705018903159116
10633.68303231,-3.001425697924796,0.8227883530633582,-1.705018903159116
10633.69376235,-3.001425697924796,0.8227883530633582,-1.705018903159116
10633.701700284,-3.0023414186298036,0.8157097244644493,-1.6938730730046967
10633.703874512,-3.0023414186298036,0.8157097244644493,-1.6938730730046967
10633.704189282,-3.0023414186298036,0.8157097244644493,-1.6938730730046967
10633.713106795,-3.0023414186298036,0.8157097244644493,-1.6938730730046967
10633.725914319,-3.0023414186298036,0.8157097244644493,-1.6938730730046967
10633.735906552,-3.0023414186298036,0.8157097244644493,-1.6938730730046967
10633.743547719,-3.0023414186298036,0.8157097244644493,-1.6938730730046967
10633.753879099,-3.0023414186298036,0.8157097244644493,-1.6938730730046967
10633.758933138,-3.0034501662210054,0.8082899754863905,-1.6761452930410268
10633.760774443,-3.0034501662210054,0.8082899754863905,-1.6761452930410268
10633.765100456,-3.0034501662210054,0.8082899754863905,-1.6761452930410268
10633.770972108,-3.0034501662210054,0.8082899754863905,-1.6761452930410268
10633.784070704,-3.0034501662210054,0.8082899754863905,-1.6761452930410268
10633.794974068,-3.0034501662210054,0.8082899754863905,-1.6761452930410268
10633.805753252,-3.0034501662210054,0.8082899754863905,-1.6761452930410268
10633.806675071,-3.0034501662210054,0.8082899754863905,-1.6761452930410268
10633.807083711,-3.010666090317568,0.8016774762240674,-1.6705214852316563
10633.817114166,-3.010666090317568,0.8016774762240674,-1.6705214852316563
10633.825249657,-3.010666090317568,0.8016774762240674,-1.6705214852316563
10633.833154287,-3.010666090317568,0.8016774762240674,-1.6705214852316563
10633.842249678,-3.010666090317568,0.8016774762240674,-1.6705214852316563
10633.84882864,-3.0166184090300208,0.7981115928459278,-1.663695473168192
10633.849831313,-3.0166184090300208,0.7981115928459278,-1.663695473168192
10633.856477291,-3.0166184090300208,0.7981115928459278,-1.663695473168192
10633.865641013,-3.0166184090300208,0.7981115928459278,-1.663695473168192
10633.875158921,-3.0166184090300208,0.7981115928459278,-1.663695473168192
10633.882029739,-3.0166184090300208,0.7981115928459278,-1.663695473168192
10633.896579276,-3.0166184090300208,0.7981115928459278,-1.663695473168192
10633.903584801,-3.0166184090300208,0.7981115928459278,-1.663695473168192
10633.908237978,-3.0166184090300208,0.7981115928459278,-1.663695473168192
10633.908992197,-3.017232960863165,0.7908226659853155,-1.646125454399882
10633.914847928,-3.017232960863165,0.7908226659853155,-1.646125454399882
10633.928117503,-3.017232960863165,0.7908226659853155,-1.646125454399882
10633.934651889,-3.017232960863165,0.7908226659853155,-1.646125454399882
10633.944841238,-3.017232960863165,0.7908226659853155,-1.646125454399882
10633.949478485,-3.017232960863165,0.7908226659853155,-1.646125454399882
10633.951997791,-3.0179894558359015,0.7798639079061094,-1.6333106941917512
10633.957032797,-3.0179894558359015,0.7798639079061094,-1.6333106941917512
10633.964940062,-3.0179894558359015,0.7798639079061094,-1.6333106941917512
10633.974926063,-3.0179894558359015,0.7798639079061094,-1.6333106941917512
10633.982324597,-3.0179894558359015,0.7798639079061094,-1.6333106941917512
10633.998189864,-3.0179894558359015,0.7798639079061094,-1.6333106941917512
10634.008599974,-3.0179894558359015,0.7798639079061094,-1.6333106941917512
10634.009517014,-3.0179894558359015,0.7798639079061094,-1.6333106941917512
10634.010334684,-3.01841278264925,0.772459968971375,-1.6225093788841347
10634.013862634,-3.01841278264925,0.772459968971375,-1.6225093788841347
10634.025430733,-3.01841278264925,0.772459968971375,-1.6225093788841347
10634.034342705,-3.01841278264925,0.772459968971375,-1.6225093788841347
10634.046699299,-3.01841278264925,0.772459968971375,-1.6225093788841347
10634.054956932,-3.01841278264925,0.772459968971375,-1.6225093788841347
10634.05588865,-3.0187487374343718,0.764950205958154,-1.608495134804545
10634.059218402,-3.0187487374343718,0.764950205958154,-1.608495134804545
10634.066044705,-3.0187487374343718,0.764950205958154,-1.608495134804545
10634.073723732,-3.0187487374343718,0.764950205958154,-1.608495134804545
10634.082964504,-3.0187487374343718,0.764950205958154,-1.608495134804545
10634.093354055,-3.0187487374343718,0.764950205958154,-1.608495134804545
10634.100483446,-3.0191186848407776,0.7538449749459869,-1.5996986813285927
10634.102360577,-3.0191186848407776,0.7538449749459869,-1.5996986813285927
10634.103190791,-3.0191186848407776,0.7538449749459869,-1.5996986813285927
10634.116237541,-3.0191186848407776,0.7538449749459869,-1.5996986813285927
10634.123078942,-3.0191186848407776,0.7538449749459869,-1.5996986813285927
10634.136801311,-3.0191186848407776,0.7538449749459869,-1.5996986813285927
10634.141457174,-3.0191186848407776,0.7538449749459869,-1.5996986813285927
10634.145796943,-3.0192997457203328,0.7464817910237909,-1.5910641140678508
10634.151722968,-3.0192997457203328,0.7464817910237909,-1.5910641140678508
10634.153585832,-3.0192997457203328,0.7464817910237909,-1.5910641140678508
10634.163844253,-3.0192997457203328,0.7464817910237909,-1.5910641140678508
10634.173834973,-3.0192997457203328,0.7464817910237909,-1.5910641140678508
10634.18363565,-3.0192997457203328,0.7464817910237909,-1.5910641140678508
10634.191953288,-3.0192997457203328,0.7464817910237909,-1.5910641140678508
10634.203773168,-3.0192997457203328,0.7464817910237909,-1.5910641140678508
10634.212245641,-3.0192997457203328,0.7464817910237909,-1.5910641140678508
10634.213359947,-3.019408197273547,0.7390412395720297,-1.5796779579856972
10634.2143943,-3.019408197273547,0.7390412395720297,-1.5796779579856972
10634.223873394,-3.019408197273547,0.7390412395720297,-1.5796779579856972
10634.23088485,-3.019408197273547,0.7390412395720297,-1.5796779579856972
10634.242907586,-3.019408197273547,0.7390412395720297,-1.5796779579856972
10634.24603324,-3.0194612702891046,0.7276009324415371,-1.5711928791740517
10634.257349598,-3.0194612702891046,0.7276009324415371,-1.5711928791740517
10634.258193017,-3.0194612702891046,0.7276009324415371,-1.5711928791740517
10634.262532246,-3.0194612702891046,0.7276009324415371,-1.5711928791740517
10634.277124614,-3.0194612702891046,0.7276009324415371,-1.5711928791740517
10634.284842969,-3.0194612702891046,0.7276009324415371,-1.5711928791740517
10634.293168853,-3.0194612702891046,0.7276009324415371,-1.5711928791740517
10634.306264616,-3.0194612702891046,0.7276009324415371,-1.5711928791740517
10634.307716165,-3.019432379012259,0.7206658645579342,-1.5620678848960976
10634.311392849,-3.019432379012259,0.7206658645579342,-1.5620678848960976
10634.318553881,-3.019432379012259,0.7206658645579342,-1.5620678848960976
10634.324105542,-3.019432379012259,0.7206658645579342,-1.5620678848960976
10634.333134888,-3.019432379012259,0.7206658645579342,-1.5620678848960976
10634.347524931,-3.019432379012259,0.7206658645579342,-1.5620678848960976
10634.3550676,-3.019290468507326,0.7129474096810532,-1.5427571720817663
10634.360205462,-3.019290468507326,0.7129474096810532,-1.5427571720817663
10634.362820261,-3.019290468507326,0.7129474096810532,-1.5427571720817663
10634.367450514,-3.019290468507326,0.7129474096810532,-1.5427571720817663
10634.372539182,-3.019290468507326,0.7129474096810532,-1.5427571720817663
10634.383150336,-3.019290468507326,0.7129474096810532,-1.5427571720817663
10634.392656912,-3.019290468507326,0.7129474096810532,-1.5427571720817663
10634.403427569,-3.019290468507326,0.7129474096810532,-1.5427571720817663
10634.404950114,-3.019290468507326,0.7129474096810532,-1.5427571720817663
10634.405769186,-3.018909485932914,0.7015639744253795,-1.531924147103129
10634.414955341,-3.018909485932914,0.7015639744253795,-1.531924147103129
10634.422027733,-3.018909485932914,0.7015639744253795,-1.531924147103129
10634.433892488,-3.018909485932914,0.7015639744253795,-1.531924147103129
10634.446239633,-3.018909485932914,0.7015639744253795,-1.531924147103129
10634.447937252,-3.018598567131395,0.6943571325500745,-1.5234376377800085
10634.450869185,-3.018598567131395,0.6943571325500745,-1.5234376377800085
10634.455147116,-3.018598567131395,0.6943571325500745,-1.5234376377800085
10634.462302927,-3.018598567131395,0.6943571325500745,-1.5234376377800085
10634.473790132,-3.018598567131395,0.6943571325500745,-1.5234376377800085
10634.482481703,-3.018598567131395,0.6943571325500745,-1.5234376377800085
10634.492494194,-3.018598567131395,0.6943571325500745,-1.5234376377800085
10634.505156561,-3.018598567131395,0.6943571325500745,-1.5234376377800085
10634.508339413,-3.018598567131395,0.6943571325500745,-1.5234376377800085
10634.509385057,-3.018196847775317,0.686774560589768,-1.5122953839042765
10634.515641052,-3.018196847775317,0.686774560589768,-1.5122953839042765
10634.525291002,-3.018196847775317,0.686774560589768,-1.5122953839042765
10634.536195825,-3.018196847775317,0.686774560589768,-1.5122953839042765
10634.548189246,-3.018196847775317,0.686774560589768,-1.5122953839042765
10634.550046669,-3.0174950082100658,0.6755331930511111,-1.5045918411949257
10634.550993405,-3.0174950082100658,0.6755331930511111,-1.5045918411949257
10634.556222801,-3.0174950082100658,0.6755331930511111,-1.5045918411949257
10634.564908481,-3.0174950082100658,0.6755331930511111,-1.5045918411949257
10634.571178112,-3.0174950082100658,0.6755331930511111,-1.5045918411949257
10634.582996328,-3.0174950082100658,0.6755331930511111,-1.5045918411949257
10634.595279271,-3.0174950082100658,0.6755331930511111,-1.5045918411949257
10634.603261485,-3.0174950082100658,0.6755331930511111,-1.5045918411949257
10634.613746892,-3.016969106427992,0.6683388433492693,-1.4910618252494905
10634.615521307,-3.016969106427992,0.6683388433492693,-1.4910618252494905
10634.615815959,-3.016969106427992,0.6683388433492693,-1.4910618252494905
10634.625873937,-3.016969106427992,0.6683388433492693,-1.4910618252494905
10634.634749469,-3.016969106427992,0.6683388433492693,-1.4910618252494905
10634.645280249,-3.016969106427992,0.6683388433492693,-1.4910618252494905
10634.651495105,-3.016969106427992,0.6683388433492693,-1.4910618252494905
10634.652174241,-3.0159919611463364,0.6568894130502047,-1.4802545494773958
10634.656916849,-3.0159919611463364,0.6568894130502047,-1.4802545494773958
10634.663480671,-3.0159919611463364,0.6568894130502047,-1.4802545494773958
10634.674397227,-3.0159919611463364,0.6568894130502047,-1.4802545494773958
10634.682003347,-3.0159919611463364,0.6568894130502047,-1.4802545494773958
10634.693038229,-3.0159919611463364,0.6568894130502047,-1.4802545494773958
10634.701510041,-3.015263267159402,0.6494075408776936,-1.4671613163688757
10634.702865246,-3.015263267159402,0.6494075408776936,-1.4671613163688757
10634.705579594,-3.015263267159402,0.6494075408776936,-1.4671613163688757
10634.715032377,-3.015263267159402,0.6494075408776936,-1.4671613163688757
10634.721630385,-3.015263267159402,0.6494075408776936,-1.4671613163688757
10634.733826322,-3.015263267159402,0.6494075408776936,-1.4671613163688757
10634.743319962,-3.015263267159402,0.6494075408776936,-1.4671613163688757
10634.74680447,-3.0147182861007704,0.6415952021737664,-1.455717049032573
10634.74949849,-3.0147182861007704,0.6415952021737664,-1.455717049032573
10634.753757565,-3.0147182861007704,0.6415952021737664,-1.455717049032573
10634.762717127,-3.0147182861007704,0.6415952021737664,-1.455717049032573
10634.774520976,-3.0147182861007704,0.6415952021737664,-1.455717049032573
10634.783521116,-3.0147182861007704,0.6415952021737664,-1.455717049032573
10634.793159814,-3.0147182861007704,0.6415952021737664,-1.455717049032573
10634.806700165,-3.0147182861007704,0.6415952021737664,-1.455717049032573
10634.807411042,-3.0222216650488667,0.6279637877744648,-1.4524967549152563
10634.808044801,-3.0222216650488667,0.6279637877744648,-1.4524967549152563
10634.814665611,-3.0222216650488667,0.6279637877744648,-1.4524967549152563
10634.823970953,-3.0222216650488667,0.6279637877744648,-1.4524967549152563
10634.83709491,-3.0222216650488667,0.6279637877744648,-1.4524967549152563
10634.841872264,-3.0222216650488667,0.6279637877744648,-1.4524967549152563
10634.846526352,-3.0264327252031444,0.6126710472393645,-1.4519237195306816
10634.849656494,-3.0264327252031444,0.6126710472393645,-1.4519237195306816
10634.854645702,-3.0264327252031444,0.6126710472393645,-1.4519237195306816
10634.862706249,-3.0264327252031444,0.6126710472393645,-1.4519237195306816
10634.872996651,-3.0264327252031444,0.6126710472393645,-1.4519237195306816
10634.880960574,-3.0264327252031444,0.6126710472393645,-1.4519237195306816
10634.892320606,-3.0264327252031444,0.6126710472393645,-1.4519237195306816
10634.900425338,-3.0264327252031444,0.6126710472393645,-1.4519237195306816
10634.901281461,-3.025499994662529,0.6051863565160771,-1.441710344439129
10634.903711717,-3.025499994662529,0.6051863565160771,-1.441710344439129
10634.91160752,-3.025499994662529,0.6051863565160771,-1.441710344439129
10634.921255356,-3.025499994662529,0.6051863565160771,-1.441710344439129
10634.932839405,-3.025499994662529,0.6051863565160771,-1.441710344439129
10634.940920582,-3.025499994662529,0.6051863565160771,-1.441710344439129
10634.955684237,-3.025499994662529,0.6051863565160771,-1.441710344439129
10634.956100691,-3.0244907102928638,0.597864874879312,-1.4259041463190114
10634.958098272,-3.0244907102928638,0.597864874879312,-1.4259041463190114
10634.965775137,-3.0244907102928638,0.597864874879312,-1.4259041463190114
10634.975013251,-3.0244907102928638,0.597864874879312,-1.4259041463190114
10634.989429744,-3.0244907102928638,0.597864874879312,-1.4259041463190114
10634.992476617,-3.0244907102928638,0.597864874879312,-1.4259041463190114
10635.004823662,-3.0227947345530355,0.5867044362102197,-1.4140697633081487
10635.009270685,-3.0227947345530355,0.5867044362102197,-1.4140697633081487
10635.014264192,-3.0227947345530355,0.5867044362102197,-1.4140697633081487
10635.019335977,-3.0227947345530355,0.5867044362102197,-1.4140697633081487
10635.022744911,-3.0227947345530355,0.5867044362102197,-1.4140697633081487
10635.033020734,-3.0227947345530355,0.5867044362102197,-1.4140697633081487
10635.044800607,-3.0227947345530355,0.5867044362102197,-1.4140697633081487
10635.04613926,-3.021593825471423,0.5793093480147004,-1.40554796803532
10635.047723653,-3.021593825471423,0.5793093480147004,-1.40554796803532
10635.054201127,-3.021593825471423,0.5793093480147004,-1.40554796803532
10635.062969478,-3.021593825471423,0.5793093480147004,-1.40554796803532
10635.078151692,-3.021593825471423,0.5793093480147004,-1.40554796803532
10635.083204291,-3.021593825471423,0.5793093480147004,-1.40554796803532
10635.092087217,-3.021593825471423,0.5793093480147004,-1.40554796803532
10635.10541904,-3.021593825471423,0.5793093480147004,-1.40554796803532
10635.110050506,-3.0203255506114024,0.5720025705978349,-1.3923190747552907
10635.110841796,-3.0203255506114024,0.5720025705978349,-1.3923190747552907
10635.117283354,-3.0203255506114024,0.5720025705978349,-1.3923190747552907
10635.122376701,-3.0203255506114024,0.5720025705978349,-1.3923190747552907
10635.134311599,-3.0203255506114024,0.5720025705978349,-1.3923190747552907
10635.146677771,-3.0203255506114024,0.5720025705978349,-1.3923190747552907
10635.15123277,-3.0203255506114024,0.5720025705978349,-1.3923190747552907
10635.151846952,-3.0183047787154953,0.5610764780729747,-1.383508316164593
10635.15444601,-3.0183047787154953,0.5610764780729747,-1.383508316164593
10635.164519358,-3.0183047787154953,0.5610764780729747,-1.383508316164593
10635.176342714,-3.0183047787154953,0.5610764780729747,-1.383508316164593
10635.18393071,-3.0183047787154953,0.5610764780729747,-1.383508316164593
10635.195377938,-3.0183047787154953,0.5610764780729747,-1.383508316164593
10635.202755372,-3.016926716421768,0.5539442227272156,-1.3763571893030206
10635.203897741,-3.016926716421768,0.5539442227272156,-1.3763571893030206
10635.207278201,-3.016926716421768,0.5539442227272156,-1.3763571893030206
10635.214354711,-3.016926716421768,0.5539442227272156,-1.3763571893030206
10635.223891865,-3.016926716421768,0.5539442227272156,-1.3763571893030206
10635.231396572,-3.016926716421768,0.5539442227272156,-1.3763571893030206
10635.245996915,-3.016926716421768,0.5539442227272156,-1.3763571893030206
10635.255506668,-3.016926716421768,0.5539442227272156,-1.3763571893030206
10635.256686175,-3.0154442605378664,0.5466520425183903,-1.364113918428997
10635.258740046,-3.0154442605378664,0.5466520425183903,-1.364113918428997
10635.261600683,-3.0154442605378664,0.5466520425183903,-1.364113918428997
10635.274328835,-3.0154442605378664,0.5466520425183903,-1.364113918428997
10635.2849772,-3.0154442605378664,0.5466520425183903,-1.364113918428997
10635.291906789,-3.0154442605378664,0.5466520425183903,-1.364113918428997
10635.299921429,-3.0132108608133485,0.536232926571246,-1.355157724505047
10635.300490855,-3.0132108608133485,0.536232926571246,-1.355157724505047
10635.305026839,-3.0132108608133485,0.536232926571246,-1.355157724505047
10635.31153283,-3.0132108608133485,0.536232926571246,-1.355157724505047
10635.322727728,-3.0132108608133485,0.536232926571246,-1.355157724505047
10635.332993772,-3.0132108608133485,0.536232926571246,-1.355157724505047
10635.340601636,-3.0132108608133485,0.536232926571246,-1.355157724505047
10635.357830975,-3.0132108608133485,0.536232926571246,-1.355157724505047
10635.358925273,-3.011613642706454,0.5292243878016117,-1.338296524172405
10635.365409313,-3.011613642706454,0.5292243878016117,-1.338296524172405
10635.376817797,-3.011613642706454,0.5292243878016117,-1.338296524172405
10635.378065016,-3.011613642706454,0.5292243878016117,-1.338296524172405
10635.383748559,-3.011613642706454,0.5292243878016117,-1.338296524172405
10635.395003627,-3.011613642706454,0.5292243878016117,-1.338296524172405
10635.402773934,-3.011613642706454,0.5292243878016117,-1.338296524172405
10635.405009829,-3.011613642706454,0.5292243878016117,-1.338296524172405
10635.40612649,-3.0090270702957547,0.5185223779599918,-1.3290108357721366
10635.414929223,-3.0090270702957547,0.5185223779599918,-1.3290108357721366
10635.422306817,-3.0090270702957547,0.5185223779599918,-1.3290108357721366
10635.437144032,-3.0090270702957547,0.5185223779599918,-1.3290108357721366
10635.443121966,-3.0090270702957547,0.5185223779599918,-1.3290108357721366
10635.445741343,-3.0071497171489234,0.5110604690047816,-1.3196297799402277
10635.454258371,-3.0071497171489234,0.5110604690047816,-1.3196297799402277
10635.456219983,-3.0071497171489234,0.5110604690047816,-1.3196297799402277
10635.462780599,-3.0071497171489234,0.5110604690047816,-1.3196297799402277
10635.47483194,-3.0071497171489234,0.5110604690047816,-1.3196297799402277
10635.482162775,-3.0071497171489234,0.5110604690047816,-1.3196297799402277
10635.491975314,-3.0071497171489234,0.5110604690047816,-1.3196297799402277
10635.503267316,-3.0071497171489234,0.5110604690047816,-1.3196297799402277
10635.507004906,-3.0053453228836062,0.5042070304869771,-1.307081333284954
10635.507920693,-3.0053453228836062,0.5042070304869771,-1.307081333284954
10635.514277781,-3.0053453228836062,0.5042070304869771,-1.307081333284954
10635.524654466,-3.0053453228836062,0.5042070304869771,-1.307081333284954
10635.536410193,-3.0053453228836062,0.5042070304869771,-1.307081333284954
10635.542324155,-3.0053453228836062,0.5042070304869771,-1.307081333284954
10635.547797246,-3.002360530240688,0.49334646255554315,-1.2980979596429862
10635.551570153,-3.002360530240688,0.49334646255554315,-1.2980979596429862
10635.553137032,-3.002360530240688,0.49334646255554315,-1.2980979596429862
10635.563804172,-3.002360530240688,0.49334646255554315,-1.2980979596429862
10635.572830672,-3.002360530240688,0.49334646255554315,-1.2980979596429862
10635.581517364,-3.002360530240688,0.49334646255554315,-1.2980979596429862
10635.591136525,-3.002360530240688,0.49334646255554315,-1.2980979596429862
10635.60139771,-3.002360530240688,0.49334646255554315,-1.2980979596429862
10635.602290574,-3.0002746284028357,0.48601906133584294,-1.288824192171672
10635.602995939,-3.0002746284028357,0.48601906133584294,-1.288824192171672
10635.617203643,-3.0002746284028357,0.48601906133584294,-1.288824192171672
10635.625518783,-3.0002746284028357,0.48601906133584294,-1.288824192171672
10635.632094009,-3.0002746284028357,0.48601906133584294,-1.288824192171672
10635.642755559,-3.0002746284028357,0.48601906133584294,-1.288824192171672
10635.650622967,-2.9981204648412296,0.4787906340632955,-1.2735031758600275
10635.654558495,-2.9981204648412296,0.4787906340632955,-1.2735031758600275
10635.655669535,-2.9981204648412296,0.4787906340632955,-1.2735031758600275
10635.663617346,-2.9981204648412296,0.4787906340632955,-1.2735031758600275
10635.67525126,-2.9981204648412296,0.4787906340632955,-1.2735031758600275
10635.683135311,-2.9981204648412296,0.4787906340632955,-1.2735031758600275
10635.693646133,-2.9981204648412296,0.4787906340632955,-1.2735031758600275
10635.702861904,-2.994788366230325,0.46811105902093453,-1.2632187520319027
10635.708826042,-2.994788366230325,0.46811105902093453,-1.2632187520319027
10635.709526317,-2.994788366230325,0.46811105902093453,-1.2632187520319027
10635.712999974,-2.994788366230325,0.46811105902093453,-1.2632187520319027
10635.725753955,-2.994788366230325,0.46811105902093453,-1.2632187520319027
10635.733886319,-2.994788366230325,0.46811105902093453,-1.2632187520319027
10635.746022762,-2.994788366230325,0.46811105902093453,-1.2632187520319027
10635.748672096,-2.994788366230325,0.46811105902093453,-1.2632187520319027
10635.749185415,-2.992570245400588,0.4605367490752526,-1.2517841108786387
10635.754005871,-2.992570245400588,0.4605367490752526,-1.2517841108786387
10635.763205722,-2.992570245400588,0.4605367490752526,-1.2517841108786387
10635.771913002,-2.992570245400588,0.4605367490752526,-1.2517841108786387
10635.783329993,-2.992570245400588,0.4605367490752526,-1.2517841108786387
10635.794583601,-2.992570245400588,0.4605367490752526,-1.2517841108786387
10635.802608791,-2.992570245400588,0.4605367490752526,-1.2517841108786387
10635.807576097,-2.9958811774471634,0.4501326362549288,-1.2419977399289404
10635.808225106,-2.9958811774471634,0.4501326362549288,-1.2419977399289404
10635.819178371,-2.9958811774471634,0.4501326362549288,-1.2419977399289404
10635.82737621,-2.9958811774471634,0.4501326362549288,-1.2419977399289404
10635.83261845,-2.9958811774471634,0.4501326362549288,-1.2419977399289404
10635.8420169,-2.9958811774471634,0.4501326362549288,-1.2419977399289404
10635.849218418,-2.9959480776027982,0.43700581832768814,-1.2413813791550234
10635.854568094,-2.9959480776027982,0.43700581832768814,-1.2413813791550234
10635.855075221,-2.9959480776027982,0.43700581832768814,-1.2413813791550234
10635.86315262,-2.9959480776027982,0.43700581832768814,-1.2413813791550234
10635.875134048,-2.9959480776027982,0.43700581832768814,-1.2413813791550234
10635.883317619,-2.9959480776027982,0.43700581832768814,-1.2413813791550234
10635.893694044,-2.9959480776027982,0.43700581832768814,-1.2413813791550234
10635.901258786,-2.9959480776027982,0.43700581832768814,-1.2413813791550234
10635.902262731,-2.9934503695783974,0.4297815847949533,-1.2344615183151801
10635.907448634,-2.9934503695783974,0.4297815847949533,-1.2344615183151801
10635.914877556,-2.9934503695783974,0.4297815847949533,-1.2344615183151801
10635.925844759,-2.9934503695783974,0.4297815847949533,-1.2344615183151801
10635.931474028,-2.9934503695783974,0.4297815847949533,-1.2344615183151801
10635.942646752,-2.9934503695783974,0.4297815847949533,-1.2344615183151801
10635.951490853,-2.990890609128792,0.4225791045310948,-1.2241766176498974
10635.953392742,-2.990890609128792,0.4225791045310948,-1.2241766176498974
10635.956537952,-2.990890609128792,0.4225791045310948,-1.2241766176498974
10635.962023216,-2.990890609128792,0.4225791045310948,-1.2241766176498974
10635.972303057,-2.990890609128792,0.4225791045310948,-1.2241766176498974
10635.985090973,-2.990890609128792,0.4225791045310948,-1.2241766176498974
10635.99310927,-2.990890609128792,0.4225791045310948,-1.2241766176498974
10636.002873486,-2.990890609128792,0.4225791045310948,-1.2241766176498974
10636.00518731,-2.990890609128792,0.4225791045310948,-1.2241766176498974
10636.005954514,-2.987015001455617,0.4119766807440407,-1.2165138445175734
10636.014929997,-2.987015001455617,0.4119766807440407,-1.2165138445175734
10636.022163166,-2.987015001455617,0.4119766807440407,-1.2165138445175734
10636.040114532,-2.987015001455617,0.4119766807440407,-1.2165138445175734
10636.042996279,-2.987015001455617,0.4119766807440407,-1.2165138445175734
10636.04865276,-2.9842653488132624,0.4046279370099022,-1.2089996061600292
10636.055329177,-2.9842653488132624,0.4046279370099022,-1.2089996061600292
10636.058662406,-2.9842653488132624,0.4046279370099022,-1.2089996061600292
10636.062191899,-2.9842653488132624,0.4046279370099022,-1.2089996061600292
10636.074277695,-2.9842653488132624,0.4046279370099022,-1.2089996061600292
10636.084299985,-2.9842653488132624,0.4046279370099022,-1.2089996061600292
10636.094423357,-2.9842653488132624,0.4046279370099022,-1.2089996061600292
10636.108709401,-2.9842653488132624,0.4046279370099022,-1.2089996061600292
10636.10934876,-2.98151140515602,0.39747032068153626,-1.1979984960831251
10636.112295101,-2.98151140515602,0.39747032068153626,-1.1979984960831251
10636.113189858,-2.98151140515602,0.39747032068153626,-1.1979984960831251
10636.123896403,-2.98151140515602,0.39747032068153626,-1.1979984960831251
10636.138056106,-2.98151140515602,0.39747032068153626,-1.1979984960831251
10636.14365167,-2.98151140515602,0.39747032068153626,-1.1979984960831251
10636.148722795,-2.977289546689942,0.38678293661587226,-1.1911616049088087
10636.149769571,-2.977289546689942,0.38678293661587226,-1.1911616049088087
10636.153534594,-2.977289546689942,0.38678293661587226,-1.1911616049088087
10636.164706457,-2.977289546689942,0.38678293661587226,-1.1911616049088087
10636.176441263,-2.977289546689942,0.38678293661587226,-1.1911616049088087
10636.182989606,-2.977289546689942,0.38678293661587226,-1.1911616049088087
10636.198045408,-2.977289546689942,0.38678293661587226,-1.1911616049088087
10636.206655643,-2.977289546689942,0.38678293661587226,-1.1911616049088087
10636.211514383,-2.974493497451622,0.37985956981425106,-1.1827773771561227
10636.212600635,-2.974493497451622,0.37985956981425106,-1.1827773771561227
10636.215515225,-2.974493497451622,0.37985956981425106,-1.1827773771561227
10636.224016242,-2.974493497451622,0.37985956981425106,-1.1827773771561227
10636.236557828,-2.974493497451622,0.37985956981425106,-1.1827773771561227
10636.243510451,-2.974493497451622,0.37985956981425106,-1.1827773771561227
10636.262233349,-2.974493497451622,0.37985956981425106,-1.1827773771561227
10636.264549227,-2.974493497451622,0.37985956981425106,-1.1827773771561227
10636.26937305,-2.974493497451622,0.37985956981425106,-1.1827773771561227
10636.270199086,-2.970197083137895,0.36939321264543185,-1.1797690115250195
10636.272729473,-2.970197083137895,0.36939321264543185,-1.1797690115250195
10636.282228244,-2.970197083137895,0.36939321264543185,-1.1797690115250195
10636.293149838,-2.970197083137895,0.36939321264543185,-1.1797690115250195
10636.30166326,-2.970197083137895,0.36939321264543185,-1.1797690115250195
10636.304016569,-2.9672548005452706,0.3623383512962775,-1.1715755186356156
10636.305025734,-2.9672548005452706,0.3623383512962775,-1.1715755186356156
10636.313785936,-2.9672548005452706,0.3623383512962775,-1.1715755186356156
10636.325882883,-2.9672548005452706,0.3623383512962775,-1.1715755186356156
10636.332980454,-2.9672548005452706,0.3623383512962775,-1.1715755186356156
10636.343858933,-2.9672548005452706,0.3623383512962775,-1.1715755186356156
10636.344918354,-2.9642431845713575,0.3552577645042507,-1.1657097063339799
10636.347947784,-2.9642431845713575,0.3552577645042507,-1.1657097063339799
10636.352037566,-2.9642431845713575,0.3552577645042507,-1.1657097063339799
10636.362260291,-2.9642431845713575,0.3552577645042507,-1.1657097063339799
10636.373489523,-2.9642431845713575,0.3552577645042507,-1.1657097063339799
10636.383355785,-2.9642431845713575,0.3552577645042507,-1.1657097063339799
10636.391178589,-2.9642431845713575,0.3552577645042507,-1.1657097063339799
10636.402181068,-2.9642431845713575,0.3552577645042507,-1.1657097063339799
10636.40658527,-2.961082346882946,0.3479658001723167,-1.157839509037837
10636.407280837,-2.961082346882946,0.3479658001723167,-1.157839509037837
10636.413303206,-2.961082346882946,0.3479658001723167,-1.157839509037837
10636.423382483,-2.961082346882946,0.3479658001723167,-1.157839509037837
10636.43382787,-2.961082346882946,0.3479658001723167,-1.157839509037837
10636.446301345,-2.961082346882946,0.3479658001723167,-1.157839509037837
10636.44727889,-2.9562954795954473,0.33715837486637196,-1.1498453340805614
10636.449682615,-2.9562954795954473,0.33715837486637196,-1.1498453340805614
10636.453093542,-2.9562954795954473,0.33715837486637196,-1.1498453340805614
10636.462992757,-2.9562954795954473,0.33715837486637196,-1.1498453340805614
10636.473399159,-2.9562954795954473,0.33715837486637196,-1.1498453340805614
10636.481345188,-2.9562954795954473,0.33715837486637196,-1.1498453340805614
10636.495964716,-2.9562954795954473,0.33715837486637196,-1.1498453340805614
10636.503042238,-2.9562954795954473,0.33715837486637196,-1.1498453340805614
10636.505916792,-2.9531781324248105,0.33026234813234945,-1.1426329336441607
10636.506841106,-2.9531781324248105,0.33026234813234945,-1.1426329336441607
10636.514212267,-2.9531781324248105,0.33026234813234945,-1.1426329336441607
10636.527338555,-2.9531781324248105,0.33026234813234945,-1.1426329336441607
10636.537069151,-2.9531781324248105,0.33026234813234945,-1.1426329336441607
10636.54546087,-2.9531781324248105,0.33026234813234945,-1.1426329336441607
10636.555681497,-2.9531781324248105,0.33026234813234945,-1.1426329336441607
10636.5569146,-2.9498723370043427,0.3231464264941037,-1.1291627607620802
10636.566535253,-2.9498723370043427,0.3231464264941037,-1.1291627607620802
10636.57649317,-2.9498723370043427,0.3231464264941037,-1.1291627607620802
10636.582689941,-2.9498723370043427,0.3231464264941037,-1.1291627607620802
10636.585079219,-2.9498723370043427,0.3231464264941037,-1.1291627607620802
10636.5947667,-2.9498723370043427,0.3231464264941037,-1.1291627607620802
10636.604336065,-2.9498723370043427,0.3231464264941037,-1.1291627607620802
10636.605916581,-2.9498723370043427,0.3231464264941037,-1.1291627607620802
10636.607795806,-2.9448371648042526,0.31259247695774356,-1.1221272669113724
10636.616171684,-2.9448371648042526,0.31259247695774356,-1.1221272669113724
10636.623951595,-2.9448371648042526,0.31259247695774356,-1.1221272669113724
10636.632861182,-2.9448371648042526,0.31259247695774356,-1.1221272669113724
10636.641537914,-2.9448371648042526,0.31259247695774356,-1.1221272669113724
10636.647934086,-2.9448371648042526,0.31259247695774356,-1.1221272669113724
10636.648872757,-2.9414450009209814,0.3056016228883088,-1.115943404225215
10636.65840423,-2.9414450009209814,0.3056016228883088,-1.115943404225215
10636.665708685,-2.9414450009209814,0.3056016228883088,-1.115943404225215
10636.67283028,-2.9414450009209814,0.3056016228883088,-1.115943404225215
10636.687588083,-2.9414450009209814,0.3056016228883088,-1.115943404225215
10636.693952024,-2.9414450009209814,0.3056016228883088,-1.115943404225215
10636.702488879,-2.9414450009209814,0.3056016228883088,-1.115943404225215
10636.708221215,-2.9414450009209814,0.3056016228883088,-1.115943404225215
10636.709417296,-2.9378891334045294,0.2984373616019127,-1.1042279920853224
10636.712821751,-2.9378891334045294,0.2984373616019127,-1.1042279920853224
10636.722383742,-2.9378891334045294,0.2984373616019127,-1.1042279920853224
10636.732769675,-2.9378891334045294,0.2984373616019127,-1.1042279920853224
10636.743961536,-2.9378891334045294,0.2984373616019127,-1.1042279920853224
10636.746981878,-2.9325540473871508,0.28797494718595956,-1.0942465982712355
10636.752640022,-2.9325540473871508,0.28797494718595956,-1.0942465982712355
10636.756273894,-2.9325540473871508,0.28797494718595956,-1.0942465982712355
10636.76231046,-2.9325540473871508,0.28797494718595956,-1.0942465982712355
10636.77254301,-2.9325540473871508,0.28797494718595956,-1.0942465982712355
10636.782701359,-2.9325540473871508,0.28797494718595956,-1.0942465982712355
10636.792702908,-2.9325540473871508,0.28797494718595956,-1.0942465982712355
10636.805324085,-2.9325540473871508,0.28797494718595956,-1.0942465982712355
10636.80590284,-2.9325540473871508,0.28797494718595956,-1.0942465982712355
10636.806472877,-2.928980740249406,0.28110344183247443,-1.0882789812363234
10636.820810909,-2.928980740249406,0.28110344183247443,-1.0882789812363234
10636.82386185,-2.928980740249406,0.28110344183247443,-1.0882789812363234
10636.834971503,-2.928980740249406,0.28110344183247443,-1.0882789812363234
10636.844839478,-2.928980740249406,0.28110344183247443,-1.0882789812363234
10636.851764338,-2.9252387703257132,0.274005976511049,-1.0829324445999702
10636.855059394,-2.9252387703257132,0.274005976511049,-1.0829324445999702
10636.857191392,-2.9252387703257132,0.274005976511049,-1.0829324445999702
10636.862475101,-2.9252387703257132,0.274005976511049,-1.0829324445999702
10636.872337355,-2.9252387703257132,0.274005976511049,-1.0829324445999702
10636.885268564,-2.9252387703257132,0.274005976511049,-1.0829324445999702
10636.891940231,-2.9252387703257132,0.274005976511049,-1.0829324445999702
10636.901388005,-2.9199295434730423,0.26407254643169625,-1.0769598207748976
10636.902972598,-2.9199295434730423,0.26407254643169625,-1.0769598207748976
10636.90747127,-2.9199295434730423,0.26407254643169625,-1.0769598207748976
10636.914407331,-2.9199295434730423,0.26407254643169625,-1.0769598207748976
10636.923393233,-2.9199295434730423,0.26407254643169625,-1.0769598207748976
10636.934982172,-2.9199295434730423,0.26407254643169625,-1.0769598207748976
10636.94257691,-2.9199295434730423,0.26407254643169625,-1.0769598207748976
10636.946376258,-2.9165259114517474,0.2572018624576412,-1.0727262956775137
10636.950038835,-2.9165259114517474,0.2572018624576412,-1.0727262956775137
10636.954321294,-2.9165259114517474,0.2572018624576412,-1.0727262956775137
10636.962074034,-2.9165259114517474,0.2572018624576412,-1.0727262956775137
10636.973264833,-2.9165259114517474,0.2572018624576412,-1.0727262956775137
10636.982234694,-2.9165259114517474,0.2572018624576412,-1.0727262956775137
10636.99392234,-2.9165259114517474,0.2572018624576412,-1.0727262956775137
10637.005007056,-2.9165259114517474,0.2572018624576412,-1.0727262956775137
10637.006336102,-2.9165259114517474,0.2572018624576412,-1.0727262956775137
10637.007893353,-2.9295038219504383,0.2650730028149564,-1.0783629826951266
10637.014092238,-2.9295038219504383,0.2650730028149564,-1.0783629826951266
10637.023856255,-2.9295038219504383,0.2650730028149564,-1.0783629826951266
10637.052384678,-2.9295038219504383,0.2650730028149564,-1.0783629826951266
10637.056927353,-2.9295038219504383,0.2650730028149564,-1.0783629826951266
10637.057417078,-2.9295038219504383,0.2650730028149564,-1.0783629826951266
10637.058932378,-2.9295038219504383,0.2650730028149564,-1.0783629826951266
10637.06299564,-2.9294340799053176,0.25506391694061026,-1.0834035480250952
10637.064466536,-2.9294340799053176,0.25506391694061026,-1.0834035480250952
10637.074940897,-2.9294340799053176,0.25506391694061026,-1.0834035480250952
10637.083655813,-2.9294340799053176,0.25506391694061026,-1.0834035480250952
10637.09935411,-2.9294340799053176,0.25506391694061026,-1.0834035480250952
10637.124981079,-2.9294340799053176,0.25506391694061026,-1.0834035480250952
10637.125887578,-2.9257948249792953,0.2482557962115629,-1.0763868892421367
10637.135311005,-2.9257948249792953,0.2482557962115629,-1.0763868892421367
10637.135876303,-2.9257948249792953,0.2482557962115629,-1.0763868892421367
10637.137326309,-2.9257948249792953,0.2482557962115629,-1.0763868892421367
10637.138974313,-2.9257948249792953,0.2482557962115629,-1.0763868892421367
10637.147264929,-2.9257948249792953,0.2482557962115629,-1.0763868892421367
10637.156189922,-2.9257948249792953,0.2482557962115629,-1.0763868892421367
10637.157359854,-2.9220301835152407,0.24134277006341479,-1.0678729617824192
10637.162142337,-2.9220301835152407,0.24134277006341479,-1.0678729617824192
10637.167532871,-2.9220301835152407,0.24134277006341479,-1.0678729617824192
10637.174189963,-2.9220301835152407,0.24134277006341479,-1.0678729617824192
10637.187028265,-2.9220301835152407,0.24134277006341479,-1.0678729617824192
10637.194817635,-2.9220301835152407,0.24134277006341479,-1.0678729617824192
10637.202680695,-2.9220301835152407,0.24134277006341479,-1.0678729617824192
10637.203678869,-2.916634283981164,0.2315716495841159,-1.064613302968943
10637.204556703,-2.916634283981164,0.2315716495841159,-1.064613302968943
10637.215679392,-2.916634283981164,0.2315716495841159,-1.064613302968943
10637.223750469,-2.916634283981164,0.2315716495841159,-1.064613302968943
10637.233235413,-2.916634283981164,0.2315716495841159,-1.064613302968943
10637.24390654,-2.916634283981164,0.2315716495841159,-1.064613302968943
10637.248556691,-2.912837737602034,0.22476290226971346,-1.0596630180110571
10637.249268269,-2.912837737602034,0.22476290226971346,-1.0596630180110571
10637.25758256,-2.912837737602034,0.22476290226971346,-1.0596630180110571
10637.262680265,-2.912837737602034,0.22476290226971346,-1.0596630180110571
10637.275880527,-2.912837737602034,0.22476290226971346,-1.0596630180110571
10637.282262942,-2.912837737602034,0.22476290226971346,-1.0596630180110571
10637.295605325,-2.912837737602034,0.22476290226971346,-1.0596630180110571
10637.304385916,-2.912837737602034,0.22476290226971346,-1.0596630180110571
10637.306434665,-2.912837737602034,0.22476290226971346,-1.0596630180110571
10637.3077426,-2.9090370867346502,0.21804354684957827,-1.0524057948817849
10637.314509849,-2.9090370867346502,0.21804354684957827,-1.0524057948817849
10637.324083954,-2.9090370867346502,0.21804354684957827,-1.0524057948817849
10637.332662178,-2.9090370867346502,0.21804354684957827,-1.0524057948817849
10637.344868084,-2.9090370867346502,0.21804354684957827,-1.0524057948817849
10637.348043952,-2.9032537139077412,0.20796776669997358,-1.0470406615962626
10637.353249763,-2.9032537139077412,0.20796776669997358,-1.0470406615962626
10637.354192692,-2.9032537139077412,0.20796776669997358,-1.0470406615962626
10637.363723553,-2.9032537139077412,0.20796776669997358,-1.0470406615962626
10637.374637022,-2.9032537139077412,0.20796776669997358,-1.0470406615962626
10637.383438242,-2.9032537139077412,0.20796776669997358,-1.0470406615962626
10637.392676005,-2.9032537139077412,0.20796776669997358,-1.0470406615962626
10637.400729418,-2.899289166807534,0.20113813016615883,-1.042648752950632
10637.404564394,-2.899289166807534,0.20113813016615883,-1.042648752950632
10637.406138787,-2.899289166807534,0.20113813016615883,-1.042648752950632
10637.411748599,-2.899289166807534,0.20113813016615883,-1.042648752950632
10637.42404152,-2.899289166807534,0.20113813016615883,-1.042648752950632
10637.43347745,-2.899289166807534,0.20113813016615883,-1.042648752950632
10637.441668726,-2.899289166807534,0.20113813016615883,-1.042648752950632
10637.452167153,-2.899289166807534,0.20113813016615883,-1.042648752950632
10637.453404373,-2.89534402327725,0.19444375499318228,-1.0338816249599097
10637.455207704,-2.89534402327725,0.19444375499318228,-1.0338816249599097
10637.465239581,-2.89534402327725,0.19444375499318228,-1.0338816249599097
10637.471399863,-2.89534402327725,0.19444375499318228,-1.0338816249599097
10637.482121856,-2.89534402327725,0.19444375499318228,-1.0338816249599097
10637.492051519,-2.89534402327725,0.19444375499318228,-1.0338816249599097
10637.503358007,-2.8896148631086183,0.18486423251213047,-1.0297226512660622
10637.504016594,-2.8896148631086183,0.18486423251213047,-1.0297226512660622
10637.506039553,-2.8896148631086183,0.18486423251213047,-1.0297226512660622
10637.511101189,-2.8896148631086183,0.18486423251213047,-1.0297226512660622
10637.525038075,-2.8896148631086183,0.18486423251213047,-1.0297226512660622
10637.533363047,-2.8896148631086183,0.18486423251213047,-1.0297226512660622
10637.54439938,-2.8896148631086183,0.18486423251213047,-1.0297226512660622
10637.55512978,-2.8896148631086183,0.18486423251213047,-1.0297226512660622
10637.560545191,-2.8855805963155357,0.1782528180518304,-1.0161025130977268
10637.563468738,-2.8855805963155357,0.1782528180518304,-1.0161025130977268
10637.566240225,-2.8855805963155357,0.1782528180518304,-1.0161025130977268
10637.574787551,-2.8855805963155357,0.1782528180518304,-1.0161025130977268
10637.583219556,-2.8855805963155357,0.1782528180518304,-1.0161025130977268
10637.59665663,-2.8855805963155357,0.1782528180518304,-1.0161025130977268
10637.60309914,-2.8855805963155357,0.1782528180518304,-1.0161025130977268
10637.607198379,-2.8855805963155357,0.1782528180518304,-1.0161025130977268
10637.608044373,-2.8795889111842943,0.16865576029288365,-1.0092622840633034
10637.612340409,-2.8795889111842943,0.16865576029288365,-1.0092622840633034
10637.62407817,-2.8795889111842943,0.16865576029288365,-1.0092622840633034
10637.63316783,-2.8795889111842943,0.16865576029288365,-1.0092622840633034
10637.643035344,-2.8795889111842943,0.16865576029288365,-1.0092622840633034
10637.646033403,-2.8756163907362273,0.16239344453672255,-1.0017363631953837
10637.654815707,-2.8756163907362273,0.16239344453672255,-1.0017363631953837
10637.655831885,-2.8756163907362273,0.16239344453672255,-1.0017363631953837
10637.663737456,-2.8756163907362273,0.16239344453672255,-1.0017363631953837
10637.675484376,-2.8756163907362273,0.16239344453672255,-1.0017363631953837
10637.68324477,-2.8756163907362273,0.16239344453672255,-1.0017363631953837
10637.690818428,-2.8756163907362273,0.16239344453672255,-1.0017363631953837
10637.703783821,-2.8756163907362273,0.16239344453672255,-1.0017363631953837
10637.706856713,-2.8756163907362273,0.16239344453672255,-1.0017363631953837
10637.708754774,-2.8715321936060634,0.15611261291632672,-0.986735066198313
10637.720418484,-2.8715321936060634,0.15611261291632672,-0.986735066198313
10637.724275652,-2.8715321936060634,0.15611261291632672,-0.986735066198313
10637.736354334,-2.8715321936060634,0.15611261291632672,-0.986735066198313
10637.746062364,-2.8715321936060634,0.15611261291632672,-0.986735066198313
10637.747565722,-2.864918369889286,0.14619416934173368,-0.9786390865077614
10637.752727659,-2.864918369889286,0.14619416934173368,-0.9786390865077614
10637.753117272,-2.864918369889286,0.14619416934173368,-0.9786390865077614
10637.76202245,-2.864918369889286,0.14619416934173368,-0.9786390865077614
10637.771298195,-2.864918369889286,0.14619416934173368,-0.9786390865077614
10637.784779753,-2.864918369889286,0.14619416934173368,-0.9786390865077614
10637.796076363,-2.864918369889286,0.14619416934173368,-0.9786390865077614
10637.805640378,-2.864918369889286,0.14619416934173368,-0.9786390865077614
10637.809560005,-2.8605326452219937,0.13974915393888393,-0.9679395759334205
10637.811594336,-2.8605326452219937,0.13974915393888393,-0.9679395759334205
10637.81218312,-2.8605326452219937,0.13974915393888393,-0.9679395759334205
10637.822827405,-2.8605326452219937,0.13974915393888393,-0.9679395759334205
10637.834437984,-2.8605326452219937,0.13974915393888393,-0.9679395759334205
10637.847297235,-2.8605326452219937,0.13974915393888393,-0.9679395759334205
10637.850515204,-2.8540839890159617,0.13042220341460092,-0.9637910926570534
10637.853913687,-2.8540839890159617,0.13042220341460092,-0.9637910926570534
10637.857633533,-2.8540839890159617,0.13042220341460092,-0.9637910926570534
10637.864769947,-2.8540839890159617,0.13042220341460092,-0.9637910926570534
10637.872994366,-2.8540839890159617,0.13042220341460092,-0.9637910926570534
10637.883741328,-2.8540839890159617,0.13042220341460092,-0.9637910926570534
10637.890584863,-2.8540839890159617,0.13042220341460092,-0.9637910926570534
10637.90275514,-2.8540839890159617,0.13042220341460092,-0.9637910926570534
10637.903089457,-2.8496740306907045,0.12411690344844123,-0.9571485126247046
10637.904061502,-2.8496740306907045,0.12411690344844123,-0.9571485126247046
10637.913416608,-2.8496740306907045,0.12411690344844123,-0.9571485126247046
10637.92138544,-2.8496740306907045,0.12411690344844123,-0.9571485126247046
10637.939545132,-2.8496740306907045,0.12411690344844123,-0.9571485126247046
10637.94620142,-2.8496740306907045,0.12411690344844123,-0.9571485126247046
10637.948530333,-2.845096358327795,0.11765107953271081,-0.9523212516536356
10637.953236651,-2.845096358327795,0.11765107953271081,-0.9523212516536356
10637.955026415,-2.845096358327795,0.11765107953271081,-0.9523212516536356
10637.965169304,-2.845096358327795,0.11765107953271081,-0.9523212516536356
10637.975229345,-2.845096358327795,0.11765107953271081,-0.9523212516536356
10637.987174593,-2.845096358327795,0.11765107953271081,-0.9523212516536356
10637.992409058,-2.845096358327795,0.11765107953271081,-0.9523212516536356
10638.003436404,-2.845096358327795,0.11765107953271081,-0.9523212516536356
10638.006743132,-2.840394626003376,0.11111832615957518,-0.9415983760585429
10638.007347305,-2.840394626003376,0.11111832615957518,-0.9415983760585429
10638.015371663,-2.840394626003376,0.11111832615957518,-0.9415983760585429
10638.025301876,-2.840394626003376,0.11111832615957518,-0.9415983760585429
10638.035531851,-2.840394626003376,0.11111832615957518,-0.9415983760585429
10638.043872422,-2.840394626003376,0.11111832615957518,-0.9415983760585429
10638.04700624,-2.8334873962328,0.10171419491166606,-0.9329945647945045
10638.050010872,-2.8334873962328,0.10171419491166606,-0.9329945647945045
10638.056028271,-2.8334873962328,0.10171419491166606,-0.9329945647945045
10638.065126848,-2.8334873962328,0.10171419491166606,-0.9329945647945045
10638.071730065,-2.8334873962328,0.10171419491166606,-0.9329945647945045
10638.081835231,-2.8334873962328,0.10171419491166606,-0.9329945647945045
10638.093805607,-2.8334873962328,0.10171419491166606,-0.9329945647945045
10638.101155408,-2.8334873962328,0.10171419491166606,-0.9329945647945045
10638.111938488,-2.828846403101755,0.09554525115803619,-0.9186350906123758
10638.115723509,-2.828846403101755,0.09554525115803619,-0.9186350906123758
10638.117756818,-2.828846403101755,0.09554525115803619,-0.9186350906123758
10638.123287809,-2.828846403101755,0.09554525115803619,-0.9186350906123758
10638.136797901,-2.828846403101755,0.09554525115803619,-0.9186350906123758
10638.143223679,-2.828846403101755,0.09554525115803619,-0.9186350906123758
10638.152942409,-2.828846403101755,0.09554525115803619,-0.9186350906123758
10638.153670799,-2.8218456899242517,0.08646487506971973,-0.9093806350459696
10638.156257079,-2.8218456899242517,0.08646487506971973,-0.9093806350459696
10638.164807494,-2.8218456899242517,0.08646487506971973,-0.9093806350459696
10638.174989908,-2.8218456899242517,0.08646487506971973,-0.9093806350459696
10638.18321557,-2.8218456899242517,0.08646487506971973,-0.9093806350459696
10638.192848005,-2.8218456899242517,0.08646487506971973,-0.9093806350459696
10638.20617034,-2.8218456899242517,0.08646487506971973,-0.9093806350459696
10638.206566826,-2.817147070243309,0.08046781177128112,-0.9030310714473366
10638.207857077,-2.817147070243309,0.08046781177128112,-0.9030310714473366
10638.21436396,-2.817147070243309,0.08046781177128112,-0.9030310714473366
10638.223380451,-2.817147070243309,0.08046781177128112,-0.9030310714473366
10638.232227287,-2.817147070243309,0.08046781177128112,-0.9030310714473366
10638.24244029,-2.817147070243309,0.08046781177128112,-0.9030310714473366
10638.246364727,-2.8123492858755714,0.07442000643061814,-0.8972649181117651
10638.250661063,-2.8123492858755714,0.07442000643061814,-0.8972649181117651
10638.252794633,-2.8123492858755714,0.07442000643061814,-0.8972649181117651
10638.26214536,-2.8123492858755714,0.07442000643061814,-0.8972649181117651
10638.274177023,-2.8123492858755714,0.07442000643061814,-0.8972649181117651
10638.285957606,-2.8123492858755714,0.07442000643061814,-0.8972649181117651
10638.29553679,-2.8123492858755714,0.07442000643061814,-0.8972649181117651
10638.302482099,-2.8123492858755714,0.07442000643061814,-0.8972649181117651
10638.306898494,-2.8075571740497454,0.06846486077669614,-0.8891260230769751
10638.307532834,-2.8075571740497454,0.06846486077669614,-0.8891260230769751
10638.316436175,-2.8075571740497454,0.06846486077669614,-0.8891260230769751
10638.325223311,-2.8075571740497454,0.06846486077669614,-0.8891260230769751
10638.333134984,-2.8075571740497454,0.06846486077669614,-0.8891260230769751
10638.348732869,-2.8075571740497454,0.06846486077669614,-0.8891260230769751
10638.351009182,-2.8075571740497454,0.06846486077669614,-0.8891260230769751
10638.352297309,-2.800607592724708,0.05981300046425195,-0.8844879237265845
10638.354222391,-2.800607592724708,0.05981300046425195,-0.8844879237265845
10638.362998153,-2.800607592724708,0.05981300046425195,-0.8844879237265845
10638.374677733,-2.800607592724708,0.05981300046425195,-0.8844879237265845
10638.383326542,-2.800607592724708,0.05981300046425195,-0.8844879237265845
10638.392119756,-2.800607592724708,0.05981300046425195,-0.8844879237265845
10638.407308551,-2.800607592724708,0.05981300046425195,-0.8844879237265845
10638.410835008,-2.7972194858724624,0.055203439241067936,-0.8793053533302051
10638.411701711,-2.7972194858724624,0.055203439241067936,-0.8793053533302051
10638.413675907,-2.7972194858724624,0.055203439241067936,-0.8793053533302051
10638.422948696,-2.7972194858724624,0.055203439241067936,-0.8793053533302051
10638.433194541,-2.7972194858724624,0.055203439241067936,-0.8793053533302051
10638.446753607,-2.7972194858724624,0.055203439241067936,-0.8793053533302051
10638.454091555,-2.7972194858724624,0.055203439241067936,-0.8793053533302051
10638.455941354,-2.7932896051765326,0.05021052602920259,-0.8704788578198396
10638.457979602,-2.7932896051765326,0.05021052602920259,-0.8704788578198396
10638.462708693,-2.7932896051765326,0.05021052602920259,-0.8704788578198396
10638.471878115,-2.7932896051765326,0.05021052602920259,-0.8704788578198396
10638.48290504,-2.7932896051765326,0.05021052602920259,-0.8704788578198396
10638.492448756,-2.7932896051765326,0.05021052602920259,-0.8704788578198396
10638.501189851,-2.7858015253442376,0.04136123516386911,-0.866571177308365
10638.503145912,-2.7858015253442376,0.04136123516386911,-0.866571177308365
10638.504772866,-2.7858015253442376,0.04136123516386911,-0.866571177308365
10638.513481408,-2.7858015253442376,0.04136123516386911,-0.866571177308365
10638.523392445,-2.7858015253442376,0.04136123516386911,-0.866571177308365
10638.535528386,-2.7858015253442376,0.04136123516386911,-0.866571177308365
10638.546463686,-2.7858015253442376,0.04136123516386911,-0.866571177308365
10638.54927032,-2.7807322236522296,0.03543882140293814,-0.8591427696392975
10638.557287273,-2.7807322236522296,0.03543882140293814,-0.8591427696392975
10638.561688099,-2.7807322236522296,0.03543882140293814,-0.8591427696392975
10638.563695578,-2.7807322236522296,0.03543882140293814,-0.8591427696392975
10638.573914152,-2.7807322236522296,0.03543882140293814,-0.8591427696392975
10638.583193112,-2.7807322236522296,0.03543882140293814,-0.8591427696392975
10638.592881454,-2.7807322236522296,0.03543882140293814,-0.8591427696392975
10638.603529744,-2.7807322236522296,0.03543882140293814,-0.8591427696392975
10638.613058795,-2.7807322236522296,0.03543882140293814,-0.8591427696392975
10638.614559257,-2.7807322236522296,0.03543882140293814,-0.8591427696392975
10638.615186965,-2.7755960058664044,0.029540742013197868,-0.8495244873211822
10638.624202884,-2.7755960058664044,0.029540742013197868,-0.8495244873211822
10638.633616061,-2.7755960058664044,0.029540742013197868,-0.8495244873211822
10638.647110233,-2.7755960058664044,0.029540742013197868,-0.8495244873211822
10638.648022152,-2.7678163170053325,0.02074291845001494,-0.8439509761975251
10638.657758946,-2.7678163170053325,0.02074291845001494,-0.8439509761975251
10638.658154009,-2.7678163170053325,0.02074291845001494,-0.8439509761975251
10638.664509935,-2.7678163170053325,0.02074291845001494,-0.8439509761975251
10638.674491836,-2.7678163170053325,0.02074291845001494,-0.8439509761975251
10638.682685056,-2.7678163170053325,0.02074291845001494,-0.8439509761975251
10638.693841889,-2.7678163170053325,0.02074291845001494,-0.8439509761975251
10638.703878375,-2.7678163170053325,0.02074291845001494,-0.8439509761975251
10638.706247855,-2.7678163170053325,0.02074291845001494,-0.8439509761975251
10638.706614013,-2.7626437773686447,0.0149782898036466,-0.8350107563183745
10638.711987815,-2.7626437773686447,0.0149782898036466,-0.8350107563183745
10638.722234341,-2.7626437773686447,0.0149782898036466,-0.8350107563183745
10638.733091179,-2.7626437773686447,0.0149782898036466,-0.8350107563183745
10638.745005289,-2.7626437773686447,0.0149782898036466,-0.8350107563183745
10638.753976283,-2.7626437773686447,0.0149782898036466,-0.8350107563183745
10638.754754077,-2.7573591824827934,0.009212777638751946,-0.822773684327408
10638.759631721,-2.7573591824827934,0.009212777638751946,-0.822773684327408
10638.762979237,-2.7573591824827934,0.009212777638751946,-0.822773684327408
10638.774105863,-2.7573591824827934,0.009212777638751946,-0.822773684327408
10638.782021803,-2.7573591824827934,0.009212777638751946,-0.822773684327408
10638.795588804,-2.7573591824827934,0.009212777638751946,-0.822773684327408
10638.804028163,-2.7573591824827934,0.009212777638751946,-0.822773684327408
10638.805418756,-2.74937428718453,0.0006353164463476779,-0.8195478809521638
10638.806115415,-2.74937428718453,0.0006353164463476779,-0.8195478809521638
10638.814021327,-2.74937428718453,0.0006353164463476779,-0.8195478809521638
10638.824691702,-2.74937428718453,0.0006353164463476779,-0.8195478809521638
10638.832034579,-2.74937428718453,0.0006353164463476779,-0.8195478809521638
10638.842963447,-2.74937428718453,0.0006353164463476779,-0.8195478809521638
10638.846219258,-2.744046983026233,-0.005021418197958816,-0.8112139595196687
10638.851887942,-2.744046983026233,-0.005021418197958816,-0.8112139595196687
10638.853147314,-2.744046983026233,-0.005021418197958816,-0.8112139595196687
10638.866633461,-2.744046983026233,-0.005021418197958816,-0.8112139595196687
10638.871862506,-2.744046983026233,-0.005021418197958816,-0.8112139595196687
10638.883730095,-2.744046983026233,-0.005021418197958816,-0.8112139595196687
10638.892474596,-2.744046983026233,-0.005021418197958816,-0.8112139595196687
10638.902853415,-2.744046983026233,-0.005021418197958816,-0.8112139595196687
10638.909427015,-2.7387858168142047,-0.010496535188827122,-0.7994327438519441
10638.909957877,-2.7387858168142047,-0.010496535188827122,-0.7994327438519441
10638.911895013,-2.7387858168142047,-0.010496535188827122,-0.7994327438519441
10638.922958668,-2.7387858168142047,-0.010496535188827122,-0.7994327438519441
10638.933030131,-2.7387858168142047,-0.010496535188827122,-0.7994327438519441
10638.944468271,-2.7387858168142047,-0.010496535188827122,-0.7994327438519441
10638.957139192,-2.7387858168142047,-0.010496535188827122,-0.7994327438519441
10638.95790903,-2.7387858168142047,-0.010496535188827122,-0.7994327438519441
10638.958633803,-2.730751115259835,-0.0186761920172738,-0.7892429721997224
10638.96190855,-2.730751115259835,-0.0186761920172738,-0.7892429721997224
10638.972632818,-2.730751115259835,-0.0186761920172738,-0.7892429721997224
10638.984421717,-2.730751115259835,-0.0186761920172738,-0.7892429721997224
10638.994305141,-2.730751115259835,-0.0186761920172738,-0.7892429721997224
10639.000329229,-2.7251779692744247,-0.02423519369951617,-0.7790121925518954
10639.000866134,-2.7251779692744247,-0.02423519369951617,-0.7790121925518954
10639.00363599,-2.7251779692744247,-0.02423519369951617,-0.7790121925518954
10639.016642522,-2.7251779692744247,-0.02423519369951617,-0.7790121925518954
10639.022194433,-2.7251779692744247,-0.02423519369951617,-0.7790121925518954
10639.035126423,-2.7251779692744247,-0.02423519369951617,-0.7790121925518954
10639.043360009,-2.7251779692744247,-0.02423519369951617,-0.7790121925518954
10639.053865239,-2.7251779692744247,-0.02423519369951617,-0.7790121925518954
10639.054975066,-2.7251779692744247,-0.02423519369951617,-0.7790121925518954
10639.05589982,-2.719774276720951,-0.029497387944524167,-0.765252817933365
10639.063209164,-2.719774276720951,-0.029497387944524167,-0.765252817933365
10639.075601534,-2.719774276720951,-0.029497387944524167,-0.765252817933365
10639.083694623,-2.719774276720951,-0.029497387944524167,-0.765252817933365
10639.095686969,-2.719774276720951,-0.029497387944524167,-0.765252817933365
10639.101111908,-2.719774276720951,-0.029497387944524167,-0.765252817933365
10639.103733379,-2.719774276720951,-0.029497387944524167,-0.765252817933365
10639.104138111,-2.7119317336754705,-0.03693379162939597,-0.7523927581952059
10639.114831801,-2.7119317336754705,-0.03693379162939597,-0.7523927581952059
10639.124212185,-2.7119317336754705,-0.03693379162939597,-0.7523927581952059
10639.132726778,-2.7119317336754705,-0.03693379162939597,-0.7523927581952059
10639.145333316,-2.7119317336754705,-0.03693379162939597,-0.7523927581952059
10639.149751965,-2.706364121886005,-0.04205968053381422,-0.7358353031323395
10639.156183133,-2.706364121886005,-0.04205968053381422,-0.7358353031323395
10639.15746054,-2.706364121886005,-0.04205968053381422,-0.7358353031323395
10639.162756122,-2.706364121886005,-0.04205968053381422,-0.7358353031323395
10639.174810795,-2.706364121886005,-0.04205968053381422,-0.7358353031323395
10639.181765044,-2.706364121886005,-0.04205968053381422,-0.7358353031323395
10639.192313163,-2.706364121886005,-0.04205968053381422,-0.7358353031323395
10639.203587664,-2.706364121886005,-0.04205968053381422,-0.7358353031323395
10639.206389318,-2.706364121886005,-0.04205968053381422,-0.7358353031323395
10639.207738863,-2.701140012769024,-0.046735538527308385,-0.7243158710644684
10639.213976111,-2.701140012769024,-0.046735538527308385,-0.7243158710644684
10639.224615888,-2.701140012769024,-0.046735538527308385,-0.7243158710644684
10639.233544019,-2.701140012769024,-0.046735538527308385,-0.7243158710644684
10639.24289108,-2.701140012769024,-0.046735538527308385,-0.7243158710644684
10639.248312281,-2.701140012769024,-0.046735538527308385,-0.7243158710644684
10639.249472254,-2.692879460327059,-0.05393793463513277,-0.7098300350354159
10639.251795426,-2.692879460327059,-0.05393793463513277,-0.7098300350354159
10639.261335565,-2.692879460327059,-0.05393793463513277,-0.7098300350354159
10639.275219681,-2.692879460327059,-0.05393793463513277,-0.7098300350354159
10639.282522763,-2.692879460327059,-0.05393793463513277,-0.7098300350354159
10639.294993091,-2.692879460327059,-0.05393793463513277,-0.7098300350354159
10639.304017797,-2.692879460327059,-0.05393793463513277,-0.7098300350354159
10639.310007353,-2.692879460327059,-0.05393793463513277,-0.7098300350354159
10639.31417334,-2.6875340662235594,-0.05843542916685787,-0.6891038311169589
10639.318534229,-2.6875340662235594,-0.05843542916685787,-0.6891038311169589
10639.324642521,-2.6875340662235594,-0.05843542916685787,-0.6891038311169589
10639.335213036,-2.6875340662235594,-0.05843542916685787,-0.6891038311169589
10639.343025469,-2.6875340662235594,-0.05843542916685787,-0.6891038311169589
10639.351660762,-2.679627042347667,-0.06483913749605952,-0.6723639858410799
10639.355412679,-2.679627042347667,-0.06483913749605952,-0.6723639858410799
10639.356354135,-2.679627042347667,-0.06483913749605952,-0.6723639858410799
10639.364732868,-2.679627042347667,-0.06483913749605952,-0.6723639858410799
10639.372253515,-2.679627042347667,-0.06483913749605952,-0.6723639858410799
10639.382077546,-2.679627042347667,-0.06483913749605952,-0.6723639858410799
10639.394084129,-2.679627042347667,-0.06483913749605952,-0.6723639858410799
10639.399843436,-2.67458805813383,-0.0687906913418839,-0.6576962364361727
10639.400683168,-2.67458805813383,-0.0687906913418839,-0.6576962364361727
10639.404177023,-2.67458805813383,-0.0687906913418839,-0.6576962364361727
10639.414037332,-2.67458805813383,-0.0687906913418839,-0.6576962364361727
10639.423418177,-2.67458805813383,-0.0687906913418839,-0.6576962364361727
10639.434838002,-2.67458805813383,-0.0687906913418839,-0.6576962364361727
10639.44297859,-2.67458805813383,-0.0687906913418839,-0.6576962364361727
10639.453287576,-2.67458805813383,-0.0687906913418839,-0.6576962364361727
10639.457125838,-2.6699003040649942,-0.07232711274580432,-0.6349205864117585
10639.458167906,-2.6699003040649942,-0.07232711274580432,-0.6349205864117585
10639.463060178,-2.6699003040649942,-0.07232711274580432,-0.6349205864117585
10639.4713177,-2.6699003040649942,-0.07232711274580432,-0.6349205864117585
10639.482282016,-2.6699003040649942,-0.07232711274580432,-0.6349205864117585
10639.493749932,-2.6699003040649942,-0.07232711274580432,-0.6349205864117585
10639.503444215,-2.6699003040649942,-0.07232711274580432,-0.6349205864117585
10639.506358004,-2.6699003040649942,-0.07232711274580432,-0.6349205864117585
10639.507062217,-2.663707944430241,-0.07680849396865513,-0.6179842842266999
10639.512780645,-2.663707944430241,-0.07680849396865513,-0.6179842842266999
10639.522840024,-2.663707944430241,-0.07680849396865513,-0.6179842842266999
10639.534019961,-2.663707944430241,-0.07680849396865513,-0.6179842842266999
10639.543442145,-2.663707944430241,-0.07680849396865513,-0.6179842842266999
10639.546245723,-2.6572467181270825,-0.0788054553296514,-0.5966256962292946
10639.554724203,-2.6572467181270825,-0.0788054553296514,-0.5966256962292946
10639.556487858,-2.6572467181270825,-0.0788054553296514,-0.5966256962292946
10639.565187106,-2.6572467181270825,-0.0788054553296514,-0.5966256962292946
10639.574799943,-2.6572467181270825,-0.0788054553296514,-0.5966256962292946
10639.581263863,-2.6572467181270825,-0.0788054553296514,-0.5966256962292946
10639.594611596,-2.6572467181270825,-0.0788054553296514,-0.5966256962292946
10639.603678171,-2.6572467181270825,-0.0788054553296514,-0.5966256962292946
10639.612698158,-2.6572467181270825,-0.0788054553296514,-0.5966256962292946
10639.620032789,-2.6572467181270825,-0.0788054553296514,-0.5966256962292946
10639.622449599,-2.642009657481127,-0.07666795136778821,-0.5609996764322126
10639.628047989,-2.642009657481127,-0.07666795136778821,-0.5609996764322126
10639.636192903,-2.642009657481127,-0.07666795136778821,-0.5609996764322126
10639.643306743,-2.642009657481127,-0.07666795136778821,-0.5609996764322126
10639.648044504,-2.630915106586905,-0.07842163744074523,-0.5388997231248048
10639.651855654,-2.630915106586905,-0.07842163744074523,-0.5388997231248048
10639.653177075,-2.630915106586905,-0.07842163744074523,-0.5388997231248048
10639.661692239,-2.630915106586905,-0.07842163744074523,-0.5388997231248048
10639.675330435,-2.630915106586905,-0.07842163744074523,-0.5388997231248048
10639.683128831,-2.630915106586905,-0.07842163744074523,-0.5388997231248048
10639.69332918,-2.630915106586905,-0.07842163744074523,-0.5388997231248048
10639.702381117,-2.630915106586905,-0.07842163744074523,-0.5388997231248048
10639.703176444,-2.627087956499815,-0.08065148986035703,-0.5162149105790288
10639.70390288,-2.627087956499815,-0.08065148986035703,-0.5162149105790288
10639.713328991,-2.627087956499815,-0.08065148986035703,-0.5162149105790288
10639.724817667,-2.627087956499815,-0.08065148986035703,-0.5162149105790288
10639.733072614,-2.627087956499815,-0.08065148986035703,-0.5162149105790288
10639.744297627,-2.627087956499815,-0.08065148986035703,-0.5162149105790288
10639.752619351,-2.627087956499815,-0.08065148986035703,-0.5162149105790288
10639.754325446,-2.6231108563879104,-0.08282154229695177,-0.48275953872233923
10639.764448376,-2.6231108563879104,-0.08282154229695177,-0.48275953872233923
10639.769003015,-2.6231108563879104,-0.08282154229695177,-0.48275953872233923
10639.772449008,-2.6231108563879104,-0.08282154229695177,-0.48275953872233923
10639.784865794,-2.6231108563879104,-0.08282154229695177,-0.48275953872233923
10639.798363493,-2.6231108563879104,-0.08282154229695177,-0.48275953872233923
10639.800223841,-2.617496894510717,-0.08568566258250268,-0.4607542191270024
10639.80339948,-2.617496894510717,-0.08568566258250268,-0.4607542191270024
10639.803899463,-2.617496894510717,-0.08568566258250268,-0.4607542191270024
10639.815066135,-2.617496894510717,-0.08568566258250268,-0.4607542191270024
10639.822836838,-2.617496894510717,-0.08568566258250268,-0.4607542191270024
10639.832915064,-2.617496894510717,-0.08568566258250268,-0.4607542191270024
10639.842952972,-2.617496894510717,-0.08568566258250268,-0.4607542191270024
10639.851515436,-2.613873880831537,-0.08743767863598033,-0.4400964413407472
10639.856045327,-2.613873880831537,-0.08743767863598033,-0.4400964413407472
10639.856632036,-2.613873880831537,-0.08743767863598033,-0.4400964413407472
10639.861401214,-2.613873880831537,-0.08743767863598033,-0.4400964413407472
10639.871422941,-2.613873880831537,-0.08743767863598033,-0.4400964413407472
10639.8844124,-2.613873880831537,-0.08743767863598033,-0.4400964413407472
10639.892829176,-2.613873880831537,-0.08743767863598033,-0.4400964413407472
10639.903747303,-2.613873880831537,-0.08743767863598033,-0.4400964413407472
10639.908935871,-2.6101847545183077,-0.08910815660814977,-0.4102821980240968
10639.909919648,-2.6101847545183077,-0.08910815660814977,-0.4102821980240968
10639.912789191,-2.6101847545183077,-0.08910815660814977,-0.4102821980240968
10639.923200533,-2.6101847545183077,-0.08910815660814977,-0.4102821980240968
10639.933776066,-2.6101847545183077,-0.08910815660814977,-0.4102821980240968
10639.944337143,-2.6101847545183077,-0.08910815660814977,-0.4102821980240968
10639.945380102,-2.605220121571408,-0.09120987030682315,-0.3906405602219728
10639.948645531,-2.605220121571408,-0.09120987030682315,-0.3906405602219728
10639.960796521,-2.605220121571408,-0.09120987030682315,-0.3906405602219728
10639.96394137,-2.605220121571408,-0.09120987030682315,-0.3906405602219728
10639.974126098,-2.605220121571408,-0.09120987030682315,-0.3906405602219728
10639.984894249,-2.605220121571408,-0.09120987030682315,-0.3906405602219728
10639.990307917,-2.605220121571408,-0.09120987030682315,-0.3906405602219728
10640.002758597,-2.602096642402736,-0.09246525745236503,-0.37367946250468775
10640.003953547,-2.602096642402736,-0.09246525745236503,-0.37367946250468775
10640.005954454,-2.602096642402736,-0.09246525745236503,-0.37367946250468775
10640.013054057,-2.602096642402736,-0.09246525745236503,-0.37367946250468775
10640.021937934,-2.602096642402736,-0.09246525745236503,-0.37367946250468775
10640.033910282,-2.602096642402736,-0.09246525745236503,-0.37367946250468775
10640.043048194,-2.602096642402736,-0.09246525745236503,-0.37367946250468775
10640.051494897,-2.599185623288757,-0.09356892033537167,-0.3510986004593997
10640.054870316,-2.599185623288757,-0.09356892033537167,-0.3510986004593997
10640.056116603,-2.599185623288757,-0.09356892033537167,-0.3510986004593997
10640.064399133,-2.599185623288757,-0.09356892033537167,-0.3510986004593997
10640.071784622,-2.599185623288757,-0.09356892033537167,-0.3510986004593997
10640.084839245,-2.599185623288757,-0.09356892033537167,-0.3510986004593997
10640.094344397,-2.599185623288757,-0.09356892033537167,-0.3510986004593997
10640.101455632,-2.594895716267838,-0.09510291417584495,-0.33572823150188014
10640.102468354,-2.594895716267838,-0.09510291417584495,-0.33572823150188014
10640.105561635,-2.594895716267838,-0.09510291417584495,-0.33572823150188014
10640.116519748,-2.594895716267838,-0.09510291417584495,-0.33572823150188014
10640.124704922,-2.594895716267838,-0.09510291417584495,-0.33572823150188014
10640.131933782,-2.594895716267838,-0.09510291417584495,-0.33572823150188014
10640.14682719,-2.594895716267838,-0.09510291417584495,-0.33572823150188014
10640.148227384,-2.59137243566691,-0.09600853066263261,-0.3228683907888183
10640.154068506,-2.59137243566691,-0.09600853066263261,-0.3228683907888183
10640.155769922,-2.59137243566691,-0.09600853066263261,-0.3228683907888183
10640.163043156,-2.59137243566691,-0.09600853066263261,-0.3228683907888183
10640.173925085,-2.59137243566691,-0.09600853066263261,-0.3228683907888183
10640.183297393,-2.59137243566691,-0.09600853066263261,-0.3228683907888183
10640.196905813,-2.59137243566691,-0.09600853066263261,-0.3228683907888183
10640.202080444,-2.59137243566691,-0.09600853066263261,-0.3228683907888183
10640.206234849,-2.585601710775889,-0.0965211211983953,-0.30603394944998286
10640.20745667,-2.585601710775889,-0.0965211211983953,-0.30603394944998286
10640.211689705,-2.585601710775889,-0.0965211211983953,-0.30603394944998286
10640.222996644,-2.585601710775889,-0.0965211211983953,-0.30603394944998286
10640.234694719,-2.585601710775889,-0.0965211211983953,-0.30603394944998286
10640.243498102,-2.585601710775889,-0.0965211211983953,-0.30603394944998286
10640.24629079,-2.579774726741268,-0.09762801158950837,-0.2960681751011468
10640.246997708,-2.579774726741268,-0.09762801158950837,-0.2960681751011468
10640.252134678,-2.579774726741268,-0.09762801158950837,-0.2960681751011468
10640.262835721,-2.579774726741268,-0.09762801158950837,-0.2960681751011468
10640.27399565,-2.579774726741268,-0.09762801158950837,-0.2960681751011468
10640.282535851,-2.579774726741268,-0.09762801158950837,-0.2960681751011468
10640.294773325,-2.579774726741268,-0.09762801158950837,-0.2960681751011468
10640.304155683,-2.579774726741268,-0.09762801158950837,-0.2960681751011468
10640.312993312,-2.579774726741268,-0.09762801158950837,-0.2960681751011468
10640.313962841,-2.5771778523909834,-0.09839666374985569,-0.27948187139020936
10640.314569358,-2.5771778523909834,-0.09839666374985569,-0.27948187139020936
10640.325774313,-2.5771778523909834,-0.09839666374985569,-0.27948187139020936
10640.333725941,-2.5771778523909834,-0.09839666374985569,-0.27948187139020936
10640.342578809,-2.5771778523909834,-0.09839666374985569,-0.27948187139020936
10640.353137631,-2.5771778523909834,-0.09839666374985569,-0.27948187139020936
10640.354033981,-2.573206563598312,-0.09951460213082723,-0.26932595517622016
10640.365252641,-2.573206563598312,-0.09951460213082723,-0.26932595517622016
10640.367636519,-2.573206563598312,-0.09951460213082723,-0.26932595517622016
10640.371300248,-2.573206563598312,-0.09951460213082723,-0.26932595517622016
10640.38556007,-2.573206563598312,-0.09951460213082723,-0.26932595517622016
10640.398530883,-2.573206563598312,-0.09951460213082723,-0.26932595517622016
10640.401213811,-2.573206563598312,-0.09951460213082723,-0.26932595517622016
10640.402842838,-2.5707145019908184,-0.10018895533730526,-0.2592170074223138
10640.406095673,-2.5707145019908184,-0.10018895533730526,-0.2592170074223138
10640.412177084,-2.5707145019908184,-0.10018895533730526,-0.2592170074223138
10640.423337303,-2.5707145019908184,-0.10018895533730526,-0.2592170074223138
10640.432835391,-2.5707145019908184,-0.10018895533730526,-0.2592170074223138
10640.442692104,-2.5707145019908184,-0.10018895533730526,-0.2592170074223138
10640.445181021,-2.5681422408638204,-0.10085710782842047,-0.2490563228367425
10640.450859273,-2.5681422408638204,-0.10085710782842047,-0.2490563228367425
10640.456260917,-2.5681422408638204,-0.10085710782842047,-0.2490563228367425
10640.462644825,-2.5681422408638204,-0.10085710782842047,-0.2490563228367425
10640.471989591,-2.5681422408638204,-0.10085710782842047,-0.2490563228367425
10640.482747452,-2.5681422408638204,-0.10085710782842047,-0.2490563228367425
10640.495004213,-2.5681422408638204,-0.10085710782842047,-0.2490563228367425
10640.501935254,-2.5681422408638204,-0.10085710782842047,-0.2490563228367425
10640.509276458,-2.5681422408638204,-0.10085710782842047,-0.2490563228367425
10640.510885267,-2.5658308585903686,-0.10142113453430897,-0.2296314075230218
10640.516897085,-2.5658308585903686,-0.10142113453430897,-0.2296314075230218
10640.522759739,-2.5658308585903686,-0.10142113453430897,-0.2296314075230218
10640.534267009,-2.5658308585903686,-0.10142113453430897,-0.2296314075230218
10640.542196155,-2.5658308585903686,-0.10142113453430897,-0.2296314075230218
10640.546247914,-2.562646552233157,-0.10214288996454061,-0.21615670468793882
10640.548874865,-2.562646552233157,-0.10214288996454061,-0.21615670468793882
10640.555698943,-2.562646552233157,-0.10214288996454061,-0.21615670468793882
10640.564999364,-2.562646552233157,-0.10214288996454061,-0.21615670468793882
10640.576784525,-2.562646552233157,-0.10214288996454061,-0.21615670468793882
10640.58979335,-2.562646552233157,-0.10214288996454061,-0.21615670468793882
10640.595757036,-2.562646552233157,-0.10214288996454061,-0.21615670468793882
10640.606257667,-2.562646552233157,-0.10214288996454061,-0.21615670468793882
10640.606991928,-2.562646552233157,-0.10214288996454061,-0.21615670468793882
10640.61010197,-2.5606652563666343,-0.10256062683377003,-0.1994368865727045
10640.61558022,-2.5606652563666343,-0.10256062683377003,-0.1994368865727045
10640.623367585,-2.5606652563666343,-0.10256062683377003,-0.1994368865727045
10640.633059654,-2.5606652563666343,-0.10256062683377003,-0.1994368865727045
10640.640703555,-2.5606652563666343,-0.10256062683377003,-0.1994368865727045
10640.653037723,-2.5606652563666343,-0.10256062683377003,-0.1994368865727045
10640.653487982,-2.558924131883283,-0.10288861565957548,-0.1729543044804193
10640.658774196,-2.558924131883283,-0.10288861565957548,-0.1729543044804193
10640.663416832,-2.558924131883283,-0.10288861565957548,-0.1729543044804193
10640.673979501,-2.558924131883283,-0.10288861565957548,-0.1729543044804193
10640.683223735,-2.558924131883283,-0.10288861565957548,-0.1729543044804193
10640.69217107,-2.558924131883283,-0.10288861565957548,-0.1729543044804193
10640.701505038,-2.558924131883283,-0.10288861565957548,-0.1729543044804193
10640.702957739,-2.558924131883283,-0.10288861565957548,-0.1729543044804193
10640.705954596,-2.556051488806027,-0.10335793928426404,-0.1509380176304437
10640.714181249,-2.556051488806027,-0.10335793928426404,-0.1509380176304437
10640.722901524,-2.556051488806027,-0.10335793928426404,-0.1509380176304437
10640.732248594,-2.556051488806027,-0.10335793928426404,-0.1509380176304437
10640.744164715,-2.556051488806027,-0.10335793928426404,-0.1509380176304437
10640.746794782,-2.5532355527141237,-0.10700922181100542,-0.12608603033038013
10640.750928537,-2.5532355527141237,-0.10700922181100542,-0.12608603033038013
10640.755276461,-2.5532355527141237,-0.10700922181100542,-0.12608603033038013
10640.76144589,-2.5532355527141237,-0.10700922181100542,-0.12608603033038013
10640.775046945,-2.5532355527141237,-0.10700922181100542,-0.12608603033038013
10640.784768436,-2.5532355527141237,-0.10700922181100542,-0.12608603033038013
10640.791993933,-2.5532355527141237,-0.10700922181100542,-0.12608603033038013
10640.806789757,-2.5532355527141237,-0.10700922181100542,-0.12608603033038013
10640.807961612,-2.548757545010255,-0.12307726718156473,-0.08819483781001729
10640.80880951,-2.548757545010255,-0.12307726718156473,-0.08819483781001729
10640.811162077,-2.548757545010255,-0.12307726718156473,-0.08819483781001729
10640.82387611,-2.548757545010255,-0.12307726718156473,-0.08819483781001729
10640.835753287,-2.548757545010255,-0.12307726718156473,-0.08819483781001729
10640.847698614,-2.548757545010255,-0.12307726718156473,-0.08819483781001729
10640.848861061,-2.543714102810002,-0.13162091019982192,-0.0627278786029875
10640.852201243,-2.543714102810002,-0.13162091019982192,-0.0627278786029875
10640.856047119,-2.543714102810002,-0.13162091019982192,-0.0627278786029875
10640.86232768,-2.543714102810002,-0.13162091019982192,-0.0627278786029875
10640.877776068,-2.543714102810002,-0.13162091019982192,-0.0627278786029875
10640.882863283,-2.543714102810002,-0.13162091019982192,-0.0627278786029875
10640.893690546,-2.543714102810002,-0.13162091019982192,-0.0627278786029875
10640.907177774,-2.543714102810002,-0.13162091019982192,-0.0627278786029875
10640.914956824,-2.543714102810002,-0.13162091019982192,-0.0627278786029875
10640.918032751,-2.543714102810002,-0.13162091019982192,-0.0627278786029875
10640.918657393,-2.5410841877845503,-0.13173320521005924,-0.022618482622152557
10640.924723985,-2.5410841877845503,-0.13173320521005924,-0.022618482622152557
10640.936001738,-2.5410841877845503,-0.13173320521005924,-0.022618482622152557
10640.944129463,-2.5410841877845503,-0.13173320521005924,-0.022618482622152557
10640.954986804,-2.5410841877845503,-0.13173320521005924,-0.022618482622152557
10640.955746263,-2.5410841877845503,-0.13173320521005924,-0.022618482622152557
10640.956349724,-2.537161247754611,-0.1317744065742195,0.0016139049205720572
10640.965226216,-2.537161247754611,-0.1317744065742195,0.0016139049205720572
10640.972398107,-2.537161247754611,-0.1317744065742195,0.0016139049205720572
10640.984731083,-2.537161247754611,-0.1317744065742195,0.0016139049205720572
10640.994510378,-2.537161247754611,-0.1317744065742195,0.0016139049205720572
10641.000569596,-2.537161247754611,-0.1317744065742195,0.0016139049205720572
10641.001490072,-2.5346050850674167,-0.13174112658236023,0.02442364880179762
10641.005701456,-2.5346050850674167,-0.13174112658236023,0.02442364880179762
10641.011045239,-2.5346050850674167,-0.13174112658236023,0.02442364880179762
10641.02213811,-2.5346050850674167,-0.13174112658236023,0.02442364880179762
10641.032032975,-2.5346050850674167,-0.13174112658236023,0.02442364880179762
10641.042967504,-2.5346050850674167,-0.13174112658236023,0.02442364880179762
10641.045644711,-2.5320503202976385,-0.1316502848939009,0.04666190334891677
10641.047857561,-2.5320503202976385,-0.1316502848939009,0.04666190334891677
10641.05239165,-2.5320503202976385,-0.1316502848939009,0.04666190334891677
10641.062725584,-2.5320503202976385,-0.1316502848939009,0.04666190334891677
10641.074066808,-2.5320503202976385,-0.1316502848939009,0.04666190334891677
10641.082580769,-2.5320503202976385,-0.1316502848939009,0.04666190334891677
10641.091961914,-2.5320503202976385,-0.1316502848939009,0.04666190334891677
10641.103980851,-2.5320503202976385,-0.1316502848939009,0.04666190334891677
10641.108239916,-2.529625452582689,-0.13149513843159713,0.08112673946952224
10641.109678219,-2.529625452582689,-0.13149513843159713,0.08112673946952224
10641.117705742,-2.529625452582689,-0.13149513843159713,0.08112673946952224
10641.127653839,-2.529625452582689,-0.13149513843159713,0.08112673946952224
10641.138378146,-2.529625452582689,-0.13149513843159713,0.08112673946952224
10641.143589297,-2.529625452582689,-0.13149513843159713,0.08112673946952224
10641.146854235,-2.529625452582689,-0.13149513843159713,0.08112673946952224
10641.147474889,-2.5260723198617008,-0.13116102815076927,0.10638706871604325
10641.153552182,-2.5260723198617008,-0.13116102815076927,0.10638706871604325
10641.163814799,-2.5260723198617008,-0.13116102815076927,0.10638706871604325
10641.174083397,-2.5260723198617008,-0.13116102815076927,0.10638706871604325
10641.186474424,-2.5260723198617008,-0.13116102815076927,0.10638706871604325
10641.196001989,-2.5260723198617008,-0.13116102815076927,0.10638706871604325
10641.206367381,-2.5260723198617008,-0.13116102815076927,0.10638706871604325
10641.210328808,-2.5260723198617008,-0.13116102815076927,0.10638706871604325
10641.211883434,-2.5260723198617008,-0.13116102815076927,0.10638706871604325
10641.212093144,-2.523812487016074,-0.13087420878685826,0.14610414692496657
10641.224611744,-2.523812487016074,-0.13087420878685826,0.14610414692496657
10641.234121955,-2.523812487016074,-0.13087420878685826,0.14610414692496657
10641.246868771,-2.523812487016074,-0.13087420878685826,0.14610414692496657
10641.253776017,-2.523812487016074,-0.13087420878685826,0.14610414692496657
10641.255427758,-2.523812487016074,-0.13087420878685826,0.14610414692496657
10641.256429449,-2.5188574932488947,-0.12914401109657997,0.17190042970198083
10641.263645394,-2.5188574932488947,-0.12914401109657997,0.17190042970198083
10641.268315622,-2.5188574932488947,-0.12914401109657997,0.17190042970198083
10641.273257196,-2.5188574932488947,-0.12914401109657997,0.17190042970198083
10641.284838902,-2.5188574932488947,-0.12914401109657997,0.17190042970198083
10641.296084383,-2.5188574932488947,-0.12914401109657997,0.17190042970198083
10641.29913892,-2.512925525189716,-0.12607984610762166,0.20076600929327174
10641.303687066,-2.512925525189716,-0.12607984610762166,0.20076600929327174
10641.315016858,-2.512925525189716,-0.12607984610762166,0.20076600929327174
10641.325088882,-2.512925525189716,-0.12607984610762166,0.20076600929327174
10641.336272966,-2.512925525189716,-0.12607984610762166,0.20076600929327174
10641.355677582,-2.512925525189716,-0.12607984610762166,0.20076600929327174
10641.359412507,-2.512925525189716,-0.12607984610762166,0.20076600929327174
10641.360091552,-2.512925525189716,-0.12607984610762166,0.20076600929327174
10641.360907188,-2.512925525189716,-0.12607984610762166,0.20076600929327174
10641.362055759,-2.5079311903865085,-0.12353450231359828,0.23017260564424588
10641.365739897,-2.5079311903865085,-0.12353450231359828,0.23017260564424588
10641.373358179,-2.5079311903865085,-0.12353450231359828,0.23017260564424588
10641.385648564,-2.5079311903865085,-0.12353450231359828,0.23017260564424588
10641.396852025,-2.5079311903865085,-0.12353450231359828,0.23017260564424588
10641.405451589,-2.5079311903865085,-0.12353450231359828,0.23017260564424588
10641.406721642,-2.5079311903865085,-0.12353450231359828,0.23017260564424588
10641.407123679,-2.5062647686061617,-0.12310401947610675,0.27542933953859383
10641.413895026,-2.5062647686061617,-0.12310401947610675,0.27542933953859383
10641.422920572,-2.5062647686061617,-0.12310401947610675,0.27542933953859383
10641.433135648,-2.5062647686061617,-0.12310401947610675,0.27542933953859383
10641.442768153,-2.5062647686061617,-0.12310401947610675,0.27542933953859383
10641.446785736,-2.503766388379078,-0.12235933909728947,0.30393239987947523
10641.452873469,-2.503766388379078,-0.12235933909728947,0.30393239987947523
10641.459025524,-2.503766388379078,-0.12235933909728947,0.30393239987947523
10641.462701376,-2.503766388379078,-0.12235933909728947,0.30393239987947523
10641.473875171,-2.503766388379078,-0.12235933909728947,0.30393239987947523
10641.482745632,-2.503766388379078,-0.12235933909728947,0.30393239987947523
10641.493991244,-2.503766388379078,-0.12235933909728947,0.30393239987947523
10641.503556289,-2.503766388379078,-0.12235933909728947,0.30393239987947523
10641.50980044,-2.503766388379078,-0.12235933909728947,0.30393239987947523
10641.510351251,-2.502086371144843,-0.12179663737430273,0.3424558354721268
10641.519930734,-2.502086371144843,-0.12179663737430273,0.3424558354721268
10641.522578274,-2.502086371144843,-0.12179663737430273,0.3424558354721268
10641.53351168,-2.502086371144843,-0.12179663737430273,0.3424558354721268
10641.547394573,-2.502086371144843,-0.12179663737430273,0.3424558354721268
10641.549029943,-2.4996661467809993,-0.12089795092660233,0.36863145364381866
10641.553968784,-2.4996661467809993,-0.12089795092660233,0.36863145364381866
10641.554343989,-2.4996661467809993,-0.12089795092660233,0.36863145364381866
10641.562315555,-2.4996661467809993,-0.12089795092660233,0.36863145364381866
10641.578885553,-2.4996661467809993,-0.12089795092660233,0.36863145364381866
10641.583587873,-2.4996661467809993,-0.12089795092660233,0.36863145364381866
10641.592408419,-2.4996661467809993,-0.12089795092660233,0.36863145364381866
10641.601608799,-2.4980451068862712,-0.12024812548177848,0.39387998117067413
10641.603733823,-2.4980451068862712,-0.12024812548177848,0.39387998117067413
10641.604953399,-2.4980451068862712,-0.12024812548177848,0.39387998117067413
10641.612173759,-2.4980451068862712,-0.12024812548177848,0.39387998117067413
10641.621814072,-2.4980451068862712,-0.12024812548177848,0.39387998117067413
10641.632954443,-2.4980451068862712,-0.12024812548177848,0.39387998117067413
10641.642381525,-2.4980451068862712,-0.12024812548177848,0.39387998117067413
10641.655092211,-2.4980451068862712,-0.12024812548177848,0.39387998117067413
10641.656733172,-2.4948610274995504,-0.1208173541933538,0.43340296930693795
10641.664711691,-2.4948610274995504,-0.1208173541933538,0.43340296930693795
10641.672552157,-2.4948610274995504,-0.1208173541933538,0.43340296930693795
10641.676796694,-2.4948610274995504,-0.1208173541933538,0.43340296930693795
10641.683336038,-2.4948610274995504,-0.1208173541933538,0.43340296930693795
10641.692795102,-2.4948610274995504,-0.1208173541933538,0.43340296930693795
10641.709006305,-2.4948610274995504,-0.1208173541933538,0.43340296930693795
10641.71023044,-2.4948610274995504,-0.1208173541933538,0.43340296930693795
10641.711813831,-2.4948610274995504,-0.1208173541933538,0.43340296930693795
10641.712060682,-2.4863622748353986,-0.1256160624098639,0.45949269179872837
10641.72230329,-2.4863622748353986,-0.1256160624098639,0.45949269179872837
10641.733131305,-2.4863622748353986,-0.1256160624098639,0.45949269179872837
10641.744942665,-2.4863622748353986,-0.1256160624098639,0.45949269179872837
10641.746577333,-2.4824592753281314,-0.12799196569120766,0.4821482127497281
10641.751100131,-2.4824592753281314,-0.12799196569120766,0.4821482127497281
10641.756367188,-2.4824592753281314,-0.12799196569120766,0.4821482127497281
10641.764156627,-2.4824592753281314,-0.12799196569120766,0.4821482127497281
10641.773172856,-2.4824592753281314,-0.12799196569120766,0.4821482127497281
10641.782505578,-2.4824592753281314,-0.12799196569120766,0.4821482127497281
10641.801335718,-2.4824592753281314,-0.12799196569120766,0.4821482127497281
10641.81106671,-2.4824592753281314,-0.12799196569120766,0.4821482127497281
10641.812222986,-2.482057955040318,-0.12777631221894942,0.5040258591959563
10641.821017171,-2.482057955040318,-0.12777631221894942,0.5040258591959563
10641.82267317,-2.482057955040318,-0.12777631221894942,0.5040258591959563
10641.835069146,-2.482057955040318,-0.12777631221894942,0.5040258591959563
10641.838108373,-2.482057955040318,-0.12777631221894942,0.5040258591959563
10641.844892812,-2.482057955040318,-0.12777631221894942,0.5040258591959563
10641.85270113,-2.4817261216372053,-0.12759184397638718,0.5107069438288296
10641.868158886,-2.4817261216372053,-0.12759184397638718,0.5107069438288296
10641.875573059,-2.4817261216372053,-0.12759184397638718,0.5107069438288296
10641.875945921,-2.4817261216372053,-0.12759184397638718,0.5107069438288296
10641.87715141,-2.4817261216372053,-0.12759184397638718,0.5107069438288296
10641.887281173,-2.4817261216372053,-0.12759184397638718,0.5107069438288296
10641.895531992,-2.4817261216372053,-0.12759184397638718,0.5107069438288296
10641.90027024,-2.4817261216372053,-0.12759184397638718,0.5107069438288296
10641.900784411,-2.4816599207461327,-0.12755465366019217,0.5129772847483243
10641.906806739,-2.4816599207461327,-0.12755465366019217,0.5129772847483243
10641.911643676,-2.4816599207461327,-0.12755465366019217,0.5129772847483243
10641.934670711,-2.4816599207461327,-0.12755465366019217,0.5129772847483243
10641.938594405,-2.4816599207461327,-0.12755465366019217,0.5129772847483243
10641.944247479,-2.4816599207461327,-0.12755465366019217,0.5129772847483243
10641.952784303,-2.4816378610851717,-0.12754224389780697,0.5118844931910121
10641.954834364,-2.4816378610851717,-0.12754224389780697,0.5118844931910121
10641.958415445,-2.4816378610851717,-0.12754224389780697,0.5118844931910121
10641.962586712,-2.4816378610851717,-0.12754224389780697,0.5118844931910121
10641.973990866,-2.4816378610851717,-0.12754224389780697,0.5118844931910121
10641.983243376,-2.4816378610851717,-0.12754224389780697,0.5118844931910121
10641.991861856,-2.4816378610851717,-0.12754224389780697,0.5118844931910121
10642.000797778,-2.4815493940535998,-0.12749301303521723,0.5037373727152432
10642.001862139,-2.4815493940535998,-0.12749301303521723,0.5037373727152432
10642.005596716,-2.4815493940535998,-0.12749301303521723,0.5037373727152432
10642.012788995,-2.4815493940535998,-0.12749301303521723,0.5037373727152432
10642.022668899,-2.4815493940535998,-0.12749301303521723,0.5037373727152432
10642.03789188,-2.4815493940535998,-0.12749301303521723,0.5037373727152432
10642.045579084,-2.4815493940535998,-0.12749301303521723,0.5037373727152432
10642.049599052,-2.4800752528062886,-0.12826443509362834,0.48991177428139115
10642.050113323,-2.4800752528062886,-0.12826443509362834,0.48991177428139115
10642.05674304,-2.4800752528062886,-0.12826443509362834,0.48991177428139115
10642.066724069,-2.4800752528062886,-0.12826443509362834,0.48991177428139115
10642.076200756,-2.4800752528062886,-0.12826443509362834,0.48991177428139115
10642.083198304,-2.4800752528062886,-0.12826443509362834,0.48991177428139115
10642.095696876,-2.4800752528062886,-0.12826443509362834,0.48991177428139115
10642.102668224,-2.4800752528062886,-0.12826443509362834,0.48991177428139115
10642.107092623,-2.4762791228545056,-0.13032930550230032,0.459049234098495
10642.108019562,-2.4762791228545056,-0.13032930550230032,0.459049234098495
10642.11496991,-2.4762791228545056,-0.13032930550230032,0.459049234098495
10642.12490916,-2.4762791228545056,-0.13032930550230032,0.459049234098495
10642.134698644,-2.4762791228545056,-0.13032930550230032,0.459049234098495
10642.145119983,-2.4762791228545056,-0.13032930550230032,0.459049234098495
10642.149931641,-2.474874761573616,-0.13098929904199963,0.42915431069675275
10642.15218541,-2.474874761573616,-0.13098929904199963,0.42915431069675275
10642.153985995,-2.474874761573616,-0.13098929904199963,0.42915431069675275
10642.167813181,-2.474874761573616,-0.13098929904199963,0.42915431069675275
10642.172912649,-2.474874761573616,-0.13098929904199963,0.42915431069675275
10642.181849707,-2.474874761573616,-0.13098929904199963,0.42915431069675275
10642.194926962,-2.474874761573616,-0.13098929904199963,0.42915431069675275
10642.203498322,-2.474874761573616,-0.13098929904199963,0.42915431069675275
10642.211285046,-2.474874761573616,-0.13098929904199963,0.374900613301428
10642.214342128,-2.474874761573616,-0.13098929904199963,0.374900613301428
10642.214955538,-2.474874761573616,-0.13098929904199963,0.374900613301428
10642.222179097,-2.474874761573616,-0.13098929904199963,0.374900613301428
10642.236705016,-2.474874761573616,-0.13098929904199963,0.374900613301428
10642.241928457,-2.474874761573616,-0.13098929904199963,0.374900613301428
10642.256294363,-2.474874761573616,-0.13098929904199963,0.374900613301428
10642.259213502,-2.474874761573616,-0.13098929904199963,0.374900613301428
10642.261776571,-2.4750171630310227,-0.13104206773838428,0.3348492722446042
10642.263487034,-2.4750171630310227,-0.13104206773838428,0.3348492722446042
10642.273988827,-2.4750171630310227,-0.13104206773838428,0.3348492722446042
10642.283826082,-2.4750171630310227,-0.13104206773838428,0.3348492722446042
10642.293209822,-2.4750171630310227,-0.13104206773838428,0.3348492722446042
10642.301941087,-2.4749930903830366,-0.13103424862954066,0.29327622460666475
10642.304600009,-2.4749930903830366,-0.13103424862954066,0.29327622460666475
10642.309364918,-2.4749930903830366,-0.13103424862954066,0.29327622460666475
10642.31637495,-2.4749930903830366,-0.13103424862954066,0.29327622460666475
10642.327452772,-2.4749930903830366,-0.13103424862954066,0.29327622460666475
10642.333235122,-2.4749930903830366,-0.13103424862954066,0.29327622460666475
10642.345225634,-2.4749930903830366,-0.13103424862954066,0.29327622460666475
10642.351341701,-2.4750174716876536,-0.13104104442451395,0.2503846030170041
10642.357969965,-2.4750174716876536,-0.13104104442451395,0.2503846030170041
10642.359240428,-2.4750174716876536,-0.13104104442451395,0.2503846030170041
10642.362410816,-2.4750174716876536,-0.13104104442451395,0.2503846030170041
10642.373737031,-2.4750174716876536,-0.13104104442451395,0.2503846030170041
10642.3825175,-2.4750174716876536,-0.13104104442451395,0.2503846030170041
10642.391982706,-2.4750174716876536,-0.13104104442451395,0.2503846030170041
10642.40590853,-2.4750174716876536,-0.13104104442451395,0.2503846030170041
10642.408758556,-2.475116310449546,-0.1310629759692434,0.18632415341678438
10642.410232848,-2.475116310449546,-0.1310629759692434,0.18632415341678438
10642.416072758,-2.475116310449546,-0.1310629759692434,0.18632415341678438
10642.421254742,-2.475116310449546,-0.1310629759692434,0.18632415341678438
10642.432815885,-2.475116310449546,-0.1310629759692434,0.18632415341678438
10642.447379305,-2.475116310449546,-0.1310629759692434,0.18632415341678438
10642.448952276,-2.4752161801277968,-0.13107959345619055,0.14343813466373254
10642.451168203,-2.4752161801277968,-0.13107959345619055,0.14343813466373254
10642.453881488,-2.4752161801277968,-0.13107959345619055,0.14343813466373254
10642.463053601,-2.4752161801277968,-0.13107959345619055,0.14343813466373254
10642.475996433,-2.4752161801277968,-0.13107959345619055,0.14343813466373254
10642.484274594,-2.4752161801277968,-0.13107959345619055,0.14343813466373254
10642.495929546,-2.4752161801277968,-0.13107959345619055,0.14343813466373254
10642.50183968,-2.4752161801277968,-0.13107959345619055,0.14343813466373254
10642.505306553,-2.4752161801277968,-0.13107959345619055,0.14343813466373254
10642.506085328,-2.475316669911333,-0.13109191810269344,0.10063448952976047
10642.515134319,-2.475316669911333,-0.13109191810269344,0.10063448952976047
10642.520666162,-2.475316669911333,-0.13109191810269344,0.10063448952976047
10642.536041891,-2.475316669911333,-0.13109191810269344,0.10063448952976047
10642.542665396,-2.475316669911333,-0.13109191810269344,0.10063448952976047
10642.553105771,-2.475316669911333,-0.13109191810269344,0.10063448952976047
10642.555462226,-2.475341919885852,-0.13109367013892353,0.037918720715673516
10642.564445873,-2.475341919885852,-0.13109367013892353,0.037918720715673516
10642.565462622,-2.475341919885852,-0.13109367013892353,0.037918720715673516
10642.575752029,-2.475341919885852,-0.13109367013892353,0.037918720715673516
10642.585244997,-2.475341919885852,-0.13109367013892353,0.037918720715673516
10642.591710287,-2.475341919885852,-0.13109367013892353,0.037918720715673516
10642.603868632,-2.4753672270959792,-0.13109408961449315,-0.004771079546777662
10642.605203549,-2.4753672270959792,-0.13109408961449315,-0.004771079546777662
10642.608562837,-2.4753672270959792,-0.13109408961449315,-0.004771079546777662
10642.613763708,-2.4753672270959792,-0.13109408961449315,-0.004771079546777662
10642.627191201,-2.4753672270959792,-0.13109408961449315,-0.004771079546777662
10642.63746038,-2.4753672270959792,-0.13109408961449315,-0.004771079546777662
10642.646330189,-2.4753672270959792,-0.13109408961449315,-0.004771079546777662
10642.649297339,-2.475392529680083,-0.1310934492381843,-0.04583558035549348
10642.654009427,-2.475392529680083,-0.1310934492381843,-0.04583558035549348
10642.659564284,-2.475392529680083,-0.1310934492381843,-0.04583558035549348
10642.664148788,-2.475392529680083,-0.1310934492381843,-0.04583558035549348
10642.674792682,-2.475392529680083,-0.1310934492381843,-0.04583558035549348
10642.684954806,-2.475392529680083,-0.1310934492381843,-0.04583558035549348
10642.696096817,-2.475392529680083,-0.1310934492381843,-0.04583558035549348
10642.704798228,-2.475392529680083,-0.1310934492381843,-0.04583558035549348
10642.709085967,-2.475468240387837,-0.13108765559262142,-0.10691365194973174
10642.709827782,-2.475468240387837,-0.13108765559262142,-0.10691365194973174
10642.711339205,-2.475468240387837,-0.13108765559262142,-0.10691365194973174
10642.724636831,-2.475468240387837,-0.13108765559262142,-0.10691365194973174
10642.735954259,-2.475468240387837,-0.13108765559262142,-0.10691365194973174
10642.741399646,-2.475468240387837,-0.13108765559262142,-0.10691365194973174
10642.747758546,-2.475468240387837,-0.13108765559262142,-0.1489272971218509
10642.75299232,-2.475468240387837,-0.13108765559262142,-0.1489272971218509
10642.753784992,-2.475468240387837,-0.13108765559262142,-0.1489272971218509
10642.764681277,-2.475468240387837,-0.13108765559262142,-0.1489272971218509
10642.773260271,-2.475468240387837,-0.13108765559262142,-0.1489272971218509
10642.78305776,-2.475468240387837,-0.13108765559262142,-0.1489272971218509
10642.791029156,-2.475468240387837,-0.13108765559262142,-0.1489272971218509
10642.802755043,-2.475468240387837,-0.13108765559262142,-0.1489272971218509
10642.803112375,-2.475468240387836,-0.1310876555926215,-0.1898449320858401
10642.809814439,-2.475468240387836,-0.1310876555926215,-0.1898449320858401
10642.813968263,-2.475468240387836,-0.1310876555926215,-0.1898449320858401
10642.823979486,-2.475468240387836,-0.1310876555926215,-0.1898449320858401
10642.833608136,-2.475468240387836,-0.1310876555926215,-0.1898449320858401
10642.846521559,-2.475468240387836,-0.1310876555926215,-0.1898449320858401
10642.856104198,-2.475468240387836,-0.1310876555926215,-0.1898449320858401
10642.856492098,-2.471619854670921,-0.13448505258723556,-0.24183572375188583
10642.858664232,-2.471619854670921,-0.13448505258723556,-0.24183572375188583
10642.862701262,-2.471619854670921,-0.13448505258723556,-0.24183572375188583
10642.873156316,-2.471619854670921,-0.13448505258723556,-0.24183572375188583
10642.885733938,-2.471619854670921,-0.13448505258723556,-0.24183572375188583
10642.89281221,-2.471619854670921,-0.13448505258723556,-0.24183572375188583
10642.903467843,-2.471619854670921,-0.13448505258723556,-0.24183572375188583
10642.904113985,-2.471619854670921,-0.13448505258723556,-0.24183572375188583
10642.905639014,-2.4623644173337524,-0.14267999509490542,-0.26990616940684126
10642.914534396,-2.4623644173337524,-0.14267999509490542,-0.26990616940684126
10642.925817338,-2.4623644173337524,-0.14267999509490542,-0.26990616940684126
10642.932542346,-2.4623644173337524,-0.14267999509490542,-0.26990616940684126
10642.940467744,-2.4623644173337524,-0.14267999509490542,-0.26990616940684126
10642.946474822,-2.457976860892013,-0.14644793294695996,-0.304065164939014
10642.954768162,-2.457976860892013,-0.14644793294695996,-0.304065164939014
10642.960695349,-2.457976860892013,-0.14644793294695996,-0.304065164939014
10642.96452827,-2.457976860892013,-0.14644793294695996,-0.304065164939014
10642.973866523,-2.457976860892013,-0.14644793294695996,-0.304065164939014
10642.983437339,-2.457976860892013,-0.14644793294695996,-0.304065164939014
10642.997465038,-2.457976860892013,-0.14644793294695996,-0.304065164939014
10643.001225211,-2.457976860892013,-0.14644793294695996,-0.304065164939014
10643.005820326,-2.457905064065739,-0.14647264920343955,-0.35902613104924364
10643.006541992,-2.457905064065739,-0.14647264920343955,-0.35902613104924364
10643.018083428,-2.457905064065739,-0.14647264920343955,-0.35902613104924364
10643.023792838,-2.457905064065739,-0.14647264920343955,-0.35902613104924364
10643.034061536,-2.457905064065739,-0.14647264920343955,-0.35902613104924364
10643.046190753,-2.457905064065739,-0.14647264920343955,-0.35902613104924364
10643.046676349,-2.460345940575219,-0.1485865515158868,-0.3917991712767494
10643.050183559,-2.460345940575219,-0.1485865515158868,-0.3917991712767494
10643.053865162,-2.460345940575219,-0.1485865515158868,-0.3917991712767494
10643.062449777,-2.460345940575219,-0.1485865515158868,-0.3917991712767494
10643.072560183,-2.460345940575219,-0.1485865515158868,-0.3917991712767494
10643.082491868,-2.460345940575219,-0.1485865515158868,-0.3917991712767494
10643.093674019,-2.460345940575219,-0.1485865515158868,-0.3917991712767494
10643.107237381,-2.460345940575219,-0.1485865515158868,-0.3917991712767494
10643.108383628,-2.467214340078697,-0.15412239148408685,-0.4378179114518488
10643.109018148,-2.467214340078697,-0.15412239148408685,-0.4378179114518488
10643.114968899,-2.467214340078697,-0.15412239148408685,-0.4378179114518488
10643.121546336,-2.467214340078697,-0.15412239148408685,-0.4378179114518488
10643.136548994,-2.467214340078697,-0.15412239148408685,-0.4378179114518488
10643.141681605,-2.467214340078697,-0.15412239148408685,-0.4378179114518488
10643.147879918,-2.4704268827469917,-0.15683297185628856,-0.46856417020351704
10643.151993104,-2.4704268827469917,-0.15683297185628856,-0.46856417020351704
10643.154024078,-2.4704268827469917,-0.15683297185628856,-0.46856417020351704
10643.163808151,-2.4704268827469917,-0.15683297185628856,-0.46856417020351704
10643.173827363,-2.4704268827469917,-0.15683297185628856,-0.46856417020351704
10643.183563735,-2.4704268827469917,-0.15683297185628856,-0.46856417020351704
10643.195674497,-2.4704268827469917,-0.15683297185628856,-0.46856417020351704
10643.202390989,-2.4702924874098438,-0.15690368680338415,-0.5001651223519545
10643.208062037,-2.4702924874098438,-0.15690368680338415,-0.5001651223519545
10643.208745731,-2.4702924874098438,-0.15690368680338415,-0.5001651223519545
10643.213688579,-2.4702924874098438,-0.15690368680338415,-0.5001651223519545
10643.223983858,-2.4702924874098438,-0.15690368680338415,-0.5001651223519545
10643.237428624,-2.4702924874098438,-0.15690368680338415,-0.5001651223519545
10643.250032406,-2.4702924874098438,-0.15690368680338415,-0.5001651223519545
10643.255593303,-2.4702924874098438,-0.15690368680338415,-0.5001651223519545
10643.257617033,-2.4702705546402024,-0.15691631947768603,-0.5449646886208754
10643.2656465,-2.4702705546402024,-0.15691631947768603,-0.5449646886208754
10643.266268617,-2.4702705546402024,-0.15691631947768603,-0.5449646886208754
10643.275879279,-2.4702705546402024,-0.15691631947768603,-0.5449646886208754
10643.282939396,-2.4702705546402024,-0.15691631947768603,-0.5449646886208754
10643.291192078,-2.4702705546402024,-0.15691631947768603,-0.5449646886208754
10643.303345221,-2.4702705546402024,-0.15691631947768603,-0.5449646886208754
10643.304814493,-2.4702705546402024,-0.15691631947768603,-0.5449646886208754
10643.305566197,-2.4701632618864657,-0.15698343159357775,-0.5729595597604017
10643.313361818,-2.4701632618864657,-0.15698343159357775,-0.5729595597604017
10643.323614204,-2.4701632618864657,-0.15698343159357775,-0.5729595597604017
10643.334067123,-2.4701632618864657,-0.15698343159357775,-0.5729595597604017
10643.342615299,-2.4701632618864657,-0.15698343159357775,-0.5729595597604017
10643.350181371,-2.4700796644163225,-0.15611257362771744,-0.6013149818950151
10643.357667161,-2.4700796644163225,-0.15611257362771744,-0.6013149818950151
10643.358211198,-2.4700796644163225,-0.15611257362771744,-0.6013149818950151
10643.367222127,-2.4700796644163225,-0.15611257362771744,-0.6013149818950151
10643.373662482,-2.4700796644163225,-0.15611257362771744,-0.6013149818950151
10643.383499587,-2.4700796644163225,-0.15611257362771744,-0.6013149818950151
10643.392065056,-2.4700796644163225,-0.15611257362771744,-0.6013149818950151
10643.40515279,-2.4700796644163225,-0.15611257362771744,-0.6013149818950151
10643.409657954,-2.4697308752191485,-0.15182873565839264,-0.6396568417126198
10643.410869555,-2.4697308752191485,-0.15182873565839264,-0.6396568417126198
10643.415764232,-2.4697308752191485,-0.15182873565839264,-0.6396568417126198
10643.422582808,-2.4697308752191485,-0.15182873565839264,-0.6396568417126198
10643.433088087,-2.4697308752191485,-0.15182873565839264,-0.6396568417126198
10643.444276619,-2.4697308752191485,-0.15182873565839264,-0.6396568417126198
10643.446244893,-2.4694973796164774,-0.14976988824571114,-0.6605475275875509
10643.447818916,-2.4694973796164774,-0.14976988824571114,-0.6605475275875509
10643.453386165,-2.4694973796164774,-0.14976988824571114,-0.6605475275875509
10643.463641447,-2.4694973796164774,-0.14976988824571114,-0.6605475275875509
10643.472715626,-2.4694973796164774,-0.14976988824571114,-0.6605475275875509
10643.482184588,-2.4694973796164774,-0.14976988824571114,-0.6605475275875509
10643.493163109,-2.4694973796164774,-0.14976988824571114,-0.6605475275875509
10643.500389824,-2.4694577300137124,-0.14980135938133174,-0.6812663405300557
10643.501173038,-2.4694577300137124,-0.14980135938133174,-0.6812663405300557
10643.502835008,-2.4694577300137124,-0.14980135938133174,-0.6812663405300557
10643.511192711,-2.4694577300137124,-0.14980135938133174,-0.6812663405300557
10643.525280924,-2.4694577300137124,-0.14980135938133174,-0.6812663405300557
10643.53435869,-2.4694577300137124,-0.14980135938133174,-0.6812663405300557
10643.543533481,-2.4694577300137124,-0.14980135938133174,-0.6812663405300557
10643.554163087,-2.4694577300137124,-0.14980135938133174,-0.6812663405300557
10643.555541005,-2.4694189917516907,-0.1498339457347964,-0.7174513666988792
10643.562322882,-2.4694189917516907,-0.1498339457347964,-0.7174513666988792
10643.564819013,-2.4694189917516907,-0.1498339457347964,-0.7174513666988792
10643.574937163,-2.4694189917516907,-0.1498339457347964,-0.7174513666988792
10643.584040107,-2.4694189917516907,-0.1498339457347964,-0.7174513666988792
10643.595864722,-2.4694189917516907,-0.1498339457347964,-0.7174513666988792
10643.598485421,-2.4693436463711427,-0.14990157093081555,-0.7454529135586203
10643.599213189,-2.4693436463711427,-0.14990157093081555,-0.7454529135586203
10643.605567781,-2.4693436463711427,-0.14990157093081555,-0.7454529135586203
10643.614093063,-2.4693436463711427,-0.14990157093081555,-0.7454529135586203
10643.625045355,-2.4693436463711427,-0.14990157093081555,-0.7454529135586203
10643.63821224,-2.4693436463711427,-0.14990157093081555,-0.7454529135586203
10643.644431894,-2.4693436463711427,-0.14990157093081555,-0.7454529135586203
10643.646006718,-2.468232139556909,-0.15091369486274323,-0.7778055007409215
10643.657330679,-2.468232139556909,-0.15091369486274323,-0.7778055007409215
10643.658359401,-2.468232139556909,-0.15091369486274323,-0.7778055007409215
10643.664965793,-2.468232139556909,-0.15091369486274323,-0.7778055007409215
10643.672578664,-2.468232139556909,-0.15091369486274323,-0.7778055007409215
10643.68351235,-2.468232139556909,-0.15091369486274323,-0.7778055007409215
10643.69111354,-2.468232139556909,-0.15091369486274323,-0.7778055007409215
10643.702787057,-2.468232139556909,-0.15091369486274323,-0.7778055007409215
10643.705235587,-2.4629244118987588,-0.15572165687445985,-0.8293335906904645
10643.707339921,-2.4629244118987588,-0.15572165687445985,-0.8293335906904645
10643.719260029,-2.4629244118987588,-0.15572165687445985,-0.8293335906904645
10643.726232709,-2.4629244118987588,-0.15572165687445985,-0.8293335906904645
10643.734314034,-2.4629244118987588,-0.15572165687445985,-0.8293335906904645
10643.745295772,-2.4629244118987588,-0.15572165687445985,-0.8293335906904645
10643.749279461,-2.4600609780243996,-0.15829669739224983,-0.8658526483330183
10643.752562854,-2.4600609780243996,-0.15829669739224983,-0.8658526483330183
10643.755154848,-2.4600609780243996,-0.15829669739224983,-0.8658526483330183
10643.764676641,-2.4600609780243996,-0.15829669739224983,-0.8658526483330183
10643.772824403,-2.4600609780243996,-0.15829669739224983,-0.8658526483330183
10643.783343227,-2.4600609780243996,-0.15829669739224983,-0.8658526483330183
10643.795825587,-2.4600609780243996,-0.15829669739224983,-0.8658526483330183
10643.804782082,-2.4600609780243996,-0.15829669739224983,-0.8658526483330183
10643.808325832,-2.4600609780243996,-0.15829669739224983,-0.8658526483330183
10643.808951515,-2.4600294224821786,-0.1583362798521503,-0.9296649041923936
10643.811873619,-2.4600294224821786,-0.1583362798521503,-0.9296649041923936
10643.823493955,-2.4600294224821786,-0.1583362798521503,-0.9296649041923936
10643.833388098,-2.4600294224821786,-0.1583362798521503,-0.9296649041923936
10643.843802413,-2.4600294224821786,-0.1583362798521503,-0.9296649041923936
10643.854347948,-2.4600294224821786,-0.1583362798521503,-0.9296649041923936
10643.855893617,-2.4601029663389546,-0.15823328921066074,-0.9716973844322618
10643.86095967,-2.4601029663389546,-0.15823328921066074,-0.9716973844322618
10643.8630772,-2.4601029663389546,-0.15823328921066074,-0.9716973844322618
10643.87365664,-2.4601029663389546,-0.15823328921066074,-0.9716973844322618
10643.883686953,-2.4601029663389546,-0.15823328921066074,-0.9716973844322618
10643.893889694,-2.4601029663389546,-0.15823328921066074,-0.9716973844322618
10643.903687324,-2.4600614263715994,-0.15829685106014188,-1.0121810975822862
10643.906064258,-2.4600614263715994,-0.15829685106014188,-1.0121810975822862
10643.906873201,-2.4600614263715994,-0.15829685106014188,-1.0121810975822862
10643.912591819,-2.4600614263715994,-0.15829685106014188,-1.0121810975822862
10643.923252534,-2.4600614263715994,-0.15829685106014188,-1.0121810975822862
10643.937259202,-2.4600614263715994,-0.15829685106014188,-1.0121810975822862
10643.944638638,-2.4600614263715994,-0.15829685106014188,-1.0121810975822862
10643.946286241,-2.4601651986549067,-0.15812297844227696,-1.0532417836937362
10643.951234169,-2.4601651986549067,-0.15812297844227696,-1.0532417836937362
10643.958953564,-2.4601651986549067,-0.15812297844227696,-1.0532417836937362
10643.963499545,-2.4601651986549067,-0.15812297844227696,-1.0532417836937362
10643.974615479,-2.4601651986549067,-0.15812297844227696,-1.0532417836937362
10643.982670895,-2.4601651986549067,-0.15812297844227696,-1.0532417836937362
10643.991724284,-2.4601651986549067,-0.15812297844227696,-1.0532417836937362
10644.007278033,-2.4601651986549067,-0.15812297844227696,-1.0532417836937362
10644.007758509,-2.4601651986549067,-0.15812297844227696,-1.0532417836937362
10644.008717709,-2.460188804340878,-0.15807819792233335,-1.1181017143627026
10644.020954801,-2.460188804340878,-0.15807819792233335,-1.1181017143627026
10644.023204503,-2.460188804340878,-0.15807819792233335,-1.1181017143627026
10644.0322938,-2.460188804340878,-0.15807819792233335,-1.1181017143627026
10644.043088812,-2.460188804340878,-0.15807819792233335,-1.1181017143627026
10644.045905885,-2.457842706874366,-0.15870966469739975,-1.1594806192988043
10644.046765986,-2.457842706874366,-0.15870966469739975,-1.1594806192988043
10644.052632717,-2.457842706874366,-0.15870966469739975,-1.1594806192988043
10644.063498553,-2.457842706874366,-0.15870966469739975,-1.1594806192988043
10644.073937385,-2.457842706874366,-0.15870966469739975,-1.1594806192988043
10644.084787782,-2.457842706874366,-0.15870966469739975,-1.1594806192988043
10644.095878718,-2.457842706874366,-0.15870966469739975,-1.1594806192988043
10644.104023555,-2.457842706874366,-0.15870966469739975,-1.1594806192988043
10644.109028161,-2.447484386582049,-0.16181908239956336,-1.218315923138026
10644.110019222,-2.447484386582049,-0.16181908239956336,-1.218315923138026
10644.113038902,-2.447484386582049,-0.16181908239956336,-1.218315923138026
10644.122108672,-2.447484386582049,-0.16181908239956336,-1.218315923138026
10644.135023156,-2.447484386582049,-0.16181908239956336,-1.218315923138026
10644.142171542,-2.447484386582049,-0.16181908239956336,-1.218315923138026
10644.149731924,-2.440493643672193,-0.16390331340842662,-1.2581955892999745
10644.155214311,-2.440493643672193,-0.16390331340842662,-1.2581955892999745
10644.162152435,-2.440493643672193,-0.16390331340842662,-1.2581955892999745
10644.16449829,-2.440493643672193,-0.16390331340842662,-1.2581955892999745
10644.175100885,-2.440493643672193,-0.16390331340842662,-1.2581955892999745
10644.181787429,-2.440493643672193,-0.16390331340842662,-1.2581955892999745
10644.192469074,-2.440493643672193,-0.16390331340842662,-1.2581955892999745
10644.201404268,-2.4405299832050273,-0.16378208960937202,-1.3009013636072255
10644.204998695,-2.4405299832050273,-0.16378208960937202,-1.3009013636072255
10644.207946097,-2.4405299832050273,-0.16378208960937202,-1.3009013636072255
10644.218307671,-2.4405299832050273,-0.16378208960937202,-1.3009013636072255
10644.227744622,-2.4405299832050273,-0.16378208960937202,-1.3009013636072255
10644.232942727,-2.4405299832050273,-0.16378208960937202,-1.3009013636072255
