time,x,y,yaw
14571.888967244,-2.6877244922025003,2.009412038239153,-1.6303139661559456
14571.889347294,-2.6877244922025003,2.009412038239153,-1.6303139661559456
14571.889437405,-2.6877244922025003,2.009412038239153,-1.6303139661559456
14571.88950325,-2.6877244922025003,2.009412038239153,-1.6303139661559456
14571.889550289,-2.6877244922025003,2.009412038239153,-1.6303139661559456
14571.889594492,-2.6877244922025003,2.009412038239153,-1.6303139661559456
14571.8896352,-2.6877244922025003,2.009412038239153,-1.6303139661559456
14571.88966733,-2.6877244922025003,2.009412038239153,-1.6303139661559456
14571.889702808,-2.6877244922025003,2.009412038239153,-1.6303139661559456
14571.889739096,-2.6877244922025003,2.009412038239153,-1.6303139661559456
14571.889773972,-2.6877244922025003,2.009412038239153,-1.6303139661559456
14571.889811914,-2.6877244922025003,2.009412038239153,-1.6303139661559456
14571.889875785,-2.6877244922025003,2.009412038239153,-1.6303139661559456
14571.889928876,-2.6877244922025003,2.009412038239153,-1.6303139661559456
14571.889980033,-2.6877244922025003,2.009412038239153,-1.6303139661559456
14571.890033404,-2.6877244922025003,2.009412038239153,-1.6303139661559456
14571.890087537,-2.6877244922025003,2.009412038239153,-1.6303139661559456
14571.890150857,-2.6877244922025003,2.009412038239153,-1.6303139661559456
14571.890206191,-2.6877244922025003,2.009412038239153,-1.6303139661559456
14571.890256316,-2.6877244922025003,2.009412038239153,-1.6303139661559456
14571.890307523,-2.6877244922025003,2.009412038239153,-1.6303139661559456
14571.890360484,-2.6877244922025003,2.009412038239153,-1.6303139661559456
14571.890535375,-2.6877244922025003,2.009412038239153,-1.6303139661559456
14571.890600188,-2.6877244922025003,2.009412038239153,-1.6303139661559456
14571.890654381,-2.6877244922025003,2.009412038239153,-1.6303139661559456
14571.890749952,-2.6877244922025003,2.009412038239153,-1.6303139661559456
14571.890825896,-2.6877244922025003,2.009412038239153,-1.6303139661559456
14571.890881661,-2.6877244922025003,2.009412038239153,-1.6303139661559456
14571.890931075,-2.6877244922025003,2.009412038239153,-1.6303139661559456
14571.890982342,-2.6877244922025003,2.009412038239153,-1.6303139661559456
14571.891031475,-2.6877244922025003,2.009412038239153,-1.6303139661559456
14571.891080227,-2.6877244922025003,2.009412038239153,-1.6303139661559456
14571.891128789,-2.6877244922025003,2.009412038239153,-1.6303139661559456
14571.891179365,-2.6877244922025003,2.009412038239153,-1.6303139661559456
14571.89122947,-2.6877244922025003,2.009412038239153,-1.6303139661559456
14571.891280206,-2.6877244922025003,2.009412038239153,-1.6303139661559456
14571.891328868,-2.6877244922025003,2.009412038239153,-1.6303139661559456
14571.891375787,-2.6877244922025003,2.009412038239153,-1.6303139661559456
14571.891424009,-2.6877244922025003,2.009412038239153,-1.6303139661559456
14571.891563693,-2.6877244922025003,2.009412038239153,-1.6303139661559456
14571.891633696,-2.6877244922025003,2.009412038239153,-1.6303139661559456
14571.891672149,-2.6877244922025003,2.009412038239153,-1.6303139661559456
14571.891704891,-2.6877244922025003,2.009412038239153,-1.6303139661559456
14571.891736701,-2.6877244922025003,2.009412038239153,-1.6303139661559456
14571.891768581,-2.6877244922025003,2.009412038239153,-1.6303139661559456
14571.891797667,-2.6877244922025003,2.009412038239153,-1.6303139661559456
14571.891826311,-2.6877244922025003,2.009412038239153,-1.6303139661559456
14571.891856338,-2.6877244922025003,2.009412038239153,-1.6303139661559456
14571.891890913,-2.6877244922025003,2.009412038239153,-1.6303139661559456
14571.891922012,-2.6877244922025003,2.009412038239153,-1.6303139661559456
14571.891954363,-2.6877244922025003,2.009412038239153,-1.6303139661559456
14571.891983889,-2.6877244922025003,2.009412038239153,-1.6303139661559456
14571.892013335,-2.6877244922025003,2.009412038239153,-1.6303139661559456
14571.89204747,-2.6877244922025003,2.009412038239153,-1.6303139661559456
14571.892079751,-2.6877244922025003,2.009412038239153,-1.6303139661559456
14571.892134254,-2.6877244922025003,2.009412038239153,-1.6303139661559456
14571.892173429,-2.6877244922025003,2.009412038239153,-1.6303139661559456
14571.892205068,-2.6877244922025003,2.009412038239153,-1.6303139661559456
14571.892235797,-2.6877244922025003,2.009412038239153,-1.6303139661559456
14571.892285391,-2.6877244922025003,2.009412038239153,-1.6303139661559456
14571.892333211,-2.6877244922025003,2.009412038239153,-1.6303139661559456
14571.892379539,-2.6877244922025003,2.009412038239153,-1.6303139661559456
14571.892429514,-2.6877244922025003,2.009412038239153,-1.6303139661559456
14571.892465111,-2.6877244922025003,2.009412038239153,-1.6303139661559456
14571.892493385,-2.6877244922025003,2.009412038239153,-1.6303139661559456
14571.892523321,-2.6877244922025003,2.009412038239153,-1.6303139661559456
14571.892551224,-2.6877244922025003,2.009412038239153,-1.6303139661559456
14571.892582053,-2.6877244922025003,2.009412038239153,-1.6303139661559456
14571.892767664,-2.6877244922025003,2.009412038239153,-1.6303139661559456
14571.892817288,-2.6877244922025003,2.009412038239153,-1.6303139661559456
14571.892852205,-2.6877244922025003,2.009412038239153,-1.6303139661559456
14571.892883694,-2.6877244922025003,2.009412038239153,-1.6303139661559456
14571.892913541,-2.6877244922025003,2.009412038239153,-1.6303139661559456
14571.892942145,-2.6877244922025003,2.009412038239153,-1.6303139661559456
14571.892970819,-2.6877244922025003,2.009412038239153,-1.6303139661559456
14571.892999323,-2.6877244922025003,2.009412038239153,-1.6303139661559456
14571.893027236,-2.6877244922025003,2.009412038239153,-1.6303139661559456
14571.893057263,-2.6877244922025003,2.009412038239153,-1.6303139661559456
14571.893084805,-2.6877244922025003,2.009412038239153,-1.6303139661559456
14571.893113289,-2.6877244922025003,2.009412038239153,-1.6303139661559456
14571.893140831,-2.6877244922025003,2.009412038239153,-1.6303139661559456
14571.893167702,-2.6877244922025003,2.009412038239153,-1.6303139661559456
14571.893195555,-2.6877244922025003,2.009412038239153,-1.6303139661559456
14571.893229379,-2.6877244922025003,2.009412038239153,-1.6303139661559456
14571.89348337,-2.6877244922025003,2.009412038239153,-1.6303139661559456
14571.893540879,-2.6877244922025003,2.009412038239153,-1.6303139661559456
14571.893580294,-2.6877244922025003,2.009412038239153,-1.6303139661559456
14571.893615461,-2.6877244922025003,2.009412038239153,-1.6303139661559456
14571.89364701,-2.6877244922025003,2.009412038239153,-1.6303139661559456
14571.893677298,-2.6877244922025003,2.009412038239153,-1.6303139661559456
14571.893707595,-2.6877244922025003,2.009412038239153,-1.6303139661559456
14571.893737893,-2.6877244922025003,2.009412038239153,-1.6303139661559456
14571.893770003,-2.6877244922025003,2.009412038239153,-1.6303139661559456
14571.893800491,-2.6877244922025003,2.009412038239153,-1.6303139661559456
14571.893830278,-2.6877244922025003,2.009412038239153,-1.6303139661559456
14571.893865534,-2.6877244922025003,2.009412038239153,-1.6303139661559456
14571.894072346,-2.6877244922025003,2.009412038239153,-1.6303139661559456
14571.894143391,-2.6877244922025003,2.009412038239153,-1.6303139661559456
14571.894215608,-2.6877244922025003,2.009412038239153,-1.6303139661559456
14571.894291822,-2.6877244922025003,2.009412038239153,-1.6303139661559456
14571.894350173,-2.6877244922025003,2.009412038239153,-1.6303139661559456
14571.894417059,-2.6877244922025003,2.009412038239153,-1.6303139661559456
14571.894746754,-2.6877244922025003,2.009412038239153,-1.6303139661559456
14571.894789815,-2.6877244922025003,2.009412038239153,-1.6303139661559456
14571.894825774,-2.6877244922025003,2.009412038239153,-1.6303139661559456
14571.894858866,-2.6877244922025003,2.009412038239153,-1.6303139661559456
14571.894890967,-2.6877244922025003,2.009412038239153,-1.6303139661559456
14571.894952834,-2.6877244922025003,2.009412038239153,-1.6303139661559456
14571.901738971,-2.6877244922025003,2.009412038239153,-1.6303139661559456
14571.903402403,-2.6877244922025003,2.009412038239153,-1.6303139661559456
14571.905388916,-2.6877244922025003,2.009412038239153,-1.6303139661559456
14571.906622333,-2.6877244922025003,2.009412038239153,-1.6303139661559456
14571.908030441,-2.6877244922025003,2.009412038239153,-1.6303139661559456
14571.909610424,-2.6877244922025003,2.009412038239153,-1.6303139661559456
14571.911040974,-2.6877244922025003,2.009412038239153,-1.6303139661559456
14571.914251437,-2.6877244922025003,2.009412038239153,-1.6303139661559456
14571.922959525,-2.6877244922025003,2.009412038239153,-1.6303139661559456
14571.924245441,-2.6877244922025003,2.009412038239153,-1.6303139661559456
14571.925256978,-2.6877259972742094,2.0093867723411223,-1.6302766536483162
14571.933496999,-2.6877259972742094,2.0093867723411223,-1.6302766536483162
14571.941317155,-2.6877259972742094,2.0093867723411223,-1.6302766536483162
14571.953660922,-2.6877259972742094,2.0093867723411223,-1.6302766536483162
14571.96123421,-2.6877259972742094,2.0093867723411223,-1.6302766536483162
14571.97133102,-2.6877259972742094,2.0093867723411223,-1.6302766536483162
14571.972738627,-2.6877244930593958,2.0094120382901832,-1.6302461360701905
14571.983587761,-2.6877244930593958,2.0094120382901832,-1.6302461360701905
14571.984305731,-2.6877244930593958,2.0094120382901832,-1.6302461360701905
14571.992183767,-2.6877244930593958,2.0094120382901832,-1.6302461360701905
14571.999238891,-2.6877244930593958,2.0094120382901832,-1.6302461360701905
14572.013729718,-2.6877244930593958,2.0094120382901832,-1.6302461360701905
14572.021476344,-2.6877244930593958,2.0094120382901832,-1.6302461360701905
14572.02986659,-2.6877244930593958,2.0094120382901832,-1.6302461360701905
14572.030383349,-2.6877244930593958,2.0094120382901832,-1.6246654723891603
14572.030962136,-2.6877244930593958,2.0094120382901832,-1.6246654723891603
14572.037264526,-2.6877244930593958,2.0094120382901832,-1.6246654723891603
14572.050219561,-2.6877244930593958,2.0094120382901832,-1.6246654723891603
14572.061649446,-2.6877244930593958,2.0094120382901832,-1.6246654723891603
14572.075810405,-2.6877244930593958,2.0094120382901832,-1.6246654723891603
14572.076373192,-2.6878194099136743,2.0075921423901675,-1.6211429570922247
14572.076903586,-2.6878194099136743,2.0075921423901675,-1.6211429570922247
14572.079715263,-2.6878194099136743,2.0075921423901675,-1.6211429570922247
14572.089518617,-2.6878194099136743,2.0075921423901675,-1.6211429570922247
14572.099935543,-2.6878194099136743,2.0075921423901675,-1.6211429570922247
14572.110212112,-2.6878194099136743,2.0075921423901675,-1.6211429570922247
14572.118946541,-2.6878194099136743,2.0075921423901675,-1.6211429570922247
14572.12384094,-2.6879788597444634,2.004432327096287,-1.6212876771697395
14572.12477502,-2.6879788597444634,2.004432327096287,-1.6212876771697395
14572.127953712,-2.6879788597444634,2.004432327096287,-1.6212876771697395
14572.139985851,-2.6879788597444634,2.004432327096287,-1.6212876771697395
14572.148639697,-2.6879788597444634,2.004432327096287,-1.6212876771697395
14572.159586737,-2.6879788597444634,2.004432327096287,-1.6212876771697395
14572.170917204,-2.6879788597444634,2.004432327096287,-1.6212876771697395
14572.175123362,-2.6882159549991758,1.999882577082173,-1.6244342063674324
14572.178226942,-2.6882159549991758,1.999882577082173,-1.6244342063674324
14572.181960797,-2.6882159549991758,1.999882577082173,-1.6244342063674324
14572.192844817,-2.6882159549991758,1.999882577082173,-1.6244342063674324
14572.19884735,-2.6882159549991758,1.999882577082173,-1.6244342063674324
14572.207231223,-2.6882159549991758,1.999882577082173,-1.6244342063674324
14572.221046919,-2.6882159549991758,1.999882577082173,-1.6244342063674324
14572.224998786,-2.688650096450487,1.992048284177009,-1.6278762553939217
14572.226652469,-2.688650096450487,1.992048284177009,-1.6278762553939217
14572.22932344,-2.688650096450487,1.992048284177009,-1.6278762553939217
14572.242266,-2.688650096450487,1.992048284177009,-1.6278762553939217
14572.25017783,-2.688650096450487,1.992048284177009,-1.6278762553939217
14572.258952544,-2.688650096450487,1.992048284177009,-1.6278762553939217
14572.265756245,-2.68897876632989,1.9864642867585003,-1.6312992309340826
14572.269138873,-2.68897876632989,1.9864642867585003,-1.6312992309340826
14572.269637669,-2.68897876632989,1.9864642867585003,-1.6312992309340826
14572.281866327,-2.68897876632989,1.9864642867585003,-1.6312992309340826
14572.293351296,-2.68897876632989,1.9864642867585003,-1.6312992309340826
14572.302297456,-2.68897876632989,1.9864642867585003,-1.6312992309340826
14572.309484262,-2.68897876632989,1.9864642867585003,-1.6312992309340826
14572.322461719,-2.68897876632989,1.9864642867585003,-1.6312992309340826
14572.329209062,-2.68897876632989,1.9864642867585003,-1.6312992309340826
14572.339807983,-2.68897876632989,1.9864642867585003,-1.6312992309340826
14572.350830606,-2.68897876632989,1.9864642867585003,-1.6312992309340826
14572.356196703,-2.689333548751584,1.9807550844999087,-1.6344182227858899
14572.365200381,-2.689333548751584,1.9807550844999087,-1.6344182227858899
14572.368796544,-2.689333548751584,1.9807550844999087,-1.6344182227858899
14572.372481616,-2.689333548751584,1.9807550844999087,-1.6344182227858899
14572.373041907,-2.6899059539940553,1.97191485652503,-1.6364940141448372
14572.375882419,-2.6899059539940553,1.97191485652503,-1.6364940141448372
14572.383866716,-2.6899059539940553,1.97191485652503,-1.6364940141448372
14572.390278504,-2.6899059539940553,1.97191485652503,-1.6364940141448372
14572.401364427,-2.6899059539940553,1.97191485652503,-1.6364940141448372
14572.413922139,-2.6899059539940553,1.97191485652503,-1.6364940141448372
14572.419602,-2.6899059539940553,1.97191485652503,-1.6364940141448372
14572.429879332,-2.6899059539940553,1.97191485652503,-1.6364940141448372
14572.440094185,-2.6899059539940553,1.97191485652503,-1.6364940141448372
14572.448553231,-2.6899059539940553,1.97191485652503,-1.6364940141448372
14572.459750415,-2.6899059539940553,1.97191485652503,-1.6364940141448372
14572.468988026,-2.6899059539940553,1.97191485652503,-1.6364940141448372
14572.479796033,-2.6899059539940553,1.97191485652503,-1.6364940141448372
14572.481310162,-2.6902880979511012,1.9661313205741937,-1.6370557283172007
14572.482012192,-2.6902880979511012,1.9661313205741937,-1.6370557283172007
14572.482529933,-2.690855616621084,1.957569786844728,-1.6369173263320316
14572.482831073,-2.690855616621084,1.957569786844728,-1.6369173263320316
14572.492215543,-2.690855616621084,1.957569786844728,-1.6369173263320316
14572.499235383,-2.690855616621084,1.957569786844728,-1.6369173263320316
14572.511963708,-2.690855616621084,1.957569786844728,-1.6369173263320316
14572.522239366,-2.690855616621084,1.957569786844728,-1.6369173263320316
14572.523458475,-2.6912319032341268,1.9518365961838926,-1.6357533668288584
14572.524201433,-2.6912319032341268,1.9518365961838926,-1.6357533668288584
14572.530021039,-2.6912319032341268,1.9518365961838926,-1.6357533668288584
14572.5417606,-2.6912319032341268,1.9518365961838926,-1.6357533668288584
14572.548774679,-2.6912319032341268,1.9518365961838926,-1.6357533668288584
14572.559557037,-2.6912319032341268,1.9518365961838926,-1.6357533668288584
14572.56867927,-2.6912319032341268,1.9518365961838926,-1.6357533668288584
14572.578097144,-2.6912319032341268,1.9518365961838926,-1.6357533668288584
14572.580113614,-2.691574078976085,1.946481651887125,-1.6334638332137457
14572.583981602,-2.691574078976085,1.946481651887125,-1.6334638332137457
14572.590131995,-2.691574078976085,1.946481651887125,-1.6334638332137457
14572.600397563,-2.691574078976085,1.946481651887125,-1.6334638332137457
14572.608701416,-2.691574078976085,1.946481651887125,-1.6334638332137457
14572.618521641,-2.691574078976085,1.946481651887125,-1.6334638332137457
14572.62520814,-2.691574078976085,1.946481651887125,-1.6334638332137457
14572.62586833,-2.6921064229483678,1.9383743802925553,-1.6392656301268929
14572.627767018,-2.6921064229483678,1.9383743802925553,-1.6392656301268929
14572.636737693,-2.6921064229483678,1.9383743802925553,-1.6392656301268929
14572.648983133,-2.6921064229483678,1.9383743802925553,-1.6392656301268929
14572.657221702,-2.6921064229483678,1.9383743802925553,-1.6392656301268929
14572.665319544,-2.692410484404149,1.9344376381299853,-1.6564945911177988
14572.668761175,-2.692410484404149,1.9344376381299853,-1.6564945911177988
14572.67292295,-2.692410484404149,1.9344376381299853,-1.6564945911177988
14572.678276673,-2.692410484404149,1.9344376381299853,-1.6564945911177988
14572.687752846,-2.692410484404149,1.9344376381299853,-1.6564945911177988
14572.699166791,-2.692410484404149,1.9344376381299853,-1.6564945911177988
14572.709489007,-2.692410484404149,1.9344376381299853,-1.6564945911177988
14572.718300321,-2.692410484404149,1.9344376381299853,-1.6564945911177988
14572.728061084,-2.692410484404149,1.9344376381299853,-1.6564945911177988
14572.740492777,-2.692410484404149,1.9344376381299853,-1.6564945911177988
14572.747496375,-2.692410484404149,1.9344376381299853,-1.6564945911177988
14572.758807496,-2.692410484404149,1.9344376381299853,-1.6564945911177988
14572.768162539,-2.692410484404149,1.9344376381299853,-1.6564945911177988
14572.768771553,-2.692410484404149,1.9344376381299853,-1.6564945911177988
14572.769089816,-2.6927787784695187,1.9309387828855655,-1.6948482726821297
14572.769319221,-2.6933853050160974,1.9266022443946587,-1.724669906974732
14572.7751565,-2.6933853050160974,1.9266022443946587,-1.724669906974732
14572.780100837,-2.6933853050160974,1.9266022443946587,-1.724669906974732
14572.788025521,-2.6933853050160974,1.9266022443946587,-1.724669906974732
14572.799054276,-2.6933853050160974,1.9266022443946587,-1.724669906974732
14572.818038203,-2.6933853050160974,1.9266022443946587,-1.724669906974732
14572.819771918,-2.6933853050160974,1.9266022443946587,-1.724669906974732
14572.824895775,-2.69385695375263,1.9238583091396562,-1.7573712800750136
14572.825599378,-2.69385695375263,1.9238583091396562,-1.7573712800750136
14572.829167078,-2.69385695375263,1.9238583091396562,-1.7573712800750136
14572.840050187,-2.69385695375263,1.9238583091396562,-1.7573712800750136
14572.848229443,-2.69385695375263,1.9238583091396562,-1.7573712800750136
14572.858655656,-2.69385695375263,1.9238583091396562,-1.7573712800750136
14572.874255642,-2.69385695375263,1.9238583091396562,-1.7573712800750136
14572.874758625,-2.694462267986155,1.9210370978520386,-1.8069292043456426
14572.87748986,-2.694462267986155,1.9210370978520386,-1.8069292043456426
14572.881789876,-2.694462267986155,1.9210370978520386,-1.8069292043456426
14572.89306618,-2.694462267986155,1.9210370978520386,-1.8069292043456426
14572.900588552,-2.694462267986155,1.9210370978520386,-1.8069292043456426
14572.910128807,-2.694462267986155,1.9210370978520386,-1.8069292043456426
14572.921833994,-2.694462267986155,1.9210370978520386,-1.8069292043456426
14572.922879745,-2.6955547997176255,1.9167968366630843,-1.8390072320708626
14572.923302295,-2.6955547997176255,1.9167968366630843,-1.8390072320708626
14572.928488291,-2.6955547997176255,1.9167968366630843,-1.8390072320708626
14572.939641181,-2.6955547997176255,1.9167968366630843,-1.8390072320708626
14572.94868748,-2.6955547997176255,1.9167968366630843,-1.8390072320708626
14572.957627498,-2.6955547997176255,1.9167968366630843,-1.8390072320708626
14572.969154226,-2.6955547997176255,1.9167968366630843,-1.8390072320708626
14572.969790502,-2.6963209558357697,1.9141728467681158,-1.8707536195525514
14572.972878282,-2.6963209558357697,1.9141728467681158,-1.8707536195525514
14572.980238306,-2.6963209558357697,1.9141728467681158,-1.8707536195525514
14572.989908818,-2.6963209558357697,1.9141728467681158,-1.8707536195525514
14573.000805432,-2.6963209558357697,1.9141728467681158,-1.8707536195525514
14573.012283008,-2.6963209558357697,1.9141728467681158,-1.8707536195525514
14573.019594821,-2.6963209558357697,1.9141728467681158,-1.8707536195525514
14573.026604081,-2.697209170816589,1.9115341525148595,-1.920235130668581
14573.028314381,-2.697209170816589,1.9115341525148595,-1.920235130668581
14573.028872859,-2.697209170816589,1.9115341525148595,-1.920235130668581
14573.038079852,-2.697209170816589,1.9115341525148595,-1.920235130668581
14573.04795945,-2.697209170816589,1.9115341525148595,-1.920235130668581
14573.058960753,-2.697209170816589,1.9115341525148595,-1.920235130668581
14573.070781098,-2.697209170816589,1.9115341525148595,-1.920235130668581
14573.071075055,-2.6987306133434252,1.9075363693569645,-1.948650214553772
14573.079809533,-2.6987306133434252,1.9075363693569645,-1.948650214553772
14573.080408137,-2.6987306133434252,1.9075363693569645,-1.948650214553772
14573.088213485,-2.6987306133434252,1.9075363693569645,-1.948650214553772
14573.09999729,-2.6987306133434252,1.9075363693569645,-1.948650214553772
14573.111370408,-2.6987306133434252,1.9075363693569645,-1.948650214553772
14573.117479251,-2.6987306133434252,1.9075363693569645,-1.948650214553772
14573.12987174,-2.6987306133434252,1.9075363693569645,-1.948650214553772
14573.138299186,-2.6987306133434252,1.9075363693569645,-1.948650214553772
14573.148649727,-2.6987306133434252,1.9075363693569645,-1.948650214553772
14573.157992507,-2.6987306133434252,1.9075363693569645,-1.948650214553772
14573.162766542,-2.699674340872453,1.9052972998603384,-1.9907166694411635
14573.163822303,-2.699674340872453,1.9052972998603384,-1.9907166694411635
14573.170063286,-2.699674340872453,1.9052972998603384,-1.9907166694411635
14573.170663944,-2.701100266111947,1.9021642749155077,-2.005095217109621
14573.172048237,-2.701100266111947,1.9021642749155077,-2.005095217109621
14573.179399384,-2.701100266111947,1.9021642749155077,-2.005095217109621
14573.193202015,-2.701100266111947,1.9021642749155077,-2.005095217109621
14573.197091985,-2.701100266111947,1.9021642749155077,-2.005095217109621
14573.210636977,-2.701100266111947,1.9021642749155077,-2.005095217109621
14573.220601877,-2.701100266111947,1.9021642749155077,-2.005095217109621
14573.233470647,-2.701100266111947,1.9021642749155077,-2.005095217109621
14573.239266058,-2.701100266111947,1.9021642749155077,-2.005095217109621
14573.248114592,-2.701100266111947,1.9021642749155077,-2.005095217109621
14573.260082166,-2.701100266111947,1.9021642749155077,-2.005095217109621
14573.26209538,-2.701100266111947,1.9021642749155077,-2.005095217109621
14573.262478335,-2.7019172661674036,1.9003948650747984,-2.001638505340516
14573.272628465,-2.7019172661674036,1.9003948650747984,-2.001638505340516
14573.279193804,-2.702648417382732,1.8987532689046853,-1.977982137084901
14573.279994601,-2.702648417382732,1.8987532689046853,-1.977982137084901
14573.282074081,-2.702648417382732,1.8987532689046853,-1.977982137084901
14573.290725642,-2.702648417382732,1.8987532689046853,-1.977982137084901
14573.296821862,-2.702648417382732,1.8987532689046853,-1.977982137084901
14573.308342519,-2.702648417382732,1.8987532689046853,-1.977982137084901
14573.321172757,-2.702648417382732,1.8987532689046853,-1.977982137084901
14573.322850486,-2.702648417382732,1.8987532689046853,-1.977982137084901
14573.323640783,-2.7035011214253357,1.8967230396872905,-1.9588730071791993
14573.330010541,-2.7035011214253357,1.8967230396872905,-1.9588730071791993
14573.340849627,-2.7035011214253357,1.8967230396872905,-1.9588730071791993
14573.349934159,-2.7035011214253357,1.8967230396872905,-1.9588730071791993
14573.361409158,-2.7035011214253357,1.8967230396872905,-1.9588730071791993
14573.369451475,-2.7035011214253357,1.8967230396872905,-1.9588730071791993
14573.37205072,-2.703817336329108,1.8959226788995953,-1.9352533553847664
14573.373406098,-2.703817336329108,1.8959226788995953,-1.9352533553847664
14573.382927847,-2.703817336329108,1.8959226788995953,-1.9352533553847664
14573.390523448,-2.703817336329108,1.8959226788995953,-1.9352533553847664
14573.399070511,-2.703817336329108,1.8959226788995953,-1.9352533553847664
14573.411792715,-2.703817336329108,1.8959226788995953,-1.9352533553847664
14573.420048336,-2.703817336329108,1.8959226788995953,-1.9352533553847664
14573.433153585,-2.703817336329108,1.8959226788995953,-1.9352533553847664
14573.434933507,-2.703954552095316,1.895541662719351,-1.897682521224916
14573.43559468,-2.703954552095316,1.895541662719351,-1.897682521224916
14573.442272461,-2.703954552095316,1.895541662719351,-1.897682521224916
14573.453493461,-2.703954552095316,1.895541662719351,-1.897682521224916
14573.458506018,-2.703954552095316,1.895541662719351,-1.897682521224916
14573.473218251,-2.703954552095316,1.895541662719351,-1.897682521224916
14573.474757307,-2.70407041605277,1.8950912575528593,-1.87241700629321
14573.475069969,-2.70407041605277,1.8950912575528593,-1.87241700629321
14573.477871307,-2.70407041605277,1.8950912575528593,-1.87241700629321
14573.489803654,-2.70407041605277,1.8950912575528593,-1.87241700629321
14573.498132554,-2.70407041605277,1.8950912575528593,-1.87241700629321
14573.50956849,-2.70407041605277,1.8950912575528593,-1.87241700629321
14573.518418447,-2.70407041605277,1.8950912575528593,-1.87241700629321
14573.520704439,-2.6991526004870927,1.897574224595212,-1.8462535447543125
14573.522949081,-2.6991526004870927,1.897574224595212,-1.8462535447543125
14573.530071034,-2.6991526004870927,1.897574224595212,-1.8462535447543125
14573.542550808,-2.6991526004870927,1.897574224595212,-1.8462535447543125
14573.55131345,-2.6991526004870927,1.897574224595212,-1.8462535447543125
14573.563819564,-2.6991526004870927,1.897574224595212,-1.8462535447543125
14573.567099698,-2.6991526004870927,1.897574224595212,-1.8462535447543125
14573.576418965,-2.695058884584921,1.898359502081514,-1.8080838565451556
14573.581486616,-2.695058884584921,1.898359502081514,-1.8080838565451556
14573.583403367,-2.695058884584921,1.898359502081514,-1.8080838565451556
14573.588354647,-2.695058884584921,1.898359502081514,-1.8080838565451556
14573.604030627,-2.695058884584921,1.898359502081514,-1.8080838565451556
14573.60832826,-2.695058884584921,1.898359502081514,-1.8080838565451556
14573.617612048,-2.695058884584921,1.898359502081514,-1.8080838565451556
14573.620723464,-2.6965000417958973,1.8921461545923823,-1.7893392686469014
14573.622197336,-2.6965000417958973,1.8921461545923823,-1.7893392686469014
14573.633582636,-2.6965000417958973,1.8921461545923823,-1.7893392686469014
14573.638528567,-2.6965000417958973,1.8921461545923823,-1.7893392686469014
14573.649348276,-2.6965000417958973,1.8921461545923823,-1.7893392686469014
14573.65773744,-2.6965000417958973,1.8921461545923823,-1.7893392686469014
14573.67117561,-2.6965000417958973,1.8921461545923823,-1.7893392686469014
14573.673440982,-2.6976649865944022,1.886701024982013,-1.773783767662708
14573.675045622,-2.6976649865944022,1.886701024982013,-1.773783767662708
14573.680302141,-2.6976649865944022,1.886701024982013,-1.773783767662708
14573.690844023,-2.6976649865944022,1.886701024982013,-1.773783767662708
14573.698159042,-2.6976649865944022,1.886701024982013,-1.773783767662708
14573.712419049,-2.6976649865944022,1.886701024982013,-1.773783767662708
14573.718037173,-2.6976649865944022,1.886701024982013,-1.773783767662708
14573.728943977,-2.6976649865944022,1.886701024982013,-1.773783767662708
14573.730857392,-2.698805525294981,1.880734492647733,-1.745563829384511
14573.732810302,-2.698805525294981,1.880734492647733,-1.745563829384511
14573.744570724,-2.698805525294981,1.880734492647733,-1.745563829384511
14573.747934426,-2.698805525294981,1.880734492647733,-1.745563829384511
14573.759786842,-2.698805525294981,1.880734492647733,-1.745563829384511
14573.769689253,-2.698805525294981,1.880734492647733,-1.745563829384511
14573.770004851,-2.7004465639664788,1.871000688485167,-1.7300710324866237
14573.779139427,-2.7004465639664788,1.871000688485167,-1.7300710324866237
14573.7874014,-2.7004465639664788,1.871000688485167,-1.7300710324866237
14573.803411723,-2.7004465639664788,1.871000688485167,-1.7300710324866237
14573.804915302,-2.7004465639664788,1.871000688485167,-1.7300710324866237
14573.812175226,-2.7004465639664788,1.871000688485167,-1.7300710324866237
14573.819347996,-2.7004465639664788,1.871000688485167,-1.7300710324866237
14573.821101307,-2.7004465639664788,1.871000688485167,-1.7300710324866237
14573.827620148,-2.7014543929976496,1.864446320147154,-1.716660702667897
14573.82948449,-2.7014543929976496,1.864446320147154,-1.716660702667897
14573.836322515,-2.7014543929976496,1.864446320147154,-1.716660702667897
14573.848808211,-2.7014543929976496,1.864446320147154,-1.716660702667897
14573.858359727,-2.7014543929976496,1.864446320147154,-1.716660702667897
14573.867537255,-2.7014543929976496,1.864446320147154,-1.716660702667897
14573.875560856,-2.7023587494035306,1.8577236116719933,-1.6923716907126358
14573.877915497,-2.7023587494035306,1.8577236116719933,-1.6923716907126358
14573.879174873,-2.7023587494035306,1.8577236116719933,-1.6923716907126358
14573.892728953,-2.7023587494035306,1.8577236116719933,-1.6923716907126358
14573.900930541,-2.7023587494035306,1.8577236116719933,-1.6923716907126358
14573.90848266,-2.7023587494035306,1.8577236116719933,-1.6923716907126358
14573.921037556,-2.7023587494035306,1.8577236116719933,-1.6923716907126358
14573.922742086,-2.7035308996908762,1.8474381154785384,-1.6761648301703382
14573.923860474,-2.7035308996908762,1.8474381154785384,-1.6761648301703382
14573.929336068,-2.7035308996908762,1.8474381154785384,-1.6761648301703382
14573.937980576,-2.7035308996908762,1.8474381154785384,-1.6761648301703382
14573.949421282,-2.7035308996908762,1.8474381154785384,-1.6761648301703382
14573.962680462,-2.7035308996908762,1.8474381154785384,-1.6761648301703382
14573.968894746,-2.7035308996908762,1.8474381154785384,-1.6761648301703382
14573.969261731,-2.704214422631608,1.840460453948273,-1.66072222038335
14573.972009828,-2.704214422631608,1.840460453948273,-1.66072222038335
14573.978789282,-2.704214422631608,1.840460453948273,-1.66072222038335
14573.993299894,-2.704214422631608,1.840460453948273,-1.66072222038335
14574.00034449,-2.704214422631608,1.840460453948273,-1.66072222038335
14574.01424179,-2.704214422631608,1.840460453948273,-1.66072222038335
14574.021191056,-2.704214422631608,1.840460453948273,-1.66072222038335
14574.03022386,-2.704214422631608,1.840460453948273,-1.66072222038335
14574.033857173,-2.704214422631608,1.840460453948273,-1.66072222038335
14574.034332474,-2.704759950341542,1.8334706496907034,-1.6366470698935434
14574.046239794,-2.704759950341542,1.8334706496907034,-1.6366470698935434
14574.047814577,-2.704759950341542,1.8334706496907034,-1.6366470698935434
14574.063643276,-2.704759950341542,1.8334706496907034,-1.6366470698935434
14574.069854614,-2.704759950341542,1.8334706496907034,-1.6366470698935434
14574.070511849,-2.7053431089427904,1.8234645968973502,-1.6213750485999032
14574.071083683,-2.7053431089427904,1.8234645968973502,-1.6213750485999032
14574.079723882,-2.7053431089427904,1.8234645968973502,-1.6213750485999032
14574.090006223,-2.7053431089427904,1.8234645968973502,-1.6213750485999032
14574.097645907,-2.7053431089427904,1.8234645968973502,-1.6213750485999032
14574.11085498,-2.7053431089427904,1.8234645968973502,-1.6213750485999032
14574.118068911,-2.7053431089427904,1.8234645968973502,-1.6213750485999032
14574.128850026,-2.7053431089427904,1.8234645968973502,-1.6213750485999032
14574.132664263,-2.7056207054272616,1.816459034519264,-1.5994264726263934
14574.133014977,-2.7056207054272616,1.816459034519264,-1.5994264726263934
14574.141498881,-2.7056207054272616,1.816459034519264,-1.5994264726263934
14574.14890396,-2.7056207054272616,1.816459034519264,-1.5994264726263934
14574.162885359,-2.7056207054272616,1.816459034519264,-1.5994264726263934
14574.169845375,-2.7056207054272616,1.816459034519264,-1.5994264726263934
14574.174919098,-2.7060191505856865,1.8068868971727876,-1.5820819041945466
14574.175577555,-2.7060191505856865,1.8068868971727876,-1.5820819041945466
14574.180595763,-2.7060191505856865,1.8068868971727876,-1.5820819041945466
14574.188493025,-2.7060191505856865,1.8068868971727876,-1.5820819041945466
14574.199340347,-2.7060191505856865,1.8068868971727876,-1.5820819041945466
14574.212062499,-2.7060191505856865,1.8068868971727876,-1.5820819041945466
14574.221996721,-2.7060191505856865,1.8068868971727876,-1.5820819041945466
14574.224168115,-2.7060191505856865,1.8068868971727876,-1.5820819041945466
14574.224681167,-2.70699466217291,1.80273797154616,-1.5658733003589829
14574.230396535,-2.70699466217291,1.80273797154616,-1.5658733003589829
14574.239951598,-2.70699466217291,1.80273797154616,-1.5658733003589829
14574.248956689,-2.70699466217291,1.80273797154616,-1.5658733003589829
14574.263484132,-2.70699466217291,1.80273797154616,-1.5658733003589829
14574.269814756,-2.70699466217291,1.80273797154616,-1.5658733003589829
14574.274142726,-2.7075688197561014,1.798161187128869,-1.542291406207663
14574.280048335,-2.7075688197561014,1.798161187128869,-1.542291406207663
14574.28122311,-2.7075688197561014,1.798161187128869,-1.542291406207663
14574.288938638,-2.7075688197561014,1.798161187128869,-1.542291406207663
14574.297988604,-2.7075688197561014,1.798161187128869,-1.542291406207663
14574.311006759,-2.7075688197561014,1.798161187128869,-1.542291406207663
14574.31878214,-2.7075688197561014,1.798161187128869,-1.542291406207663
14574.320710323,-2.707220999435922,1.7886000722063489,-1.5265760455661825
14574.321737659,-2.707220999435922,1.7886000722063489,-1.5265760455661825
14574.333089456,-2.707220999435922,1.7886000722063489,-1.5265760455661825
14574.340359279,-2.707220999435922,1.7886000722063489,-1.5265760455661825
14574.34950114,-2.707220999435922,1.7886000722063489,-1.5265760455661825
14574.359058427,-2.707220999435922,1.7886000722063489,-1.5265760455661825
14574.369625307,-2.707220999435922,1.7886000722063489,-1.5265760455661825
14574.370002732,-2.706857535174433,1.781573095054645,-1.5116604600483006
14574.387379233,-2.706857535174433,1.781573095054645,-1.5116604600483006
14574.390823539,-2.706857535174433,1.781573095054645,-1.5116604600483006
14574.391556808,-2.706857535174433,1.781573095054645,-1.5116604600483006
14574.400812784,-2.706857535174433,1.781573095054645,-1.5116604600483006
14574.410302624,-2.706857535174433,1.781573095054645,-1.5116604600483006
14574.419513371,-2.706857535174433,1.781573095054645,-1.5116604600483006
14574.429441594,-2.706857535174433,1.781573095054645,-1.5116604600483006
14574.430260105,-2.706373651109944,1.7747563623511204,-1.4882004294925741
14574.430875441,-2.706373651109944,1.7747563623511204,-1.4882004294925741
14574.436685939,-2.706373651109944,1.7747563623511204,-1.4882004294925741
14574.448866487,-2.706373651109944,1.7747563623511204,-1.4882004294925741
14574.458103477,-2.706373651109944,1.7747563623511204,-1.4882004294925741
14574.470894291,-2.706373651109944,1.7747563623511204,-1.4882004294925741
14574.471732539,-2.705428224709237,1.7643967208637439,-1.4713753495746664
14574.472698769,-2.705428224709237,1.7643967208637439,-1.4713753495746664
14574.480376405,-2.705428224709237,1.7643967208637439,-1.4713753495746664
14574.487996261,-2.705428224709237,1.7643967208637439,-1.4713753495746664
14574.498311074,-2.705428224709237,1.7643967208637439,-1.4713753495746664
14574.510170353,-2.705428224709237,1.7643967208637439,-1.4713753495746664
14574.519994646,-2.705428224709237,1.7643967208637439,-1.4713753495746664
14574.52893284,-2.705428224709237,1.7643967208637439,-1.4713753495746664
14574.531748645,-2.704656995113209,1.7574027435210469,-1.4505636725956021
14574.532079472,-2.704656995113209,1.7574027435210469,-1.4505636725956021
14574.539069104,-2.704656995113209,1.7574027435210469,-1.4505636725956021
14574.550529787,-2.704656995113209,1.7574027435210469,-1.4505636725956021
14574.557630921,-2.704656995113209,1.7574027435210469,-1.4505636725956021
14574.568493218,-2.704656995113209,1.7574027435210469,-1.4505636725956021
14574.571315198,-2.7033972820104224,1.7475357320105573,-1.437064531856162
14574.572125954,-2.7033972820104224,1.7475357320105573,-1.437064531856162
14574.578904085,-2.7033972820104224,1.7475357320105573,-1.437064531856162
14574.590842995,-2.7033972820104224,1.7475357320105573,-1.437064531856162
14574.598990531,-2.7033972820104224,1.7475357320105573,-1.437064531856162
14574.608825795,-2.7033972820104224,1.7475357320105573,-1.437064531856162
14574.619434123,-2.7033972820104224,1.7475357320105573,-1.437064531856162
14574.621797982,-2.7025054853372197,1.7411689715913647,-1.4261975322300018
14574.622264706,-2.7025054853372197,1.7411689715913647,-1.4261975322300018
14574.629414479,-2.7025054853372197,1.7411689715913647,-1.4261975322300018
14574.637400693,-2.7025054853372197,1.7411689715913647,-1.4261975322300018
14574.6476494,-2.7025054853372197,1.7411689715913647,-1.4261975322300018
14574.659585454,-2.7025054853372197,1.7411689715913647,-1.4261975322300018
14574.670906823,-2.7025054853372197,1.7411689715913647,-1.4261975322300018
14574.675008925,-2.701533520930451,1.73483956206948,-1.4106493030124718
14574.67649644,-2.701533520930451,1.73483956206948,-1.4106493030124718
14574.67894004,-2.701533520930451,1.73483956206948,-1.4106493030124718
14574.690505595,-2.701533520930451,1.73483956206948,-1.4106493030124718
14574.699779144,-2.701533520930451,1.73483956206948,-1.4106493030124718
14574.707715681,-2.701533520930451,1.73483956206948,-1.4106493030124718
14574.717260043,-2.701533520930451,1.73483956206948,-1.4106493030124718
14574.723601768,-2.69989780036314,1.7248739467223688,-1.405571702533347
14574.72415175,-2.69989780036314,1.7248739467223688,-1.405571702533347
14574.730386593,-2.69989780036314,1.7248739467223688,-1.405571702533347
14574.737235449,-2.69989780036314,1.7248739467223688,-1.405571702533347
14574.749153388,-2.69989780036314,1.7248739467223688,-1.405571702533347
14574.759936719,-2.69989780036314,1.7248739467223688,-1.405571702533347
14574.770269415,-2.69989780036314,1.7248739467223688,-1.405571702533347
14574.770502126,-2.6990263332818376,1.7190791784849984,-1.3947791424892677
14574.771224234,-2.6990263332818376,1.7190791784849984,-1.3947791424892677
14574.780749461,-2.6990263332818376,1.7190791784849984,-1.3947791424892677
14574.790963482,-2.6990263332818376,1.7190791784849984,-1.3947791424892677
14574.79969258,-2.6990263332818376,1.7190791784849984,-1.3947791424892677
14574.810289848,-2.6990263332818376,1.7190791784849984,-1.3947791424892677
14574.819416839,-2.6990263332818376,1.7190791784849984,-1.3947791424892677
14574.830098036,-2.6990263332818376,1.7190791784849984,-1.3947791424892677
14574.830657836,-2.6994295135062565,1.7178064307909717,-1.3735770925398554
14574.830931855,-2.6994295135062565,1.7178064307909717,-1.3735770925398554
14574.842147675,-2.6994295135062565,1.7178064307909717,-1.3735770925398554
14574.846492056,-2.6994295135062565,1.7178064307909717,-1.3735770925398554
14574.859381747,-2.6994295135062565,1.7178064307909717,-1.3735770925398554
14574.867780699,-2.698326863431289,1.710878764791627,-1.3581334097269524
14574.869086824,-2.698326863431289,1.710878764791627,-1.3581334097269524
14574.870891964,-2.698326863431289,1.710878764791627,-1.3581334097269524
14574.879706183,-2.698326863431289,1.710878764791627,-1.3581334097269524
14574.887477727,-2.698326863431289,1.710878764791627,-1.3581334097269524
14574.899573744,-2.698326863431289,1.710878764791627,-1.3581334097269524
14574.908314244,-2.698326863431289,1.710878764791627,-1.3581334097269524
14574.92254749,-2.698326863431289,1.710878764791627,-1.3581334097269524
14574.92877063,-2.698326863431289,1.710878764791627,-1.3581334097269524
14574.939694347,-2.698326863431289,1.710878764791627,-1.3581334097269524
14574.949256844,-2.698326863431289,1.710878764791627,-1.3581334097269524
14574.958926514,-2.698326863431289,1.710878764791627,-1.3581334097269524
14574.973515975,-2.698326863431289,1.710878764791627,-1.3581334097269524
14574.979069747,-2.698326863431289,1.710878764791627,-1.3581334097269524
14574.98869855,-2.698326863431289,1.710878764791627,-1.3581334097269524
14574.997549769,-2.698326863431289,1.710878764791627,-1.3581334097269524
14575.012516956,-2.698326863431289,1.710878764791627,-1.3581334097269524
14575.021301549,-2.698326863431289,1.710878764791627,-1.3581334097269524
14575.029569594,-2.698326863431289,1.710878764791627,-1.3581334097269524
14575.039166867,-2.698326863431289,1.710878764791627,-1.3581334097269524
14575.047130995,-2.698326863431289,1.710878764791627,-1.3581334097269524
14575.058624922,-2.698326863431289,1.710878764791627,-1.3581334097269524
14575.068941608,-2.698326863431289,1.710878764791627,-1.3581334097269524
14575.077077412,-2.698326863431289,1.710878764791627,-1.3581334097269524
14575.08781722,-2.698326863431289,1.710878764791627,-1.3581334097269524
14575.09840001,-2.698326863431289,1.710878764791627,-1.3581334097269524
14575.110914921,-2.698326863431289,1.710878764791627,-1.3581334097269524
14575.117028784,-2.698326863431289,1.710878764791627,-1.3581334097269524
14575.130006432,-2.698326863431289,1.710878764791627,-1.3581334097269524
14575.137604056,-2.698326863431289,1.710878764791627,-1.3581334097269524
14575.148602593,-2.698326863431289,1.710878764791627,-1.3581334097269524
14575.157043335,-2.698326863431289,1.710878764791627,-1.3581334097269524
14575.168120432,-2.698326863431289,1.710878764791627,-1.3581334097269524
14575.178964738,-2.698326863431289,1.710878764791627,-1.3581334097269524
14575.188088854,-2.698326863431289,1.710878764791627,-1.3581334097269524
14575.188448485,-2.6969055191486637,1.704479238396084,-1.3463514788034903
14575.188960215,-2.6969055191486637,1.704479238396084,-1.3463514788034903
14575.190004613,-2.695320008191026,1.6978318220903021,-1.3269597036722653
14575.190309201,-2.6927321144477543,1.6876516721351809,-1.3167592031839834
14575.190604901,-2.6927321144477543,1.6876516721351809,-1.3167592031839834
14575.195293023,-2.6927321144477543,1.6876516721351809,-1.3167592031839834
14575.20223203,-2.6927321144477543,1.6876516721351809,-1.3167592031839834
14575.210345391,-2.6927321144477543,1.6876516721351809,-1.3167592031839834
14575.219822527,-2.6927321144477543,1.6876516721351809,-1.3167592031839834
14575.232023943,-2.6927321144477543,1.6876516721351809,-1.3167592031839834
14575.239983223,-2.6927321144477543,1.6876516721351809,-1.3167592031839834
14575.247666139,-2.6927321144477543,1.6876516721351809,-1.3167592031839834
14575.259771032,-2.6927321144477543,1.6876516721351809,-1.3167592031839834
14575.261884677,-2.6908732159155293,1.680681755595962,-1.3035605890635003
14575.262532264,-2.6890587901767655,1.6743560537136697,-1.279363129842614
14575.262849725,-2.6890587901767655,1.6743560537136697,-1.279363129842614
14575.263282676,-2.6860081946614027,1.6644636710257956,-1.2639786941889266
14575.263513202,-2.683823596046427,1.6577750207096702,-1.2462341530207144
14575.263800467,-2.683823596046427,1.6577750207096702,-1.2462341530207144
14575.269073116,-2.683823596046427,1.6577750207096702,-1.2462341530207144
14575.276716477,-2.680381978735901,1.6477973492805351,-1.231053088415002
14575.282148218,-2.680381978735901,1.6477973492805351,-1.231053088415002
14575.283006404,-2.680381978735901,1.6477973492805351,-1.231053088415002
14575.283665733,-2.680381978735901,1.6477973492805351,-1.231053088415002
14575.290614889,-2.680381978735901,1.6477973492805351,-1.231053088415002
14575.301530239,-2.680381978735901,1.6477973492805351,-1.231053088415002
14575.308796997,-2.680381978735901,1.6477973492805351,-1.231053088415002
14575.319329993,-2.680381978735901,1.6477973492805351,-1.231053088415002
14575.329333645,-2.680381978735901,1.6477973492805351,-1.231053088415002
14575.33718484,-2.680381978735901,1.6477973492805351,-1.231053088415002
14575.347217238,-2.680381978735901,1.6477973492805351,-1.231053088415002
14575.353931188,-2.680381978735901,1.6477973492805351,-1.231053088415002
14575.355227794,-2.6780386259436617,1.6412970205292017,-1.2185475571039663
14575.35725777,-2.6780386259436617,1.6412970205292017,-1.2185475571039663
14575.364039318,-2.6780386259436617,1.6412970205292017,-1.2185475571039663
14575.368719606,-2.6780386259436617,1.6412970205292017,-1.2185475571039663
14575.376130466,-2.675730616154246,1.635215399245548,-1.1976151211145858
14575.380360661,-2.675730616154246,1.635215399245548,-1.1976151211145858
14575.389004838,-2.675730616154246,1.635215399245548,-1.1976151211145858
14575.398231198,-2.675730616154246,1.635215399245548,-1.1976151211145858
14575.410379845,-2.675730616154246,1.635215399245548,-1.1976151211145858
14575.41872738,-2.675730616154246,1.635215399245548,-1.1976151211145858
14575.426528319,-2.675730616154246,1.635215399245548,-1.1976151211145858
14575.429763369,-2.675730616154246,1.635215399245548,-1.1976151211145858
14575.430676699,-2.672643721094002,1.6274542280829003,-1.1868717415216905
14575.432778811,-2.672643721094002,1.6274542280829003,-1.1868717415216905
14575.438906281,-2.672643721094002,1.6274542280829003,-1.1868717415216905
14575.448415877,-2.672643721094002,1.6274542280829003,-1.1868717415216905
14575.458626663,-2.672643721094002,1.6274542280829003,-1.1868717415216905
14575.467310545,-2.671494819564897,1.62470059090643,-1.1829990037243403
14575.470631277,-2.671494819564897,1.62470059090643,-1.1829990037243403
14575.479121021,-2.671494819564897,1.62470059090643,-1.1829990037243403
14575.488692716,-2.671494819564897,1.62470059090643,-1.1829990037243403
14575.500819151,-2.671494819564897,1.62470059090643,-1.1829990037243403
14575.507477986,-2.671494819564897,1.62470059090643,-1.1829990037243403
14575.520975669,-2.671494819564897,1.62470059090643,-1.1829990037243403
14575.530981396,-2.671494819564897,1.62470059090643,-1.1829990037243403
14575.532422987,-2.667904320769844,1.6292881323993371,-1.1994318205015144
14575.533104218,-2.667904320769844,1.6292881323993371,-1.1994318205015144
14575.534484002,-2.667904320769844,1.6292881323993371,-1.1994318205015144
14575.538919044,-2.667904320769844,1.6292881323993371,-1.1994318205015144
14575.547389352,-2.667904320769844,1.6292881323993371,-1.1994318205015144
14575.558632052,-2.667904320769844,1.6292881323993371,-1.1994318205015144
14575.567999941,-2.667904320769844,1.6292881323993371,-1.1994318205015144
14575.569429218,-2.665003670930728,1.6300576908990732,-1.2212285575162232
14575.581783244,-2.665003670930728,1.6300576908990732,-1.2212285575162232
14575.591657022,-2.665003670930728,1.6300576908990732,-1.2212285575162232
14575.598070422,-2.665003670930728,1.6300576908990732,-1.2212285575162232
14575.611156955,-2.665003670930728,1.6300576908990732,-1.2212285575162232
14575.623110322,-2.665003670930728,1.6300576908990732,-1.2212285575162232
14575.624327659,-2.665003670930728,1.6300576908990732,-1.2212285575162232
14575.625278971,-2.6637644352168715,1.6287434184512126,-1.2647374450930748
14575.625903665,-2.6637644352168715,1.6287434184512126,-1.2647374450930748
14575.627759531,-2.6637644352168715,1.6287434184512126,-1.2647374450930748
14575.640180103,-2.6637644352168715,1.6287434184512126,-1.2647374450930748
14575.651333264,-2.6637644352168715,1.6287434184512126,-1.2647374450930748
14575.661822637,-2.6637644352168715,1.6287434184512126,-1.2647374450930748
14575.671026294,-2.6637644352168715,1.6287434184512126,-1.2647374450930748
14575.674877089,-2.6629484724248202,1.6260021742134534,-1.2982352554568446
14575.67960664,-2.6629484724248202,1.6260021742134534,-1.2982352554568446
14575.688896501,-2.6629484724248202,1.6260021742134534,-1.2982352554568446
14575.700427657,-2.6629484724248202,1.6260021742134534,-1.2982352554568446
14575.711200498,-2.6629484724248202,1.6260021742134534,-1.2982352554568446
14575.718516268,-2.6629484724248202,1.6260021742134534,-1.2982352554568446
14575.721338044,-2.6629484724248202,1.6260021742134534,-1.2982352554568446
14575.721880773,-2.66186733416795,1.6218373967325164,-1.3353877842196624
14575.727228184,-2.66186733416795,1.6218373967325164,-1.3353877842196624
14575.731984325,-2.66186733416795,1.6218373967325164,-1.3353877842196624
14575.742947756,-2.66186733416795,1.6218373967325164,-1.3353877842196624
14575.75002776,-2.66186733416795,1.6218373967325164,-1.3353877842196624
14575.759754999,-2.66186733416795,1.6218373967325164,-1.3353877842196624
14575.77067577,-2.66186733416795,1.6218373967325164,-1.3353877842196624
14575.773804397,-2.661199902039623,1.618641262781675,-1.3944720804461632
14575.780293171,-2.661199902039623,1.618641262781675,-1.3944720804461632
14575.788280494,-2.661199902039623,1.618641262781675,-1.3944720804461632
14575.798548788,-2.661199902039623,1.618641262781675,-1.3944720804461632
14575.810642891,-2.661199902039623,1.618641262781675,-1.3944720804461632
14575.818926746,-2.661199902039623,1.618641262781675,-1.3944720804461632
14575.826709701,-2.661199902039623,1.618641262781675,-1.3944720804461632
14575.830114893,-2.661199902039623,1.618641262781675,-1.3944720804461632
14575.830339899,-2.660709663554728,1.6155412617997869,-1.4334355175265465
14575.830779953,-2.660709663554728,1.6155412617997869,-1.4334355175265465
14575.838761004,-2.660709663554728,1.6155412617997869,-1.4334355175265465
14575.849847848,-2.660709663554728,1.6155412617997869,-1.4334355175265465
14575.858335098,-2.660709663554728,1.6155412617997869,-1.4334355175265465
14575.870909742,-2.660709663554728,1.6155412617997869,-1.4334355175265465
14575.872296359,-2.660122124047928,1.610640773540737,-1.4695081293353238
14575.879399577,-2.660122124047928,1.610640773540737,-1.4695081293353238
14575.88997865,-2.660122124047928,1.610640773540737,-1.4695081293353238
14575.898772842,-2.660122124047928,1.610640773540737,-1.4695081293353238
14575.909013383,-2.660122124047928,1.610640773540737,-1.4695081293353238
14575.918905144,-2.660122124047928,1.610640773540737,-1.4695081293353238
14575.935890915,-2.660122124047928,1.610640773540737,-1.4695081293353238
14575.938361757,-2.660122124047928,1.610640773540737,-1.4695081293353238
14575.94867164,-2.660122124047928,1.610640773540737,-1.4695081293353238
14575.964094129,-2.660122124047928,1.610640773540737,-1.4695081293353238
14575.969008721,-2.660122124047928,1.610640773540737,-1.4695081293353238
14575.96983698,-2.659886185685033,1.6075365124160588,-1.5203668653735318
14575.970411819,-2.659886185685033,1.6075365124160588,-1.5203668653735318
14575.971043636,-2.6597439288390126,1.6031853992385665,-1.5558603584536712
14575.978997205,-2.6597439288390126,1.6031853992385665,-1.5558603584536712
14575.979700217,-2.6597439288390126,1.6031853992385665,-1.5558603584536712
14575.991282059,-2.6597439288390126,1.6031853992385665,-1.5558603584536712
14575.997847739,-2.6597439288390126,1.6031853992385665,-1.5558603584536712
14576.009361002,-2.6597439288390126,1.6031853992385665,-1.5558603584536712
14576.019972045,-2.6597439288390126,1.6031853992385665,-1.5558603584536712
14576.020853014,-2.659747509459895,1.6001228082817973,-1.5880705892810025
14576.0212308,-2.659747509459895,1.6001228082817973,-1.5880705892810025
14576.028276489,-2.659747509459895,1.6001228082817973,-1.5880705892810025
14576.043680273,-2.659747509459895,1.6001228082817973,-1.5880705892810025
14576.044567824,-2.659747509459895,1.6001228082817973,-1.5880705892810025
14576.051303295,-2.659747509459895,1.6001228082817973,-1.5880705892810025
14576.062603094,-2.659747509459895,1.6001228082817973,-1.5880705892810025
14576.069049237,-2.659747509459895,1.6001228082817973,-1.5880705892810025
14576.076669323,-2.659865129322529,1.5973917858113336,-1.6396050035723848
14576.083921133,-2.659865129322529,1.5973917858113336,-1.6396050035723848
14576.090511299,-2.659865129322529,1.5973917858113336,-1.6396050035723848
14576.099600228,-2.659865129322529,1.5973917858113336,-1.6396050035723848
14576.107978862,-2.659865129322529,1.5973917858113336,-1.6396050035723848
14576.12195988,-2.659865129322529,1.5973917858113336,-1.6396050035723848
14576.122364988,-2.660238000839819,1.593079749941163,-1.6745030462512172
14576.122816293,-2.660238000839819,1.593079749941163,-1.6745030462512172
14576.127290239,-2.660238000839819,1.593079749941163,-1.6745030462512172
14576.132994446,-2.660238000839819,1.593079749941163,-1.6745030462512172
14576.140072436,-2.660238000839819,1.593079749941163,-1.6745030462512172
14576.146858763,-2.660238000839819,1.593079749941163,-1.6745030462512172
14576.159427136,-2.660238000839819,1.593079749941163,-1.6745030462512172
14576.172018752,-2.660238000839819,1.593079749941163,-1.6745030462512172
14576.180337031,-2.660238000839819,1.593079749941163,-1.6745030462512172
14576.188916837,-2.660238000839819,1.593079749941163,-1.6745030462512172
14576.201556013,-2.660238000839819,1.593079749941163,-1.6745030462512172
14576.207317869,-2.660238000839819,1.593079749941163,-1.6745030462512172
14576.219335167,-2.660238000839819,1.593079749941163,-1.6745030462512172
14576.220749477,-2.660587290834702,1.5902155511090008,-1.7097918569811985
14576.22756533,-2.6610374752868564,1.5873910955494102,-1.7479178488024865
14576.227956471,-2.6610374752868564,1.5873910955494102,-1.7479178488024865
14576.230108378,-2.6610374752868564,1.5873910955494102,-1.7479178488024865
14576.230275224,-2.6610374752868564,1.5873910955494102,-1.7479178488024865
14576.238515854,-2.6610374752868564,1.5873910955494102,-1.7479178488024865
14576.247219857,-2.6610374752868564,1.5873910955494102,-1.7479178488024865
14576.259704998,-2.6610374752868564,1.5873910955494102,-1.7479178488024865
14576.271096654,-2.6610374752868564,1.5873910955494102,-1.7479178488024865
14576.27230305,-2.6616760228842673,1.583854156575176,-1.7509004652270477
14576.281435542,-2.6616760228842673,1.583854156575176,-1.7509004652270477
14576.287477589,-2.6616760228842673,1.583854156575176,-1.7509004652270477
14576.298746249,-2.6616760228842673,1.583854156575176,-1.7509004652270477
14576.308309206,-2.6616760228842673,1.583854156575176,-1.7509004652270477
14576.319947366,-2.6616760228842673,1.583854156575176,-1.7509004652270477
14576.334111031,-2.6616760228842673,1.583854156575176,-1.7509004652270477
14576.335768582,-2.6620319074585046,1.5817837334166822,-1.7311447441348233
14576.337423938,-2.6620319074585046,1.5817837334166822,-1.7311447441348233
14576.337754965,-2.6620319074585046,1.5817837334166822,-1.7311447441348233
14576.338037751,-2.6620319074585046,1.5817837334166822,-1.7311447441348233
14576.349076264,-2.6620319074585046,1.5817837334166822,-1.7311447441348233
14576.360020559,-2.6620319074585046,1.5817837334166822,-1.7311447441348233
14576.367828672,-2.6620319074585046,1.5817837334166822,-1.7311447441348233
14576.372024141,-2.662436534615199,1.5791058873795027,-1.7103824198016324
14576.379371832,-2.662436534615199,1.5791058873795027,-1.7103824198016324
14576.388666662,-2.662436534615199,1.5791058873795027,-1.7103824198016324
14576.399213704,-2.662436534615199,1.5791058873795027,-1.7103824198016324
14576.410904914,-2.662436534615199,1.5791058873795027,-1.7103824198016324
14576.422585184,-2.662436534615199,1.5791058873795027,-1.7103824198016324
14576.423257317,-2.664488715617223,1.57749700235443,-1.6884755996373633
14576.42384478,-2.664488715617223,1.57749700235443,-1.6884755996373633
14576.428791482,-2.664488715617223,1.57749700235443,-1.6884755996373633
14576.431595565,-2.664488715617223,1.57749700235443,-1.6884755996373633
14576.441655825,-2.664488715617223,1.57749700235443,-1.6884755996373633
14576.452303348,-2.664488715617223,1.57749700235443,-1.6884755996373633
14576.461115784,-2.664488715617223,1.57749700235443,-1.6884755996373633
14576.474226623,-2.664488715617223,1.57749700235443,-1.6884755996373633
14576.47749218,-2.666570974450268,1.5762619800157196,-1.6658823505120408
14576.481426925,-2.666570974450268,1.5762619800157196,-1.6658823505120408
14576.487719767,-2.666570974450268,1.5762619800157196,-1.6658823505120408
14576.500435088,-2.666570974450268,1.5762619800157196,-1.6658823505120408
14576.510483646,-2.666570974450268,1.5762619800157196,-1.6658823505120408
14576.524137645,-2.666570974450268,1.5762619800157196,-1.6658823505120408
14576.529305806,-2.666570974450268,1.5762619800157196,-1.6658823505120408
14576.531771167,-2.667450007483887,1.5753504266853122,-1.6291344628495443
14576.532498104,-2.667450007483887,1.5753504266853122,-1.6291344628495443
14576.532861342,-2.667450007483887,1.5753504266853122,-1.6291344628495443
14576.540568905,-2.667450007483887,1.5753504266853122,-1.6291344628495443
14576.548345699,-2.667450007483887,1.5753504266853122,-1.6291344628495443
14576.557845918,-2.667450007483887,1.5753504266853122,-1.6291344628495443
14576.566957761,-2.667493523721093,1.5743896055385498,-1.602977679745602
14576.570357773,-2.667493523721093,1.5743896055385498,-1.602977679745602
14576.581737142,-2.667493523721093,1.5743896055385498,-1.602977679745602
14576.588048049,-2.667493523721093,1.5743896055385498,-1.602977679745602
14576.601491459,-2.667493523721093,1.5743896055385498,-1.602977679745602
14576.608714513,-2.667493523721093,1.5743896055385498,-1.602977679745602
14576.618980614,-2.667493523721093,1.5743896055385498,-1.602977679745602
14576.620948051,-2.667503231656713,1.5738834849070307,-1.5769724116486774
14576.621330977,-2.667503231656713,1.5738834849070307,-1.5769724116486774
14576.623388866,-2.667503231656713,1.5738834849070307,-1.5769724116486774
14576.631270318,-2.667503231656713,1.5738834849070307,-1.5769724116486774
14576.638646513,-2.667503231656713,1.5738834849070307,-1.5769724116486774
14576.648273132,-2.667503231656713,1.5738834849070307,-1.5769724116486774
14576.66014835,-2.667503231656713,1.5738834849070307,-1.5769724116486774
14576.671983603,-2.667503231656713,1.5738834849070307,-1.5769724116486774
14576.677980926,-2.6674946543502718,1.5734279733008982,-1.526964591519283
14576.681384725,-2.6674946543502718,1.5734279733008982,-1.526964591519283
14576.689472267,-2.6674946543502718,1.5734279733008982,-1.526964591519283
14576.702891962,-2.6674946543502718,1.5734279733008982,-1.526964591519283
14576.712411288,-2.6674946543502718,1.5734279733008982,-1.526964591519283
14576.718605683,-2.6674946543502718,1.5734279733008982,-1.526964591519283
14576.724891082,-2.6674946543502718,1.5734279733008982,-1.526964591519283
14576.725759687,-2.6674643216271785,1.5729226691711173,-1.4947146639985311
14576.726189181,-2.6674643216271785,1.5729226691711173,-1.4947146639985311
14576.728385993,-2.6674643216271785,1.5729226691711173,-1.4947146639985311
14576.737859131,-2.6674643216271785,1.5729226691711173,-1.4947146639985311
14576.751542976,-2.6674643216271785,1.5729226691711173,-1.4947146639985311
14576.757921451,-2.6674643216271785,1.5729226691711173,-1.4947146639985311
14576.76863012,-2.6674643216271785,1.5729226691711173,-1.4947146639985311
14576.771906888,-2.66743375958448,1.5725950526663302,-1.4608443246049143
14576.782755862,-2.66743375958448,1.5725950526663302,-1.4608443246049143
14576.793134666,-2.66743375958448,1.5725950526663302,-1.4608443246049143
14576.798919906,-2.66743375958448,1.5725950526663302,-1.4608443246049143
14576.809038918,-2.66743375958448,1.5725950526663302,-1.4608443246049143
14576.819636516,-2.66743375958448,1.5725950526663302,-1.4608443246049143
14576.828394098,-2.66743375958448,1.5725950526663302,-1.4608443246049143
14576.831335671,-2.66743375958448,1.5725950526663302,-1.4608443246049143
14576.83206335,-2.6673394123764327,1.5718416162960402,-1.4316001401108964
14576.84010229,-2.6673394123764327,1.5718416162960402,-1.4316001401108964
14576.840748935,-2.6673394123764327,1.5718416162960402,-1.4316001401108964
14576.848338094,-2.6673394123764327,1.5718416162960402,-1.4316001401108964
14576.85769427,-2.6673394123764327,1.5718416162960402,-1.4316001401108964
14576.869418503,-2.6673394123764327,1.5718416162960402,-1.4316001401108964
14576.870847761,-2.666927360269886,1.5689602006759864,-1.4259118304414018
14576.880191523,-2.666927360269886,1.5689602006759864,-1.4259118304414018
14576.888820612,-2.666927360269886,1.5689602006759864,-1.4259118304414018
14576.89959717,-2.666927360269886,1.5689602006759864,-1.4259118304414018
14576.913039307,-2.666927360269886,1.5689602006759864,-1.4259118304414018
14576.919589947,-2.666927360269886,1.5689602006759864,-1.4259118304414018
14576.928108838,-2.6664946518425596,1.56597947311362,-1.4273574814957848
14576.932703472,-2.6664946518425596,1.56597947311362,-1.4273574814957848
14576.93378419,-2.6664946518425596,1.56597947311362,-1.4273574814957848
14576.935317525,-2.6664946518425596,1.56597947311362,-1.4273574814957848
14576.942233177,-2.6664946518425596,1.56597947311362,-1.4273574814957848
14576.948215571,-2.6664946518425596,1.56597947311362,-1.4273574814957848
14576.966109654,-2.6664946518425596,1.56597947311362,-1.4273574814957848
14576.971007543,-2.6664946518425596,1.56597947311362,-1.4273574814957848
14576.982447117,-2.6664946518425596,1.56597947311362,-1.4273574814957848
14576.98422227,-2.665990679077183,1.5623186400764755,-1.4406227336091268
14576.99028678,-2.665990679077183,1.5623186400764755,-1.4406227336091268
14577.003680145,-2.665990679077183,1.5623186400764755,-1.4406227336091268
14577.013037112,-2.665990679077183,1.5623186400764755,-1.4406227336091268
14577.022389622,-2.665990679077183,1.5623186400764755,-1.4406227336091268
14577.024844332,-2.665227264054492,1.5562157056822805,-1.4520830378693808
14577.025705825,-2.665227264054492,1.5562157056822805,-1.4520830378693808
14577.029055982,-2.665227264054492,1.5562157056822805,-1.4520830378693808
14577.031341362,-2.665227264054492,1.5562157056822805,-1.4520830378693808
14577.040539759,-2.665227264054492,1.5562157056822805,-1.4520830378693808
14577.05067965,-2.665227264054492,1.5562157056822805,-1.4520830378693808
14577.058423782,-2.665227264054492,1.5562157056822805,-1.4520830378693808
14577.068426173,-2.665227264054492,1.5562157056822805,-1.4520830378693808
14577.06904755,-2.664747586911128,1.5519397097474927,-1.4660855994385948
14577.082319595,-2.664747586911128,1.5519397097474927,-1.4660855994385948
14577.088519922,-2.664747586911128,1.5519397097474927,-1.4660855994385948
14577.101019663,-2.664747586911128,1.5519397097474927,-1.4660855994385948
14577.110014455,-2.664747586911128,1.5519397097474927,-1.4660855994385948
14577.123616596,-2.664747586911128,1.5519397097474927,-1.4660855994385948
14577.129861277,-2.664747586911128,1.5519397097474927,-1.4660855994385948
14577.130948386,-2.664343685101261,1.5475796290300279,-1.4907616839570272
14577.131322485,-2.664343685101261,1.5475796290300279,-1.4907616839570272
14577.131838132,-2.664343685101261,1.5475796290300279,-1.4907616839570272
14577.144799468,-2.664343685101261,1.5475796290300279,-1.4907616839570272
14577.153897556,-2.664343685101261,1.5475796290300279,-1.4907616839570272
14577.16024957,-2.664343685101261,1.5475796290300279,-1.4907616839570272
14577.169815644,-2.664343685101261,1.5475796290300279,-1.4907616839570272
14577.171706997,-2.6638401448872884,1.5406628054448146,-1.5054886803788414
14577.180023975,-2.6638401448872884,1.5406628054448146,-1.5054886803788414
14577.188928876,-2.6638401448872884,1.5406628054448146,-1.5054886803788414
14577.1993294,-2.6638401448872884,1.5406628054448146,-1.5054886803788414
14577.212674975,-2.6638401448872884,1.5406628054448146,-1.5054886803788414
14577.220156329,-2.6638401448872884,1.5406628054448146,-1.5054886803788414
14577.228804615,-2.6638401448872884,1.5406628054448146,-1.5054886803788414
14577.231196927,-2.6635907392339897,1.535910937035858,-1.5312285885972248
14577.232321467,-2.6635907392339897,1.535910937035858,-1.5312285885972248
14577.234220806,-2.6635907392339897,1.535910937035858,-1.5312285885972248
14577.243772402,-2.6635907392339897,1.535910937035858,-1.5312285885972248
14577.248190022,-2.6635907392339897,1.535910937035858,-1.5312285885972248
14577.259681794,-2.6635907392339897,1.535910937035858,-1.5312285885972248
14577.267872792,-2.6635907392339897,1.535910937035858,-1.5312285885972248
14577.274630566,-2.66337527412679,1.5289285112416073,-1.5486672387284508
14577.279232835,-2.66337527412679,1.5289285112416073,-1.5486672387284508
14577.288309913,-2.66337527412679,1.5289285112416073,-1.5486672387284508
14577.297966939,-2.66337527412679,1.5289285112416073,-1.5486672387284508
14577.311202074,-2.66337527412679,1.5289285112416073,-1.5486672387284508
14577.320569992,-2.66337527412679,1.5289285112416073,-1.5486672387284508
14577.323119502,-2.663309906762095,1.5241199251103459,-1.5657393202943077
14577.323690113,-2.663309906762095,1.5241199251103459,-1.5657393202943077
14577.333881652,-2.663309906762095,1.5241199251103459,-1.5657393202943077
14577.335085954,-2.663309906762095,1.5241199251103459,-1.5657393202943077
14577.341949918,-2.663309906762095,1.5241199251103459,-1.5657393202943077
14577.352107543,-2.663309906762095,1.5241199251103459,-1.5657393202943077
14577.356822326,-2.663309906762095,1.5241199251103459,-1.5657393202943077
14577.365724562,-2.663312010433819,1.5197917982535398,-1.576825426594663
14577.372207024,-2.663312010433819,1.5197917982535398,-1.576825426594663
14577.378893762,-2.663312010433819,1.5197917982535398,-1.576825426594663
14577.387752175,-2.663312010433819,1.5197917982535398,-1.576825426594663
14577.397715351,-2.663312010433819,1.5197917982535398,-1.576825426594663
14577.410786937,-2.663312010433819,1.5197917982535398,-1.576825426594663
14577.424000431,-2.663312010433819,1.5197917982535398,-1.576825426594663
14577.427241612,-2.6633227994675335,1.5155902381696675,-1.5699029431504474
14577.428474157,-2.6633227994675335,1.5155902381696675,-1.5699029431504474
14577.434405214,-2.6633227994675335,1.5155902381696675,-1.5699029431504474
14577.435344303,-2.6633227994675335,1.5155902381696675,-1.5699029431504474
14577.438078203,-2.6633227994675335,1.5155902381696675,-1.5699029431504474
14577.451109883,-2.6633227994675335,1.5155902381696675,-1.5699029431504474
14577.459843056,-2.6633227994675335,1.5155902381696675,-1.5699029431504474
14577.470176576,-2.6633227994675335,1.5155902381696675,-1.5699029431504474
14577.477998115,-2.663285754060314,1.511717880351914,-1.5525570378464926
14577.480595927,-2.663285754060314,1.511717880351914,-1.5525570378464926
14577.48895834,-2.663285754060314,1.511717880351914,-1.5525570378464926
14577.507413295,-2.663285754060314,1.511717880351914,-1.5525570378464926
14577.510515683,-2.663285754060314,1.511717880351914,-1.5525570378464926
14577.519784073,-2.663285754060314,1.511717880351914,-1.5525570378464926
14577.529067271,-2.663285754060314,1.511717880351914,-1.5525570378464926
14577.532253858,-2.663232048156332,1.510276171196589,-1.5145669446152912
14577.534887928,-2.663232048156332,1.510276171196589,-1.5145669446152912
14577.541208474,-2.663232048156332,1.510276171196589,-1.5145669446152912
14577.544149907,-2.663232048156332,1.510276171196589,-1.5145669446152912
14577.550267527,-2.663232048156332,1.510276171196589,-1.5145669446152912
14577.558719119,-2.663232048156332,1.510276171196589,-1.5145669446152912
14577.572675962,-2.663232048156332,1.510276171196589,-1.5145669446152912
14577.573439438,-2.663147616384828,1.509064195643658,-1.4879212842149008
14577.583830606,-2.663147616384828,1.509064195643658,-1.4879212842149008
14577.590700061,-2.663147616384828,1.509064195643658,-1.4879212842149008
14577.597363275,-2.663147616384828,1.509064195643658,-1.4879212842149008
14577.613309817,-2.663147616384828,1.509064195643658,-1.4879212842149008
14577.624620075,-2.6631032692607643,1.5086107667891566,-1.458683656231807
14577.627931569,-2.6631032692607643,1.5086107667891566,-1.458683656231807
14577.629458332,-2.6631032692607643,1.5086107667891566,-1.458683656231807
14577.630447997,-2.6631032692607643,1.5086107667891566,-1.458683656231807
14577.633406462,-2.6631032692607643,1.5086107667891566,-1.458683656231807
14577.640634336,-2.6631032692607643,1.5086107667891566,-1.458683656231807
14577.64919261,-2.6631032692607643,1.5086107667891566,-1.458683656231807
14577.664391857,-2.6631032692607643,1.5086107667891566,-1.458683656231807
14577.672437721,-2.6631032692607643,1.5086107667891566,-1.458683656231807
14577.678997379,-2.663064282415569,1.5083095511397284,-1.4254768357438314
14577.685827098,-2.663064282415569,1.5083095511397284,-1.4254768357438314
14577.690225047,-2.663064282415569,1.5083095511397284,-1.4254768357438314
14577.702581982,-2.663064282415569,1.5083095511397284,-1.4254768357438314
14577.712851548,-2.663064282415569,1.5083095511397284,-1.4254768357438314
14577.719484104,-2.663064282415569,1.5083095511397284,-1.4254768357438314
14577.731949131,-2.663064282415569,1.5083095511397284,-1.4254768357438314
14577.733882313,-2.663040913048497,1.5081594958730025,-1.4071212277573812
14577.734340922,-2.663040913048497,1.5081594958730025,-1.4071212277573812
14577.734691446,-2.663040913048497,1.5081594958730025,-1.4071212277573812
14577.741141757,-2.663040913048497,1.5081594958730025,-1.4071212277573812
14577.748073891,-2.663040913048497,1.5081594958730025,-1.4071212277573812
14577.759386474,-2.663040913048497,1.5081594958730025,-1.4071212277573812
14577.770673929,-2.663040913048497,1.5081594958730025,-1.4071212277573812
14577.772519155,-2.6630281031751313,1.5080846521375142,-1.3954465851945141
14577.780035225,-2.6630281031751313,1.5080846521375142,-1.3954465851945141
14577.795754346,-2.6630281031751313,1.5080846521375142,-1.3954465851945141
14577.798950432,-2.6630281031751313,1.5080846521375142,-1.3954465851945141
14577.809516831,-2.6630281031751313,1.5080846521375142,-1.3954465851945141
14577.821568163,-2.6630281031751313,1.5080846521375142,-1.3954465851945141
14577.829373782,-2.6630281031751313,1.5080846521375142,-1.3954465851945141
14577.83270861,-2.6630144952136328,1.5080099493866859,-1.3857745394868124
14577.8331945,-2.6630144952136328,1.5080099493866859,-1.3857745394868124
14577.841335334,-2.6630144952136328,1.5080099493866859,-1.3857745394868124
14577.841917036,-2.6630144952136328,1.5080099493866859,-1.3857745394868124
14577.854248219,-2.6630144952136328,1.5080099493866859,-1.3857745394868124
14577.860336113,-2.6630144952136328,1.5080099493866859,-1.3857745394868124
14577.877059096,-2.6630144952136328,1.5080099493866859,-1.3857745394868124
14577.879960623,-2.6630004535885887,1.5079353269345448,-1.3838299975556605
14577.887198606,-2.6630004535885887,1.5079353269345448,-1.3838299975556605
14577.889733138,-2.6630004535885887,1.5079353269345448,-1.3838299975556605
14577.899669223,-2.6630004535885887,1.5079353269345448,-1.3838299975556605
14577.908531884,-2.6630004535885887,1.5079353269345448,-1.3838299975556605
14577.918249576,-2.6630004535885887,1.5079353269345448,-1.3838299975556605
14577.922356724,-2.6630051601579727,1.5079601961735523,-1.38368158199017
14577.923013107,-2.6630051601579727,1.5079601961735523,-1.38368158199017
14577.925669012,-2.6630051601579727,1.5079601961735523,-1.38368158199017
14577.931779269,-2.6630051601579727,1.5079601961735523,-1.38368158199017
14577.937969063,-2.6630051601579727,1.5079601961735523,-1.38368158199017
14577.950852495,-2.6630051601579727,1.5079601961735523,-1.38368158199017
14577.968087227,-2.6630051601579727,1.5079601961735523,-1.38368158199017
14577.975034319,-2.6630051601579727,1.5079601961735523,-1.38368158199017
14577.979585081,-2.6630051601579727,1.5079601961735523,-1.383501575962948
14577.986276769,-2.6630051601579727,1.5079601961735523,-1.383501575962948
14577.988374794,-2.6630051601579727,1.5079601961735523,-1.383501575962948
14577.998484548,-2.6630051601579727,1.5079601961735523,-1.383501575962948
14578.011208415,-2.6630051601579727,1.5079601961735523,-1.383501575962948
14578.020453821,-2.6630051601579727,1.5079601961735523,-1.383501575962948
14578.02441689,-2.6630004506432474,1.5079353274921394,-1.383773134724544
14578.025091147,-2.6630004506432474,1.5079353274921394,-1.383773134724544
14578.033810237,-2.6630004506432474,1.5079353274921394,-1.383773134724544
14578.034634879,-2.6630004506432474,1.5079353274921394,-1.383773134724544
14578.045034462,-2.6630004506432474,1.5079353274921394,-1.383773134724544
14578.051658953,-2.6630004506432474,1.5079353274921394,-1.383773134724544
14578.061713071,-2.6630004506432474,1.5079353274921394,-1.383773134724544
14578.068913213,-2.6630004506432474,1.5079353274921394,-1.383773134724544
14578.071959254,-2.6629910505077308,1.5078855865549856,-1.384261296765255
14578.080752073,-2.6629910505077308,1.5078855865549856,-1.384261296765255
14578.088368793,-2.6629910505077308,1.5078855865549856,-1.384261296765255
14578.099930579,-2.6629910505077308,1.5078855865549856,-1.384261296765255
14578.111242059,-2.6629910505077308,1.5078855865549856,-1.384261296765255
14578.119090088,-2.6629910505077308,1.5078855865549856,-1.384261296765255
14578.132672431,-2.6629910505077308,1.5078855865549856,-1.384261296765255
14578.133103338,-2.6629817434385705,1.50783582812012,-1.3875145182770956
14578.13386985,-2.6629817434385705,1.50783582812012,-1.3875145182770956
14578.134410945,-2.6629817434385705,1.50783582812012,-1.3875145182770956
14578.139399857,-2.6629817434385705,1.50783582812012,-1.3875145182770956
14578.152701458,-2.6629817434385705,1.50783582812012,-1.3875145182770956
14578.157838831,-2.6629817434385705,1.50783582812012,-1.3875145182770956
14578.1707753,-2.6629817434385705,1.50783582812012,-1.3875145182770956
14578.175073173,-2.662958882423455,1.5077113566571583,-1.3907974229020337
14578.179062852,-2.662958882423455,1.5077113566571583,-1.3907974229020337
14578.191322739,-2.662958882423455,1.5077113566571583,-1.3907974229020337
14578.198494547,-2.662958882423455,1.5077113566571583,-1.3907974229020337
14578.208762241,-2.662958882423455,1.5077113566571583,-1.3907974229020337
14578.222253641,-2.662958882423455,1.5077113566571583,-1.3907974229020337
14578.232305045,-2.662958882423455,1.5077113566571583,-1.3907974229020337
14578.234632094,-2.66295444536919,1.507686437921364,-1.39836697436993
14578.235101713,-2.66295444536919,1.507686437921364,-1.39836697436993
14578.237924782,-2.66295444536919,1.507686437921364,-1.39836697436993
14578.241573525,-2.66295444536919,1.507686437921364,-1.39836697436993
14578.247843053,-2.66295444536919,1.507686437921364,-1.39836697436993
14578.263960108,-2.66295444536919,1.507686437921364,-1.39836697436993
14578.268166468,-2.66295444536919,1.507686437921364,-1.39836697436993
14578.2730129,-2.6628430984699696,1.5070378484374176,-1.4031894669694178
14578.281189721,-2.6628430984699696,1.5070378484374176,-1.4031894669694178
14578.291828588,-2.6628430984699696,1.5070378484374176,-1.4031894669694178
14578.300090531,-2.6628430984699696,1.5070378484374176,-1.4031894669694178
14578.306945659,-2.6628430984699696,1.5070378484374176,-1.4031894669694178
14578.322055917,-2.6628430984699696,1.5070378484374176,-1.4031894669694178
14578.323275467,-2.6628430984699696,1.5070378484374176,-1.4031894669694178
14578.325738684,-2.6624097800173208,1.5044671116278099,-1.4044263825577963
14578.3333757,-2.6624097800173208,1.5044671116278099,-1.4044263825577963
14578.335871161,-2.6624097800173208,1.5044671116278099,-1.4044263825577963
14578.338213088,-2.6624097800173208,1.5044671116278099,-1.4044263825577963
14578.347829357,-2.6624097800173208,1.5044671116278099,-1.4044263825577963
14578.358567782,-2.6624097800173208,1.5044671116278099,-1.4044263825577963
14578.36753956,-2.6617043607668083,1.5002995059250412,-1.4018197522324793
14578.368979258,-2.6617043607668083,1.5002995059250412,-1.4018197522324793
14578.378291621,-2.6617043607668083,1.5002995059250412,-1.4018197522324793
14578.389854438,-2.6617043607668083,1.5002995059250412,-1.4018197522324793
14578.399014823,-2.6617043607668083,1.5002995059250412,-1.4018197522324793
14578.408601286,-2.6617043607668083,1.5002995059250412,-1.4018197522324793
14578.419364668,-2.6617043607668083,1.5002995059250412,-1.4018197522324793
14578.431084492,-2.6617043607668083,1.5002995059250412,-1.4018197522324793
14578.432462503,-2.6607287106376214,1.49484300496361,-1.3859023318452108
14578.433694838,-2.6607287106376214,1.49484300496361,-1.3859023318452108
14578.434204052,-2.6607287106376214,1.49484300496361,-1.3859023318452108
14578.440834264,-2.6607287106376214,1.49484300496361,-1.3859023318452108
14578.450126389,-2.6607287106376214,1.49484300496361,-1.3859023318452108
14578.458865416,-2.6607287106376214,1.49484300496361,-1.3859023318452108
14578.468881322,-2.658868278638136,1.4851229701457136,-1.3774612412614098
14578.471658073,-2.658868278638136,1.4851229701457136,-1.3774612412614098
14578.484698449,-2.658868278638136,1.4851229701457136,-1.3774612412614098
14578.4880504,-2.658868278638136,1.4851229701457136,-1.3774612412614098
14578.499679763,-2.658868278638136,1.4851229701457136,-1.3774612412614098
14578.51245104,-2.658868278638136,1.4851229701457136,-1.3774612412614098
14578.521667842,-2.658868278638136,1.4851229701457136,-1.3774612412614098
14578.534073265,-2.658868278638136,1.4851229701457136,-1.3774612412614098
14578.535826717,-2.6574634071848857,1.4782282728818887,-1.3621125683945876
14578.536700803,-2.6574634071848857,1.4782282728818887,-1.3621125683945876
14578.541247557,-2.6574634071848857,1.4782282728818887,-1.3621125683945876
14578.551959001,-2.6574634071848857,1.4782282728818887,-1.3621125683945876
14578.552480469,-2.6574634071848857,1.4782282728818887,-1.3621125683945876
14578.561937133,-2.6574634071848857,1.4782282728818887,-1.3621125683945876
14578.577500402,-2.6574634071848857,1.4782282728818887,-1.3621125683945876
14578.579079364,-2.6551519598813487,1.467696590469401,-1.3473799691361656
14578.584402118,-2.6551519598813487,1.467696590469401,-1.3473799691361656
14578.590923543,-2.6551519598813487,1.467696590469401,-1.3473799691361656
14578.599159537,-2.6551519598813487,1.467696590469401,-1.3473799691361656
14578.608285444,-2.6551519598813487,1.467696590469401,-1.3473799691361656
14578.625758622,-2.6551519598813487,1.467696590469401,-1.3473799691361656
14578.626419684,-2.6551519598813487,1.467696590469401,-1.3473799691361656
14578.627280465,-2.65354932444369,1.4608191705175502,-1.336326883809017
14578.631013839,-2.65354932444369,1.4608191705175502,-1.336326883809017
14578.635778496,-2.65354932444369,1.4608191705175502,-1.336326883809017
14578.639018364,-2.65354932444369,1.4608191705175502,-1.336326883809017
14578.650648899,-2.65354932444369,1.4608191705175502,-1.336326883809017
14578.658927343,-2.65354932444369,1.4608191705175502,-1.336326883809017
14578.669332457,-2.65354932444369,1.4608191705175502,-1.336326883809017
14578.685320378,-2.65354932444369,1.4608191705175502,-1.336326883809017
14578.688411775,-2.65354932444369,1.4608191705175502,-1.336326883809017
14578.698496692,-2.65354932444369,1.4608191705175502,-1.336326883809017
14578.713918049,-2.65354932444369,1.4608191705175502,-1.336326883809017
14578.718569001,-2.6518887879471174,1.454085774658134,-1.3216908440751305
14578.721870646,-2.6518887879471174,1.454085774658134,-1.3216908440751305
14578.730912457,-2.6518887879471174,1.454085774658134,-1.3216908440751305
14578.737218234,-2.650132920048576,1.4474551262924968,-1.3021637664002639
14578.740612755,-2.650132920048576,1.4474551262924968,-1.3021637664002639
14578.742782235,-2.650132920048576,1.4474551262924968,-1.3021637664002639
14578.743749748,-2.650132920048576,1.4474551262924968,-1.3021637664002639
14578.749330919,-2.650132920048576,1.4474551262924968,-1.3021637664002639
14578.758859071,-2.650132920048576,1.4474551262924968,-1.3021637664002639
14578.768733022,-2.647240263406946,1.4372520713977623,-1.2869098649186357
14578.774899094,-2.647240263406946,1.4372520713977623,-1.2869098649186357
14578.780058609,-2.647240263406946,1.4372520713977623,-1.2869098649186357
14578.78831911,-2.647240263406946,1.4372520713977623,-1.2869098649186357
14578.80726804,-2.647240263406946,1.4372520713977623,-1.2869098649186357
14578.809354874,-2.647240263406946,1.4372520713977623,-1.2869098649186357
14578.818733773,-2.647240263406946,1.4372520713977623,-1.2869098649186357
14578.823792017,-2.6451851740563215,1.430416712225647,-1.2705663905305138
14578.8259738,-2.6451851740563215,1.430416712225647,-1.2705663905305138
14578.828806627,-2.6451851740563215,1.430416712225647,-1.2705663905305138
14578.831683057,-2.6451851740563215,1.430416712225647,-1.2705663905305138
14578.841293385,-2.6451851740563215,1.430416712225647,-1.2705663905305138
14578.851817504,-2.6451851740563215,1.430416712225647,-1.2705663905305138
14578.861710406,-2.6451851740563215,1.430416712225647,-1.2705663905305138
14578.876050084,-2.6451851740563215,1.430416712225647,-1.2705663905305138
14578.87719861,-2.6430037396961312,1.4236472073532218,-1.2475513682526815
14578.880129203,-2.6430037396961312,1.4236472073532218,-1.2475513682526815
14578.889099638,-2.6430037396961312,1.4236472073532218,-1.2475513682526815
14578.898541176,-2.6430037396961312,1.4236472073532218,-1.2475513682526815
14578.912573762,-2.6430037396961312,1.4236472073532218,-1.2475513682526815
14578.917772982,-2.6430037396961312,1.4236472073532218,-1.2475513682526815
14578.922539964,-2.6430037396961312,1.4236472073532218,-1.2475513682526815
14578.923134931,-2.637428227135258,1.4146560131643984,-1.234076769320972
14578.928290719,-2.637428227135258,1.4146560131643984,-1.234076769320972
14578.928788011,-2.637428227135258,1.4146560131643984,-1.234076769320972
14578.940114891,-2.637428227135258,1.4146560131643984,-1.234076769320972
14578.94782553,-2.637428227135258,1.4146560131643984,-1.234076769320972
14578.958597288,-2.637428227135258,1.4146560131643984,-1.234076769320972
14578.96718624,-2.6317108978908896,1.4094730419848993,-1.222351671529755
14578.968657518,-2.6317108978908896,1.4094730419848993,-1.222351671529755
14578.977006105,-2.6317108978908896,1.4094730419848993,-1.222351671529755
14578.990635949,-2.6317108978908896,1.4094730419848993,-1.222351671529755
14579.000168198,-2.6317108978908896,1.4094730419848993,-1.222351671529755
14579.010844576,-2.6317108978908896,1.4094730419848993,-1.222351671529755
14579.019508691,-2.6317108978908896,1.4094730419848993,-1.222351671529755
14579.030784394,-2.6317108978908896,1.4094730419848993,-1.222351671529755
14579.044527622,-2.6317108978908896,1.4094730419848993,-1.222351671529755
14579.046454262,-2.6317108978908896,1.4094730419848993,-1.222351671529755
14579.049220834,-2.6317108978908896,1.4094730419848993,-1.222351671529755
14579.050060945,-2.627953527425144,1.4036201517088238,-1.2023032817540356
14579.050936194,-2.627953527425144,1.4036201517088238,-1.2023032817540356
14579.05880952,-2.627953527425144,1.4036201517088238,-1.2023032817540356
14579.070161958,-2.627953527425144,1.4036201517088238,-1.2023032817540356
14579.071090698,-2.6241499057398685,1.393992180462658,-1.1868091735539625
14579.084182882,-2.6241499057398685,1.393992180462658,-1.1868091735539625
14579.091508141,-2.6241499057398685,1.393992180462658,-1.1868091735539625
14579.1009502,-2.6241499057398685,1.393992180462658,-1.1868091735539625
14579.112608277,-2.6241499057398685,1.393992180462658,-1.1868091735539625
14579.12279669,-2.6241499057398685,1.393992180462658,-1.1868091735539625
14579.124523772,-2.621476166351231,1.3875109705661113,-1.1722489509282301
14579.125204903,-2.621476166351231,1.3875109705661113,-1.1722489509282301
14579.132953864,-2.621476166351231,1.3875109705661113,-1.1722489509282301
14579.133716038,-2.621476166351231,1.3875109705661113,-1.1722489509282301
14579.139993882,-2.621476166351231,1.3875109705661113,-1.1722489509282301
14579.147889551,-2.621476166351231,1.3875109705661113,-1.1722489509282301
14579.15815493,-2.621476166351231,1.3875109705661113,-1.1722489509282301
14579.169275389,-2.621476166351231,1.3875109705661113,-1.1722489509282301
14579.17459096,-2.618731672843823,1.381142002310275,-1.1556011352238842
14579.181102206,-2.618731672843823,1.381142002310275,-1.1556011352238842
14579.188062552,-2.618731672843823,1.381142002310275,-1.1556011352238842
14579.203453793,-2.618731672843823,1.381142002310275,-1.1556011352238842
14579.209410298,-2.618731672843823,1.381142002310275,-1.1556011352238842
14579.219224512,-2.618731672843823,1.381142002310275,-1.1556011352238842
14579.221512366,-2.614475407233539,1.3716221575076757,-1.145122161835212
14579.222062258,-2.614475407233539,1.3716221575076757,-1.145122161835212
14579.229384431,-2.614475407233539,1.3716221575076757,-1.145122161835212
14579.23809298,-2.614475407233539,1.3716221575076757,-1.145122161835212
14579.249064326,-2.614475407233539,1.3716221575076757,-1.145122161835212
14579.250166965,-2.614475407233539,1.3716221575076757,-1.145122161835212
14579.26006078,-2.614475407233539,1.3716221575076757,-1.145122161835212
14579.270639693,-2.611701583743251,1.3655709015963513,-1.1368554744420243
14579.27488723,-2.611701583743251,1.3655709015963513,-1.1368554744420243
14579.278829119,-2.611701583743251,1.3655709015963513,-1.1368554744420243
14579.289133402,-2.611701583743251,1.3655709015963513,-1.1368554744420243
14579.300038653,-2.611701583743251,1.3655709015963513,-1.1368554744420243
14579.310292269,-2.611701583743251,1.3655709015963513,-1.1368554744420243
14579.319048589,-2.611701583743251,1.3655709015963513,-1.1368554744420243
14579.331666695,-2.611701583743251,1.3655709015963513,-1.1368554744420243
14579.332856038,-2.6087131029153867,1.3592286664711823,-1.1240454826054758
14579.333268089,-2.6087131029153867,1.3592286664711823,-1.1240454826054758
14579.338570244,-2.6087131029153867,1.3592286664711823,-1.1240454826054758
14579.338883307,-2.6087131029153867,1.3592286664711823,-1.1240454826054758
14579.350691589,-2.6087131029153867,1.3592286664711823,-1.1240454826054758
14579.358548465,-2.6087131029153867,1.3592286664711823,-1.1240454826054758
14579.368925805,-2.6087131029153867,1.3592286664711823,-1.1240454826054758
14579.369153988,-2.6042353543893415,1.349979407367598,-1.1158214721379467
14579.379825977,-2.6042353543893415,1.349979407367598,-1.1158214721379467
14579.387650892,-2.6042353543893415,1.349979407367598,-1.1158214721379467
14579.401188361,-2.6042353543893415,1.349979407367598,-1.1158214721379467
14579.409707581,-2.6042353543893415,1.349979407367598,-1.1158214721379467
14579.418731898,-2.6042353543893415,1.349979407367598,-1.1158214721379467
14579.432267082,-2.6042353543893415,1.349979407367598,-1.1158214721379467
14579.441759557,-2.6042353543893415,1.349979407367598,-1.1158214721379467
14579.448534663,-2.6042353543893415,1.349979407367598,-1.1158214721379467
14579.454770968,-2.6011034065035177,1.3436785013533452,-1.1031805190739818
14579.455454593,-2.6011034065035177,1.3436785013533452,-1.1031805190739818
14579.457050166,-2.6011034065035177,1.3436785013533452,-1.1031805190739818
14579.457515147,-2.6011034065035177,1.3436785013533452,-1.1031805190739818
14579.471920991,-2.6011034065035177,1.3436785013533452,-1.1031805190739818
14579.475655095,-2.597890406641655,1.3374754918359988,-1.0825651797948073
14579.480973923,-2.597890406641655,1.3374754918359988,-1.0825651797948073
14579.488491215,-2.597890406641655,1.3374754918359988,-1.0825651797948073
14579.501079956,-2.597890406641655,1.3374754918359988,-1.0825651797948073
14579.51318508,-2.597890406641655,1.3374754918359988,-1.0825651797948073
14579.521003302,-2.597890406641655,1.3374754918359988,-1.0825651797948073
14579.52954736,-2.597890406641655,1.3374754918359988,-1.0825651797948073
14579.539193896,-2.597890406641655,1.3374754918359988,-1.0825651797948073
14579.549472731,-2.597890406641655,1.3374754918359988,-1.0825651797948073
14579.556313231,-2.5927831292720565,1.328008197391642,-1.0695890102086256
14579.561069822,-2.5927831292720565,1.328008197391642,-1.0695890102086256
14579.563510136,-2.5927831292720565,1.328008197391642,-1.0695890102086256
14579.56402957,-2.5927831292720565,1.328008197391642,-1.0695890102086256
14579.574055305,-2.5927831292720565,1.328008197391642,-1.0695890102086256
14579.575331743,-2.589404005123663,1.3219520004623977,-1.0541335258183666
14579.581197637,-2.589404005123663,1.3219520004623977,-1.0541335258183666
14579.58847745,-2.589404005123663,1.3219520004623977,-1.0541335258183666
14579.600125267,-2.589404005123663,1.3219520004623977,-1.0541335258183666
14579.612996112,-2.589404005123663,1.3219520004623977,-1.0541335258183666
14579.622476414,-2.589404005123663,1.3219520004623977,-1.0541335258183666
14579.629778027,-2.589404005123663,1.3219520004623977,-1.0541335258183666
14579.640977877,-2.589404005123663,1.3219520004623977,-1.0541335258183666
14579.649226975,-2.589404005123663,1.3219520004623977,-1.0541335258183666
14579.658702698,-2.589404005123663,1.3219520004623977,-1.0541335258183666
14579.658960046,-2.589404005123663,1.3219520004623977,-1.0541335258183666
14579.659266496,-2.587896654006734,1.3199192249899185,-1.0384922786865989
14579.659539003,-2.587896654006734,1.3199192249899185,-1.0384922786865989
14579.670652538,-2.587896654006734,1.3199192249899185,-1.0384922786865989
14579.67504467,-2.5843315419373134,1.3146066413381259,-1.031898470797183
14579.676499326,-2.5843315419373134,1.3146066413381259,-1.031898470797183
14579.689671962,-2.5843315419373134,1.3146066413381259,-1.031898470797183
14579.699954725,-2.5843315419373134,1.3146066413381259,-1.031898470797183
14579.71071998,-2.5843315419373134,1.3146066413381259,-1.031898470797183
14579.725443836,-2.5843315419373134,1.3146066413381259,-1.031898470797183
14579.731737039,-2.5843315419373134,1.3146066413381259,-1.031898470797183
14579.732073076,-2.5843315419373134,1.3146066413381259,-1.031898470797183
14579.732519882,-2.581597044881727,1.3104636041238429,-1.0243665450507422
14579.733065857,-2.581597044881727,1.3104636041238429,-1.0243665450507422
14579.737207904,-2.581597044881727,1.3104636041238429,-1.0243665450507422
14579.750815224,-2.581597044881727,1.3104636041238429,-1.0243665450507422
14579.758639258,-2.581597044881727,1.3104636041238429,-1.0243665450507422
14579.772884557,-2.581597044881727,1.3104636041238429,-1.0243665450507422
14579.782900553,-2.581597044881727,1.3104636041238429,-1.0243665450507422
14579.791523981,-2.581597044881727,1.3104636041238429,-1.0243665450507422
14579.800677914,-2.581597044881727,1.3104636041238429,-1.0243665450507422
14579.809861603,-2.581597044881727,1.3104636041238429,-1.0243665450507422
14579.810386217,-2.5779370875966006,1.3046026921764278,-1.000791477530601
14579.818730447,-2.5779370875966006,1.3046026921764278,-1.000791477530601
14579.824002646,-2.5779370875966006,1.3046026921764278,-1.000791477530601
14579.82459606,-2.5733644993568525,1.2976129757502353,-0.982173847525718
14579.831532021,-2.5733644993568525,1.2976129757502353,-0.982173847525718
14579.831820898,-2.5733644993568525,1.2976129757502353,-0.982173847525718
14579.838270207,-2.5733644993568525,1.2976129757502353,-0.982173847525718
14579.851481877,-2.5733644993568525,1.2976129757502353,-0.982173847525718
14579.859121241,-2.5733644993568525,1.2976129757502353,-0.982173847525718
14579.867798621,-2.5733644993568525,1.2976129757502353,-0.982173847525718
14579.870179752,-2.5717737974619697,1.2952665442488387,-0.9679075950080179
14579.878070803,-2.5717737974619697,1.2952665442488387,-0.9679075950080179
14579.889115448,-2.5717737974619697,1.2952665442488387,-0.9679075950080179
14579.900065744,-2.5717737974619697,1.2952665442488387,-0.9679075950080179
14579.910208981,-2.5717737974619697,1.2952665442488387,-0.9679075950080179
14579.920609496,-2.5717737974619697,1.2952665442488387,-0.9679075950080179
14579.927605932,-2.5717737974619697,1.2952665442488387,-0.9679075950080179
14579.934600854,-2.5707484448171467,1.2937907149771555,-0.9592789882117534
14579.935361345,-2.5707484448171467,1.2937907149771555,-0.9592789882117534
14579.943403582,-2.5707484448171467,1.2937907149771555,-0.9592789882117534
14579.94588866,-2.5707484448171467,1.2937907149771555,-0.9592789882117534
14579.952883963,-2.5707484448171467,1.2937907149771555,-0.9592789882117534
14579.957805749,-2.5707484448171467,1.2937907149771555,-0.9592789882117534
14579.970929222,-2.5707484448171467,1.2937907149771555,-0.9592789882117534
14579.972463759,-2.5701682550627067,1.2929610227453632,-0.9618243449622416
14579.980423039,-2.5701682550627067,1.2929610227453632,-0.9618243449622416
14579.986275427,-2.5701682550627067,1.2929610227453632,-0.9618243449622416
14579.999947179,-2.5701682550627067,1.2929610227453632,-0.9618243449622416
14580.009562527,-2.5701682550627067,1.2929610227453632,-0.9618243449622416
14580.020403225,-2.5701682550627067,1.2929610227453632,-0.9618243449622416
14580.023019643,-2.5699667436848896,1.2926695492301594,-0.9699689620429301
14580.023838133,-2.5699667436848896,1.2926695492301594,-0.9699689620429301
14580.024677934,-2.5699667436848896,1.2926695492301594,-0.9699689620429301
14580.033819935,-2.5699667436848896,1.2926695492301594,-0.9699689620429301
14580.039653638,-2.5699667436848896,1.2926695492301594,-0.9699689620429301
14580.050390238,-2.5699667436848896,1.2926695492301594,-0.9699689620429301
14580.058660167,-2.5699667436848896,1.2926695492301594,-0.9699689620429301
14580.069338949,-2.5699667436848896,1.2926695492301594,-0.9699689620429301
14580.075727774,-2.569784151328281,1.292395821913344,-0.9950749152594829
14580.081797754,-2.569784151328281,1.292395821913344,-0.9950749152594829
14580.087755471,-2.569784151328281,1.292395821913344,-0.9950749152594829
14580.102004998,-2.569784151328281,1.292395821913344,-0.9950749152594829
14580.107543441,-2.569784151328281,1.292395821913344,-0.9950749152594829
14580.11952929,-2.569784151328281,1.292395821913344,-0.9950749152594829
14580.122052387,-2.569784151328281,1.292395821913344,-0.9950749152594829
14580.122794563,-2.569608489502426,1.292117596221504,-1.020191835730674
14580.124741622,-2.569608489502426,1.292117596221504,-1.020191835730674
14580.132761446,-2.569608489502426,1.292117596221504,-1.020191835730674
14580.137476423,-2.569608489502426,1.292117596221504,-1.020191835730674
14580.148595579,-2.569608489502426,1.292117596221504,-1.020191835730674
14580.158455189,-2.569608489502426,1.292117596221504,-1.020191835730674
14580.170318876,-2.569608489502426,1.292117596221504,-1.020191835730674
14580.179966755,-2.569608489502426,1.292117596221504,-1.020191835730674
14580.180937134,-2.5695830025564588,1.2920738590638245,-1.0661527388983987
14580.189210228,-2.5695830025564588,1.2920738590638245,-1.0661527388983987
14580.198835674,-2.5695830025564588,1.2920738590638245,-1.0661527388983987
14580.20807061,-2.5695830025564588,1.2920738590638245,-1.0661527388983987
14580.219034002,-2.5695830025564588,1.2920738590638245,-1.0661527388983987
14580.225816118,-2.5695830025564588,1.2920738590638245,-1.0661527388983987
14580.23255593,-2.5695830025564588,1.2920738590638245,-1.0661527388983987
14580.232970936,-2.569499891744699,1.2919173870077487,-1.0989212268286968
14580.235277496,-2.569499891744699,1.2919173870077487,-1.0989212268286968
14580.240038747,-2.569499891744699,1.2919173870077487,-1.0989212268286968
14580.248799145,-2.569499891744699,1.2919173870077487,-1.0989212268286968
14580.262698449,-2.569499891744699,1.2919173870077487,-1.0989212268286968
14580.267298694,-2.569499891744699,1.2919173870077487,-1.0989212268286968
14580.281787505,-2.569499891744699,1.2919173870077487,-1.0989212268286968
14580.28268229,-2.5693774312541215,1.2916673474900908,-1.1318198913031834
14580.29151786,-2.5693774312541215,1.2916673474900908,-1.1318198913031834
14580.297766519,-2.5693774312541215,1.2916673474900908,-1.1318198913031834
14580.310059589,-2.5693774312541215,1.2916673474900908,-1.1318198913031834
14580.320972735,-2.5693774312541215,1.2916673474900908,-1.1318198913031834
14580.334125364,-2.5693774312541215,1.2916673474900908,-1.1318198913031834
14580.338167041,-2.5693774312541215,1.2916673474900908,-1.1318198913031834
14580.338585674,-2.568592504811068,1.2931920629255997,-1.1717339438702665
14580.33973958,-2.568592504811068,1.2931920629255997,-1.1717339438702665
14580.340318387,-2.568592504811068,1.2931920629255997,-1.1717339438702665
14580.352193966,-2.568592504811068,1.2931920629255997,-1.1717339438702665
14580.362183222,-2.568592504811068,1.2931920629255997,-1.1717339438702665
14580.375181899,-2.568592504811068,1.2931920629255997,-1.1717339438702665
14580.381652137,-2.568592504811068,1.2931920629255997,-1.1717339438702665
14580.385964184,-2.5674442436718854,1.2946759714202347,-1.192914618885215
14580.389449851,-2.5674442436718854,1.2946759714202347,-1.192914618885215
14580.399918846,-2.5674442436718854,1.2946759714202347,-1.192914618885215
14580.409084712,-2.5674442436718854,1.2946759714202347,-1.192914618885215
14580.420266807,-2.5674442436718854,1.2946759714202347,-1.192914618885215
14580.422235687,-2.56655589936803,1.295690424608164,-1.2118103707015202
14580.423362622,-2.56655589936803,1.295690424608164,-1.2118103707015202
14580.432416225,-2.56655589936803,1.295690424608164,-1.2118103707015202
14580.437115168,-2.56655589936803,1.295690424608164,-1.2118103707015202
14580.439299587,-2.56655589936803,1.295690424608164,-1.2118103707015202
14580.448190902,-2.56655589936803,1.295690424608164,-1.2118103707015202
14580.461463619,-2.56655589936803,1.295690424608164,-1.2118103707015202
14580.471032578,-2.56655589936803,1.295690424608164,-1.2118103707015202
14580.475833103,-2.5661840144076264,1.2946675717316103,-1.2323465550124337
14580.478648364,-2.5661840144076264,1.2946675717316103,-1.2323465550124337
14580.490984886,-2.5661840144076264,1.2946675717316103,-1.2323465550124337
14580.49887568,-2.5661840144076264,1.2946675717316103,-1.2323465550124337
14580.512062333,-2.5661840144076264,1.2946675717316103,-1.2323465550124337
14580.520739062,-2.565851607368749,1.293711269001739,-1.2401828968703432
14580.523863401,-2.565851607368749,1.293711269001739,-1.2401828968703432
14580.524455914,-2.565851607368749,1.293711269001739,-1.2401828968703432
14580.533649923,-2.565851607368749,1.293711269001739,-1.2401828968703432
14580.535887001,-2.565851607368749,1.293711269001739,-1.2401828968703432
14580.540134699,-2.565851607368749,1.293711269001739,-1.2401828968703432
14580.55287132,-2.565851607368749,1.293711269001739,-1.2401828968703432
14580.558691343,-2.565851607368749,1.293711269001739,-1.2401828968703432
14580.568535638,-2.5657370925737286,1.2933759333382961,-1.2432573044478594
14580.574448931,-2.5657370925737286,1.2933759333382961,-1.2432573044478594
14580.58103583,-2.5657370925737286,1.2933759333382961,-1.2432573044478594
14580.593659297,-2.5657370925737286,1.2933759333382961,-1.2432573044478594
14580.598738467,-2.5657370925737286,1.2933759333382961,-1.2432573044478594
14580.610918046,-2.5657370925737286,1.2933759333382961,-1.2432573044478594
14580.620081647,-2.5657370925737286,1.2933759333382961,-1.2432573044478594
14580.630651894,-2.5657370925737286,1.2933759333382961,-1.2432573044478594
14580.633663469,-2.56569636512507,1.2932561124468391,-1.243032714146344
14580.634172404,-2.56569636512507,1.2932561124468391,-1.243032714146344
14580.639730113,-2.56569636512507,1.2932561124468391,-1.243032714146344
14580.640392488,-2.56569636512507,1.2932561124468391,-1.243032714146344
14580.649474576,-2.56569636512507,1.2932561124468391,-1.243032714146344
14580.659325028,-2.56569636512507,1.2932561124468391,-1.243032714146344
14580.669823488,-2.565663471381843,1.2931603622762748,-1.2367484772383854
14580.671683332,-2.565663471381843,1.2931603622762748,-1.2367484772383854
14580.683050639,-2.565663471381843,1.2931603622762748,-1.2367484772383854
14580.68712592,-2.565663471381843,1.2931603622762748,-1.2367484772383854
14580.69872738,-2.565663471381843,1.2931603622762748,-1.2367484772383854
14580.708571981,-2.565663471381843,1.2931603622762748,-1.2367484772383854
14580.719558777,-2.565663471381843,1.2931603622762748,-1.2367484772383854
14580.73059699,-2.565663471381843,1.2931603622762748,-1.2367484772383854
14580.734891226,-2.565612016119869,1.2930174809744714,-1.2135100567519355
14580.736010918,-2.565612016119869,1.2930174809744714,-1.2135100567519355
14580.736396528,-2.565612016119869,1.2930174809744714,-1.2135100567519355
14580.742707304,-2.565612016119869,1.2930174809744714,-1.2135100567519355
14580.749768312,-2.565612016119869,1.2930174809744714,-1.2135100567519355
14580.759658109,-2.565612016119869,1.2930174809744714,-1.2135100567519355
14580.774131902,-2.565612016119869,1.2930174809744714,-1.2135100567519355
14580.776158642,-2.5655755845468886,1.2929230202207336,-1.191881676930158
14580.782098926,-2.5655755845468886,1.2929230202207336,-1.191881676930158
14580.794808475,-2.5655755845468886,1.2929230202207336,-1.191881676930158
14580.80015269,-2.5655755845468886,1.2929230202207336,-1.191881676930158
14580.811661535,-2.5655755845468886,1.2929230202207336,-1.191881676930158
14580.826988454,-2.5655755845468886,1.2929230202207336,-1.191881676930158
14580.827634838,-2.565214469364129,1.2905599790829685,-1.1673040033341682
14580.834521195,-2.565214469364129,1.2905599790829685,-1.1673040033341682
14580.83547357,-2.565214469364129,1.2905599790829685,-1.1673040033341682
14580.83634977,-2.565214469364129,1.2905599790829685,-1.1673040033341682
14580.838900633,-2.565214469364129,1.2905599790829685,-1.1673040033341682
14580.846857915,-2.565214469364129,1.2905599790829685,-1.1673040033341682
14580.858483875,-2.565214469364129,1.2905599790829685,-1.1673040033341682
14580.868526121,-2.565214469364129,1.2905599790829685,-1.1673040033341682
14580.875810242,-2.5644207987503176,1.2853326214943823,-1.1280774539800622
14580.882221829,-2.5644207987503176,1.2853326214943823,-1.1280774539800622
14580.88758672,-2.5644207987503176,1.2853326214943823,-1.1280774539800622
14580.902664296,-2.5644207987503176,1.2853326214943823,-1.1280774539800622
14580.913011984,-2.5644207987503176,1.2853326214943823,-1.1280774539800622
14580.921175521,-2.5644207987503176,1.2853326214943823,-1.1280774539800622
14580.92522849,-2.5637624829202443,1.2810460301330928,-1.102436753162849
14580.926820757,-2.5637624829202443,1.2810460301330928,-1.102436753162849
14580.931604758,-2.5637624829202443,1.2810460301330928,-1.102436753162849
14580.93303656,-2.5637624829202443,1.2810460301330928,-1.102436753162849
14580.941123805,-2.5637624829202443,1.2810460301330928,-1.102436753162849
14580.952740043,-2.5637624829202443,1.2810460301330928,-1.102436753162849
14580.959934394,-2.5637624829202443,1.2810460301330928,-1.102436753162849
14580.968742151,-2.5637624829202443,1.2810460301330928,-1.102436753162849
14580.969324925,-2.5636567167210145,1.2808442762992327,-1.0734634121746902
14580.983711763,-2.5636567167210145,1.2808442762992327,-1.0734634121746902
14580.988405926,-2.5636567167210145,1.2808442762992327,-1.0734634121746902
14581.000760142,-2.5636567167210145,1.2808442762992327,-1.0734634121746902
14581.01008684,-2.5636567167210145,1.2808442762992327,-1.0734634121746902
14581.021090691,-2.5636567167210145,1.2808442762992327,-1.0734634121746902
14581.032297994,-2.5636567167210145,1.2808442762992327,-1.0734634121746902
14581.033239057,-2.563214019347312,1.2800769485860537,-1.0215563496441724
14581.034643698,-2.563214019347312,1.2800769485860537,-1.0215563496441724
14581.035053204,-2.563214019347312,1.2800769485860537,-1.0215563496441724
14581.04310022,-2.563214019347312,1.2800769485860537,-1.0215563496441724
14581.049970686,-2.563214019347312,1.2800769485860537,-1.0215563496441724
14581.061678856,-2.563214019347312,1.2800769485860537,-1.0215563496441724
14581.068398039,-2.5622485621328783,1.278561259814405,-0.985706539997566
14581.071172235,-2.5622485621328783,1.278561259814405,-0.985706539997566
14581.084799373,-2.5622485621328783,1.278561259814405,-0.985706539997566
14581.089098625,-2.5622485621328783,1.278561259814405,-0.985706539997566
14581.097260973,-2.5622485621328783,1.278561259814405,-0.985706539997566
14581.112619852,-2.5622485621328783,1.278561259814405,-0.985706539997566
14581.118828525,-2.5622485621328783,1.278561259814405,-0.985706539997566
14581.127512348,-2.5622485621328783,1.278561259814405,-0.985706539997566
14581.128924863,-2.5613906475140453,1.2773389593295381,-0.9319059571118241
14581.131469485,-2.5613906475140453,1.2773389593295381,-0.9319059571118241
14581.140714962,-2.5613906475140453,1.2773389593295381,-0.9319059571118241
14581.151756721,-2.5613906475140453,1.2773389593295381,-0.9319059571118241
14581.152619646,-2.5613906475140453,1.2773389593295381,-0.9319059571118241
14581.159512084,-2.5613906475140453,1.2773389593295381,-0.9319059571118241
14581.170543956,-2.5613906475140453,1.2773389593295381,-0.9319059571118241
14581.171296602,-2.5599483162908836,1.275478718266175,-0.8906337937207106
14581.182552587,-2.5599483162908836,1.275478718266175,-0.8906337937207106
14581.189676034,-2.5599483162908836,1.275478718266175,-0.8906337937207106
14581.203614933,-2.5599483162908836,1.275478718266175,-0.8906337937207106
14581.215015843,-2.5599483162908836,1.275478718266175,-0.8906337937207106
14581.220460348,-2.5599483162908836,1.275478718266175,-0.8906337937207106
14581.227402991,-2.558824576029225,1.2741418370921858,-0.8529727181286696
14581.230206312,-2.558824576029225,1.2741418370921858,-0.8529727181286696
14581.230841175,-2.558824576029225,1.2741418370921858,-0.8529727181286696
14581.231517326,-2.558824576029225,1.2741418370921858,-0.8529727181286696
14581.241214258,-2.558824576029225,1.2741418370921858,-0.8529727181286696
14581.249990846,-2.558824576029225,1.2741418370921858,-0.8529727181286696
14581.258444362,-2.558824576029225,1.2741418370921858,-0.8529727181286696
14581.272648824,-2.558824576029225,1.2741418370921858,-0.8529727181286696
14581.282383317,-2.558824576029225,1.2741418370921858,-0.8529727181286696
14581.283184775,-2.557689544400672,1.2729161572158156,-0.7945832928509594
14581.288897639,-2.557689544400672,1.2729161572158156,-0.7945832928509594
14581.300557509,-2.557689544400672,1.2729161572158156,-0.7945832928509594
14581.309616813,-2.557689544400672,1.2729161572158156,-0.7945832928509594
14581.322239659,-2.557689544400672,1.2729161572158156,-0.7945832928509594
14581.325229894,-2.5560101416364467,1.2712667868733394,-0.758169384846199
14581.327743296,-2.5560101416364467,1.2712667868733394,-0.758169384846199
14581.329413691,-2.5560101416364467,1.2712667868733394,-0.758169384846199
14581.338568813,-2.5560101416364467,1.2712667868733394,-0.758169384846199
14581.342123831,-2.5560101416364467,1.2712667868733394,-0.758169384846199
14581.348016015,-2.5560101416364467,1.2712667868733394,-0.758169384846199
14581.358866102,-2.5560101416364467,1.2712667868733394,-0.758169384846199
14581.369951324,-2.554756597032037,1.270124675764829,-0.7196643074841385
14581.371866071,-2.554756597032037,1.270124675764829,-0.7196643074841385
14581.381987007,-2.554756597032037,1.270124675764829,-0.7196643074841385
14581.387219781,-2.554756597032037,1.270124675764829,-0.7196643074841385
14581.400208346,-2.554756597032037,1.270124675764829,-0.7196643074841385
14581.410252539,-2.554756597032037,1.270124675764829,-0.7196643074841385
14581.420619721,-2.554756597032037,1.270124675764829,-0.7196643074841385
14581.428809036,-2.554756597032037,1.270124675764829,-0.7196643074841385
14581.430402756,-2.5533910940340134,1.2689957414448765,-0.6620206555218582
14581.43119706,-2.5533910940340134,1.2689957414448765,-0.6620206555218582
14581.440492311,-2.5533910940340134,1.2689957414448765,-0.6620206555218582
14581.45239425,-2.5533910940340134,1.2689957414448765,-0.6620206555218582
14581.453762462,-2.5533910940340134,1.2689957414448765,-0.6620206555218582
14581.461318047,-2.5533910940340134,1.2689957414448765,-0.6620206555218582
14581.47041373,-2.5533910940340134,1.2689957414448765,-0.6620206555218582
14581.471386092,-2.551245423927257,1.2673850807239495,-0.6258213242382888
14581.485602817,-2.551245423927257,1.2673850807239495,-0.6258213242382888
14581.490139953,-2.551245423927257,1.2673850807239495,-0.6258213242382888
14581.502146811,-2.551245423927257,1.2673850807239495,-0.6258213242382888
14581.511569925,-2.551245423927257,1.2673850807239495,-0.6258213242382888
14581.521051919,-2.551245423927257,1.2673850807239495,-0.6258213242382888
14581.523188638,-2.548797655833847,1.2653468052159598,-0.5918239586220393
14581.524835548,-2.548797655833847,1.2653468052159598,-0.5918239586220393
14581.52940371,-2.548797655833847,1.2653468052159598,-0.5918239586220393
14581.535175137,-2.548797655833847,1.2653468052159598,-0.5918239586220393
14581.538046397,-2.548797655833847,1.2653468052159598,-0.5918239586220393
14581.549911516,-2.548797655833847,1.2653468052159598,-0.5918239586220393
14581.560022933,-2.548797655833847,1.2653468052159598,-0.5918239586220393
14581.569069052,-2.548797655833847,1.2653468052159598,-0.5918239586220393
14581.574034199,-2.5447394234459697,1.2619075568170928,-0.544148877386883
14581.583541429,-2.5447394234459697,1.2619075568170928,-0.544148877386883
14581.58752579,-2.5447394234459697,1.2619075568170928,-0.544148877386883
14581.600871181,-2.5447394234459697,1.2619075568170928,-0.544148877386883
14581.611318649,-2.5447394234459697,1.2619075568170928,-0.544148877386883
14581.626219139,-2.5447394234459697,1.2619075568170928,-0.544148877386883
14581.631079698,-2.5447394234459697,1.2619075568170928,-0.544148877386883
14581.631779133,-2.5447394234459697,1.2619075568170928,-0.544148877386883
14581.632507432,-2.5405375716913254,1.2588329198197732,-0.5155365757571202
14581.632799225,-2.5405375716913254,1.2588329198197732,-0.5155365757571202
14581.641060558,-2.5405375716913254,1.2588329198197732,-0.5155365757571202
14581.650721188,-2.5405375716913254,1.2588329198197732,-0.5155365757571202
14581.658095592,-2.5405375716913254,1.2588329198197732,-0.5155365757571202
14581.668868994,-2.5405375716913254,1.2588329198197732,-0.5155365757571202
14581.671850232,-2.53851649367827,1.257728244444098,-0.4848866753207187
14581.678563882,-2.53851649367827,1.257728244444098,-0.4848866753207187
14581.689362548,-2.53851649367827,1.257728244444098,-0.4848866753207187
14581.700260177,-2.53851649367827,1.257728244444098,-0.4848866753207187
14581.7083108,-2.53851649367827,1.257728244444098,-0.4848866753207187
14581.721508795,-2.53851649367827,1.257728244444098,-0.4848866753207187
14581.727935531,-2.53851649367827,1.257728244444098,-0.4848866753207187
14581.728284522,-2.53851649367827,1.257728244444098,-0.4848866753207187
14581.729456944,-2.5361371918221653,1.25654423526576,-0.43861105962858005
14581.743902552,-2.5361371918221653,1.25654423526576,-0.43861105962858005
14581.749518659,-2.5361371918221653,1.25654423526576,-0.43861105962858005
14581.751995592,-2.5361371918221653,1.25654423526576,-0.43861105962858005
14581.760151498,-2.5361371918221653,1.25654423526576,-0.43861105962858005
14581.77065116,-2.5361371918221653,1.25654423526576,-0.43861105962858005
14581.772959093,-2.5319397606284877,1.2546463871537523,-0.4106617264376621
14581.779906896,-2.5319397606284877,1.2546463871537523,-0.4106617264376621
14581.789185706,-2.5319397606284877,1.2546463871537523,-0.4106617264376621
14581.800286117,-2.5319397606284877,1.2546463871537523,-0.4106617264376621
14581.814781639,-2.5319397606284877,1.2546463871537523,-0.4106617264376621
14581.819021342,-2.5319397606284877,1.2546463871537523,-0.4106617264376621
14581.819309779,-2.527981958829564,1.2519892447697374,-0.3865497027011672
14581.821877614,-2.527981958829564,1.2519892447697374,-0.3865497027011672
14581.826582778,-2.527981958829564,1.2519892447697374,-0.3865497027011672
14581.829550461,-2.527981958829564,1.2519892447697374,-0.3865497027011672
14581.837990492,-2.527981958829564,1.2519892447697374,-0.3865497027011672
14581.848507718,-2.527981958829564,1.2519892447697374,-0.3865497027011672
14581.862438491,-2.527981958829564,1.2519892447697374,-0.3865497027011672
14581.869217374,-2.527981958829564,1.2519892447697374,-0.3865497027011672
14581.875497373,-2.522714981832377,1.2476547329197205,-0.3494832952580001
14581.883850027,-2.522714981832377,1.2476547329197205,-0.3494832952580001
14581.892760349,-2.522714981832377,1.2476547329197205,-0.3494832952580001
14581.898647883,-2.522714981832377,1.2476547329197205,-0.3494832952580001
14581.911316896,-2.522714981832377,1.2476547329197205,-0.3494832952580001
14581.923272016,-2.522714981832377,1.2476547329197205,-0.3494832952580001
14581.925915364,-2.516360152868643,1.243972527759049,-0.324685361601089
14581.93314067,-2.516360152868643,1.243972527759049,-0.324685361601089
14581.93435812,-2.516360152868643,1.243972527759049,-0.324685361601089
14581.9361156,-2.516360152868643,1.243972527759049,-0.324685361601089
14581.940963054,-2.516360152868643,1.243972527759049,-0.324685361601089
14581.949451796,-2.516360152868643,1.243972527759049,-0.324685361601089
14581.957470549,-2.516360152868643,1.243972527759049,-0.324685361601089
14581.969020532,-2.516360152868643,1.243972527759049,-0.324685361601089
14581.986544252,-2.516360152868643,1.243972527759049,-0.324685361601089
14581.988429624,-2.516360152868643,1.243972527759049,-0.324685361601089
14581.998598941,-2.516360152868643,1.243972527759049,-0.324685361601089
14582.011858352,-2.516360152868643,1.243972527759049,-0.324685361601089
14582.013925639,-2.5127695685527685,1.2428191199206136,-0.29695346615431156
14582.020885325,-2.5127695685527685,1.2428191199206136,-0.29695346615431156
14582.027182415,-2.5092645440344334,1.2418196579101575,-0.2586045529615626
14582.029879685,-2.5092645440344334,1.2418196579101575,-0.2586045529615626
14582.030769231,-2.5092645440344334,1.2418196579101575,-0.2586045529615626
14582.044422298,-2.5092645440344334,1.2418196579101575,-0.2586045529615626
14582.045349244,-2.5092645440344334,1.2418196579101575,-0.2586045529615626
14582.052130522,-2.5092645440344334,1.2418196579101575,-0.2586045529615626
14582.064755411,-2.5092645440344334,1.2418196579101575,-0.2586045529615626
14582.068944648,-2.503740982599768,1.2404332216285345,-0.2332422997724757
14582.077349111,-2.503740982599768,1.2404332216285345,-0.2332422997724757
14582.086210671,-2.503740982599768,1.2404332216285345,-0.2332422997724757
14582.098890914,-2.503740982599768,1.2404332216285345,-0.2332422997724757
14582.104413397,-2.503740982599768,1.2404332216285345,-0.2332422997724757
14582.110994987,-2.503740982599768,1.2404332216285345,-0.2332422997724757
14582.120779324,-2.503740982599768,1.2404332216285345,-0.2332422997724757
14582.128323066,-2.503740982599768,1.2404332216285345,-0.2332422997724757
14582.140262126,-2.503740982599768,1.2404332216285345,-0.2332422997724757
14582.148623057,-2.503740982599768,1.2404332216285345,-0.2332422997724757
14582.160740826,-2.503740982599768,1.2404332216285345,-0.2332422997724757
14582.169584781,-2.503740982599768,1.2404332216285345,-0.2332422997724757
14582.173488106,-2.503740982599768,1.2404332216285345,-0.2332422997724757
14582.18065236,-2.4982755635238365,1.2428327106968595,-0.19252264149422724
14582.186852497,-2.4982755635238365,1.2428327106968595,-0.19252264149422724
14582.18733998,-2.491070175775656,1.2455088220307822,-0.16687688814972607
14582.189812081,-2.491070175775656,1.2455088220307822,-0.16687688814972607
14582.193401915,-2.491070175775656,1.2455088220307822,-0.16687688814972607
14582.198356071,-2.491070175775656,1.2455088220307822,-0.16687688814972607
14582.208694879,-2.491070175775656,1.2455088220307822,-0.16687688814972607
14582.224611925,-2.491070175775656,1.2455088220307822,-0.16687688814972607
14582.225976451,-2.491070175775656,1.2455088220307822,-0.16687688814972607
14582.226634056,-2.4919443800182934,1.2487388045796013,-0.14208993581532503
14582.23347642,-2.4919443800182934,1.2487388045796013,-0.14208993581532503
14582.234080915,-2.4919443800182934,1.2487388045796013,-0.14208993581532503
14582.239416665,-2.4919443800182934,1.2487388045796013,-0.14208993581532503
14582.248277382,-2.4919443800182934,1.2487388045796013,-0.14208993581532503
14582.260068993,-2.4919443800182934,1.2487388045796013,-0.14208993581532503
14582.275783586,-2.4919443800182934,1.2487388045796013,-0.14208993581532503
14582.280749594,-2.4919443800182934,1.2487388045796013,-0.14208993581532503
14582.288691281,-2.4919443800182934,1.2487388045796013,-0.14208993581532503
14582.299520338,-2.4919443800182934,1.2487388045796013,-0.14208993581532503
14582.309686569,-2.4919443800182934,1.2487388045796013,-0.14208993581532503
14582.324902417,-2.4919443800182934,1.2487388045796013,-0.14208993581532503
14582.325495441,-2.4888309143348835,1.2483429873262963,-0.11081490186451935
14582.326310775,-2.4888309143348835,1.2483429873262963,-0.11081490186451935
14582.329051197,-2.484248077332078,1.247876231407612,-0.09218248990773224
14582.331863756,-2.484248077332078,1.247876231407612,-0.09218248990773224
14582.337707324,-2.484248077332078,1.247876231407612,-0.09218248990773224
14582.340845082,-2.484248077332078,1.247876231407612,-0.09218248990773224
14582.352163005,-2.484248077332078,1.247876231407612,-0.09218248990773224
14582.367327256,-2.484248077332078,1.247876231407612,-0.09218248990773224
14582.368112654,-2.4814226920336258,1.2476454258088578,-0.07083544400929476
14582.377271356,-2.4814226920336258,1.2476454258088578,-0.07083544400929476
14582.385562364,-2.4814226920336258,1.2476454258088578,-0.07083544400929476
14582.392415808,-2.4814226920336258,1.2476454258088578,-0.07083544400929476
14582.407752766,-2.4814226920336258,1.2476454258088578,-0.07083544400929476
14582.420969747,-2.4814226920336258,1.2476454258088578,-0.07083544400929476
14582.424732446,-2.4814226920336258,1.2476454258088578,-0.07083544400929476
14582.429562427,-2.4814226920336258,1.2476454258088578,-0.07083544400929476
14582.430722625,-2.4814226920336258,1.2476454258088578,-0.07083544400929476
14582.431936094,-2.478364764478446,1.2474764428020275,-0.039573523080339665
14582.444684718,-2.478364764478446,1.2474764428020275,-0.039573523080339665
14582.451641017,-2.478364764478446,1.2474764428020275,-0.039573523080339665
14582.457079471,-2.478364764478446,1.2474764428020275,-0.039573523080339665
14582.470037177,-2.478364764478446,1.2474764428020275,-0.039573523080339665
14582.471237031,-2.47401326699125,1.2473464716032403,-0.02014503148793243
14582.474834927,-2.47401326699125,1.2473464716032403,-0.02014503148793243
14582.481483467,-2.47401326699125,1.2473464716032403,-0.02014503148793243
14582.490975951,-2.47401326699125,1.2473464716032403,-0.02014503148793243
14582.511849639,-2.47401326699125,1.2473464716032403,-0.02014503148793243
14582.513793852,-2.47401326699125,1.2473464716032403,-0.02014503148793243
14582.520006593,-2.47401326699125,1.2473464716032403,-0.02014503148793243
14582.537165542,-2.47401326699125,1.2473464716032403,-0.02014503148793243
14582.545648554,-2.47401326699125,1.2473464716032403,-0.02014503148793243
14582.551082386,-2.47401326699125,1.2473464716032403,-0.02014503148793243
14582.558648855,-2.47401326699125,1.2473464716032403,-0.02014503148793243
14582.574384598,-2.47401326699125,1.2473464716032403,-0.02014503148793243
14582.576031047,-2.47401326699125,1.2473464716032403,-0.02014503148793243
14582.577808715,-2.4728331977759406,1.2492229494702842,-0.004200767435294023
14582.582882939,-2.4728331977759406,1.2492229494702842,-0.004200767435294023
14582.583414876,-2.472774759017991,1.2527712495021621,-4.34174499678618e-05
14582.5898034,-2.472774759017991,1.2527712495021621,-4.34174499678618e-05
14582.590340878,-2.472774759017991,1.2527712495021621,-4.34174499678618e-05
14582.602086742,-2.472774759017991,1.2527712495021621,-4.34174499678618e-05
14582.610764964,-2.472774759017991,1.2527712495021621,-4.34174499678618e-05
14582.625217395,-2.472774759017991,1.2527712495021621,-4.34174499678618e-05
14582.626371572,-2.472774759017991,1.2527712495021621,-4.34174499678618e-05
14582.634361309,-2.4728624133182247,1.255064671977989,0.002553911467692748
14582.638460656,-2.4728624133182247,1.255064671977989,0.002553911467692748
14582.641485046,-2.4728624133182247,1.255064671977989,0.002553911467692748
14582.650108564,-2.4728624133182247,1.255064671977989,0.002553911467692748
14582.663476561,-2.4728624133182247,1.255064671977989,0.002553911467692748
14582.666354604,-2.4728624133182247,1.255064671977989,0.002553911467692748
14582.672595037,-2.471090688192651,1.2550736839582823,0.007619114180705444
14582.683484485,-2.471090688192651,1.2550736839582823,0.007619114180705444
14582.688760665,-2.471090688192651,1.2550736839582823,0.007619114180705444
14582.691936462,-2.471090688192651,1.2550736839582823,0.007619114180705444
14582.699546289,-2.471090688192651,1.2550736839582823,0.007619114180705444
14582.712699146,-2.471090688192651,1.2550736839582823,0.007619114180705444
14582.718987503,-2.471090688192651,1.2550736839582823,0.007619114180705444
14582.726413833,-2.471090688192651,1.2550736839582823,0.007619114180705444
14582.727418637,-2.4690406349642666,1.2550951485644077,0.01332065608134021
14582.732042146,-2.4690406349642666,1.2550951485644077,0.01332065608134021
14582.73866822,-2.4690406349642666,1.2550951485644077,0.01332065608134021
14582.741016359,-2.4690406349642666,1.2550951485644077,0.01332065608134021
14582.748188317,-2.4690406349642666,1.2550951485644077,0.01332065608134021
14582.757730426,-2.4690406349642666,1.2550951485644077,0.01332065608134021
14582.768025057,-2.465953065131782,1.2551405579686234,0.016091556807658565
14582.770854531,-2.465953065131782,1.2551405579686234,0.016091556807658565
14582.77968941,-2.465953065131782,1.2551405579686234,0.016091556807658565
14582.787684527,-2.465953065131782,1.2551405579686234,0.016091556807658565
14582.799326073,-2.465953065131782,1.2551405579686234,0.016091556807658565
14582.811639632,-2.465953065131782,1.2551405579686234,0.016091556807658565
14582.819667732,-2.465953065131782,1.2551405579686234,0.016091556807658565
14582.828012021,-2.465953065131782,1.2551405579686234,0.016091556807658565
14582.830061434,-2.4644346942321937,1.2551692084529738,0.02164241816630115
14582.830509282,-2.4644346942321937,1.2551692084529738,0.02164241816630115
14582.835072508,-2.4644346942321937,1.2551692084529738,0.02164241816630115
14582.846943599,-2.4644346942321937,1.2551692084529738,0.02164241816630115
14582.851708256,-2.4644346942321937,1.2551692084529738,0.02164241816630115
14582.857788095,-2.4644346942321937,1.2551692084529738,0.02164241816630115
14582.867570959,-2.4644346942321937,1.2551692084529738,0.02164241816630115
14582.870984657,-2.4620813815365694,1.2552215107257865,0.022800178786418334
14582.879312866,-2.4620813815365694,1.2552215107257865,0.022800178786418334
14582.889789565,-2.4620813815365694,1.2552215107257865,0.022800178786418334
14582.898040317,-2.4620813815365694,1.2552215107257865,0.022800178786418334
14582.913584107,-2.4620813815365694,1.2552215107257865,0.022800178786418334
14582.917817146,-2.4620813815365694,1.2552215107257865,0.022800178786418334
14582.922563629,-2.4620813815365694,1.2552215107257865,0.022800178786418334
14582.923104474,-2.4611704190692136,1.255241634271685,0.021373482009074588
14582.929519417,-2.4611704190692136,1.255241634271685,0.021373482009074588
14582.935987001,-2.4611704190692136,1.255241634271685,0.021373482009074588
14582.938594912,-2.4611704190692136,1.255241634271685,0.021373482009074588
14582.949937151,-2.4611704190692136,1.255241634271685,0.021373482009074588
14582.959054815,-2.4611704190692136,1.255241634271685,0.021373482009074588
14582.969321967,-2.4611704190692136,1.255241634271685,0.021373482009074588
14582.979698356,-2.4611704190692136,1.255241634271685,0.021373482009074588
14582.980483424,-2.4603859489644297,1.2552575369738534,0.019164772292277713
14582.991000289,-2.4603859489644297,1.2552575369738534,0.019164772292277713
14582.997597589,-2.4603859489644297,1.2552575369738534,0.019164772292277713
14583.011956894,-2.4603859489644297,1.2552575369738534,0.019164772292277713
14583.021147336,-2.4603859489644297,1.2552575369738534,0.019164772292277713
14583.030098795,-2.4603859489644297,1.2552575369738534,0.019164772292277713
14583.031717522,-2.4618135070518488,1.2556021810269902,0.022606901858404874
14583.033176156,-2.4618135070518488,1.2556021810269902,0.022606901858404874
14583.040203838,-2.4618135070518488,1.2556021810269902,0.022606901858404874
14583.041341723,-2.4618135070518488,1.2556021810269902,0.022606901858404874
14583.051560637,-2.4618135070518488,1.2556021810269902,0.022606901858404874
14583.060459056,-2.4618135070518488,1.2556021810269902,0.022606901858404874
14583.07527666,-2.4618135070518488,1.2556021810269902,0.022606901858404874
14583.078092716,-2.4650852695725463,1.2561030206096897,0.029814424550639176
14583.084625393,-2.4650852695725463,1.2561030206096897,0.029814424550639176
14583.091978404,-2.4650852695725463,1.2561030206096897,0.029814424550639176
14583.103009173,-2.4650852695725463,1.2561030206096897,0.029814424550639176
14583.1100717,-2.4650852695725463,1.2561030206096897,0.029814424550639176
14583.121707298,-2.4650852695725463,1.2561030206096897,0.029814424550639176
14583.131573711,-2.4650852695725463,1.2561030206096897,0.029814424550639176
14583.133309319,-2.4670904006409886,1.2563969878245267,0.03353094906956344
14583.134526435,-2.4670904006409886,1.2563969878245267,0.03353094906956344
14583.138928997,-2.4670904006409886,1.2563969878245267,0.03353094906956344
14583.140564695,-2.4670904006409886,1.2563969878245267,0.03353094906956344
14583.151464045,-2.4670904006409886,1.2563969878245267,0.03353094906956344
14583.161556116,-2.4670904006409886,1.2563969878245267,0.03353094906956344
14583.16936969,-2.4670904006409886,1.2563969878245267,0.03353094906956344
14583.17223089,-2.4663820897535462,1.2564204456281514,0.03268074841648725
14583.185250678,-2.4663820897535462,1.2564204456281514,0.03268074841648725
14583.19082555,-2.4663820897535462,1.2564204456281514,0.03268074841648725
14583.199639098,-2.4663820897535462,1.2564204456281514,0.03268074841648725
14583.20939042,-2.4663820897535462,1.2564204456281514,0.03268074841648725
14583.221995766,-2.4663820897535462,1.2564204456281514,0.03268074841648725
14583.226186956,-2.466002623964497,1.2564325969604786,0.031341789676252896
14583.230273829,-2.466002623964497,1.2564325969604786,0.031341789676252896
14583.232715765,-2.466002623964497,1.2564325969604786,0.031341789676252896
14583.233048255,-2.466002623964497,1.2564325969604786,0.031341789676252896
14583.236974153,-2.466002623964497,1.2564325969604786,0.031341789676252896
14583.251153988,-2.466002623964497,1.2564325969604786,0.031341789676252896
14583.25940495,-2.466002623964497,1.2564325969604786,0.031341789676252896
14583.26887905,-2.466002623964497,1.2564325969604786,0.031341789676252896
14583.274849171,-2.4656231212087514,1.2564435330620167,0.02627611012608198
14583.280832187,-2.4656231212087514,1.2564435330620167,0.02627611012608198
14583.289380843,-2.4656231212087514,1.2564435330620167,0.02627611012608198
14583.298264194,-2.4656231212087514,1.2564435330620167,0.02627611012608198
14583.310376191,-2.4656231212087514,1.2564435330620167,0.02627611012608198
14583.32515995,-2.4656231212087514,1.2564435330620167,0.02627611012608198
14583.325479606,-2.465066426097994,1.2564560183426605,0.01857137532383589
14583.328265834,-2.465066426097994,1.2564560183426605,0.01857137532383589
14583.330697011,-2.465066426097994,1.2564560183426605,0.01857137532383589
14583.334738648,-2.465066426097994,1.2564560183426605,0.01857137532383589
14583.346855695,-2.465066426097994,1.2564560183426605,0.01857137532383589
14583.35613218,-2.465066426097994,1.2564560183426605,0.01857137532383589
14583.360956059,-2.465066426097994,1.2564560183426605,0.01857137532383589
14583.371437317,-2.465066426097994,1.2564560183426605,0.01857137532383589
14583.37228332,-2.4647627204882188,1.2564597256529786,0.0058412537112870686
14583.380097244,-2.4647627204882188,1.2564597256529786,0.0058412537112870686
14583.390750559,-2.4647627204882188,1.2564597256529786,0.0058412537112870686
14583.406004689,-2.4647627204882188,1.2564597256529786,0.0058412537112870686
14583.409907152,-2.4647627204882188,1.2564597256529786,0.0058412537112870686
14583.420828354,-2.4647627204882188,1.2564597256529786,0.0058412537112870686
14583.425289506,-2.4644590040319923,1.256457050624749,-0.023456098125871138
14583.426059134,-2.4644590040319923,1.256457050624749,-0.023456098125871138
14583.426680812,-2.4644590040319923,1.256457050624749,-0.023456098125871138
14583.431446821,-2.4644590040319923,1.256457050624749,-0.023456098125871138
14583.441061437,-2.4644590040319923,1.256457050624749,-0.023456098125871138
14583.449509854,-2.4644590040319923,1.256457050624749,-0.023456098125871138
14583.461634415,-2.4644590040319923,1.256457050624749,-0.023456098125871138
14583.468769393,-2.463826689592496,1.2564331189051459,-0.05220341830104203
14583.470834846,-2.463826689592496,1.2564331189051459,-0.05220341830104203
14583.48192059,-2.463826689592496,1.2564331189051459,-0.05220341830104203
14583.489257961,-2.463826689592496,1.2564331189051459,-0.05220341830104203
14583.500188851,-2.463826689592496,1.2564331189051459,-0.05220341830104203
14583.509027176,-2.463826689592496,1.2564331189051459,-0.05220341830104203
14583.520163014,-2.463826689592496,1.2564331189051459,-0.05220341830104203
14583.528258602,-2.463826689592496,1.2564331189051459,-0.05220341830104203
14583.531025724,-2.4634985507353258,1.256408798068854,-0.09576106219142291
14583.531925068,-2.4634985507353258,1.256408798068854,-0.09576106219142291
14583.541452138,-2.4634985507353258,1.256408798068854,-0.09576106219142291
14583.542138158,-2.4634985507353258,1.256408798068854,-0.09576106219142291
14583.548239277,-2.4634985507353258,1.256408798068854,-0.09576106219142291
14583.562645632,-2.4634985507353258,1.256408798068854,-0.09576106219142291
14583.570135252,-2.4634985507353258,1.256408798068854,-0.09576106219142291
14583.571099399,-2.4629954843074526,1.2563524375613044,-0.12737631945460653
14583.579096567,-2.4629954843074526,1.2563524375613044,-0.12737631945460653
14583.588798682,-2.4629954843074526,1.2563524375613044,-0.12737631945460653
14583.598242364,-2.4629954843074526,1.2563524375613044,-0.12737631945460653
14583.608494277,-2.4629954843074526,1.2563524375613044,-0.12737631945460653
14583.620939322,-2.4629954843074526,1.2563524375613044,-0.12737631945460653
14583.622017014,-2.463371222186098,1.2564068708827818,-0.16036278553922226
14583.622554412,-2.463371222186098,1.2564068708827818,-0.16036278553922226
14583.625002754,-2.463371222186098,1.2564068708827818,-0.16036278553922226
14583.631126877,-2.463371222186098,1.2564068708827818,-0.16036278553922226
14583.637924706,-2.463371222186098,1.2564068708827818,-0.16036278553922226
14583.648121245,-2.463371222186098,1.2564068708827818,-0.16036278553922226
14583.65795731,-2.463371222186098,1.2564068708827818,-0.16036278553922226
14583.669795579,-2.463371222186098,1.2564068708827818,-0.16036278553922226
14583.67403994,-2.4630228850236033,1.2563418719083241,-0.20858985730130725
14583.67840481,-2.4630228850236033,1.2563418719083241,-0.20858985730130725
14583.689990811,-2.4630228850236033,1.2563418719083241,-0.20858985730130725
14583.698570676,-2.4630228850236033,1.2563418719083241,-0.20858985730130725
14583.709895192,-2.4630228850236033,1.2563418719083241,-0.20858985730130725
14583.720934577,-2.4630228850236033,1.2563418719083241,-0.20858985730130725
14583.721976772,-2.462529295801423,1.2562295241561867,-0.23901206799466657
14583.722289023,-2.462529295801423,1.2562295241561867,-0.23901206799466657
14583.729388113,-2.462529295801423,1.2562295241561867,-0.23901206799466657
14583.741703286,-2.462529295801423,1.2562295241561867,-0.23901206799466657
14583.743340567,-2.462529295801423,1.2562295241561867,-0.23901206799466657
14583.748056743,-2.462529295801423,1.2562295241561867,-0.23901206799466657
14583.758577325,-2.462529295801423,1.2562295241561867,-0.23901206799466657
14583.76696673,-2.462186366400695,1.256140288112058,-0.27013046093900256
14583.772984762,-2.462186366400695,1.256140288112058,-0.27013046093900256
14583.779963834,-2.462186366400695,1.256140288112058,-0.27013046093900256
14583.788292865,-2.462186366400695,1.256140288112058,-0.27013046093900256
14583.802617264,-2.462186366400695,1.256140288112058,-0.27013046093900256
14583.811211146,-2.462186366400695,1.256140288112058,-0.27013046093900256
14583.825171856,-2.462186366400695,1.256140288112058,-0.27013046093900256
14583.826847571,-2.4618469159197347,1.2560386169930975,-0.3118963892074352
14583.82741733,-2.4618469159197347,1.2560386169930975,-0.3118963892074352
14583.828026504,-2.4618469159197347,1.2560386169930975,-0.3118963892074352
14583.830426582,-2.4618469159197347,1.2560386169930975,-0.3118963892074352
14583.839829246,-2.4618469159197347,1.2560386169930975,-0.3118963892074352
14583.850004664,-2.4618469159197347,1.2560386169930975,-0.3118963892074352
14583.857907537,-2.4618469159197347,1.2560386169930975,-0.3118963892074352
14583.866785016,-2.4612711775251155,1.2558448938215425,-0.3372593576522594
14583.875488937,-2.4612711775251155,1.2558448938215425,-0.3372593576522594
14583.880766956,-2.4612711775251155,1.2558448938215425,-0.3372593576522594
14583.891402227,-2.4612711775251155,1.2558448938215425,-0.3372593576522594
14583.901282145,-2.4612711775251155,1.2558448938215425,-0.3372593576522594
14583.908799678,-2.4612711775251155,1.2558448938215425,-0.3372593576522594
14583.920156681,-2.4612711775251155,1.2558448938215425,-0.3372593576522594
14583.930507956,-2.4612711775251155,1.2558448938215425,-0.3372593576522594
14583.93232542,-2.4612711775251155,1.2558448938215425,-0.3372593576522594
14583.932933151,-2.4608437590277084,1.2556871667738263,-0.3697803670974499
14583.933272965,-2.4608437590277084,1.2556871667738263,-0.3697803670974499
14583.937238819,-2.4608437590277084,1.2556871667738263,-0.3697803670974499
14583.952896083,-2.4608437590277084,1.2556871667738263,-0.3697803670974499
14583.958057942,-2.4608437590277084,1.2556871667738263,-0.3697803670974499
14583.968649288,-2.46035058403798,1.2554889329932024,-0.39459950276334355
14583.971491874,-2.46035058403798,1.2554889329932024,-0.39459950276334355
14583.979551774,-2.46035058403798,1.2554889329932024,-0.39459950276334355
14583.987652502,-2.46035058403798,1.2554889329932024,-0.39459950276334355
14583.999255615,-2.46035058403798,1.2554889329932024,-0.39459950276334355
14584.008526009,-2.46035058403798,1.2554889329932024,-0.39459950276334355
14584.018124775,-2.46035058403798,1.2554889329932024,-0.39459950276334355
14584.019635467,-2.4602111999983896,1.2554286436915227,-0.4218815023513562
14584.020913919,-2.4602111999983896,1.2554286436915227,-0.4218815023513562
14584.021276597,-2.4602111999983896,1.2554286436915227,-0.4218815023513562
14584.033472112,-2.4602111999983896,1.2554286436915227,-0.4218815023513562
14584.040552136,-2.4602111999983896,1.2554286436915227,-0.4218815023513562
14584.048517297,-2.4602111999983896,1.2554286436915227,-0.4218815023513562
14584.060216141,-2.4602111999983896,1.2554286436915227,-0.4218815023513562
14584.06819614,-2.4602111999983896,1.2554286436915227,-0.4218815023513562
14584.079118364,-2.4602111999983896,1.2554286436915227,-0.4218815023513562
14584.079534612,-2.460142656612714,1.2553959713503509,-0.4677329713912732
14584.091417436,-2.460142656612714,1.2553959713503509,-0.4677329713912732
14584.09865596,-2.460142656612714,1.2553959713503509,-0.4677329713912732
14584.112240968,-2.460142656612714,1.2553959713503509,-0.4677329713912732
14584.118566432,-2.460142656612714,1.2553959713503509,-0.4677329713912732
14584.119097378,-2.460142656612714,1.2553959713503509,-0.4677329713912732
14584.119685493,-2.4577849132776,1.2541308447955832,-0.5016801372327568
14584.130584572,-2.4577849132776,1.2541308447955832,-0.5016801372327568
14584.132941858,-2.4577849132776,1.2541308447955832,-0.5016801372327568
14584.137865927,-2.4577849132776,1.2541308447955832,-0.5016801372327568
14584.14661824,-2.4577849132776,1.2541308447955832,-0.5016801372327568
14584.158855842,-2.4577849132776,1.2541308447955832,-0.5016801372327568
14584.170457235,-2.4577849132776,1.2541308447955832,-0.5016801372327568
14584.173081547,-2.453031286484826,1.2515752211299753,-0.5338575336460246
14584.177822249,-2.453031286484826,1.2515752211299753,-0.5338575336460246
14584.189033891,-2.453031286484826,1.2515752211299753,-0.5338575336460246
14584.203421549,-2.453031286484826,1.2515752211299753,-0.5338575336460246
14584.208321753,-2.453031286484826,1.2515752211299753,-0.5338575336460246
14584.21889209,-2.453031286484826,1.2515752211299753,-0.5338575336460246
14584.228256973,-2.453031286484826,1.2515752211299753,-0.5338575336460246
14584.231619303,-2.453031286484826,1.2515752211299753,-0.5338575336460246
14584.233677242,-2.450115732091632,1.250009124690984,-0.5865035945132269
14584.234107617,-2.450115732091632,1.250009124690984,-0.5865035945132269
14584.240293818,-2.450115732091632,1.250009124690984,-0.5865035945132269
14584.248769553,-2.450115732091632,1.250009124690984,-0.5865035945132269
14584.259394546,-2.450115732091632,1.250009124690984,-0.5865035945132269
14584.269069737,-2.450115732091632,1.250009124690984,-0.5865035945132269
14584.269936008,-2.4500949053619885,1.249994741430695,-0.62229594528227
14584.279185258,-2.4500949053619885,1.249994741430695,-0.62229594528227
14584.287937945,-2.4500949053619885,1.249994741430695,-0.62229594528227
14584.297603457,-2.4500949053619885,1.249994741430695,-0.62229594528227
14584.311881385,-2.4500949053619885,1.249994741430695,-0.62229594528227
14584.321896031,-2.4500949053619885,1.249994741430695,-0.62229594528227
14584.322856882,-2.4501355580852797,1.2500249056390496,-0.6544233256533637
14584.323217144,-2.4501355580852797,1.2500249056390496,-0.6544233256533637
14584.323488038,-2.4501355580852797,1.2500249056390496,-0.6544233256533637
14584.329983641,-2.4501355580852797,1.2500249056390496,-0.6544233256533637
14584.34060112,-2.4501355580852797,1.2500249056390496,-0.6544233256533637
14584.348247988,-2.4501355580852797,1.2500249056390496,-0.6544233256533637
14584.357765309,-2.4501355580852797,1.2500249056390496,-0.6544233256533637
14584.371000434,-2.4501355580852797,1.2500249056390496,-0.6544233256533637
14584.373026673,-2.44966190349046,1.2496445706668982,-0.6986869269564642
14584.379755332,-2.44966190349046,1.2496445706668982,-0.6986869269564642
14584.388408275,-2.44966190349046,1.2496445706668982,-0.6986869269564642
14584.400809748,-2.44966190349046,1.2496445706668982,-0.6986869269564642
14584.412630076,-2.44966190349046,1.2496445706668982,-0.6986869269564642
14584.42057554,-2.446411303654734,1.2468641645368526,-0.7164987021639838
14584.42173167,-2.446411303654734,1.2468641645368526,-0.7164987021639838
14584.421933493,-2.446411303654734,1.2468641645368526,-0.7164987021639838
14584.430606281,-2.446411303654734,1.2468641645368526,-0.7164987021639838
14584.441577881,-2.446411303654734,1.2468641645368526,-0.7164987021639838
14584.442183098,-2.446411303654734,1.2468641645368526,-0.7164987021639838
14584.451699808,-2.446411303654734,1.2468641645368526,-0.7164987021639838
14584.462787555,-2.446411303654734,1.2468641645368526,-0.7164987021639838
14584.465795845,-2.442746829826315,1.2436339184355634,-0.7285042697146429
14584.472846189,-2.442746829826315,1.2436339184355634,-0.7285042697146429
14584.482576728,-2.442746829826315,1.2436339184355634,-0.7285042697146429
14584.489965827,-2.442746829826315,1.2436339184355634,-0.7285042697146429
14584.498184047,-2.442746829826315,1.2436339184355634,-0.7285042697146429
14584.512153835,-2.442746829826315,1.2436339184355634,-0.7285042697146429
14584.520974196,-2.442746829826315,1.2436339184355634,-0.7285042697146429
14584.526452936,-2.4380137437632214,1.2382486623984243,-0.7318734418377033
14584.535165433,-2.4380137437632214,1.2382486623984243,-0.7318734418377033
14584.537399245,-2.4380137437632214,1.2382486623984243,-0.7318734418377033
14584.54276968,-2.4380137437632214,1.2382486623984243,-0.7318734418377033
14584.543252855,-2.4380137437632214,1.2382486623984243,-0.7318734418377033
14584.552948074,-2.4380137437632214,1.2382486623984243,-0.7318734418377033
14584.558975002,-2.4380137437632214,1.2382486623984243,-0.7318734418377033
14584.571996333,-2.4380137437632214,1.2382486623984243,-0.7318734418377033
14584.573541841,-2.4286365288678597,1.2273713288144534,-0.7247978930601695
14584.584124691,-2.4286365288678597,1.2273713288144534,-0.7247978930601695
14584.590046521,-2.4286365288678597,1.2273713288144534,-0.7247978930601695
14584.597597427,-2.4286365288678597,1.2273713288144534,-0.7247978930601695
14584.61246734,-2.4286365288678597,1.2273713288144534,-0.7247978930601695
14584.622486933,-2.4286365288678597,1.2273713288144534,-0.7247978930601695
14584.63034996,-2.4210782271859483,1.2185931257108833,-0.7174893803961891
14584.631297015,-2.4210782271859483,1.2185931257108833,-0.7174893803961891
14584.636538162,-2.4210782271859483,1.2185931257108833,-0.7174893803961891
14584.63873833,-2.4210782271859483,1.2185931257108833,-0.7174893803961891
14584.639307268,-2.4210782271859483,1.2185931257108833,-0.7174893803961891
14584.648314256,-2.4210782271859483,1.2185931257108833,-0.7174893803961891
14584.659404097,-2.4210782271859483,1.2185931257108833,-0.7174893803961891
14584.670789097,-2.4210782271859483,1.2185931257108833,-0.7174893803961891
14584.676890727,-2.412572770727601,1.2111709336201462,-0.7174929566748752
14584.681856165,-2.412572770727601,1.2111709336201462,-0.7174929566748752
14584.690544756,-2.412572770727601,1.2111709336201462,-0.7174929566748752
14584.701265247,-2.412572770727601,1.2111709336201462,-0.7174929566748752
14584.709498897,-2.412572770727601,1.2111709336201462,-0.7174929566748752
14584.718353653,-2.406792878951639,1.2061302463426467,-0.7168859429724826
14584.719948224,-2.406792878951639,1.2061302463426467,-0.7168859429724826
14584.723205495,-2.406792878951639,1.2061302463426467,-0.7168859429724826
14584.724065385,-2.406792878951639,1.2061302463426467,-0.7168859429724826
14584.730609302,-2.406792878951639,1.2061302463426467,-0.7168859429724826
14584.739105259,-2.406792878951639,1.2061302463426467,-0.7168859429724826
14584.750980718,-2.406792878951639,1.2061302463426467,-0.7168859429724826
14584.761050948,-2.406792878951639,1.2061302463426467,-0.7168859429724826
14584.770356117,-2.406792878951639,1.2061302463426467,-0.7168859429724826
14584.771008634,-2.401042242948054,1.2011330490615821,-0.7139364667304172
14584.778944789,-2.401042242948054,1.2011330490615821,-0.7139364667304172
14584.788797927,-2.401042242948054,1.2011330490615821,-0.7139364667304172
14584.799566757,-2.401042242948054,1.2011330490615821,-0.7139364667304172
14584.81085688,-2.401042242948054,1.2011330490615821,-0.7139364667304172
14584.821704162,-2.401042242948054,1.2011330490615821,-0.7139364667304172
14584.826703453,-2.401042242948054,1.2011330490615821,-0.7139364667304172
14584.827684552,-2.3935042962449224,1.1947069598448876,-0.707947269442385
14584.830399315,-2.3935042962449224,1.1947069598448876,-0.707947269442385
14584.846748731,-2.3935042962449224,1.1947069598448876,-0.707947269442385
14584.849537886,-2.3935042962449224,1.1947069598448876,-0.707947269442385
14584.850351127,-2.3935042962449224,1.1947069598448876,-0.707947269442385
14584.859672547,-2.3935042962449224,1.1947069598448876,-0.707947269442385
14584.868749955,-2.3808306398443895,1.1840740192533041,-0.7035070946879599
14584.873503732,-2.3808306398443895,1.1840740192533041,-0.7035070946879599
14584.881297899,-2.3808306398443895,1.1840740192533041,-0.7035070946879599
14584.888405865,-2.3808306398443895,1.1840740192533041,-0.7035070946879599
14584.8993761,-2.3808306398443895,1.1840740192533041,-0.7035070946879599
14584.907655536,-2.3808306398443895,1.1840740192533041,-0.7035070946879599
14584.919815544,-2.3808306398443895,1.1840740192533041,-0.7035070946879599
14584.928690599,-2.3808306398443895,1.1840740192533041,-0.7035070946879599
14584.932743939,-2.3712521131283233,1.1761961512233912,-0.6952252265933363
14584.933486696,-2.3712521131283233,1.1761961512233912,-0.6952252265933363
14584.94520584,-2.3712521131283233,1.1761961512233912,-0.6952252265933363
14584.951302871,-2.3712521131283233,1.1761961512233912,-0.6952252265933363
14584.953270669,-2.3712521131283233,1.1761961512233912,-0.6952252265933363
14584.960920102,-2.3712521131283233,1.1761961512233912,-0.6952252265933363
14584.971424855,-2.3712521131283233,1.1761961512233912,-0.6952252265933363
14584.972943261,-2.362526303271838,1.1689547828931317,-0.6901674148562759
14584.979717275,-2.362526303271838,1.1689547828931317,-0.6901674148562759
14584.989078672,-2.362526303271838,1.1689547828931317,-0.6901674148562759
14585.00575146,-2.362526303271838,1.1689547828931317,-0.6901674148562759
14585.009478311,-2.362526303271838,1.1689547828931317,-0.6901674148562759
14585.02176529,-2.362526303271838,1.1689547828931317,-0.6901674148562759
14585.02568703,-2.362526303271838,1.1689547828931317,-0.6901674148562759
14585.027952572,-2.356549972876397,1.1640283658657014,-0.6886248466494884
14585.028717411,-2.356549972876397,1.1640283658657014,-0.6886248466494884
14585.033926962,-2.356549972876397,1.1640283658657014,-0.6886248466494884
14585.038051245,-2.356549972876397,1.1640283658657014,-0.6886248466494884
14585.047178999,-2.356549972876397,1.1640283658657014,-0.6886248466494884
14585.058271735,-2.356549972876397,1.1640283658657014,-0.6886248466494884
14585.069174402,-2.356549972876397,1.1640283658657014,-0.6886248466494884
14585.080811529,-2.356549972876397,1.1640283658657014,-0.6886248466494884
14585.08999607,-2.356549972876397,1.1640283658657014,-0.6886248466494884
14585.098773049,-2.356549972876397,1.1640283658657014,-0.6886248466494884
14585.113559473,-2.356549972876397,1.1640283658657014,-0.6886248466494884
14585.114675928,-2.3505395755202168,1.15910353692939,-0.6842746612552018
14585.122855052,-2.3505395755202168,1.15910353692939,-0.6842746612552018
14585.129289686,-2.344652043871619,1.1543083573643425,-0.6827216026309342
14585.132055125,-2.344652043871619,1.1543083573643425,-0.6827216026309342
14585.132515838,-2.344652043871619,1.1543083573643425,-0.6827216026309342
14585.133793449,-2.344652043871619,1.1543083573643425,-0.6827216026309342
14585.141018528,-2.344652043871619,1.1543083573643425,-0.6827216026309342
14585.149114456,-2.344652043871619,1.1543083573643425,-0.6827216026309342
14585.158401121,-2.344652043871619,1.1543083573643425,-0.6827216026309342
14585.168954015,-2.344652043871619,1.1543083573643425,-0.6827216026309342
14585.169851876,-2.335820637504231,1.1471157217197288,-0.6842443820956556
14585.181681739,-2.335820637504231,1.1471157217197288,-0.6842443820956556
14585.190553557,-2.335820637504231,1.1471157217197288,-0.6842443820956556
14585.200019772,-2.335820637504231,1.1471157217197288,-0.6842443820956556
14585.211371139,-2.335820637504231,1.1471157217197288,-0.6842443820956556
14585.218553136,-2.335820637504231,1.1471157217197288,-0.6842443820956556
14585.231672442,-2.335820637504231,1.1471157217197288,-0.6842443820956556
14585.232908944,-2.3300272773696835,1.142365301696905,-0.6893629905703874
14585.2338039,-2.3300272773696835,1.142365301696905,-0.6893629905703874
14585.238609054,-2.3300272773696835,1.142365301696905,-0.6893629905703874
14585.240394216,-2.3300272773696835,1.142365301696905,-0.6893629905703874
14585.249783575,-2.3300272773696835,1.142365301696905,-0.6893629905703874
14585.258411609,-2.3300272773696835,1.142365301696905,-0.6893629905703874
14585.269597742,-2.3300272773696835,1.142365301696905,-0.6893629905703874
14585.271389867,-2.3219514434829756,1.1356882910484412,-0.6923642036441175
14585.283306404,-2.3219514434829756,1.1356882910484412,-0.6923642036441175
14585.289255348,-2.3219514434829756,1.1356882910484412,-0.6923642036441175
14585.302825589,-2.3219514434829756,1.1356882910484412,-0.6923642036441175
14585.309594263,-2.3219514434829756,1.1356882910484412,-0.6923642036441175
14585.318275039,-2.3219514434829756,1.1356882910484412,-0.6923642036441175
14585.32003303,-2.3163947865948455,1.1310488293602288,-0.6990043994906754
14585.32049749,-2.3163947865948455,1.1310488293602288,-0.6990043994906754
14585.323000623,-2.3163947865948455,1.1310488293602288,-0.6990043994906754
14585.329357757,-2.3163947865948455,1.1310488293602288,-0.6990043994906754
14585.339396706,-2.3163947865948455,1.1310488293602288,-0.6990043994906754
14585.350590024,-2.3163947865948455,1.1310488293602288,-0.6990043994906754
14585.357912597,-2.3163947865948455,1.1310488293602288,-0.6990043994906754
14585.368686319,-2.3163947865948455,1.1310488293602288,-0.6990043994906754
14585.380658382,-2.3163947865948455,1.1310488293602288,-0.6990043994906754
14585.388109308,-2.3163947865948455,1.1310488293602288,-0.6990043994906754
14585.399689646,-2.3163947865948455,1.1310488293602288,-0.6990043994906754
14585.409707559,-2.3163947865948455,1.1310488293602288,-0.6990043994906754
14585.420434883,-2.3163947865948455,1.1310488293602288,-0.6990043994906754
14585.421237964,-2.31089520719728,1.1264200770643777,-0.7002551433566421
14585.424691367,-2.31089520719728,1.1264200770643777,-0.7002551433566421
14585.428831852,-2.31089520719728,1.1264200770643777,-0.7002551433566421
14585.429378498,-2.3054414173818842,1.121815546263053,-0.7020738002780287
14585.430151803,-2.3054414173818842,1.121815546263053,-0.7020738002780287
14585.438612202,-2.3054414173818842,1.121815546263053,-0.7020738002780287
14585.450404243,-2.3054414173818842,1.121815546263053,-0.7020738002780287
14585.461328127,-2.3054414173818842,1.121815546263053,-0.7020738002780287
14585.473939664,-2.3054414173818842,1.121815546263053,-0.7020738002780287
14585.478343558,-2.3054414173818842,1.121815546263053,-0.7020738002780287
14585.490278439,-2.3054414173818842,1.121815546263053,-0.7020738002780287
14585.494724573,-2.2974077085315545,1.115009333404578,-0.7036666748050063
14585.498163879,-2.2974077085315545,1.115009333404578,-0.7036666748050063
14585.508397848,-2.2974077085315545,1.115009333404578,-0.7036666748050063
14585.517455596,-2.2974077085315545,1.115009333404578,-0.7036666748050063
14585.533774247,-2.2974077085315545,1.115009333404578,-0.7036666748050063
14585.534862699,-2.2917742240372974,1.1102253391791113,-0.7044002887729018
14585.535652325,-2.2917742240372974,1.1102253391791113,-0.7044002887729018
14585.539104616,-2.2917742240372974,1.1102253391791113,-0.7044002887729018
14585.541200035,-2.2917742240372974,1.1102253391791113,-0.7044002887729018
14585.548048691,-2.2917742240372974,1.1102253391791113,-0.7044002887729018
14585.557932668,-2.2917742240372974,1.1102253391791113,-0.7044002887729018
14585.568486433,-2.2832191933552006,1.1029772627057512,-0.7013668891909924
14585.571401355,-2.2832191933552006,1.1029772627057512,-0.7013668891909924
14585.577577356,-2.2832191933552006,1.1029772627057512,-0.7013668891909924
14585.58919633,-2.2832191933552006,1.1029772627057512,-0.7013668891909924
14585.599411113,-2.2832191933552006,1.1029772627057512,-0.7013668891909924
14585.612662199,-2.2832191933552006,1.1029772627057512,-0.7013668891909924
14585.621137316,-2.2832191933552006,1.1029772627057512,-0.7013668891909924
14585.622309016,-2.2832191933552006,1.1029772627057512,-0.7013668891909924
14585.62282854,-2.277805078761741,1.0984042088736912,-0.7013976451876967
14585.624078147,-2.277805078761741,1.0984042088736912,-0.7013976451876967
14585.628688091,-2.277805078761741,1.0984042088736912,-0.7013976451876967
14585.639792009,-2.277805078761741,1.0984042088736912,-0.7013976451876967
14585.649566918,-2.277805078761741,1.0984042088736912,-0.7013976451876967
14585.658731391,-2.277805078761741,1.0984042088736912,-0.7013976451876967
14585.668826027,-2.277805078761741,1.0984042088736912,-0.7013976451876967
14585.682398311,-2.277805078761741,1.0984042088736912,-0.7013976451876967
14585.689623429,-2.277805078761741,1.0984042088736912,-0.7013976451876967
14585.701749333,-2.277805078761741,1.0984042088736912,-0.7013976451876967
14585.702338559,-2.27234199015938,1.0938107145421792,-0.6968874809268323
14585.70867801,-2.27234199015938,1.0938107145421792,-0.6968874809268323
14585.723794941,-2.27234199015938,1.0938107145421792,-0.6968874809268323
14585.725033958,-2.27234199015938,1.0938107145421792,-0.6968874809268323
14585.725762398,-2.2633544107889,1.0863299240117665,-0.6914250728610364
14585.727672878,-2.2633544107889,1.0863299240117665,-0.6914250728610364
14585.727913875,-2.2633544107889,1.0863299240117665,-0.6914250728610364
14585.739658386,-2.2633544107889,1.0863299240117665,-0.6914250728610364
14585.751689179,-2.2633544107889,1.0863299240117665,-0.6914250728610364
14585.759472115,-2.2633544107889,1.0863299240117665,-0.6914250728610364
14585.769726563,-2.2633544107889,1.0863299240117665,-0.6914250728610364
14585.778223642,-2.2633544107889,1.0863299240117665,-0.6914250728610364
14585.789255142,-2.2633544107889,1.0863299240117665,-0.6914250728610364
14585.798761884,-2.2633544107889,1.0863299240117665,-0.6914250728610364
14585.804131737,-2.2574025865332907,1.0814135765557584,-0.6893925544741958
14585.80934264,-2.2574025865332907,1.0814135765557584,-0.6893925544741958
14585.818295202,-2.2574025865332907,1.0814135765557584,-0.6893925544741958
14585.825052765,-2.2574025865332907,1.0814135765557584,-0.6893925544741958
14585.825954423,-2.2515605177429476,1.07660283125513,-0.6883807060244888
14585.828086693,-2.2515605177429476,1.07660283125513,-0.6883807060244888
14585.828436536,-2.2515605177429476,1.07660283125513,-0.6883807060244888
14585.839299106,-2.2515605177429476,1.07660283125513,-0.6883807060244888
14585.847870545,-2.2515605177429476,1.07660283125513,-0.6883807060244888
14585.859778637,-2.2515605177429476,1.07660283125513,-0.6883807060244888
14585.868926339,-2.242702508882451,1.0693227973316983,-0.6874756690982193
14585.870933992,-2.242702508882451,1.0693227973316983,-0.6874756690982193
14585.87924077,-2.242702508882451,1.0693227973316983,-0.6874756690982193
14585.888557411,-2.242702508882451,1.0693227973316983,-0.6874756690982193
14585.899415313,-2.242702508882451,1.0693227973316983,-0.6874756690982193
14585.912771969,-2.242702508882451,1.0693227973316983,-0.6874756690982193
14585.923321105,-2.242702508882451,1.0693227973316983,-0.6874756690982193
14585.932699593,-2.242702508882451,1.0693227973316983,-0.6874756690982193
14585.933939984,-2.242702508882451,1.0693227973316983,-0.6874756690982193
14585.934909401,-2.237147336502213,1.0647609138180272,-0.6875886795047133
14585.936514101,-2.237147336502213,1.0647609138180272,-0.6875886795047133
14585.938742923,-2.237147336502213,1.0647609138180272,-0.6875886795047133
14585.952103927,-2.237147336502213,1.0647609138180272,-0.6875886795047133
14585.962963662,-2.237147336502213,1.0647609138180272,-0.6875886795047133
14585.971218642,-2.237147336502213,1.0647609138180272,-0.6875886795047133
14585.974921688,-2.228476505586772,1.0576119213484625,-0.6914014694217057
14585.983347542,-2.228476505586772,1.0576119213484625,-0.6914014694217057
14585.990014273,-2.228476505586772,1.0576119213484625,-0.6914014694217057
14586.000699607,-2.228476505586772,1.0576119213484625,-0.6914014694217057
14586.013784608,-2.228476505586772,1.0576119213484625,-0.6914014694217057
14586.022455877,-2.228476505586772,1.0576119213484625,-0.6914014694217057
14586.02349189,-2.228476505586772,1.0576119213484625,-0.6914014694217057
14586.024790069,-2.2226427645081563,1.0527910808484775,-0.6898302909854263
14586.026174382,-2.2226427645081563,1.0527910808484775,-0.6898302909854263
14586.029427475,-2.2226427645081563,1.0527910808484775,-0.6898302909854263
14586.040692538,-2.2226427645081563,1.0527910808484775,-0.6898302909854263
14586.048713845,-2.2226427645081563,1.0527910808484775,-0.6898302909854263
14586.057167131,-2.2226427645081563,1.0527910808484775,-0.6898302909854263
14586.073082113,-2.2226427645081563,1.0527910808484775,-0.6898302909854263
14586.07614169,-2.216809080324155,1.0479701715006509,-0.6914250728610364
14586.082615325,-2.216809080324155,1.0479701715006509,-0.6914250728610364
14586.089152751,-2.216809080324155,1.0479701715006509,-0.6914250728610364
14586.098170877,-2.216809080324155,1.0479701715006509,-0.6914250728610364
14586.110138932,-2.216809080324155,1.0479701715006509,-0.6914250728610364
14586.12002392,-2.216809080324155,1.0479701715006509,-0.6914250728610364
14586.122033167,-2.216809080324155,1.0479701715006509,-0.6914250728610364
14586.123680428,-2.2082818724849433,1.0409255027259672,-0.6895310756686537
14586.124327133,-2.2082818724849433,1.0409255027259672,-0.6895310756686537
14586.136697721,-2.2082818724849433,1.0409255027259672,-0.6895310756686537
14586.139298969,-2.2082818724849433,1.0409255027259672,-0.6895310756686537
14586.150347311,-2.2082818724849433,1.0409255027259672,-0.6895310756686537
14586.159798244,-2.2082818724849433,1.0409255027259672,-0.6895310756686537
14586.168952177,-2.202516213316251,1.03618123528374,-0.6875066635135024
14586.173352627,-2.202516213316251,1.03618123528374,-0.6875066635135024
14586.180638311,-2.202516213316251,1.03618123528374,-0.6875066635135024
14586.19356931,-2.202516213316251,1.03618123528374,-0.6875066635135024
14586.202108569,-2.202516213316251,1.03618123528374,-0.6875066635135024
14586.208211982,-2.202516213316251,1.03618123528374,-0.6875066635135024
14586.220182141,-2.202516213316251,1.03618123528374,-0.6875066635135024
14586.228947258,-2.1970445870752036,1.031677152196105,-0.6899146911624282
14586.230855974,-2.1970445870752036,1.031677152196105,-0.6899146911624282
14586.235035903,-2.1970445870752036,1.031677152196105,-0.6899146911624282
14586.235864714,-2.1970445870752036,1.031677152196105,-0.6899146911624282
14586.240267996,-2.1970445870752036,1.031677152196105,-0.6899146911624282
14586.248619248,-2.1970445870752036,1.031677152196105,-0.6899146911624282
14586.258296233,-2.1970445870752036,1.031677152196105,-0.6899146911624282
14586.271281925,-2.1970445870752036,1.031677152196105,-0.6899146911624282
14586.273388196,-2.188586326391792,1.024668265730067,-0.6940140602115004
14586.280710519,-2.188586326391792,1.024668265730067,-0.6940140602115004
14586.287217497,-2.188586326391792,1.024668265730067,-0.6940140602115004
14586.301183577,-2.188586326391792,1.024668265730067,-0.6940140602115004
14586.310993483,-2.188586326391792,1.024668265730067,-0.6940140602115004
14586.321742579,-2.188586326391792,1.024668265730067,-0.6940140602115004
14586.329396219,-2.188586326391792,1.024668265730067,-0.6940140602115004
14586.330691654,-2.188586326391792,1.024668265730067,-0.6940140602115004
14586.331078346,-2.183315407090256,1.020239513976928,-0.7035679695132581
14586.342027531,-2.183315407090256,1.020239513976928,-0.7035679695132581
14586.346755539,-2.183315407090256,1.020239513976928,-0.7035679695132581
14586.350404452,-2.183315407090256,1.020239513976928,-0.7035679695132581
14586.357467463,-2.183315407090256,1.020239513976928,-0.7035679695132581
14586.367104191,-2.183315407090256,1.020239513976928,-0.7035679695132581
14586.375680109,-2.1754037450772157,1.0134851370983753,-0.7097363349917738
14586.382550887,-2.1754037450772157,1.0134851370983753,-0.7097363349917738
14586.389716813,-2.1754037450772157,1.0134851370983753,-0.7097363349917738
14586.401281664,-2.1754037450772157,1.0134851370983753,-0.7097363349917738
14586.412752136,-2.1754037450772157,1.0134851370983753,-0.7097363349917738
14586.421300642,-2.1754037450772157,1.0134851370983753,-0.7097363349917738
14586.421865112,-2.1754037450772157,1.0134851370983753,-0.7097363349917738
14586.422412389,-2.1701670790139334,1.0089383437450634,-0.7202646610263199
14586.426404001,-2.1701670790139334,1.0089383437450634,-0.7202646610263199
14586.433862843,-2.1701670790139334,1.0089383437450634,-0.7202646610263199
14586.43970954,-2.1701670790139334,1.0089383437450634,-0.7202646610263199
14586.447716039,-2.1701670790139334,1.0089383437450634,-0.7202646610263199
14586.458125802,-2.1701670790139334,1.0089383437450634,-0.7202646610263199
14586.469417876,-2.1701670790139334,1.0089383437450634,-0.7202646610263199
14586.478985473,-2.1701670790139334,1.0089383437450634,-0.7202646610263199
14586.479630425,-2.1650153633800757,1.0043714784742135,-0.73031948776277
14586.488396052,-2.1650153633800757,1.0043714784742135,-0.73031948776277
14586.500972109,-2.1650153633800757,1.0043714784742135,-0.73031948776277
14586.511617017,-2.1650153633800757,1.0043714784742135,-0.73031948776277
14586.517689381,-2.1650153633800757,1.0043714784742135,-0.73031948776277
14586.523506272,-2.1650153633800757,1.0043714784742135,-0.73031948776277
14586.524630943,-2.1575732042303146,0.9976576544038934,-0.7376661178592056
14586.526500114,-2.1575732042303146,0.9976576544038934,-0.7376661178592056
14586.534053855,-2.1575732042303146,0.9976576544038934,-0.7376661178592056
14586.536777145,-2.1575732042303146,0.9976576544038934,-0.7376661178592056
14586.547244025,-2.1575732042303146,0.9976576544038934,-0.7376661178592056
14586.567644377,-2.1575732042303146,0.9976576544038934,-0.7376661178592056
14586.576452665,-2.1575732042303146,0.9976576544038934,-0.7376661178592056
14586.576907387,-2.1525243289047014,0.9930521309281548,-0.7413501617434828
14586.582530169,-2.1525243289047014,0.9930521309281548,-0.7413501617434828
14586.592771924,-2.1525243289047014,0.9930521309281548,-0.7413501617434828
14586.602234542,-2.1525243289047014,0.9930521309281548,-0.7413501617434828
14586.623864812,-2.1525243289047014,0.9930521309281548,-0.7413501617434828
14586.638456618,-2.1525243289047014,0.9930521309281548,-0.7413501617434828
14586.6437992,-2.1525243289047014,0.9930521309281548,-0.7413501617434828
14586.649255738,-2.147590135962675,0.98850877962742,-0.7470154640200941
14586.651412324,-2.147590135962675,0.98850877962742,-0.7470154640200941
14586.651879339,-2.147590135962675,0.98850877962742,-0.7470154640200941
14586.655899275,-2.147590135962675,0.98850877962742,-0.7470154640200941
14586.656662561,-2.147590135962675,0.98850877962742,-0.7470154640200941
14586.661070823,-2.147590135962675,0.98850877962742,-0.7470154640200941
14586.675865073,-2.147590135962675,0.98850877962742,-0.7470154640200941
14586.6809306,-2.140050324958669,0.9814894414301315,-0.7523136016848891
14586.694204058,-2.140050324958669,0.9814894414301315,-0.7523136016848891
14586.706918267,-2.140050324958669,0.9814894414301315,-0.7523136016848891
14586.714202818,-2.140050324958669,0.9814894414301315,-0.7523136016848891
14586.722107464,-2.140050324958669,0.9814894414301315,-0.7523136016848891
14586.731100192,-2.140050324958669,0.9814894414301315,-0.7523136016848891
14586.731807131,-2.13540850694429,0.9771948995723684,-0.7557476703861766
14586.73798179,-2.13540850694429,0.9771948995723684,-0.7557476703861766
14586.739599495,-2.13540850694429,0.9771948995723684,-0.7557476703861766
14586.741096401,-2.13540850694429,0.9771948995723684,-0.7557476703861766
14586.750402632,-2.13540850694429,0.9771948995723684,-0.7557476703861766
14586.759013116,-2.13540850694429,0.9771948995723684,-0.7557476703861766
14586.775872588,-2.13540850694429,0.9771948995723684,-0.7557476703861766
14586.776385099,-2.1344932720672483,0.9784479366544961,-0.7583449883742036
14586.782149761,-2.1344932720672483,0.9784479366544961,-0.7583449883742036
14586.788175117,-2.1344932720672483,0.9784479366544961,-0.7583449883742036
14586.796066758,-2.1344932720672483,0.9784479366544961,-0.7583449883742036
14586.801442493,-2.1344932720672483,0.9784479366544961,-0.7583449883742036
14586.810590184,-2.1344932720672483,0.9784479366544961,-0.7583449883742036
14586.822758989,-2.1344932720672483,0.9784479366544961,-0.7583449883742036
14586.823854375,-2.131508701904056,0.9778704650595699,-0.7558885352314056
14586.825395595,-2.131508701904056,0.9778704650595699,-0.7558885352314056
14586.82720871,-2.131508701904056,0.9778704650595699,-0.7558885352314056
14586.832289306,-2.131508701904056,0.9778704650595699,-0.7558885352314056
14586.841520946,-2.131508701904056,0.9778704650595699,-0.7558885352314056
14586.849643174,-2.131508701904056,0.9778704650595699,-0.7558885352314056
14586.858453657,-2.131508701904056,0.9778704650595699,-0.7558885352314056
14586.868668389,-2.131508701904056,0.9778704650595699,-0.7558885352314056
14586.883659953,-2.131508701904056,0.9778704650595699,-0.7558885352314056
14586.884804862,-2.1262573093829373,0.9728881044626296,-0.762342526167685
14586.888451211,-2.1262573093829373,0.9728881044626296,-0.762342526167685
14586.899918827,-2.1262573093829373,0.9728881044626296,-0.762342526167685
14586.910922184,-2.1262573093829373,0.9728881044626296,-0.762342526167685
14586.921339931,-2.1262573093829373,0.9728881044626296,-0.762342526167685
14586.929391817,-2.1262573093829373,0.9728881044626296,-0.762342526167685
14586.929787557,-2.1186079067723407,0.9655791904998187,-0.7629366652668061
14586.930188557,-2.1186079067723407,0.9655791904998187,-0.7629366652668061
14586.930626687,-2.1186079067723407,0.9655791904998187,-0.7629366652668061
14586.942966346,-2.1186079067723407,0.9655791904998187,-0.7629366652668061
14586.95297048,-2.1186079067723407,0.9655791904998187,-0.7629366652668061
14586.959870602,-2.1186079067723407,0.9655791904998187,-0.7629366652668061
14586.968283662,-2.1134625237466413,0.9606324177367217,-0.7685054080188813
14586.972155678,-2.1134625237466413,0.9606324177367217,-0.7685054080188813
14586.981027567,-2.1134625237466413,0.9606324177367217,-0.7685054080188813
14586.993083979,-2.1134625237466413,0.9606324177367217,-0.7685054080188813
14586.999162275,-2.1134625237466413,0.9606324177367217,-0.7685054080188813
14587.012545531,-2.1134625237466413,0.9606324177367217,-0.7685054080188813
14587.022030721,-2.1134625237466413,0.9606324177367217,-0.7685054080188813
14587.027633787,-2.1134625237466413,0.9606324177367217,-0.7685054080188813
14587.029840177,-2.1134625237466413,0.9606324177367217,-0.7685054080188813
14587.030623932,-2.1081528576978386,0.9554550666968216,-0.7770581977069912
14587.031364105,-2.1081528576978386,0.9554550666968216,-0.7770581977069912
14587.038977379,-2.1081528576978386,0.9554550666968216,-0.7770581977069912
14587.051413561,-2.1081528576978386,0.9554550666968216,-0.7770581977069912
14587.057497298,-2.1081528576978386,0.9554550666968216,-0.7770581977069912
14587.068896545,-2.100980414027584,0.9483455573735338,-0.7849250571430268
14587.072932081,-2.100980414027584,0.9483455573735338,-0.7849250571430268
14587.07790375,-2.100980414027584,0.9483455573735338,-0.7849250571430268
14587.091031973,-2.100980414027584,0.9483455573735338,-0.7849250571430268
14587.099953826,-2.100980414027584,0.9483455573735338,-0.7849250571430268
14587.114765018,-2.100980414027584,0.9483455573735338,-0.7849250571430268
14587.121405228,-2.100980414027584,0.9483455573735338,-0.7849250571430268
14587.12188645,-2.100980414027584,0.9483455573735338,-0.7849250571430268
14587.122578701,-2.096204661508674,0.9435284153132477,-0.7945004241169038
14587.132291193,-2.096204661508674,0.9435284153132477,-0.7945004241169038
14587.143752568,-2.096204661508674,0.9435284153132477,-0.7945004241169038
14587.148758993,-2.096204661508674,0.9435284153132477,-0.7945004241169038
14587.157982588,-2.096204661508674,0.9435284153132477,-0.7945004241169038
14587.173248441,-2.096204661508674,0.9435284153132477,-0.7945004241169038
14587.174759023,-2.0917893068664126,0.9389605900981265,-0.8102384345233977
14587.178490582,-2.0917893068664126,0.9389605900981265,-0.8102384345233977
14587.181143739,-2.0917893068664126,0.9389605900981265,-0.8102384345233977
14587.188410937,-2.0917893068664126,0.9389605900981265,-0.8102384345233977
14587.197787362,-2.0917893068664126,0.9389605900981265,-0.8102384345233977
14587.21168347,-2.0917893068664126,0.9389605900981265,-0.8102384345233977
14587.22452523,-2.0917893068664126,0.9389605900981265,-0.8102384345233977
14587.225383266,-2.0851265053482417,0.9319192426540468,-0.815789295882041
14587.229225966,-2.0851265053482417,0.9319192426540468,-0.815789295882041
14587.231218611,-2.0851265053482417,0.9319192426540468,-0.815789295882041
14587.241000023,-2.0851265053482417,0.9319192426540468,-0.815789295882041
14587.251377645,-2.0851265053482417,0.9319192426540468,-0.815789295882041
14587.259140071,-2.0851265053482417,0.9319192426540468,-0.815789295882041
14587.268266432,-2.0851265053482417,0.9319192426540468,-0.815789295882041
14587.268608771,-2.0807929298599372,0.9272737601925575,-0.8244534270465914
14587.274371248,-2.0807929298599372,0.9272737601925575,-0.8244534270465914
14587.281976888,-2.0807929298599372,0.9272737601925575,-0.8244534270465914
14587.289018209,-2.0807929298599372,0.9272737601925575,-0.8244534270465914
14587.301280802,-2.0807929298599372,0.9272737601925575,-0.8244534270465914
14587.312757205,-2.0807929298599372,0.9272737601925575,-0.8244534270465914
14587.322494403,-2.0807929298599372,0.9272737601925575,-0.8244534270465914
14587.32700035,-2.076200571094721,0.9222471381174753,-0.836574627608115
14587.328012828,-2.076200571094721,0.9222471381174753,-0.836574627608115
14587.330428324,-2.076200571094721,0.9222471381174753,-0.836574627608115
14587.337683992,-2.076200571094721,0.9222471381174753,-0.836574627608115
14587.347180644,-2.076200571094721,0.9222471381174753,-0.836574627608115
14587.359944387,-2.076200571094721,0.9222471381174753,-0.836574627608115
14587.368171564,-2.0696036234340567,0.9148701085222877,-0.845753742903525
14587.370852353,-2.0696036234340567,0.9148701085222877,-0.845753742903525
14587.371876273,-2.0696036234340567,0.9148701085222877,-0.845753742903525
14587.379698172,-2.0696036234340567,0.9148701085222877,-0.845753742903525
14587.396351073,-2.0696036234340567,0.9148701085222877,-0.845753742903525
14587.399237712,-2.0696036234340567,0.9148701085222877,-0.845753742903525
14587.411548657,-2.0696036234340567,0.9148701085222877,-0.845753742903525
14587.420400197,-2.0696036234340567,0.9148701085222877,-0.845753742903525
14587.425507363,-2.065392523461826,0.9100459218833163,-0.8605442778766694
14587.426964544,-2.065392523461826,0.9100459218833163,-0.8605442778766694
14587.430440379,-2.065392523461826,0.9100459218833163,-0.8605442778766694
14587.438360494,-2.065392523461826,0.9100459218833163,-0.8605442778766694
14587.446220877,-2.065392523461826,0.9100459218833163,-0.8605442778766694
14587.45858914,-2.065392523461826,0.9100459218833163,-0.8605442778766694
14587.468028534,-2.065392523461826,0.9100459218833163,-0.8605442778766694
14587.470117201,-2.0589378959965674,0.9024773964302185,-0.8687847392261568
14587.475761184,-2.0589378959965674,0.9024773964302185,-0.8687847392261568
14587.480864854,-2.0589378959965674,0.9024773964302185,-0.8687847392261568
14587.49459094,-2.0589378959965674,0.9024773964302185,-0.8687847392261568
14587.501036501,-2.0589378959965674,0.9024773964302185,-0.8687847392261568
14587.509270853,-2.0589378959965674,0.9024773964302185,-0.8687847392261568
14587.524779035,-2.0589378959965674,0.9024773964302185,-0.8687847392261568
14587.531623892,-2.0589378959965674,0.9024773964302185,-0.8687847392261568
14587.531905716,-2.0548781206973334,0.8976237738367692,-0.8796673552692478
14587.532318428,-2.0548781206973334,0.8976237738367692,-0.8796673552692478
14587.534760425,-2.0548781206973334,0.8976237738367692,-0.8796673552692478
14587.538865883,-2.0548781206973334,0.8976237738367692,-0.8796673552692478
14587.551502695,-2.0548781206973334,0.8976237738367692,-0.8796673552692478
14587.558017578,-2.0548781206973334,0.8976237738367692,-0.8796673552692478
14587.573352191,-2.0548781206973334,0.8976237738367692,-0.8796673552692478
14587.574012442,-2.0486832737697456,0.8900689538653861,-0.8883066909015717
14587.585081354,-2.0486832737697456,0.8900689538653861,-0.8883066909015717
14587.591749527,-2.0486832737697456,0.8900689538653861,-0.8883066909015717
14587.601956606,-2.0486832737697456,0.8900689538653861,-0.8883066909015717
14587.607054935,-2.0486832737697456,0.8900689538653861,-0.8883066909015717
14587.619951839,-2.0486832737697456,0.8900689538653861,-0.8883066909015717
14587.623929105,-2.0445186357276546,0.8849084060606661,-0.8952787654102388
14587.624584377,-2.0445186357276546,0.8849084060606661,-0.8952787654102388
14587.628754077,-2.0445186357276546,0.8849084060606661,-0.8952787654102388
14587.637466464,-2.0445186357276546,0.8849084060606661,-0.8952787654102388
14587.648898192,-2.0445186357276546,0.8849084060606661,-0.8952787654102388
14587.658818297,-2.0445186357276546,0.8849084060606661,-0.8952787654102388
14587.668086536,-2.0445186357276546,0.8849084060606661,-0.8952787654102388
14587.673267142,-2.040568375574495,0.8799006055604656,-0.9105389849842134
14587.687510698,-2.040568375574495,0.8799006055604656,-0.9105389849842134
14587.688780093,-2.040568375574495,0.8799006055604656,-0.9105389849842134
14587.69261606,-2.040568375574495,0.8799006055604656,-0.9105389849842134
14587.703177701,-2.040568375574495,0.8799006055604656,-0.9105389849842134
14587.712975344,-2.040568375574495,0.8799006055604656,-0.9105389849842134
14587.724709174,-2.040568375574495,0.8799006055604656,-0.9105389849842134
14587.725824868,-2.0348281776590693,0.8724371488124306,-0.9198177592456879
14587.726211491,-2.0348281776590693,0.8724371488124306,-0.9198177592456879
14587.728831444,-2.0348281776590693,0.8724371488124306,-0.9198177592456879
14587.738117498,-2.0348281776590693,0.8724371488124306,-0.9198177592456879
14587.749137847,-2.0348281776590693,0.8724371488124306,-0.9198177592456879
14587.759221542,-2.0348281776590693,0.8724371488124306,-0.9198177592456879
14587.768271308,-2.0348281776590693,0.8724371488124306,-0.9198177592456879
14587.782949447,-2.0348281776590693,0.8724371488124306,-0.9198177592456879
14587.78362133,-2.0310630547966437,0.8674146783774781,-0.9352136389911715
14587.783897784,-2.0310630547966437,0.8674146783774781,-0.9352136389911715
14587.787737469,-2.0310630547966437,0.8674146783774781,-0.9352136389911715
14587.797996185,-2.0310630547966437,0.8674146783774781,-0.9352136389911715
14587.811247251,-2.0310630547966437,0.8674146783774781,-0.9352136389911715
14587.819951702,-2.0310630547966437,0.8674146783774781,-0.9352136389911715
14587.82455327,-2.0252859356117825,0.8595044612614499,-0.9447847144306247
14587.824944802,-2.0252859356117825,0.8595044612614499,-0.9447847144306247
14587.830322461,-2.0252859356117825,0.8595044612614499,-0.9447847144306247
14587.83986468,-2.0252859356117825,0.8595044612614499,-0.9447847144306247
14587.85024707,-2.0252859356117825,0.8595044612614499,-0.9447847144306247
14587.860078597,-2.0252859356117825,0.8595044612614499,-0.9447847144306247
14587.87096336,-2.0252859356117825,0.8595044612614499,-0.9447847144306247
14587.871610035,-2.0214731682246274,0.8541718294057472,-0.955379320830161
14587.879120034,-2.0214731682246274,0.8541718294057472,-0.955379320830161
14587.884483525,-2.0214731682246274,0.8541718294057472,-0.955379320830161
14587.88676104,-2.0214731682246274,0.8541718294057472,-0.955379320830161
14587.901494705,-2.0214731682246274,0.8541718294057472,-0.955379320830161
14587.90901849,-2.0214731682246274,0.8541718294057472,-0.955379320830161
14587.921490639,-2.0214731682246274,0.8541718294057472,-0.955379320830161
14587.930915425,-2.0214731682246274,0.8541718294057472,-0.955379320830161
14587.940606526,-2.0214731682246274,0.8541718294057472,-0.955379320830161
14587.94889504,-2.0214731682246274,0.8541718294057472,-0.955379320830161
14587.958325758,-2.0214731682246274,0.8541718294057472,-0.955379320830161
14587.972980643,-2.0214731682246274,0.8541718294057472,-0.955379320830161
14587.975982831,-2.0179352734916645,0.8490789748742396,-0.97192270919686
14587.976368101,-2.0179352734916645,0.8490789748742396,-0.97192270919686
14587.976760755,-2.0126358397684174,0.8412046676239022,-0.9849167601764739
14587.981254559,-2.0126358397684174,0.8412046676239022,-0.9849167601764739
14587.983096078,-2.0126358397684174,0.8412046676239022,-0.9849167601764739
14587.991283239,-2.0126358397684174,0.8412046676239022,-0.9849167601764739
14588.004703937,-2.0126358397684174,0.8412046676239022,-0.9849167601764739
14588.009086239,-2.0126358397684174,0.8412046676239022,-0.9849167601764739
14588.020510574,-2.0126358397684174,0.8412046676239022,-0.9849167601764739
14588.030092348,-2.0126358397684174,0.8412046676239022,-0.9849167601764739
14588.038216039,-2.0126358397684174,0.8412046676239022,-0.9849167601764739
14588.047392495,-2.0126358397684174,0.8412046676239022,-0.9849167601764739
14588.057114123,-2.0126358397684174,0.8412046676239022,-0.9849167601764739
14588.061560097,-2.0126358397684174,0.8412046676239022,-0.9849167601764739
14588.063709629,-2.0091019174123197,0.8358038886594844,-0.9978416697681487
14588.070670067,-2.0091019174123197,0.8358038886594844,-0.9978416697681487
14588.075651014,-2.0064321743272195,0.828956550925872,-1.026872531553624
14588.076339759,-2.0064321743272195,0.828956550925872,-1.026872531553624
14588.079955369,-2.0064321743272195,0.828956550925872,-1.026872531553624
14588.089027928,-2.0064321743272195,0.828956550925872,-1.026872531553624
14588.100940187,-2.0064321743272195,0.828956550925872,-1.026872531553624
14588.108985309,-2.0064321743272195,0.828956550925872,-1.026872531553624
14588.119839424,-2.0064321743272195,0.828956550925872,-1.026872531553624
14588.123186205,-2.0022275428927774,0.8184817181133293,-1.0508278405169527
14588.123993845,-2.0022275428927774,0.8184817181133293,-1.0508278405169527
14588.130745206,-2.0022275428927774,0.8184817181133293,-1.0508278405169527
14588.138845933,-2.0022275428927774,0.8184817181133293,-1.0508278405169527
14588.15415048,-2.0022275428927774,0.8184817181133293,-1.0508278405169527
14588.161424652,-2.0022275428927774,0.8184817181133293,-1.0508278405169527
14588.166210158,-1.999021318982326,0.8124634179092766,-1.0630923368498855
14588.168250774,-1.999021318982326,0.8124634179092766,-1.0630923368498855
14588.168489807,-1.999021318982326,0.8124634179092766,-1.0630923368498855
14588.180081599,-1.999021318982326,0.8124634179092766,-1.0630923368498855
14588.190542609,-1.999021318982326,0.8124634179092766,-1.0630923368498855
14588.197920106,-1.999021318982326,0.8124634179092766,-1.0630923368498855
14588.21042606,-1.999021318982326,0.8124634179092766,-1.0630923368498855
14588.221070517,-1.999021318982326,0.8124634179092766,-1.0630923368498855
14588.232487077,-1.999021318982326,0.8124634179092766,-1.0630923368498855
14588.23442015,-1.9958704320691847,0.8067148468418203,-1.075708255963044
14588.235616366,-1.9958704320691847,0.8067148468418203,-1.075708255963044
14588.238271857,-1.9958704320691847,0.8067148468418203,-1.075708255963044
14588.247920818,-1.9958704320691847,0.8067148468418203,-1.075708255963044
14588.257716097,-1.9958704320691847,0.8067148468418203,-1.075708255963044
14588.26934026,-1.9958704320691847,0.8067148468418203,-1.075708255963044
14588.269890973,-1.9914688452291525,0.7985636273839862,-1.0756314851805735
14588.271122266,-1.9914688452291525,0.7985636273839862,-1.0756314851805735
14588.279622951,-1.9914688452291525,0.7985636273839862,-1.0756314851805735
14588.290486904,-1.9914688452291525,0.7985636273839862,-1.0756314851805735
14588.300230184,-1.9914688452291525,0.7985636273839862,-1.0756314851805735
14588.308937531,-1.9914688452291525,0.7985636273839862,-1.0756314851805735
14588.316654502,-1.9914688452291525,0.7985636273839862,-1.0756314851805735
14588.329788816,-1.9914688452291525,0.7985636273839862,-1.0756314851805735
14588.339195147,-1.9914688452291525,0.7985636273839862,-1.0756314851805735
14588.347618146,-1.9914688452291525,0.7985636273839862,-1.0756314851805735
14588.358434939,-1.9914688452291525,0.7985636273839862,-1.0756314851805735
14588.360779371,-1.9891862723200024,0.794475173940966,-1.0475786783263257
14588.361334432,-1.9891862723200024,0.794475173940966,-1.0475786783263257
14588.368696461,-1.9891862723200024,0.794475173940966,-1.0475786783263257
14588.376478615,-1.9862579969843976,0.7895613094174853,-1.0191842176482255
14588.377513005,-1.9862579969843976,0.7895613094174853,-1.0191842176482255
14588.377831077,-1.9862579969843976,0.7895613094174853,-1.0191842176482255
14588.387698142,-1.9862579969843976,0.7895613094174853,-1.0191842176482255
14588.399401144,-1.9862579969843976,0.7895613094174853,-1.0191842176482255
14588.410079035,-1.9862579969843976,0.7895613094174853,-1.0191842176482255
14588.420939301,-1.9862579969843976,0.7895613094174853,-1.0191842176482255
14588.427518747,-1.9862579969843976,0.7895613094174853,-1.0191842176482255
14588.437519204,-1.9862579969843976,0.7895613094174853,-1.0191842176482255
14588.447393281,-1.9862579969843976,0.7895613094174853,-1.0191842176482255
14588.457990309,-1.9862579969843976,0.7895613094174853,-1.0191842176482255
14588.461926536,-1.9862579969843976,0.7895613094174853,-1.0191842176482255
14588.462603228,-1.9844032745809412,0.7866614623698504,-0.9843593694731764
14588.4684574,-1.9825112880302862,0.7839077850610939,-0.9532340623900469
14588.473627185,-1.9825112880302862,0.7839077850610939,-0.9532340623900469
14588.473906193,-1.9825112880302862,0.7839077850610939,-0.9532340623900469
14588.481711742,-1.9825112880302862,0.7839077850610939,-0.9532340623900469
14588.488943904,-1.9825112880302862,0.7839077850610939,-0.9532340623900469
14588.498997612,-1.9825112880302862,0.7839077850610939,-0.9532340623900469
14588.510411055,-1.9825112880302862,0.7839077850610939,-0.9532340623900469
14588.517903451,-1.9825112880302862,0.7839077850610939,-0.9532340623900469
14588.52878596,-1.9825112880302862,0.7839077850610939,-0.9532340623900469
14588.540409581,-1.9825112880302862,0.7839077850610939,-0.9532340623900469
14588.547454789,-1.9825112880302862,0.7839077850610939,-0.9532340623900469
14588.557237424,-1.9825112880302862,0.7839077850610939,-0.9532340623900469
14588.564806705,-1.9825112880302862,0.7839077850610939,-0.9532340623900469
14588.565502343,-1.9806268241721312,0.7813979771347587,-0.9002817728087479
14588.569740603,-1.9776695038590997,0.7778002758650645,-0.8652828790709549
14588.573818839,-1.9776695038590997,0.7778002758650645,-0.8652828790709549
14588.577677299,-1.9776695038590997,0.7778002758650645,-0.8652828790709549
14588.580678235,-1.9776695038590997,0.7778002758650645,-0.8652828790709549
14588.588184076,-1.9776695038590997,0.7778002758650645,-0.8652828790709549
14588.600107306,-1.9776695038590997,0.7778002758650645,-0.8652828790709549
14588.609197167,-1.9776695038590997,0.7778002758650645,-0.8652828790709549
14588.618803097,-1.9776695038590997,0.7778002758650645,-0.8652828790709549
14588.628577145,-1.9776695038590997,0.7778002758650645,-0.8652828790709549
14588.637786954,-1.9776695038590997,0.7778002758650645,-0.8652828790709549
14588.64890544,-1.9776695038590997,0.7778002758650645,-0.8652828790709549
14588.658353169,-1.9776695038590997,0.7778002758650645,-0.8652828790709549
14588.667120881,-1.9776695038590997,0.7778002758650645,-0.8652828790709549
14588.667473459,-1.9756581791547496,0.7755243898640627,-0.828775987820345
14588.670489924,-1.9756581791547496,0.7755243898640627,-0.828775987820345
14588.678303127,-1.9756581791547496,0.7755243898640627,-0.828775987820345
14588.678897523,-1.973624494331555,0.7734067367576947,-0.7824684240386064
14588.685786445,-1.973624494331555,0.7734067367576947,-0.7824684240386064
14588.688318612,-1.973624494331555,0.7734067367576947,-0.7824684240386064
14588.702060638,-1.973624494331555,0.7734067367576947,-0.7824684240386064
14588.710089871,-1.973624494331555,0.7734067367576947,-0.7824684240386064
14588.720638255,-1.973624494331555,0.7734067367576947,-0.7824684240386064
14588.730456146,-1.973624494331555,0.7734067367576947,-0.7824684240386064
14588.731934167,-1.9704254917918005,0.7703431273907886,-0.7450960733458574
14588.732623753,-1.9704254917918005,0.7703431273907886,-0.7450960733458574
14588.739053796,-1.9704254917918005,0.7703431273907886,-0.7450960733458574
14588.74709963,-1.9704254917918005,0.7703431273907886,-0.7450960733458574
14588.759313971,-1.9704254917918005,0.7703431273907886,-0.7450960733458574
14588.771354293,-1.9682323997280704,0.7683910321474654,-0.7095531084105546
14588.77413957,-1.9682323997280704,0.7683910321474654,-0.7095531084105546
14588.774679322,-1.9682323997280704,0.7683910321474654,-0.7095531084105546
14588.7767734,-1.9682323997280704,0.7683910321474654,-0.7095531084105546
14588.789713025,-1.9682323997280704,0.7683910321474654,-0.7095531084105546
14588.804797755,-1.9682323997280704,0.7683910321474654,-0.7095531084105546
14588.81127656,-1.9682323997280704,0.7683910321474654,-0.7095531084105546
14588.818305568,-1.9682323997280704,0.7683910321474654,-0.7095531084105546
14588.828222116,-1.9682323997280704,0.7683910321474654,-0.7095531084105546
14588.829425095,-1.9658782339926841,0.7664719209348941,-0.6583260156676346
14588.829894224,-1.9658782339926841,0.7664719209348941,-0.6583260156676346
14588.837100517,-1.9658782339926841,0.7664719209348941,-0.6583260156676346
14588.848353246,-1.9658782339926841,0.7664719209348941,-0.6583260156676346
14588.858220762,-1.9658782339926841,0.7664719209348941,-0.6583260156676346
14588.87116759,-1.9658782339926841,0.7664719209348941,-0.6583260156676346
14588.872223902,-1.9625398617521344,0.7639626490254059,-0.6307805635497143
14588.87855128,-1.9625398617521344,0.7639626490254059,-0.6307805635497143
14588.883594044,-1.9625398617521344,0.7639626490254059,-0.6307805635497143
14588.887936842,-1.9625398617521344,0.7639626490254059,-0.6307805635497143
14588.901372577,-1.9625398617521344,0.7639626490254059,-0.6307805635497143
14588.908332514,-1.9625398617521344,0.7639626490254059,-0.6307805635497143
14588.920797931,-1.9625398617521344,0.7639626490254059,-0.6307805635497143
14588.922616747,-1.9601447307539386,0.7622211143208512,-0.6266051389739091
14588.923903725,-1.9601447307539386,0.7622211143208512,-0.6266051389739091
14588.927086465,-1.9601447307539386,0.7622211143208512,-0.6266051389739091
14588.938163593,-1.9601447307539386,0.7622211143208512,-0.6266051389739091
14588.947449065,-1.9601447307539386,0.7622211143208512,-0.6266051389739091
14588.959303645,-1.9601447307539386,0.7622211143208512,-0.6266051389739091
14588.969295896,-1.9601447307539386,0.7622211143208512,-0.6266051389739091
14588.977137413,-1.9601447307539386,0.7622211143208512,-0.6266051389739091
14588.97784851,-1.957950676746398,0.760590640408682,-0.6515782930419023
14588.98189662,-1.957950676746398,0.760590640408682,-0.6515782930419023
14588.99046326,-1.957950676746398,0.760590640408682,-0.6515782930419023
14588.999809828,-1.957950676746398,0.760590640408682,-0.6515782930419023
14589.010888037,-1.957950676746398,0.760590640408682,-0.6515782930419023
14589.020494377,-1.957950676746398,0.760590640408682,-0.6515782930419023
14589.023750827,-1.957950676746398,0.760590640408682,-0.6515782930419023
14589.024204747,-1.955062044657767,0.7583267790712852,-0.6778842069670732
14589.027656577,-1.955062044657767,0.7583267790712852,-0.6778842069670732
14589.037150635,-1.955062044657767,0.7583267790712852,-0.6778842069670732
14589.047122087,-1.955062044657767,0.7583267790712852,-0.6778842069670732
14589.060580665,-1.955062044657767,0.7583267790712852,-0.6778842069670732
14589.068990969,-1.955062044657767,0.7583267790712852,-0.6778842069670732
14589.071807466,-1.9535649071115386,0.757079029319656,-0.7116988756224685
14589.074529823,-1.9535649071115386,0.757079029319656,-0.7116988756224685
14589.078473004,-1.9535649071115386,0.757079029319656,-0.7116988756224685
14589.090444155,-1.9535649071115386,0.757079029319656,-0.7116988756224685
14589.100160484,-1.9535649071115386,0.757079029319656,-0.7116988756224685
14589.111024447,-1.9535649071115386,0.757079029319656,-0.7116988756224685
14589.121238478,-1.9535649071115386,0.757079029319656,-0.7116988756224685
14589.131650455,-1.9535649071115386,0.757079029319656,-0.7116988756224685
14589.132948765,-1.952425364694563,0.7560372853726951,-0.7694870092436842
14589.133682525,-1.952425364694563,0.7560372853726951,-0.7694870092436842
14589.137546947,-1.952425364694563,0.7560372853726951,-0.7694870092436842
14589.153432794,-1.952425364694563,0.7560372853726951,-0.7694870092436842
14589.159648962,-1.952425364694563,0.7560372853726951,-0.7694870092436842
14589.169136156,-1.9514793789629905,0.7550861581273167,-0.8067296602294022
14589.170688978,-1.9514793789629905,0.7550861581273167,-0.8067296602294022
14589.171013183,-1.9514793789629905,0.7550861581273167,-0.8067296602294022
14589.183440989,-1.9514793789629905,0.7550861581273167,-0.8067296602294022
14589.193897079,-1.9514793789629905,0.7550861581273167,-0.8067296602294022
14589.201300656,-1.9514793789629905,0.7550861581273167,-0.8067296602294022
14589.211223035,-1.9514793789629905,0.7550861581273167,-0.8067296602294022
14589.220520219,-1.9514793789629905,0.7550861581273167,-0.8067296602294022
14589.221405787,-1.9514793789629905,0.7550861581273167,-0.8067296602294022
14589.221695676,-1.9508969171979496,0.7544526697311216,-0.8479462720915848
14589.230588946,-1.9508969171979496,0.7544526697311216,-0.8479462720915848
14589.240534438,-1.9508969171979496,0.7544526697311216,-0.8479462720915848
14589.2487428,-1.9508969171979496,0.7544526697311216,-0.8479462720915848
14589.261942445,-1.9508969171979496,0.7544526697311216,-0.8479462720915848
14589.266097571,-1.9508969171979496,0.7544526697311216,-0.8479462720915848
14589.276803745,-1.9501427177648707,0.7516581671582664,-0.9138575433480414
14589.279803458,-1.9501427177648707,0.7516581671582664,-0.9138575433480414
14589.288817696,-1.9501427177648707,0.7516581671582664,-0.9138575433480414
14589.289614015,-1.9501427177648707,0.7516581671582664,-0.9138575433480414
14589.29934043,-1.9501427177648707,0.7516581671582664,-0.9138575433480414
14589.310682572,-1.9501427177648707,0.7516581671582664,-0.9138575433480414
14589.32079452,-1.9501427177648707,0.7516581671582664,-0.9138575433480414
14589.324992864,-1.9480555346594084,0.7458507758787651,-0.9605813545462434
14589.325773574,-1.9480555346594084,0.7458507758787651,-0.9605813545462434
14589.331753042,-1.9480555346594084,0.7458507758787651,-0.9605813545462434
14589.338169048,-1.9480555346594084,0.7458507758787651,-0.9605813545462434
14589.348118939,-1.9480555346594084,0.7458507758787651,-0.9605813545462434
14589.358286503,-1.9480555346594084,0.7458507758787651,-0.9605813545462434
14589.37315352,-1.9480555346594084,0.7458507758787651,-0.9605813545462434
14589.379591468,-1.9462411402532434,0.7422963052557061,-0.9904845171980299
14589.383924517,-1.9462411402532434,0.7422963052557061,-0.9904845171980299
14589.384403344,-1.9462411402532434,0.7422963052557061,-0.9904845171980299
14589.386948937,-1.9462411402532434,0.7422963052557061,-0.9904845171980299
14589.397275158,-1.9462411402532434,0.7422963052557061,-0.9904845171980299
14589.411616713,-1.9462411402532434,0.7422963052557061,-0.9904845171980299
14589.419778016,-1.9462411402532434,0.7422963052557061,-0.9904845171980299
14589.428855511,-1.9462411402532434,0.7422963052557061,-0.9904845171980299
14589.429210413,-1.944272463127788,0.7392289885847079,-1.0098960810713211
14589.430244212,-1.944272463127788,0.7392289885847079,-1.0098960810713211
14589.440123884,-1.944272463127788,0.7392289885847079,-1.0098960810713211
14589.452939314,-1.944272463127788,0.7392289885847079,-1.0098960810713211
14589.460082637,-1.944272463127788,0.7392289885847079,-1.0098960810713211
14589.471525567,-1.944272463127788,0.7392289885847079,-1.0098960810713211
14589.471844201,-1.940493792777286,0.7331438317206606,-1.020311396699373
14589.474991534,-1.940493792777286,0.7331438317206606,-1.020311396699373
14589.477368487,-1.940493792777286,0.7331438317206606,-1.020311396699373
14589.489070398,-1.940493792777286,0.7331438317206606,-1.020311396699373
14589.501531427,-1.940493792777286,0.7331438317206606,-1.020311396699373
14589.511056293,-1.940493792777286,0.7331438317206606,-1.020311396699373
14589.517580052,-1.940493792777286,0.7331438317206606,-1.020311396699373
14589.5298556,-1.940493792777286,0.7331438317206606,-1.020311396699373
14589.531664667,-1.9377171637787236,0.7285818302720498,-1.0277808123640455
14589.532295342,-1.9377171637787236,0.7285818302720498,-1.0277808123640455
14589.539827252,-1.9377171637787236,0.7285818302720498,-1.0277808123640455
14589.547909134,-1.9377171637787236,0.7285818302720498,-1.0277808123640455
14589.557364418,-1.9377171637787236,0.7285818302720498,-1.0277808123640455
14589.568353378,-1.9377171637787236,0.7285818302720498,-1.0277808123640455
14589.570223982,-1.9336603235081924,0.7218361277217401,-1.0309207850508137
14589.572848735,-1.9336603235081924,0.7218361277217401,-1.0309207850508137
14589.579890423,-1.9336603235081924,0.7218361277217401,-1.0309207850508137
14589.587986706,-1.9336603235081924,0.7218361277217401,-1.0309207850508137
14589.59855011,-1.9336603235081924,0.7218361277217401,-1.0309207850508137
14589.611683309,-1.9336603235081924,0.7218361277217401,-1.0309207850508137
14589.621745796,-1.9336603235081924,0.7218361277217401,-1.0309207850508137
14589.624241565,-1.9307376477376796,0.7169483978983974,-1.0328329020552078
14589.625057431,-1.9307376477376796,0.7169483978983974,-1.0328329020552078
14589.630334248,-1.9307376477376796,0.7169483978983974,-1.0328329020552078
14589.640641617,-1.9307376477376796,0.7169483978983974,-1.0328329020552078
14589.647985337,-1.9307376477376796,0.7169483978983974,-1.0328329020552078
14589.659345012,-1.9307376477376796,0.7169483978983974,-1.0328329020552078
14589.67005852,-1.9307376477376796,0.7169483978983974,-1.0328329020552078
14589.674979524,-1.927815235866516,0.7113578768401986,-1.0368316848443078
14589.675909376,-1.927815235866516,0.7113578768401986,-1.0368316848443078
14589.680288061,-1.927815235866516,0.7113578768401986,-1.0368316848443078
14589.692569827,-1.927815235866516,0.7113578768401986,-1.0368316848443078
14589.699702123,-1.927815235866516,0.7113578768401986,-1.0368316848443078
14589.70884741,-1.927815235866516,0.7113578768401986,-1.0368316848443078
14589.717975154,-1.927815235866516,0.7113578768401986,-1.0368316848443078
14589.723930126,-1.923173211795469,0.7017018722274516,-1.03998010574447
14589.724399305,-1.923173211795469,0.7017018722274516,-1.03998010574447
14589.728356442,-1.923173211795469,0.7017018722274516,-1.03998010574447
14589.737829189,-1.923173211795469,0.7017018722274516,-1.03998010574447
14589.747842982,-1.923173211795469,0.7017018722274516,-1.03998010574447
14589.759135757,-1.923173211795469,0.7017018722274516,-1.03998010574447
14589.766157751,-1.9202473830110498,0.6958365417856102,-1.0419219423268022
14589.771093532,-1.9202473830110498,0.6958365417856102,-1.0419219423268022
14589.771337014,-1.9202473830110498,0.6958365417856102,-1.0419219423268022
14589.782120692,-1.9202473830110498,0.6958365417856102,-1.0419219423268022
14589.788612193,-1.9202473830110498,0.6958365417856102,-1.0419219423268022
14589.79800045,-1.9202473830110498,0.6958365417856102,-1.0419219423268022
14589.808267483,-1.9202473830110498,0.6958365417856102,-1.0419219423268022
14589.818380683,-1.9202473830110498,0.6958365417856102,-1.0419219423268022
14589.824742036,-1.9202473830110498,0.6958365417856102,-1.0419219423268022
14589.82552034,-1.917389836104451,0.6909397347735778,-1.0431939054463095
14589.831054926,-1.917389836104451,0.6909397347735778,-1.0431939054463095
14589.836800271,-1.917389836104451,0.6909397347735778,-1.0431939054463095
14589.850611829,-1.917389836104451,0.6909397347735778,-1.0431939054463095
14589.858171291,-1.917389836104451,0.6909397347735778,-1.0431939054463095
14589.870571254,-1.917389836104451,0.6909397347735778,-1.0431939054463095
14589.870953058,-1.913166363188553,0.6836750826349536,-1.045177548024434
14589.873816082,-1.913166363188553,0.6836750826349536,-1.045177548024434
14589.880152377,-1.913166363188553,0.6836750826349536,-1.045177548024434
14589.890148085,-1.913166363188553,0.6836750826349536,-1.045177548024434
14589.899635791,-1.913166363188553,0.6836750826349536,-1.045177548024434
14589.911219438,-1.913166363188553,0.6836750826349536,-1.045177548024434
14589.920907703,-1.913166363188553,0.6836750826349536,-1.045177548024434
14589.929763241,-1.913166363188553,0.6836750826349536,-1.045177548024434
14589.930827557,-1.913166363188553,0.6836750826349536,-1.045177548024434
14589.931297588,-1.9104055316304231,0.6788977246469615,-1.0483942914936724
14589.93814448,-1.9104055316304231,0.6788977246469615,-1.0483942914936724
14589.952004329,-1.9104055316304231,0.6788977246469615,-1.0483942914936724
14589.96164287,-1.9104055316304231,0.6788977246469615,-1.0483942914936724
14589.970928754,-1.9104055316304231,0.6788977246469615,-1.0483942914936724
14589.973406077,-1.9061954676956927,0.67153768672918,-1.0540197778675737
14589.974192507,-1.9061954676956927,0.67153768672918,-1.0540197778675737
14589.979695272,-1.9061954676956927,0.67153768672918,-1.0540197778675737
14589.991388767,-1.9061954676956927,0.67153768672918,-1.0540197778675737
14589.999551051,-1.9061954676956927,0.67153768672918,-1.0540197778675737
14590.016370428,-1.9061954676956927,0.67153768672918,-1.0540197778675737
14590.031878099,-1.9061954676956927,0.67153768672918,-1.0540197778675737
14590.032484198,-1.903399085950273,0.6665766197452119,-1.061024277302999
14590.037090795,-1.903399085950273,0.6665766197452119,-1.061024277302999
14590.044708468,-1.903399085950273,0.6665766197452119,-1.061024277302999
14590.04872104,-1.903399085950273,0.6665766197452119,-1.061024277302999
14590.054833109,-1.903399085950273,0.6665766197452119,-1.061024277302999
14590.06728952,-1.903399085950273,0.6665766197452119,-1.061024277302999
14590.07395081,-1.903399085950273,0.6665766197452119,-1.061024277302999
14590.081119833,-1.9006734586312706,0.6616629850170892,-1.06766876468398
14590.086573505,-1.9006734586312706,0.6616629850170892,-1.06766876468398
14590.087270786,-1.9006734586312706,0.6616629850170892,-1.06766876468398
14590.102039097,-1.9006734586312706,0.6616629850170892,-1.06766876468398
14590.114065993,-1.9006734586312706,0.6616629850170892,-1.06766876468398
14590.121924021,-1.9006734586312706,0.6616629850170892,-1.06766876468398
14590.126453182,-1.9006734586312706,0.6616629850170892,-1.06766876468398
14590.129449579,-1.8966620232544575,0.6543367932951555,-1.0720077444050489
14590.131523618,-1.8966620232544575,0.6543367932951555,-1.0720077444050489
14590.132619615,-1.8966620232544575,0.6543367932951555,-1.0720077444050489
14590.142784975,-1.8966620232544575,0.6543367932951555,-1.0720077444050489
14590.151202342,-1.8966620232544575,0.6543367932951555,-1.0720077444050489
14590.164872923,-1.8966620232544575,0.6543367932951555,-1.0720077444050489
14590.168600425,-1.8939225713807617,0.6492864002213091,-1.0755694795582476
14590.170106699,-1.8939225713807617,0.6492864002213091,-1.0755694795582476
14590.178027783,-1.8939225713807617,0.6492864002213091,-1.0755694795582476
14590.193380774,-1.8939225713807617,0.6492864002213091,-1.0755694795582476
14590.195839052,-1.8939225713807617,0.6492864002213091,-1.0755694795582476
14590.2019606,-1.8939225713807617,0.6492864002213091,-1.0755694795582476
14590.212375442,-1.8939225713807617,0.6492864002213091,-1.0755694795582476
14590.223352276,-1.8939225713807617,0.6492864002213091,-1.0755694795582476
14590.227807266,-1.8939225713807617,0.6492864002213091,-1.0755694795582476
14590.228557087,-1.891321163594168,0.6444491134458081,-1.0791936803791706
14590.228882033,-1.891321163594168,0.6444491134458081,-1.0791936803791706
14590.241275476,-1.891321163594168,0.6444491134458081,-1.0791936803791706
14590.25356996,-1.891321163594168,0.6444491134458081,-1.0791936803791706
14590.259425854,-1.891321163594168,0.6444491134458081,-1.0791936803791706
14590.267627834,-1.8872920347368725,0.6369023028074411,-1.0816255498860066
14590.277406,-1.8872920347368725,0.6369023028074411,-1.0816255498860066
14590.277799986,-1.8872920347368725,0.6369023028074411,-1.0816255498860066
14590.280579139,-1.8872920347368725,0.6369023028074411,-1.0816255498860066
14590.29187344,-1.8872920347368725,0.6369023028074411,-1.0816255498860066
14590.301695429,-1.8872920347368725,0.6369023028074411,-1.0816255498860066
14590.308336051,-1.8872920347368725,0.6369023028074411,-1.0816255498860066
14590.319265127,-1.8872920347368725,0.6369023028074411,-1.0816255498860066
14590.32222243,-1.8846456889460699,0.631916845435779,-1.083980887028951
14590.323006285,-1.8846456889460699,0.631916845435779,-1.083980887028951
14590.329576133,-1.8846456889460699,0.631916845435779,-1.083980887028951
14590.337611527,-1.8846456889460699,0.631916845435779,-1.083980887028951
14590.349940295,-1.8846456889460699,0.631916845435779,-1.083980887028951
14590.359049022,-1.8846456889460699,0.631916845435779,-1.083980887028951
14590.371521473,-1.8846456889460699,0.631916845435779,-1.083980887028951
14590.375282969,-1.881936441054251,0.6267928530510071,-1.0848666120503132
14590.377272719,-1.881936441054251,0.6267928530510071,-1.0848666120503132
14590.377557839,-1.881936441054251,0.6267928530510071,-1.0848666120503132
14590.388926208,-1.881936441054251,0.6267928530510071,-1.0848666120503132
14590.40084527,-1.881936441054251,0.6267928530510071,-1.0848666120503132
14590.409735153,-1.881936441054251,0.6267928530510071,-1.0848666120503132
14590.418438002,-1.881936441054251,0.6267928530510071,-1.0848666120503132
14590.423609871,-1.8777006247570207,0.61878263009488,-1.083881466481465
14590.423977347,-1.8777006247570207,0.61878263009488,-1.083881466481465
14590.428783853,-1.8777006247570207,0.61878263009488,-1.083881466481465
14590.438897685,-1.8777006247570207,0.61878263009488,-1.083881466481465
14590.447383612,-1.8777006247570207,0.61878263009488,-1.083881466481465
14590.459584118,-1.8777006247570207,0.61878263009488,-1.083881466481465
14590.471132888,-1.8750104323299115,0.6137058268217782,-1.0831519056294148
14590.474031821,-1.8750104323299115,0.6137058268217782,-1.0831519056294148
14590.474843078,-1.8750104323299115,0.6137058268217782,-1.0831519056294148
14590.478973864,-1.8750104323299115,0.6137058268217782,-1.0831519056294148
14590.490011696,-1.8750104323299115,0.6137058268217782,-1.0831519056294148
14590.499121796,-1.8750104323299115,0.6137058268217782,-1.0831519056294148
14590.512485997,-1.8750104323299115,0.6137058268217782,-1.0831519056294148
14590.517941673,-1.8750104323299115,0.6137058268217782,-1.0831519056294148
14590.525346292,-1.8750104323299115,0.6137058268217782,-1.0831519056294148
14590.526780529,-1.872259920126342,0.6085177638716971,-1.0834711481068315
14590.528546675,-1.872259920126342,0.6085177638716971,-1.0834711481068315
14590.540062453,-1.872259920126342,0.6085177638716971,-1.0834711481068315
14590.551142806,-1.872259920126342,0.6085177638716971,-1.0834711481068315
14590.560096871,-1.872259920126342,0.6085177638716971,-1.0834711481068315
14590.571598552,-1.872259920126342,0.6085177638716971,-1.0834711481068315
14590.572668189,-1.8681753861668824,0.6007997545065819,-1.0846208024952593
14590.572998394,-1.8681753861668824,0.6007997545065819,-1.0846208024952593
14590.578091514,-1.8681753861668824,0.6007997545065819,-1.0846208024952593
14590.590841721,-1.8681753861668824,0.6007997545065819,-1.0846208024952593
14590.598344716,-1.8681753861668824,0.6007997545065819,-1.0846208024952593
14590.609305141,-1.8681753861668824,0.6007997545065819,-1.0846208024952593
14590.622129208,-1.8681753861668824,0.6007997545065819,-1.0846208024952593
14590.627015877,-1.8681753861668824,0.6007997545065819,-1.0846208024952593
14590.628913752,-1.8681753861668824,0.6007997545065819,-1.0846208024952593
14590.629484754,-1.8655049931533467,0.5957411121838325,-1.0855563569996538
14590.638198544,-1.8655049931533467,0.5957411121838325,-1.0855563569996538
14590.647996617,-1.8655049931533467,0.5957411121838325,-1.0855563569996538
14590.65931955,-1.8655049931533467,0.5957411121838325,-1.0855563569996538
14590.670439107,-1.8655049931533467,0.5957411121838325,-1.0855563569996538
14590.673948786,-1.861365231253326,0.5878519363380443,-1.0895508218739216
14590.678977584,-1.861365231253326,0.5878519363380443,-1.0895508218739216
14590.683061492,-1.861365231253326,0.5878519363380443,-1.0895508218739216
14590.692064689,-1.861365231253326,0.5878519363380443,-1.0895508218739216
14590.700515009,-1.861365231253326,0.5878519363380443,-1.0895508218739216
14590.70902408,-1.861365231253326,0.5878519363380443,-1.0895508218739216
14590.722917373,-1.861365231253326,0.5878519363380443,-1.0895508218739216
14590.724026555,-1.8587912395322648,0.5828856884908804,-1.095686047169942
14590.724880523,-1.8587912395322648,0.5828856884908804,-1.095686047169942
14590.729068006,-1.8587912395322648,0.5828856884908804,-1.095686047169942
14590.737923514,-1.8587912395322648,0.5828856884908804,-1.095686047169942
14590.751267776,-1.8587912395322648,0.5828856884908804,-1.095686047169942
14590.765672438,-1.8587912395322648,0.5828856884908804,-1.095686047169942
14590.766419763,-1.8563745361562232,0.5781232237293294,-1.1067300725910842
14590.76715698,-1.8563745361562232,0.5781232237293294,-1.1067300725910842
14590.770258116,-1.8563745361562232,0.5781232237293294,-1.1067300725910842
14590.781805243,-1.8563745361562232,0.5781232237293294,-1.1067300725910842
14590.793474201,-1.8563745361562232,0.5781232237293294,-1.1067300725910842
14590.797689086,-1.8563745361562232,0.5781232237293294,-1.1067300725910842
14590.812565392,-1.8563745361562232,0.5781232237293294,-1.1067300725910842
14590.819653551,-1.8563745361562232,0.5781232237293294,-1.1067300725910842
14590.825548971,-1.8563745361562232,0.5781232237293294,-1.1067300725910842
14590.826343706,-1.8540644843111447,0.5734206657536738,-1.1216436315510447
14590.832815588,-1.8540644843111447,0.5734206657536738,-1.1216436315510447
14590.836640074,-1.8540644843111447,0.5734206657536738,-1.1216436315510447
14590.851905586,-1.8540644843111447,0.5734206657536738,-1.1216436315510447
14590.857925712,-1.8540644843111447,0.5734206657536738,-1.1216436315510447
14590.873586814,-1.8540644843111447,0.5734206657536738,-1.1216436315510447
14590.874543707,-1.8505098314938042,0.5660023724012628,-1.1262522626850786
14590.885730782,-1.8505098314938042,0.5660023724012628,-1.1262522626850786
14590.887970445,-1.8505098314938042,0.5660023724012628,-1.1262522626850786
14590.893686485,-1.8505098314938042,0.5660023724012628,-1.1262522626850786
14590.896943226,-1.8505098314938042,0.5660023724012628,-1.1262522626850786
14590.907766131,-1.8505098314938042,0.5660023724012628,-1.1262522626850786
14590.919083863,-1.8505098314938042,0.5660023724012628,-1.1262522626850786
14590.931175613,-1.8505098314938042,0.5660023724012628,-1.1262522626850786
14590.938233565,-1.8505098314938042,0.5660023724012628,-1.1262522626850786
14590.948358928,-1.8505098314938042,0.5660023724012628,-1.1262522626850786
14590.958622684,-1.8505098314938042,0.5660023724012628,-1.1262522626850786
14590.970448069,-1.848108564574971,0.5609223362096559,-1.1322215486500444
14590.973108039,-1.848108564574971,0.5609223362096559,-1.1322215486500444
14590.976159449,-1.848108564574971,0.5609223362096559,-1.1322215486500444
14590.976750359,-1.844396683368994,0.5529903944516749,-1.1339834619496048
14590.979928801,-1.844396683368994,0.5529903944516749,-1.1339834619496048
14590.980202289,-1.844396683368994,0.5529903944516749,-1.1339834619496048
14590.988071228,-1.844396683368994,0.5529903944516749,-1.1339834619496048
14590.997243626,-1.844396683368994,0.5529903944516749,-1.1339834619496048
14591.010228137,-1.844396683368994,0.5529903944516749,-1.1339834619496048
14591.021401136,-1.844396683368994,0.5529903944516749,-1.1339834619496048
14591.026704153,-1.844396683368994,0.5529903944516749,-1.1339834619496048
14591.037374008,-1.844396683368994,0.5529903944516749,-1.1339834619496048
14591.047860877,-1.844396683368994,0.5529903944516749,-1.1339834619496048
14591.059628932,-1.844396683368994,0.5529903944516749,-1.1339834619496048
14591.065685598,-1.8419940967316966,0.5478271092633664,-1.1365655351612745
14591.066880802,-1.8419940967316966,0.5478271092633664,-1.1365655351612745
14591.07282799,-1.8419940967316966,0.5478271092633664,-1.1365655351612745
14591.075693108,-1.839610717094995,0.5426828119601517,-1.1373005796406443
14591.077146231,-1.839610717094995,0.5426828119601517,-1.1373005796406443
14591.080071914,-1.839610717094995,0.5426828119601517,-1.1373005796406443
14591.090212527,-1.839610717094995,0.5426828119601517,-1.1373005796406443
14591.097791095,-1.839610717094995,0.5426828119601517,-1.1373005796406443
14591.107701893,-1.839610717094995,0.5426828119601517,-1.1373005796406443
14591.119501469,-1.839610717094995,0.5426828119601517,-1.1373005796406443
14591.128950351,-1.839610717094995,0.5426828119601517,-1.1373005796406443
14591.138797217,-1.839610717094995,0.5426828119601517,-1.1373005796406443
14591.148320339,-1.839610717094995,0.5426828119601517,-1.1373005796406443
14591.160677511,-1.839610717094995,0.5426828119601517,-1.1373005796406443
14591.161676524,-1.8372277826011185,0.5375104276276197,-1.140853970143575
14591.161976803,-1.8372277826011185,0.5375104276276197,-1.140853970143575
14591.169729922,-1.8335425129613276,0.5294546181654065,-1.142645924184102
14591.17154978,-1.8335425129613276,0.5294546181654065,-1.142645924184102
14591.172034058,-1.8335425129613276,0.5294546181654065,-1.142645924184102
14591.176958755,-1.8335425129613276,0.5294546181654065,-1.142645924184102
14591.188138279,-1.8335425129613276,0.5294546181654065,-1.142645924184102
14591.197478775,-1.8335425129613276,0.5294546181654065,-1.142645924184102
14591.207812494,-1.8335425129613276,0.5294546181654065,-1.142645924184102
14591.218304402,-1.8335425129613276,0.5294546181654065,-1.142645924184102
14591.228698966,-1.8335425129613276,0.5294546181654065,-1.142645924184102
14591.237539034,-1.8335425129613276,0.5294546181654065,-1.142645924184102
14591.248043326,-1.8335425129613276,0.5294546181654065,-1.142645924184102
14591.256035709,-1.8312972340533364,0.5245254140953345,-1.1441012311909378
14591.256873406,-1.8312972340533364,0.5245254140953345,-1.1441012311909378
14591.262774576,-1.8312972340533364,0.5245254140953345,-1.1441012311909378
14591.26988774,-1.8312972340533364,0.5245254140953345,-1.1441012311909378
14591.271945291,-1.8312972340533364,0.5245254140953345,-1.1441012311909378
14591.274112617,-1.8279145845271176,0.5181975140837032,-1.1458672160388483
14591.282942727,-1.8279145845271176,0.5181975140837032,-1.1458672160388483
14591.291961023,-1.8279145845271176,0.5181975140837032,-1.1458672160388483
14591.301942985,-1.8279145845271176,0.5181975140837032,-1.1458672160388483
14591.309794471,-1.8279145845271176,0.5181975140837032,-1.1458672160388483
14591.322288382,-1.8279145845271176,0.5181975140837032,-1.1458672160388483
14591.329665098,-1.8279145845271176,0.5181975140837032,-1.1458672160388483
14591.33798468,-1.8279145845271176,0.5181975140837032,-1.1458672160388483
14591.348170529,-1.8279145845271176,0.5181975140837032,-1.1458672160388483
14591.356813671,-1.8279145845271176,0.5181975140837032,-1.1458672160388483
14591.357890711,-1.8258052943620378,0.5192768059072186,-1.146541500220594
14591.367675533,-1.8258052943620378,0.5192768059072186,-1.146541500220594
14591.369152922,-1.8258052943620378,0.5192768059072186,-1.146541500220594
14591.373950321,-1.8238159788135948,0.5191070129195519,-1.1469460231636899
14591.374610372,-1.8238159788135948,0.5191070129195519,-1.1469460231636899
14591.379724301,-1.8238159788135948,0.5191070129195519,-1.1469460231636899
14591.387505012,-1.8238159788135948,0.5191070129195519,-1.1469460231636899
14591.398811132,-1.8238159788135948,0.5191070129195519,-1.1469460231636899
14591.409038169,-1.8238159788135948,0.5191070129195519,-1.1469460231636899
14591.417998465,-1.8238159788135948,0.5191070129195519,-1.1469460231636899
14591.428369635,-1.8238159788135948,0.5191070129195519,-1.1469460231636899
14591.439496626,-1.8238159788135948,0.5191070129195519,-1.1469460231636899
14591.447657478,-1.8238159788135948,0.5191070129195519,-1.1469460231636899
14591.454872658,-1.8238159788135948,0.5191070129195519,-1.1469460231636899
14591.455231698,-1.8204286022698333,0.5115830934792214,-1.148582289872063
14591.457274789,-1.8204286022698333,0.5115830934792214,-1.148582289872063
14591.476254969,-1.8204286022698333,0.5115830934792214,-1.148582289872063
14591.479396692,-1.8204286022698333,0.5115830934792214,-1.148582289872063
14591.479674899,-1.8182358158859329,0.5066857267853293,-1.1510511142586592
14591.480100215,-1.8182358158859329,0.5066857267853293,-1.1510511142586592
14591.489090848,-1.8182358158859329,0.5066857267853293,-1.1510511142586592
14591.498015437,-1.8182358158859329,0.5066857267853293,-1.1510511142586592
14591.510839454,-1.8182358158859329,0.5066857267853293,-1.1510511142586592
14591.518740884,-1.8182358158859329,0.5066857267853293,-1.1510511142586592
14591.526215205,-1.8147102149569307,0.4987522712788145,-1.154172728714836
14591.530760326,-1.8147102149569307,0.4987522712788145,-1.154172728714836
14591.531083348,-1.8147102149569307,0.4987522712788145,-1.154172728714836
14591.540150247,-1.8147102149569307,0.4987522712788145,-1.154172728714836
14591.549607815,-1.8147102149569307,0.4987522712788145,-1.154172728714836
14591.560737311,-1.8147102149569307,0.4987522712788145,-1.154172728714836
14591.567972088,-1.8125556423311389,0.4938656218527794,-1.1568818790291682
14591.571492167,-1.8125556423311389,0.4938656218527794,-1.1568818790291682
14591.574160473,-1.8125556423311389,0.4938656218527794,-1.1568818790291682
14591.580535861,-1.8125556423311389,0.4938656218527794,-1.1568818790291682
14591.591266121,-1.8125556423311389,0.4938656218527794,-1.1568818790291682
14591.597544887,-1.8125556423311389,0.4938656218527794,-1.1568818790291682
14591.611680549,-1.8125556423311389,0.4938656218527794,-1.1568818790291682
14591.61784075,-1.8125556423311389,0.4938656218527794,-1.1568818790291682
14591.630308952,-1.8125556423311389,0.4938656218527794,-1.1568818790291682
14591.6328572,-1.8105576209408418,0.48932487466392227,-1.1556628448342212
14591.633546105,-1.8105576209408418,0.48932487466392227,-1.1556628448342212
14591.639068188,-1.8105576209408418,0.48932487466392227,-1.1556628448342212
14591.651437553,-1.8105576209408418,0.48932487466392227,-1.1556628448342212
14591.657804546,-1.8105576209408418,0.48932487466392227,-1.1556628448342212
14591.665827747,-1.8086264087270922,0.4850036897136052,-1.1453550559853445
14591.667973813,-1.8086264087270922,0.4850036897136052,-1.1453550559853445
14591.668490633,-1.8086264087270922,0.4850036897136052,-1.1453550559853445
14591.68193246,-1.8086264087270922,0.4850036897136052,-1.1453550559853445
14591.693551102,-1.8086264087270922,0.4850036897136052,-1.1453550559853445
14591.698419546,-1.8086264087270922,0.4850036897136052,-1.1453550559853445
14591.716191668,-1.8086264087270922,0.4850036897136052,-1.1453550559853445
14591.721450221,-1.8086264087270922,0.4850036897136052,-1.1453550559853445
14591.728141325,-1.8086264087270922,0.4850036897136052,-1.1453550559853445
14591.732092261,-1.8074690468387216,0.4825552012014569,-1.1131232482766045
14591.735780552,-1.8074690468387216,0.4825552012014569,-1.1131232482766045
14591.746994047,-1.8074690468387216,0.4825552012014569,-1.1131232482766045
14591.749494604,-1.8074690468387216,0.4825552012014569,-1.1131232482766045
14591.757902314,-1.8074690468387216,0.4825552012014569,-1.1131232482766045
14591.769014467,-1.8074690468387216,0.4825552012014569,-1.1131232482766045
14591.769918179,-1.8057049047978506,0.4790794273365895,-1.0891247493599787
14591.770482098,-1.8057049047978506,0.4790794273365895,-1.0891247493599787
14591.781109683,-1.8057049047978506,0.4790794273365895,-1.0891247493599787
14591.790832925,-1.8057049047978506,0.4790794273365895,-1.0891247493599787
14591.799646183,-1.8057049047978506,0.4790794273365895,-1.0891247493599787
14591.809133838,-1.8057049047978506,0.4790794273365895,-1.0891247493599787
14591.818293903,-1.8057049047978506,0.4790794273365895,-1.0891247493599787
14591.820670526,-1.8057049047978506,0.4790794273365895,-1.0891247493599787
14591.820974702,-1.8045488469350548,0.47694223663905366,-1.060771058258904
14591.828128356,-1.8045488469350548,0.47694223663905366,-1.060771058258904
14591.841952106,-1.8045488469350548,0.47694223663905366,-1.060771058258904
14591.850287756,-1.8045488469350548,0.47694223663905366,-1.060771058258904
14591.85871397,-1.8045488469350548,0.47694223663905366,-1.060771058258904
14591.867364704,-1.8045488469350548,0.47694223663905366,-1.060771058258904
14591.874190546,-1.8031912961982342,0.47462810955483303,-1.0197511417244807
14591.878762638,-1.8031912961982342,0.47462810955483303,-1.0197511417244807
14591.881184787,-1.8031912961982342,0.47462810955483303,-1.0197511417244807
14591.886582964,-1.8031912961982342,0.47462810955483303,-1.0197511417244807
14591.89777013,-1.8031912961982342,0.47462810955483303,-1.0197511417244807
14591.90939746,-1.8031912961982342,0.47462810955483303,-1.0197511417244807
14591.917657549,-1.8031912961982342,0.47462810955483303,-1.0197511417244807
14591.924359838,-1.8013625134326932,0.47174175359423975,-0.9923282367562187
14591.924990402,-1.8013625134326932,0.47174175359423975,-0.9923282367562187
14591.930177921,-1.8013625134326932,0.47174175359423975,-0.9923282367562187
14591.94022341,-1.8013625134326932,0.47174175359423975,-0.9923282367562187
14591.947404238,-1.8013625134326932,0.47174175359423975,-0.9923282367562187
14591.959220071,-1.8013625134326932,0.47174175359423975,-0.9923282367562187
14591.966727217,-1.8001222279784077,0.4698916894739852,-0.9680970413063896
14591.967700812,-1.8001222279784077,0.4698916894739852,-0.9680970413063896
14591.972445782,-1.8001222279784077,0.4698916894739852,-0.9680970413063896
14591.982243632,-1.8001222279784077,0.4698916894739852,-0.9680970413063896
14591.989902763,-1.8001222279784077,0.4698916894739852,-0.9680970413063896
14591.997591323,-1.8001222279784077,0.4698916894739852,-0.9680970413063896
14592.009060152,-1.8001222279784077,0.4698916894739852,-0.9680970413063896
14592.023011053,-1.8001222279784077,0.4698916894739852,-0.9680970413063896
14592.02954861,-1.8001222279784077,0.4698916894739852,-0.9680970413063896
14592.0316285,-1.7990153492727854,0.4683184433753407,-0.9472683173989187
14592.03301106,-1.7990153492727854,0.4683184433753407,-0.9472683173989187
14592.038750744,-1.7990153492727854,0.4683184433753407,-0.9472683173989187
14592.049233455,-1.7990153492727854,0.4683184433753407,-0.9472683173989187
14592.058554354,-1.7990153492727854,0.4683184433753407,-0.9472683173989187
14592.0705808,-1.7990153492727854,0.4683184433753407,-0.9472683173989187
14592.072427218,-1.797503280109086,0.4661947438980447,-0.9568587047432789
14592.073261449,-1.797503280109086,0.4661947438980447,-0.9568587047432789
14592.080414401,-1.797503280109086,0.4661947438980447,-0.9568587047432789
14592.090261758,-1.797503280109086,0.4661947438980447,-0.9568587047432789
14592.100864065,-1.797503280109086,0.4661947438980447,-0.9568587047432789
14592.110531501,-1.797503280109086,0.4661947438980447,-0.9568587047432789
14592.119887498,-1.797503280109086,0.4661947438980447,-0.9568587047432789
14592.121988909,-1.797503280109086,0.4661947438980447,-0.9568587047432789
14592.122621628,-1.7968422864888052,0.4652362751712794,-0.9772625667427911
14592.130514812,-1.7968422864888052,0.4652362751712794,-0.9772625667427911
14592.137201892,-1.7968422864888052,0.4652362751712794,-0.9772625667427911
14592.14803654,-1.7968422864888052,0.4652362751712794,-0.9772625667427911
14592.160305324,-1.7968422864888052,0.4652362751712794,-0.9772625667427911
14592.168943029,-1.7968422864888052,0.4652362751712794,-0.9772625667427911
14592.177560907,-1.7963641727742752,0.4644905003660783,-1.0241485339974294
14592.179488058,-1.7963641727742752,0.4644905003660783,-1.0241485339974294
14592.179804698,-1.7963641727742752,0.4644905003660783,-1.0241485339974294
14592.189887983,-1.7963641727742752,0.4644905003660783,-1.0241485339974294
14592.200043864,-1.7963641727742752,0.4644905003660783,-1.0241485339974294
14592.210496077,-1.7963641727742752,0.4644905003660783,-1.0241485339974294
14592.217742636,-1.7963641727742752,0.4644905003660783,-1.0241485339974294
14592.226091304,-1.7960582171347208,0.4639657199235496,-1.061768124756707
14592.227132667,-1.7960582171347208,0.4639657199235496,-1.061768124756707
14592.230283086,-1.7960582171347208,0.4639657199235496,-1.061768124756707
14592.23934772,-1.7960582171347208,0.4639657199235496,-1.061768124756707
14592.246827902,-1.7960582171347208,0.4639657199235496,-1.061768124756707
14592.257973138,-1.7960582171347208,0.4639657199235496,-1.061768124756707
14592.266438546,-1.7959389980813425,0.46374244900800665,-1.098925183472527
14592.266791064,-1.7959389980813425,0.46374244900800665,-1.098925183472527
14592.273078577,-1.7959389980813425,0.46374244900800665,-1.098925183472527
14592.279029932,-1.7959389980813425,0.46374244900800665,-1.098925183472527
14592.289165646,-1.7959389980813425,0.46374244900800665,-1.098925183472527
14592.297590237,-1.7959389980813425,0.46374244900800665,-1.098925183472527
14592.307689401,-1.7959389980813425,0.46374244900800665,-1.098925183472527
14592.320307889,-1.7959389980813425,0.46374244900800665,-1.098925183472527
14592.328149035,-1.7959389980813425,0.46374244900800665,-1.098925183472527
14592.33158295,-1.7959173933810086,0.4636966695333472,-1.1607866985176936
14592.332394949,-1.7959173933810086,0.4636966695333472,-1.1607866985176936
14592.337999568,-1.7959173933810086,0.4636966695333472,-1.1607866985176936
14592.348835528,-1.7959173933810086,0.4636966695333472,-1.1607866985176936
14592.357655027,-1.7959173933810086,0.4636966695333472,-1.1607866985176936
14592.369020691,-1.7959173933810086,0.4636966695333472,-1.1607866985176936
14592.370754556,-1.7956560020214611,0.46306524697867757,-1.1958199245308767
14592.371276475,-1.7956560020214611,0.46306524697867757,-1.1958199245308767
14592.377631596,-1.7956560020214611,0.46306524697867757,-1.1958199245308767
14592.387774292,-1.7956560020214611,0.46306524697867757,-1.1958199245308767
14592.398834507,-1.7956560020214611,0.46306524697867757,-1.1958199245308767
14592.410348011,-1.7956560020214611,0.46306524697867757,-1.1958199245308767
14592.419397205,-1.7956560020214611,0.46306524697867757,-1.1958199245308767
14592.423203337,-1.7948247173718779,0.46083599150423005,-1.2319198352669611
14592.423750674,-1.7948247173718779,0.46083599150423005,-1.2319198352669611
14592.430757449,-1.7948247173718779,0.46083599150423005,-1.2319198352669611
14592.438148372,-1.7948247173718779,0.46083599150423005,-1.2319198352669611
14592.448971878,-1.7948247173718779,0.46083599150423005,-1.2319198352669611
14592.459514572,-1.7948247173718779,0.46083599150423005,-1.2319198352669611
14592.468228752,-1.7948247173718779,0.46083599150423005,-1.2319198352669611
14592.474959805,-1.793646892529831,0.4572533424825391,-1.2744184238289724
14592.476752822,-1.793646892529831,0.4572533424825391,-1.2744184238289724
14592.481207902,-1.793646892529831,0.4572533424825391,-1.2744184238289724
14592.489535991,-1.793646892529831,0.4572533424825391,-1.2744184238289724
14592.497137684,-1.793646892529831,0.4572533424825391,-1.2744184238289724
14592.510138666,-1.793646892529831,0.4572533424825391,-1.2744184238289724
14592.518904003,-1.793646892529831,0.4572533424825391,-1.2744184238289724
14592.525082799,-1.7916037699448077,0.4502296839745007,-1.3010150892113574
14592.526519491,-1.7916037699448077,0.4502296839745007,-1.3010150892113574
14592.530877515,-1.7916037699448077,0.4502296839745007,-1.3010150892113574
14592.542605288,-1.7916037699448077,0.4502296839745007,-1.3010150892113574
14592.548847203,-1.7916037699448077,0.4502296839745007,-1.3010150892113574
14592.561923017,-1.7916037699448077,0.4502296839745007,-1.3010150892113574
14592.568761874,-1.7900668514762745,0.44440510028486235,-1.3246030313347708
14592.570392464,-1.7900668514762745,0.44440510028486235,-1.3246030313347708
14592.583498534,-1.7900668514762745,0.44440510028486235,-1.3246030313347708
14592.584817333,-1.7900668514762745,0.44440510028486235,-1.3246030313347708
14592.589973432,-1.7900668514762745,0.44440510028486235,-1.3246030313347708
14592.601808915,-1.7900668514762745,0.44440510028486235,-1.3246030313347708
14592.60988121,-1.7900668514762745,0.44440510028486235,-1.3246030313347708
14592.620640324,-1.7900668514762745,0.44440510028486235,-1.3246030313347708
14592.629468931,-1.7900668514762745,0.44440510028486235,-1.3246030313347708
14592.630856279,-1.788553640421268,0.4380526878444123,-1.3492851955269705
14592.631171757,-1.788553640421268,0.4380526878444123,-1.3492851955269705
14592.641184107,-1.788553640421268,0.4380526878444123,-1.3492851955269705
14592.64984177,-1.788553640421268,0.4380526878444123,-1.3492851955269705
14592.65987002,-1.788553640421268,0.4380526878444123,-1.3492851955269705
14592.67130784,-1.788553640421268,0.4380526878444123,-1.3492851955269705
14592.671674635,-1.786383900819197,0.4280082239021732,-1.3668181402062307
14592.680025176,-1.786383900819197,0.4280082239021732,-1.3668181402062307
14592.688243747,-1.786383900819197,0.4280082239021732,-1.3668181402062307
14592.698736026,-1.786383900819197,0.4280082239021732,-1.3668181402062307
14592.710187092,-1.786383900819197,0.4280082239021732,-1.3668181402062307
14592.717358929,-1.786383900819197,0.4280082239021732,-1.3668181402062307
14592.721944537,-1.7850547204612714,0.4212532470739131,-1.3861977559899217
14592.722854982,-1.7850547204612714,0.4212532470739131,-1.3861977559899217
14592.723273415,-1.7850547204612714,0.4212532470739131,-1.3861977559899217
14592.73383187,-1.7850547204612714,0.4212532470739131,-1.3861977559899217
14592.739733531,-1.7850547204612714,0.4212532470739131,-1.3861977559899217
14592.748043455,-1.7850547204612714,0.4212532470739131,-1.3861977559899217
14592.759090014,-1.7850547204612714,0.4212532470739131,-1.3861977559899217
14592.771468376,-1.7850547204612714,0.4212532470739131,-1.3861977559899217
14592.778445776,-1.7850547204612714,0.4212532470739131,-1.3861977559899217
14592.779708538,-1.783838377058119,0.41432280532135735,-1.407919119057549
14592.780007354,-1.783838377058119,0.41432280532135735,-1.407919119057549
14592.787712573,-1.783838377058119,0.41432280532135735,-1.407919119057549
14592.801033501,-1.783838377058119,0.41432280532135735,-1.407919119057549
14592.809061602,-1.783838377058119,0.41432280532135735,-1.407919119057549
14592.819897531,-1.783838377058119,0.41432280532135735,-1.407919119057549
14592.821525806,-1.783838377058119,0.41432280532135735,-1.407919119057549
14592.821889635,-1.7822009101909708,0.4038960436419631,-1.4221288663720024
14592.83376765,-1.7822009101909708,0.4038960436419631,-1.4221288663720024
14592.837671987,-1.7822009101909708,0.4038960436419631,-1.4221288663720024
14592.847630004,-1.7822009101909708,0.4038960436419631,-1.4221288663720024
14592.857801745,-1.7822009101909708,0.4038960436419631,-1.4221288663720024
14592.870551271,-1.7822009101909708,0.4038960436419631,-1.4221288663720024
14592.871399107,-1.7812015404138462,0.3968287395378901,-1.4385115606163872
14592.872490806,-1.7812015404138462,0.3968287395378901,-1.4385115606163872
14592.88503388,-1.7812015404138462,0.3968287395378901,-1.4385115606163872
14592.888132961,-1.7812015404138462,0.3968287395378901,-1.4385115606163872
14592.900019262,-1.7812015404138462,0.3968287395378901,-1.4385115606163872
14592.912023535,-1.7812015404138462,0.3968287395378901,-1.4385115606163872
14592.920997267,-1.7812015404138462,0.3968287395378901,-1.4385115606163872
14592.930566848,-1.7812015404138462,0.3968287395378901,-1.4385115606163872
14592.931134814,-1.7803690460908508,0.3899692549080894,-1.4615344507073287
14592.932063834,-1.7803690460908508,0.3899692549080894,-1.4615344507073287
14592.94481363,-1.7803690460908508,0.3899692549080894,-1.4615344507073287
14592.949003328,-1.7803690460908508,0.3899692549080894,-1.4615344507073287
14592.964861523,-1.7803690460908508,0.3899692549080894,-1.4615344507073287
14592.971878027,-1.7803690460908508,0.3899692549080894,-1.4615344507073287
14592.973242262,-1.779303011915103,0.37948191340139126,-1.476088351206121
14592.973890169,-1.779303011915103,0.37948191340139126,-1.476088351206121
14592.981840883,-1.779303011915103,0.37948191340139126,-1.476088351206121
14592.990937588,-1.779303011915103,0.37948191340139126,-1.476088351206121
14593.000659998,-1.779303011915103,0.37948191340139126,-1.476088351206121
14593.009597261,-1.779303011915103,0.37948191340139126,-1.476088351206121
14593.021391697,-1.779303011915103,0.37948191340139126,-1.476088351206121
14593.023048836,-1.779303011915103,0.37948191340139126,-1.476088351206121
14593.024631004,-1.7806279488675445,0.381565815588396,-1.486776595327136
14593.028443387,-1.7806279488675445,0.381565815588396,-1.486776595327136
14593.041480157,-1.7806279488675445,0.381565815588396,-1.486776595327136
14593.051938892,-1.7806279488675445,0.381565815588396,-1.486776595327136
14593.058904139,-1.7806279488675445,0.381565815588396,-1.486776595327136
14593.069763753,-1.7806279488675445,0.381565815588396,-1.486776595327136
14593.080148969,-1.7806279488675445,0.381565815588396,-1.486776595327136
14593.08048735,-1.7818145553376832,0.38267252314673966,-1.5071561926057402
14593.082386809,-1.7818145553376832,0.38267252314673966,-1.5071561926057402
14593.092191044,-1.7818145553376832,0.38267252314673966,-1.5071561926057402
14593.097860937,-1.7818145553376832,0.38267252314673966,-1.5071561926057402
14593.111485019,-1.7818145553376832,0.38267252314673966,-1.5071561926057402
14593.119454318,-1.7818145553376832,0.38267252314673966,-1.5071561926057402
14593.124141869,-1.7818145553376832,0.38267252314673966,-1.5071561926057402
14593.131189161,-1.7812285456770245,0.37210889799755925,-1.5236014717271391
14593.134905402,-1.7812285456770245,0.37210889799755925,-1.5236014717271391
14593.140037164,-1.7812285456770245,0.37210889799755925,-1.5236014717271391
14593.15446006,-1.7812285456770245,0.37210889799755925,-1.5236014717271391
14593.156983671,-1.7812285456770245,0.37210889799755925,-1.5236014717271391
14593.167862152,-1.7809522759067513,0.3652805992670413,-1.537116228883511
14593.168985189,-1.7809522759067513,0.3652805992670413,-1.537116228883511
14593.179887495,-1.7809522759067513,0.3652805992670413,-1.537116228883511
14593.192443284,-1.7809522759067513,0.3652805992670413,-1.537116228883511
14593.197542565,-1.7809522759067513,0.3652805992670413,-1.537116228883511
14593.207973728,-1.7809522759067513,0.3652805992670413,-1.537116228883511
14593.221232028,-1.7809522759067513,0.3652805992670413,-1.537116228883511
14593.226165485,-1.7808010679367725,0.35839775330595464,-1.5605458610704008
14593.229545819,-1.7808010679367725,0.35839775330595464,-1.5605458610704008
14593.230030307,-1.7808010679367725,0.35839775330595464,-1.5605458610704008
14593.242415422,-1.7808010679367725,0.35839775330595464,-1.5605458610704008
14593.250222344,-1.7808010679367725,0.35839775330595464,-1.5605458610704008
14593.252659852,-1.7808010679367725,0.35839775330595464,-1.5605458610704008
14593.260259279,-1.7808010679367725,0.35839775330595464,-1.5605458610704008
14593.267826066,-1.7808010679367725,0.35839775330595464,-1.5605458610704008
14593.268633656,-1.7807707905942483,0.3477673081510183,-1.575350462739712
14593.285632262,-1.7807707905942483,0.3477673081510183,-1.575350462739712
14593.29085141,-1.7807707905942483,0.3477673081510183,-1.575350462739712
14593.296954363,-1.7807707905942483,0.3477673081510183,-1.575350462739712
14593.30860143,-1.7807707905942483,0.3477673081510183,-1.575350462739712
14593.321203676,-1.7807707905942483,0.3477673081510183,-1.575350462739712
14593.329526024,-1.7807707905942483,0.3477673081510183,-1.575350462739712
14593.332841094,-1.780894626685567,0.3409092301076929,-1.602352201287991
14593.333941099,-1.780894626685567,0.3409092301076929,-1.602352201287991
14593.334270853,-1.780894626685567,0.3409092301076929,-1.602352201287991
14593.337639616,-1.780894626685567,0.3409092301076929,-1.602352201287991
14593.348569154,-1.780894626685567,0.3409092301076929,-1.602352201287991
14593.357878591,-1.780894626685567,0.3409092301076929,-1.602352201287991
14593.368162416,-1.780894626685567,0.3409092301076929,-1.602352201287991
14593.379084599,-1.780894626685567,0.3409092301076929,-1.602352201287991
14593.385033189,-1.7812794285167493,0.33112155579509367,-1.617829858606106
14593.388268719,-1.7812794285167493,0.33112155579509367,-1.617829858606106
14593.397170024,-1.7812794285167493,0.33112155579509367,-1.617829858606106
14593.41377834,-1.7812794285167493,0.33112155579509367,-1.617829858606106
14593.418258498,-1.7812794285167493,0.33112155579509367,-1.617829858606106
14593.421470023,-1.7812794285167493,0.33112155579509367,-1.617829858606106
14593.421811129,-1.781653348103347,0.3241711679115111,-1.6312559240510525
14593.423559151,-1.781653348103347,0.3241711679115111,-1.6312559240510525
14593.431881259,-1.781653348103347,0.3241711679115111,-1.6312559240510525
14593.439233097,-1.781653348103347,0.3241711679115111,-1.6312559240510525
14593.450741221,-1.781653348103347,0.3241711679115111,-1.6312559240510525
14593.462826508,-1.781653348103347,0.3241711679115111,-1.6312559240510525
14593.470076303,-1.781653348103347,0.3241711679115111,-1.6312559240510525
14593.478982147,-1.7821393991971881,0.31735458938021394,-1.6527042978456077
14593.481420467,-1.7821393991971881,0.31735458938021394,-1.6527042978456077
14593.486256479,-1.7821393991971881,0.31735458938021394,-1.6527042978456077
14593.502161624,-1.7821393991971881,0.31735458938021394,-1.6527042978456077
14593.50782854,-1.7821393991971881,0.31735458938021394,-1.6527042978456077
14593.519757341,-1.7821393991971881,0.31735458938021394,-1.6527042978456077
14593.522492863,-1.7821393991971881,0.31735458938021394,-1.6527042978456077
14593.524937736,-1.7830481094210446,0.30724576521018226,-1.668191968744046
14593.529290783,-1.7830481094210446,0.30724576521018226,-1.668191968744046
14593.529747609,-1.7830481094210446,0.30724576521018226,-1.668191968744046
14593.542866033,-1.7830481094210446,0.30724576521018226,-1.668191968744046
14593.548664168,-1.7830481094210446,0.30724576521018226,-1.668191968744046
14593.558670456,-1.7830481094210446,0.30724576521018226,-1.668191968744046
14593.56882207,-1.7830481094210446,0.30724576521018226,-1.668191968744046
14593.569528889,-1.7837900921114205,0.3002357433190635,-1.6831898873234707
14593.582984642,-1.7837900921114205,0.3002357433190635,-1.6831898873234707
14593.58819308,-1.7837900921114205,0.3002357433190635,-1.6831898873234707
14593.597945708,-1.7837900921114205,0.3002357433190635,-1.6831898873234707
14593.612142866,-1.7837900921114205,0.3002357433190635,-1.6831898873234707
14593.618086708,-1.7837900921114205,0.3002357433190635,-1.6831898873234707
14593.627699831,-1.7854716181718047,0.29132544901317103,-1.7046973309587412
14593.63151563,-1.7854716181718047,0.29132544901317103,-1.7046973309587412
14593.632128852,-1.7854716181718047,0.29132544901317103,-1.7046973309587412
14593.633909335,-1.7854716181718047,0.29132544901317103,-1.7046973309587412
14593.646630727,-1.7854716181718047,0.29132544901317103,-1.7046973309587412
14593.648964098,-1.7854716181718047,0.29132544901317103,-1.7046973309587412
14593.666178403,-1.7854716181718047,0.29132544901317103,-1.7046973309587412
14593.673449869,-1.7854716181718047,0.29132544901317103,-1.7046973309587412
14593.675432185,-1.7875635885192338,0.2796158392358966,-1.7212825135120113
14593.68264462,-1.7875635885192338,0.2796158392358966,-1.7212825135120113
14593.691794686,-1.7875635885192338,0.2796158392358966,-1.7212825135120113
14593.701710493,-1.7875635885192338,0.2796158392358966,-1.7212825135120113
14593.714030825,-1.7875635885192338,0.2796158392358966,-1.7212825135120113
14593.730528552,-1.7875635885192338,0.2796158392358966,-1.7212825135120113
14593.739663669,-1.7875635885192338,0.2796158392358966,-1.7212825135120113
14593.742251242,-1.7875635885192338,0.2796158392358966,-1.7212825135120113
14593.750863068,-1.7875635885192338,0.2796158392358966,-1.7212825135120113
14593.772471869,-1.7875635885192338,0.2796158392358966,-1.7212825135120113
14593.775409033,-1.7875635885192338,0.2796158392358966,-1.7212825135120113
14593.77587728,-1.7875635885192338,0.2796158392358966,-1.7212825135120113
14593.776575273,-1.7887619560309238,0.27288001517182897,-1.7467793899725044
14593.77738134,-1.7887619560309238,0.27288001517182897,-1.7467793899725044
14593.778031301,-1.7906844669783069,0.2626565150626048,-1.766568251247224
14593.782499086,-1.7906844669783069,0.2626565150626048,-1.766568251247224
14593.793889266,-1.7906844669783069,0.2626565150626048,-1.766568251247224
14593.797514415,-1.7906844669783069,0.2626565150626048,-1.766568251247224
14593.807910621,-1.7906844669783069,0.2626565150626048,-1.766568251247224
14593.821916306,-1.7906844669783069,0.2626565150626048,-1.766568251247224
14593.822881014,-1.7920866700733087,0.2558646207954347,-1.782208510036286
14593.827099938,-1.7920866700733087,0.2558646207954347,-1.782208510036286
14593.832227352,-1.7920866700733087,0.2558646207954347,-1.782208510036286
14593.837459786,-1.7920866700733087,0.2558646207954347,-1.782208510036286
14593.839361719,-1.7920866700733087,0.2558646207954347,-1.782208510036286
14593.850649074,-1.7920866700733087,0.2558646207954347,-1.782208510036286
14593.862603854,-1.7920866700733087,0.2558646207954347,-1.782208510036286
14593.871409077,-1.7920866700733087,0.2558646207954347,-1.782208510036286
14593.878523716,-1.79363223197993,0.24915584514208086,-1.8122410255621053
14593.885651461,-1.79363223197993,0.24915584514208086,-1.8122410255621053
14593.890759589,-1.79363223197993,0.24915584514208086,-1.8122410255621053
14593.899687654,-1.79363223197993,0.24915584514208086,-1.8122410255621053
14593.90823626,-1.79363223197993,0.24915584514208086,-1.8122410255621053
14593.927598034,-1.79363223197993,0.24915584514208086,-1.8122410255621053
14593.934651687,-1.79363223197993,0.24915584514208086,-1.8122410255621053
14593.93527095,-1.79363223197993,0.24915584514208086,-1.8122410255621053
14593.935827785,-1.7960624912779113,0.2396668788841911,-1.8308014351080024
14593.936157671,-1.7960624912779113,0.2396668788841911,-1.8308014351080024
14593.942230216,-1.7960624912779113,0.2396668788841911,-1.8308014351080024
14593.947750194,-1.7960624912779113,0.2396668788841911,-1.8308014351080024
14593.958962227,-1.7960624912779113,0.2396668788841911,-1.8308014351080024
14593.9685755,-1.7960624912779113,0.2396668788841911,-1.8308014351080024
14593.969899859,-1.7978674919067443,0.23312817545914108,-1.8494730669210515
14593.985880847,-1.7978674919067443,0.23312817545914108,-1.8494730669210515
14593.989633237,-1.7978674919067443,0.23312817545914108,-1.8494730669210515
14594.001022656,-1.7978674919067443,0.23312817545914108,-1.8494730669210515
14594.011858946,-1.7978674919067443,0.23312817545914108,-1.8494730669210515
14594.017851149,-1.7978674919067443,0.23312817545914108,-1.8494730669210515
14594.028165812,-1.7978674919067443,0.23312817545914108,-1.8494730669210515
14594.037490488,-1.7978674919067443,0.23312817545914108,-1.8494730669210515
14594.049733574,-1.7978674919067443,0.23312817545914108,-1.8494730669210515
14594.058148267,-1.7978674919067443,0.23312817545914108,-1.8494730669210515
14594.066798156,-1.7978674919067443,0.23312817545914108,-1.8494730669210515
14594.070036501,-1.7978674919067443,0.23312817545914108,-1.8494730669210515
14594.070530397,-1.799845622364777,0.22656040797567625,-1.8772116380880444
14594.070861975,-1.8030727183264554,0.21667092596293958,-1.8952244001577458
14594.071261272,-1.8030727183264554,0.21667092596293958,-1.8952244001577458
14594.086618357,-1.8030727183264554,0.21667092596293958,-1.8952244001577458
14594.088724447,-1.8030727183264554,0.21667092596293958,-1.8952244001577458
14594.102503083,-1.8030727183264554,0.21667092596293958,-1.8952244001577458
14594.11229253,-1.8030727183264554,0.21667092596293958,-1.8952244001577458
14594.119191821,-1.8030727183264554,0.21667092596293958,-1.8952244001577458
14594.134169208,-1.8030727183264554,0.21667092596293958,-1.8952244001577458
14594.138309091,-1.8030727183264554,0.21667092596293958,-1.8952244001577458
14594.148096534,-1.8030727183264554,0.21667092596293958,-1.8952244001577458
14594.15896693,-1.8030727183264554,0.21667092596293958,-1.8952244001577458
14594.163922398,-1.8052189040211069,0.2104767315341962,-1.9134454208562932
14594.164867138,-1.8052189040211069,0.2104767315341962,-1.9134454208562932
14594.168113379,-1.8052189040211069,0.2104767315341962,-1.9134454208562932
14594.169482573,-1.8052189040211069,0.2104767315341962,-1.9134454208562932
14594.18101919,-1.8052189040211069,0.2104767315341962,-1.9134454208562932
14594.183628684,-1.8076616504814775,0.20385099872412146,-1.9345763403127758
14594.188363325,-1.8076616504814775,0.20385099872412146,-1.9345763403127758
14594.197983782,-1.8076616504814775,0.20385099872412146,-1.9345763403127758
14594.213150928,-1.8076616504814775,0.20385099872412146,-1.9345763403127758
14594.218032407,-1.8076616504814775,0.20385099872412146,-1.9345763403127758
14594.230850321,-1.8076616504814775,0.20385099872412146,-1.9345763403127758
14594.238292411,-1.8076616504814775,0.20385099872412146,-1.9345763403127758
14594.247871991,-1.8076616504814775,0.20385099872412146,-1.9345763403127758
14594.258244172,-1.8076616504814775,0.20385099872412146,-1.9345763403127758
14594.263360886,-1.8076616504814775,0.20385099872412146,-1.9345763403127758
14594.264770537,-1.8040382863318607,0.19239905696990844,-1.9419684837725977
14594.273237559,-1.8040382863318607,0.19239905696990844,-1.9419684837725977
14594.27537559,-1.7976581692369948,0.185723837180997,-1.944224453882308
14594.275734981,-1.7976581692369948,0.185723837180997,-1.944224453882308
14594.279960677,-1.7976581692369948,0.185723837180997,-1.944224453882308
14594.290175229,-1.7976581692369948,0.185723837180997,-1.944224453882308
14594.300175656,-1.7976581692369948,0.185723837180997,-1.944224453882308
14594.310883784,-1.7976581692369948,0.185723837180997,-1.944224453882308
14594.320902466,-1.7976581692369948,0.185723837180997,-1.944224453882308
14594.329928396,-1.7976581692369948,0.185723837180997,-1.944224453882308
14594.33390501,-1.7969385424762967,0.1828593939993201,-1.923661157974731
14594.334874858,-1.7969385424762967,0.1828593939993201,-1.923661157974731
14594.335632293,-1.7969385424762967,0.1828593939993201,-1.923661157974731
14594.337933283,-1.7969385424762967,0.1828593939993201,-1.923661157974731
14594.348023329,-1.7969385424762967,0.1828593939993201,-1.923661157974731
14594.357952732,-1.7969385424762967,0.1828593939993201,-1.923661157974731
14594.36962168,-1.7969385424762967,0.1828593939993201,-1.923661157974731
14594.370350721,-1.798039753746361,0.17975874971063344,-1.9004523013920895
14594.378290584,-1.798039753746361,0.17975874971063344,-1.9004523013920895
14594.388430916,-1.798039753746361,0.17975874971063344,-1.9004523013920895
14594.398393833,-1.798039753746361,0.17975874971063344,-1.9004523013920895
14594.407438809,-1.798039753746361,0.17975874971063344,-1.9004523013920895
14594.417632593,-1.798039753746361,0.17975874971063344,-1.9004523013920895
14594.432978487,-1.798039753746361,0.17975874971063344,-1.9004523013920895
14594.433752764,-1.7987104655797483,0.1776613512039132,-1.8601520513386842
14594.434079273,-1.7987104655797483,0.1776613512039132,-1.8601520513386842
14594.44046973,-1.7987104655797483,0.1776613512039132,-1.8601520513386842
14594.442220207,-1.7987104655797483,0.1776613512039132,-1.8601520513386842
14594.448183295,-1.7987104655797483,0.1776613512039132,-1.8601520513386842
14594.457484868,-1.7987104655797483,0.1776613512039132,-1.8601520513386842
14594.470793893,-1.7987104655797483,0.1776613512039132,-1.8601520513386842
14594.474824299,-1.7997350264207923,0.17400560653605607,-1.8279411052556147
14594.479496722,-1.7997350264207923,0.17400560653605607,-1.8279411052556147
14594.489662061,-1.7997350264207923,0.17400560653605607,-1.8279411052556147
14594.502807006,-1.7997350264207923,0.17400560653605607,-1.8279411052556147
14594.50716855,-1.7997350264207923,0.17400560653605607,-1.8279411052556147
14594.517552333,-1.7997350264207923,0.17400560653605607,-1.8279411052556147
14594.524049853,-1.8003714582930188,0.17142531400828592,-1.7973000263066403
14594.525117656,-1.8003714582930188,0.17142531400828592,-1.7973000263066403
14594.526370099,-1.8003714582930188,0.17142531400828592,-1.7973000263066403
14594.5311631,-1.8003714582930188,0.17142531400828592,-1.7973000263066403
14594.542121662,-1.8003714582930188,0.17142531400828592,-1.7973000263066403
14594.546868506,-1.8003714582930188,0.17142531400828592,-1.7973000263066403
14594.561858176,-1.8003714582930188,0.17142531400828592,-1.7973000263066403
14594.568025831,-1.8003714582930188,0.17142531400828592,-1.7973000263066403
14594.579727942,-1.8003714582930188,0.17142531400828592,-1.7973000263066403
14594.580179979,-1.8009061039098606,0.16877036832161685,-1.7417315696568592
14594.588114852,-1.8009061039098606,0.16877036832161685,-1.7417315696568592
14594.598180042,-1.8009061039098606,0.16877036832161685,-1.7417315696568592
14594.609244324,-1.8009061039098606,0.16877036832161685,-1.7417315696568592
14594.618224428,-1.8009061039098606,0.16877036832161685,-1.7417315696568592
14594.627638023,-1.8015865593562572,0.16441919378785946,-1.7101167892308353
14594.628995916,-1.8015865593562572,0.16441919378785946,-1.7101167892308353
14594.629318678,-1.8015865593562572,0.16441919378785946,-1.7101167892308353
14594.631034689,-1.8015865593562572,0.16441919378785946,-1.7101167892308353
14594.638045121,-1.8015865593562572,0.16441919378785946,-1.7101167892308353
14594.649841912,-1.8015865593562572,0.16441919378785946,-1.7101167892308353
14594.658849638,-1.8015865593562572,0.16441919378785946,-1.7101167892308353
14594.66714265,-1.8015865593562572,0.16441919378785946,-1.7101167892308353
14594.670011405,-1.801940759033703,0.16150459755038582,-1.6733421539158932
14594.683837711,-1.801940759033703,0.16150459755038582,-1.6733421539158932
14594.686690346,-1.801940759033703,0.16150459755038582,-1.6733421539158932
14594.700673388,-1.801940759033703,0.16150459755038582,-1.6733421539158932
14594.708150765,-1.801940759033703,0.16150459755038582,-1.6733421539158932
14594.717845383,-1.801940759033703,0.16150459755038582,-1.6733421539158932
14594.729877018,-1.801940759033703,0.16150459755038582,-1.6733421539158932
14594.73092335,-1.8021612912001506,0.15865300487038708,-1.6226162170262446
14594.731737543,-1.8021612912001506,0.15865300487038708,-1.6226162170262446
14594.733795342,-1.8021612912001506,0.15865300487038708,-1.6226162170262446
14594.741436038,-1.8021612912001506,0.15865300487038708,-1.6226162170262446
14594.748285966,-1.8021612912001506,0.15865300487038708,-1.6226162170262446
14594.757114743,-1.8021612912001506,0.15865300487038708,-1.6226162170262446
14594.768496117,-1.8021612912001506,0.15865300487038708,-1.6226162170262446
14594.768958653,-1.802317276668722,0.15420105590816252,-1.5890229200215447
14594.779696237,-1.802317276668722,0.15420105590816252,-1.5890229200215447
14594.78768868,-1.802317276668722,0.15420105590816252,-1.5890229200215447
14594.799043282,-1.802317276668722,0.15420105590816252,-1.5890229200215447
14594.808323014,-1.802317276668722,0.15420105590816252,-1.5890229200215447
14594.823863387,-1.802317276668722,0.15420105590816252,-1.5890229200215447
14594.825457106,-1.8023259064429613,0.1514422045916825,-1.558825776466857
14594.826475225,-1.8023259064429613,0.1514422045916825,-1.558825776466857
14594.826795221,-1.8023259064429613,0.1514422045916825,-1.558825776466857
14594.828074465,-1.8023259064429613,0.1514422045916825,-1.558825776466857
14594.837946719,-1.8023259064429613,0.1514422045916825,-1.558825776466857
14594.84752677,-1.8023259064429613,0.1514422045916825,-1.558825776466857
14594.859646252,-1.8023259064429613,0.1514422045916825,-1.558825776466857
14594.869209521,-1.8023259064429613,0.1514422045916825,-1.558825776466857
14594.876175469,-1.8022200940829345,0.14858405501660277,-1.5087581132741084
14594.878654345,-1.8022200940829345,0.14858405501660277,-1.5087581132741084
14594.888539804,-1.8022200940829345,0.14858405501660277,-1.5087581132741084
14594.899628624,-1.8022200940829345,0.14858405501660277,-1.5087581132741084
14594.911959326,-1.8022200940829345,0.14858405501660277,-1.5087581132741084
14594.920112132,-1.8022200940829345,0.14858405501660277,-1.5087581132741084
14594.921668761,-1.8019024427250039,0.14452143397517625,-1.4767744993062133
14594.922225917,-1.8019024427250039,0.14452143397517625,-1.4767744993062133
14594.931604285,-1.8019024427250039,0.14452143397517625,-1.4767744993062133
14594.939607989,-1.8019024427250039,0.14452143397517625,-1.4767744993062133
14594.942838901,-1.8019024427250039,0.14452143397517625,-1.4767744993062133
14594.961683084,-1.8019024427250039,0.14452143397517625,-1.4767744993062133
14594.965978953,-1.8019024427250039,0.14452143397517625,-1.4767744993062133
14594.971829547,-1.8019024427250039,0.14452143397517625,-1.4767744993062133
14594.980542545,-1.8015677392941427,0.14165549397858596,-1.432298228630554
14594.984383903,-1.8015677392941427,0.14165549397858596,-1.432298228630554
14594.991076714,-1.8015677392941427,0.14165549397858596,-1.432298228630554
14595.00045433,-1.8015677392941427,0.14165549397858596,-1.432298228630554
14595.011074622,-1.8015677392941427,0.14165549397858596,-1.432298228630554
14595.019572272,-1.8015677392941427,0.14165549397858596,-1.432298228630554
14595.029333626,-1.8015677392941427,0.14165549397858596,-1.432298228630554
14595.029702284,-1.8015677392941427,0.14165549397858596,-1.432298228630554
14595.031066389,-1.8010385138427698,0.13804938227675378,-1.4178590034337155
14595.034524651,-1.8010385138427698,0.13804938227675378,-1.4178590034337155
14595.039168509,-1.8010385138427698,0.13804938227675378,-1.4178590034337155
14595.048388939,-1.8010385138427698,0.13804938227675378,-1.4178590034337155
14595.059094741,-1.8010385138427698,0.13804938227675378,-1.4178590034337155
14595.0685892,-1.8010385138427698,0.13804938227675378,-1.4178590034337155
14595.068888297,-1.800594999402089,0.13512143238534563,-1.4230671380849007
14595.077950256,-1.800594999402089,0.13512143238534563,-1.4230671380849007
14595.08732158,-1.800594999402089,0.13512143238534563,-1.4230671380849007
14595.09985147,-1.800594999402089,0.13512143238534563,-1.4230671380849007
14595.109585012,-1.800594999402089,0.13512143238534563,-1.4230671380849007
14595.120381717,-1.800594999402089,0.13512143238534563,-1.4230671380849007
14595.137311383,-1.800594999402089,0.13512143238534563,-1.4230671380849007
14595.137736518,-1.8001841128867606,0.13211207092028315,-1.4471314405293576
14595.140685255,-1.8001841128867606,0.13211207092028315,-1.4471314405293576
14595.141205641,-1.8001841128867606,0.13211207092028315,-1.4471314405293576
14595.14269384,-1.8001841128867606,0.13211207092028315,-1.4471314405293576
14595.148754293,-1.8001841128867606,0.13211207092028315,-1.4471314405293576
14595.159131233,-1.8001841128867606,0.13211207092028315,-1.4471314405293576
14595.167450906,-1.799494083508876,0.12607682477110282,-1.4667833303303834
14595.170608758,-1.799494083508876,0.12607682477110282,-1.4667833303303834
14595.179922204,-1.799494083508876,0.12607682477110282,-1.4667833303303834
14595.189312064,-1.799494083508876,0.12607682477110282,-1.4667833303303834
14595.199752695,-1.799494083508876,0.12607682477110282,-1.4667833303303834
14595.210077407,-1.799494083508876,0.12607682477110282,-1.4667833303303834
14595.218641553,-1.799494083508876,0.12607682477110282,-1.4667833303303834
14595.227800145,-1.799494083508876,0.12607682477110282,-1.4667833303303834
14595.23260595,-1.799179894539793,0.12221705629066072,-1.5123655055852043
14595.233145442,-1.799179894539793,0.12221705629066072,-1.5123655055852043
14595.23387807,-1.799179894539793,0.12221705629066072,-1.5123655055852043
14595.240615204,-1.799179894539793,0.12221705629066072,-1.5123655055852043
14595.247920094,-1.799179894539793,0.12221705629066072,-1.5123655055852043
14595.257676589,-1.799179894539793,0.12221705629066072,-1.5123655055852043
14595.269405211,-1.799179894539793,0.12221705629066072,-1.5123655055852043
14595.270539109,-1.7989251715293424,0.11647717972782402,-1.5405297731251824
14595.278723592,-1.7989251715293424,0.11647717972782402,-1.5405297731251824
14595.287892758,-1.7989251715293424,0.11647717972782402,-1.5405297731251824
14595.30321635,-1.7989251715293424,0.11647717972782402,-1.5405297731251824
14595.314198717,-1.7989251715293424,0.11647717972782402,-1.5405297731251824
14595.318777031,-1.7989251715293424,0.11647717972782402,-1.5405297731251824
14595.322728498,-1.7916769017605718,0.11881795976166279,-1.5646230110708668
14595.323164634,-1.7916769017605718,0.11881795976166279,-1.5646230110708668
14595.325981762,-1.7916769017605718,0.11881795976166279,-1.5646230110708668
14595.336108048,-1.7916769017605718,0.11881795976166279,-1.5646230110708668
14595.340816879,-1.7916769017605718,0.11881795976166279,-1.5646230110708668
14595.347792114,-1.7916769017605718,0.11881795976166279,-1.5646230110708668
14595.361414072,-1.7916769017605718,0.11881795976166279,-1.5646230110708668
14595.372432899,-1.7916769017605718,0.11881795976166279,-1.5646230110708668
14595.376896656,-1.7817727008428008,0.12274072660945397,-1.5918999372639449
14595.381238161,-1.7817727008428008,0.12274072660945397,-1.5918999372639449
14595.389732355,-1.7817727008428008,0.12274072660945397,-1.5918999372639449
14595.398316528,-1.7817727008428008,0.12274072660945397,-1.5918999372639449
14595.408066081,-1.7817727008428008,0.12274072660945397,-1.5918999372639449
14595.418662046,-1.7817727008428008,0.12274072660945397,-1.5918999372639449
14595.424387043,-1.77777664145836,0.11847709974387194,-1.6036244052724953
14595.425143876,-1.77777664145836,0.11847709974387194,-1.6036244052724953
14595.42549932,-1.77777664145836,0.11847709974387194,-1.6036244052724953
14595.433978655,-1.77777664145836,0.11847709974387194,-1.6036244052724953
14595.4379346,-1.77777664145836,0.11847709974387194,-1.6036244052724953
14595.451475114,-1.77777664145836,0.11847709974387194,-1.6036244052724953
14595.458750117,-1.77777664145836,0.11847709974387194,-1.6036244052724953
14595.470711359,-1.77777664145836,0.11847709974387194,-1.6036244052724953
14595.471110235,-1.7779850075928305,0.1128366640511989,-1.6118176597433203
14595.477903496,-1.7779850075928305,0.1128366640511989,-1.6118176597433203
14595.491864477,-1.7779850075928305,0.1128366640511989,-1.6118176597433203
14595.499152455,-1.7779850075928305,0.1128366640511989,-1.6118176597433203
14595.509418114,-1.7779850075928305,0.1128366640511989,-1.6118176597433203
14595.52314951,-1.7779850075928305,0.1128366640511989,-1.6118176597433203
14595.530207903,-1.7779850075928305,0.1128366640511989,-1.6118176597433203
14595.531406083,-1.778252666720293,0.10679333441922663,-1.6182971614675639
14595.532445783,-1.778252666720293,0.10679333441922663,-1.6182971614675639
14595.536118301,-1.778252666720293,0.10679333441922663,-1.6182971614675639
14595.539653559,-1.778252666720293,0.10679333441922663,-1.6182971614675639
14595.549023352,-1.778252666720293,0.10679333441922663,-1.6182971614675639
14595.55803221,-1.778252666720293,0.10679333441922663,-1.6182971614675639
14595.566557482,-1.778670280866638,0.09837522821280047,-1.6224322933035
14595.568906512,-1.778670280866638,0.09837522821280047,-1.6224322933035
14595.58239609,-1.778670280866638,0.09837522821280047,-1.6224322933035
14595.590370449,-1.778670280866638,0.09837522821280047,-1.6224322933035
14595.600276578,-1.778670280866638,0.09837522821280047,-1.6224322933035
14595.609850196,-1.778670280866638,0.09837522821280047,-1.6224322933035
14595.620425823,-1.778670280866638,0.09837522821280047,-1.6224322933035
14595.621091624,-1.7790101108302223,0.09218342863461096,-1.6288180965261567
14595.622589071,-1.7790101108302223,0.09218342863461096,-1.6288180965261567
14595.622865826,-1.7790101108302223,0.09218342863461096,-1.6288180965261567
14595.636206582,-1.7790101108302223,0.09218342863461096,-1.6288180965261567
14595.640496048,-1.7790101108302223,0.09218342863461096,-1.6288180965261567
14595.650137325,-1.7790101108302223,0.09218342863461096,-1.6288180965261567
14595.657290244,-1.7790101108302223,0.09218342863461096,-1.6288180965261567
14595.669627732,-1.7790101108302223,0.09218342863461096,-1.6288180965261567
14595.675145493,-1.7793691867266705,0.08639841466754782,-1.6367555278616066
14595.682441018,-1.7793691867266705,0.08639841466754782,-1.6367555278616066
14595.687631269,-1.7793691867266705,0.08639841466754782,-1.6367555278616066
14595.699768067,-1.7793691867266705,0.08639841466754782,-1.6367555278616066
14595.713943584,-1.7793691867266705,0.08639841466754782,-1.6367555278616066
14595.717212227,-1.7793691867266705,0.08639841466754782,-1.6367555278616066
14595.723850965,-1.7800022765222532,0.07743545201863346,-1.6458708661871069
14595.724369077,-1.7800022765222532,0.07743545201863346,-1.6458708661871069
14595.727140187,-1.7800022765222532,0.07743545201863346,-1.6458708661871069
14595.728600173,-1.7800022765222532,0.07743545201863346,-1.6458708661871069
14595.741958058,-1.7800022765222532,0.07743545201863346,-1.6458708661871069
14595.748144793,-1.7800022765222532,0.07743545201863346,-1.6458708661871069
14595.758459255,-1.7800022765222532,0.07743545201863346,-1.6458708661871069
14595.766851274,-1.780462637508038,0.07155605786095968,-1.6520044225530734
14595.769011898,-1.780462637508038,0.07155605786095968,-1.6520044225530734
14595.780225774,-1.780462637508038,0.07155605786095968,-1.6520044225530734
14595.788410838,-1.780462637508038,0.07155605786095968,-1.6520044225530734
14595.797964432,-1.780462637508038,0.07155605786095968,-1.6520044225530734
14595.812025592,-1.780462637508038,0.07155605786095968,-1.6520044225530734
14595.818508455,-1.780462637508038,0.07155605786095968,-1.6520044225530734
14595.832503981,-1.780462637508038,0.07155605786095968,-1.6520044225530734
14595.833636367,-1.780462637508038,0.07155605786095968,-1.6520044225530734
14595.83402855,-1.781001547472794,0.06550544527433463,-1.66725343645383
14595.834317727,-1.781001547472794,0.06550544527433463,-1.66725343645383
14595.843875767,-1.781001547472794,0.06550544527433463,-1.66725343645383
14595.850937626,-1.781001547472794,0.06550544527433463,-1.66725343645383
14595.857985048,-1.781001547472794,0.06550544527433463,-1.66725343645383
14595.868869039,-1.781001547472794,0.06550544527433463,-1.66725343645383
14595.870729254,-1.781889052971085,0.056640398286013874,-1.6739000696020239
14595.879843692,-1.781889052971085,0.056640398286013874,-1.6739000696020239
14595.889191232,-1.781889052971085,0.056640398286013874,-1.6739000696020239
14595.898726608,-1.781889052971085,0.056640398286013874,-1.6739000696020239
14595.910614742,-1.781889052971085,0.056640398286013874,-1.6739000696020239
14595.919632226,-1.781889052971085,0.056640398286013874,-1.6739000696020239
14595.922217815,-1.7825402274318334,0.05060083634451443,-1.68249911249448
14595.924187928,-1.7825402274318334,0.05060083634451443,-1.68249911249448
14595.92607334,-1.7825402274318334,0.05060083634451443,-1.68249911249448
14595.931937751,-1.7825402274318334,0.05060083634451443,-1.68249911249448
14595.941189249,-1.7825402274318334,0.05060083634451443,-1.68249911249448
14595.951650589,-1.7825402274318334,0.05060083634451443,-1.68249911249448
14595.96293007,-1.7825402274318334,0.05060083634451443,-1.68249911249448
14595.971808551,-1.7825402274318334,0.05060083634451443,-1.68249911249448
14595.975918258,-1.783211037078999,0.044767198630938324,-1.688067736037266
14595.984308384,-1.783211037078999,0.044767198630938324,-1.688067736037266
14595.990240262,-1.783211037078999,0.044767198630938324,-1.688067736037266
14595.998887245,-1.783211037078999,0.044767198630938324,-1.688067736037266
14596.012873203,-1.783211037078999,0.044767198630938324,-1.688067736037266
14596.020964373,-1.783211037078999,0.044767198630938324,-1.688067736037266
14596.032635716,-1.784281421503831,0.03597336240364125,-1.6957729476766692
14596.044391298,-1.784281421503831,0.03597336240364125,-1.6957729476766692
14596.045332411,-1.784281421503831,0.03597336240364125,-1.6957729476766692
14596.047882102,-1.784281421503831,0.03597336240364125,-1.6957729476766692
14596.048177091,-1.784281421503831,0.03597336240364125,-1.6957729476766692
14596.053027771,-1.784281421503831,0.03597336240364125,-1.6957729476766692
14596.059110235,-1.784281421503831,0.03597336240364125,-1.6957729476766692
14596.065698247,-1.785017981498496,0.030173174316225196,-1.6984455007391088
14596.073790389,-1.785017981498496,0.030173174316225196,-1.6984455007391088
14596.082670533,-1.785017981498496,0.030173174316225196,-1.6984455007391088
14596.091239227,-1.785017981498496,0.030173174316225196,-1.6984455007391088
14596.100100295,-1.785017981498496,0.030173174316225196,-1.6984455007391088
14596.112674409,-1.785017981498496,0.030173174316225196,-1.6984455007391088
14596.124087402,-1.785017981498496,0.030173174316225196,-1.6984455007391088
14596.13303284,-1.785017981498496,0.030173174316225196,-1.6984455007391088
14596.137136274,-1.7858102412378578,0.02422709002562415,-1.7080679553823588
14596.138227752,-1.7858102412378578,0.02422709002562415,-1.7080679553823588
14596.139998718,-1.7858102412378578,0.02422709002562415,-1.7080679553823588
14596.142546194,-1.7858102412378578,0.02422709002562415,-1.7080679553823588
14596.151123275,-1.7858102412378578,0.02422709002562415,-1.7080679553823588
14596.160184072,-1.7858102412378578,0.02422709002562415,-1.7080679553823588
14596.171629076,-1.7858102412378578,0.02422709002562415,-1.7080679553823588
14596.174971688,-1.7858102412378578,0.02422709002562415,-1.7080679553823588
14596.175654973,-1.7870416212146898,0.015531032144781756,-1.7148584741430393
14596.17762188,-1.7870416212146898,0.015531032144781756,-1.7148584741430393
14596.189804992,-1.7870416212146898,0.015531032144781756,-1.7148584741430393
14596.201337051,-1.7870416212146898,0.015531032144781756,-1.7148584741430393
14596.208292198,-1.7870416212146898,0.015531032144781756,-1.7148584741430393
14596.218087506,-1.7870416212146898,0.015531032144781756,-1.7148584741430393
14596.221548192,-1.7879013189798503,0.009747813125263481,-1.7218804973440287
14596.235335043,-1.7879013189798503,0.009747813125263481,-1.7218804973440287
14596.238071478,-1.7879013189798503,0.009747813125263481,-1.7218804973440287
14596.243355289,-1.7879013189798503,0.009747813125263481,-1.7218804973440287
14596.24936233,-1.7879013189798503,0.009747813125263481,-1.7218804973440287
14596.260486526,-1.7879013189798503,0.009747813125263481,-1.7218804973440287
14596.271168374,-1.7879013189798503,0.009747813125263481,-1.7218804973440287
14596.284235672,-1.7879013189798503,0.009747813125263481,-1.7218804973440287
14596.284781987,-1.7887959088581287,0.00404673754670571,-1.7310057300405615
14596.285397994,-1.7887959088581287,0.00404673754670571,-1.7310057300405615
14596.290326061,-1.7887959088581287,0.00404673754670571,-1.7310057300405615
14596.302791719,-1.7887959088581287,0.00404673754670571,-1.7310057300405615
14596.31004486,-1.7887959088581287,0.00404673754670571,-1.7310057300405615
14596.322077959,-1.7887959088581287,0.00404673754670571,-1.7310057300405615
14596.328193145,-1.7901894886861425,-0.004342695988705368,-1.7398034948186987
14596.335664781,-1.7901894886861425,-0.004342695988705368,-1.7398034948186987
14596.336828075,-1.7901894886861425,-0.004342695988705368,-1.7398034948186987
14596.337914152,-1.7901894886861425,-0.004342695988705368,-1.7398034948186987
14596.346994426,-1.7901894886861425,-0.004342695988705368,-1.7398034948186987
14596.353397938,-1.7901894886861425,-0.004342695988705368,-1.7398034948186987
14596.360071703,-1.7901894886861425,-0.004342695988705368,-1.7398034948186987
14596.366712214,-1.7911345239562357,-0.009701806839352053,-1.7508837598638651
14596.370186857,-1.7911345239562357,-0.009701806839352053,-1.7508837598638651
14596.382798378,-1.7911345239562357,-0.009701806839352053,-1.7508837598638651
14596.387122964,-1.7911345239562357,-0.009701806839352053,-1.7508837598638651
14596.402938399,-1.7911345239562357,-0.009701806839352053,-1.7508837598638651
14596.408809602,-1.7911345239562357,-0.009701806839352053,-1.7508837598638651
14596.418772288,-1.7911345239562357,-0.009701806839352053,-1.7508837598638651
14596.428802992,-1.7911345239562357,-0.009701806839352053,-1.7508837598638651
14596.429865125,-1.7921468857024228,-0.014945531613560173,-1.7721392530279276
14596.430607812,-1.7921468857024228,-0.014945531613560173,-1.7721392530279276
14596.434843547,-1.7921468857024228,-0.014945531613560173,-1.7721392530279276
14596.444117668,-1.7921468857024228,-0.014945531613560173,-1.7721392530279276
14596.449933096,-1.7921468857024228,-0.014945531613560173,-1.7721392530279276
14596.459908004,-1.7921468857024228,-0.014945531613560173,-1.7721392530279276
14596.471637126,-1.7921468857024228,-0.014945531613560173,-1.7721392530279276
14596.472316053,-1.7937229948513718,-0.022399233718031694,-1.7862206119375348
14596.480560533,-1.7937229948513718,-0.022399233718031694,-1.7862206119375348
14596.488207448,-1.7937229948513718,-0.022399233718031694,-1.7862206119375348
14596.497956822,-1.7937229948513718,-0.022399233718031694,-1.7862206119375348
14596.510077273,-1.7937229948513718,-0.022399233718031694,-1.7862206119375348
14596.521889766,-1.7937229948513718,-0.022399233718031694,-1.7862206119375348
14596.523124796,-1.7948453230924364,-0.027335387391253366,-1.8025082963781465
14596.525378416,-1.7948453230924364,-0.027335387391253366,-1.8025082963781465
14596.525725433,-1.7948453230924364,-0.027335387391253366,-1.8025082963781465
14596.530704236,-1.7948453230924364,-0.027335387391253366,-1.8025082963781465
14596.543039837,-1.7948453230924364,-0.027335387391253366,-1.8025082963781465
14596.547990717,-1.7948453230924364,-0.027335387391253366,-1.8025082963781465
14596.558859657,-1.7948453230924364,-0.027335387391253366,-1.8025082963781465
14596.571744512,-1.7948453230924364,-0.027335387391253366,-1.8025082963781465
14596.578330691,-1.7948453230924364,-0.027335387391253366,-1.8025082963781465
14596.588305549,-1.7948453230924364,-0.027335387391253366,-1.8025082963781465
14596.599948839,-1.7948453230924364,-0.027335387391253366,-1.8025082963781465
14596.609562703,-1.7948453230924364,-0.027335387391253366,-1.8025082963781465
14596.622162756,-1.7948453230924364,-0.027335387391253366,-1.8025082963781465
14596.623924423,-1.7960897503635267,-0.032216065912370646,-1.8383862394170871
14596.624511766,-1.7991855379470605,-0.035789542952361086,-1.865100210977694
14596.625059644,-1.7991855379470605,-0.035789542952361086,-1.865100210977694
14596.629963095,-1.7991855379470605,-0.035789542952361086,-1.865100210977694
14596.630597757,-1.7991855379470605,-0.035789542952361086,-1.865100210977694
14596.639838775,-1.7991855379470605,-0.035789542952361086,-1.865100210977694
14596.647783848,-1.7991855379470605,-0.035789542952361086,-1.865100210977694
14596.658566527,-1.7991855379470605,-0.035789542952361086,-1.865100210977694
14596.669686486,-1.7991855379470605,-0.035789542952361086,-1.865100210977694
14596.669989009,-1.8031074732103656,-0.03578665591549008,-1.8874510561065465
14596.681199278,-1.8031074732103656,-0.03578665591549008,-1.8874510561065465
14596.687660249,-1.8031074732103656,-0.03578665591549008,-1.8874510561065465
14596.700289376,-1.8031074732103656,-0.03578665591549008,-1.8874510561065465
14596.710091317,-1.8031074732103656,-0.03578665591549008,-1.8874510561065465
14596.718767466,-1.8031074732103656,-0.03578665591549008,-1.8874510561065465
14596.728909491,-1.8031074732103656,-0.03578665591549008,-1.8874510561065465
14596.738032887,-1.8031074732103656,-0.03578665591549008,-1.8874510561065465
14596.748313114,-1.8031074732103656,-0.03578665591549008,-1.8874510561065465
14596.758133599,-1.8031074732103656,-0.03578665591549008,-1.8874510561065465
14596.759580932,-1.8063345886968576,-0.03754408502100862,-1.9173799132943357
14596.760870184,-1.8063345886968576,-0.03754408502100862,-1.9173799132943357
14596.763699625,-1.8063345886968576,-0.03754408502100862,-1.9173799132943357
14596.768814145,-1.8063345886968576,-0.03754408502100862,-1.9173799132943357
14596.769736472,-1.8087604466995195,-0.04409510846284963,-1.9335040425896843
14596.77990598,-1.8087604466995195,-0.04409510846284963,-1.9335040425896843
14596.788322296,-1.8087604466995195,-0.04409510846284963,-1.9335040425896843
14596.800870229,-1.8087604466995195,-0.04409510846284963,-1.9335040425896843
14596.811352679,-1.8087604466995195,-0.04409510846284963,-1.9335040425896843
14596.819516437,-1.8087604466995195,-0.04409510846284963,-1.9335040425896843
14596.82134426,-1.8105996927456216,-0.048811294183137864,-1.9517763232827383
14596.821709973,-1.8105996927456216,-0.048811294183137864,-1.9517763232827383
14596.832501359,-1.8105996927456216,-0.048811294183137864,-1.9517763232827383
14596.837939251,-1.8105996927456216,-0.048811294183137864,-1.9517763232827383
14596.840517025,-1.8105996927456216,-0.048811294183137864,-1.9517763232827383
14596.847342266,-1.8105996927456216,-0.048811294183137864,-1.9517763232827383
14596.85828058,-1.8105996927456216,-0.048811294183137864,-1.9517763232827383
14596.869392042,-1.8105996927456216,-0.048811294183137864,-1.9517763232827383
14596.883226524,-1.8105996927456216,-0.048811294183137864,-1.9517763232827383
14596.889461677,-1.8105996927456216,-0.048811294183137864,-1.9517763232827383
14596.900975751,-1.8105996927456216,-0.048811294183137864,-1.9517763232827383
14596.910469339,-1.8105996927456216,-0.048811294183137864,-1.9517763232827383
14596.919966131,-1.8105996927456216,-0.048811294183137864,-1.9517763232827383
14596.920424981,-1.8124881806728386,-0.053343886796588476,-1.9793638562798705
14596.920767259,-1.8124881806728386,-0.053343886796588476,-1.9793638562798705
14596.921550143,-1.8156300667853817,-0.06045074039624304,-1.9947459077477645
14596.929011689,-1.8156300667853817,-0.06045074039624304,-1.9947459077477645
14596.932824012,-1.8156300667853817,-0.06045074039624304,-1.9947459077477645
14596.936317932,-1.8156300667853817,-0.06045074039624304,-1.9947459077477645
14596.950692246,-1.8156300667853817,-0.06045074039624304,-1.9947459077477645
14596.964391371,-1.8156300667853817,-0.06045074039624304,-1.9947459077477645
14596.9703604,-1.8156300667853817,-0.06045074039624304,-1.9947459077477645
14596.978865384,-1.8156300667853817,-0.06045074039624304,-1.9947459077477645
14596.987875595,-1.8156300667853817,-0.06045074039624304,-1.9947459077477645
14596.999481113,-1.8156300667853817,-0.06045074039624304,-1.9947459077477645
14597.008111885,-1.8156300667853817,-0.06045074039624304,-1.9947459077477645
14597.018335876,-1.8176276318468978,-0.06474165566158999,-2.0182393169045643
14597.023857517,-1.8176276318468978,-0.06474165566158999,-2.0182393169045643
14597.027018446,-1.8176276318468978,-0.06474165566158999,-2.0182393169045643
14597.028970885,-1.8176276318468978,-0.06474165566158999,-2.0182393169045643
14597.029694025,-1.8199197010016692,-0.0692267466360602,-2.0682373618722165
14597.030130211,-1.8199197010016692,-0.0692267466360602,-2.0682373618722165
14597.042284088,-1.8199197010016692,-0.0692267466360602,-2.0682373618722165
14597.050035134,-1.8199197010016692,-0.0692267466360602,-2.0682373618722165
14597.060251089,-1.8199197010016692,-0.0692267466360602,-2.0682373618722165
14597.070815695,-1.8199197010016692,-0.0692267466360602,-2.0682373618722165
14597.072990225,-1.82348266364865,-0.07549895019565664,-2.106555280649682
14597.08554451,-1.82348266364865,-0.07549895019565664,-2.106555280649682
14597.093374646,-1.82348266364865,-0.07549895019565664,-2.106555280649682
14597.101406262,-1.82348266364865,-0.07549895019565664,-2.106555280649682
14597.112973808,-1.82348266364865,-0.07549895019565664,-2.106555280649682
14597.118069883,-1.82348266364865,-0.07549895019565664,-2.106555280649682
14597.127249054,-1.82348266364865,-0.07549895019565664,-2.106555280649682
14597.132925289,-1.8259949000851963,-0.07948039877266913,-2.1608212566018303
14597.133920544,-1.8259949000851963,-0.07948039877266913,-2.1608212566018303
14597.140631649,-1.8259949000851963,-0.07948039877266913,-2.1608212566018303
14597.146171055,-1.8259949000851963,-0.07948039877266913,-2.1608212566018303
14597.153733021,-1.8259949000851963,-0.07948039877266913,-2.1608212566018303
14597.161716046,-1.8259949000851963,-0.07948039877266913,-2.1608212566018303
14597.169937423,-1.8259949000851963,-0.07948039877266913,-2.1608212566018303
14597.174769738,-1.829937162692719,-0.08512442197492112,-2.2001876210808953
14597.182718959,-1.829937162692719,-0.08512442197492112,-2.2001876210808953
14597.188826871,-1.829937162692719,-0.08512442197492112,-2.2001876210808953
14597.197310054,-1.829937162692719,-0.08512442197492112,-2.2001876210808953
14597.213753288,-1.829937162692719,-0.08512442197492112,-2.2001876210808953
14597.220884007,-1.829937162692719,-0.08512442197492112,-2.2001876210808953
14597.221804952,-1.829937162692719,-0.08512442197492112,-2.2001876210808953
14597.222217554,-1.8347002402385661,-0.0894905132774757,-2.2415686741561784
14597.222677506,-1.8347002402385661,-0.0894905132774757,-2.2415686741561784
14597.231808576,-1.8347002402385661,-0.0894905132774757,-2.2415686741561784
14597.238928064,-1.8347002402385661,-0.0894905132774757,-2.2415686741561784
14597.250285212,-1.8347002402385661,-0.0894905132774757,-2.2415686741561784
14597.261317514,-1.8347002402385661,-0.0894905132774757,-2.2415686741561784
14597.268360117,-1.8347002402385661,-0.0894905132774757,-2.2415686741561784
14597.280295751,-1.8347002402385661,-0.0894905132774757,-2.2415686741561784
14597.289357629,-1.8347002402385661,-0.0894905132774757,-2.2415686741561784
14597.299744779,-1.8347002402385661,-0.0894905132774757,-2.2415686741561784
14597.312617208,-1.8347002402385661,-0.0894905132774757,-2.2415686741561784
14597.320231915,-1.8347002402385661,-0.0894905132774757,-2.2415686741561784
14597.320772298,-1.8413310064304538,-0.09384264050201846,-2.293259708317243
14597.323524874,-1.8413310064304538,-0.09384264050201846,-2.293259708317243
14597.324671626,-1.8493067250000792,-0.10004302039774497,-2.313708656653588
14597.325627016,-1.8493067250000792,-0.10004302039774497,-2.313708656653588
14597.328004521,-1.8493067250000792,-0.10004302039774497,-2.313708656653588
14597.339340959,-1.8493067250000792,-0.10004302039774497,-2.313708656653588
14597.348644576,-1.8493067250000792,-0.10004302039774497,-2.313708656653588
14597.358718061,-1.8493067250000792,-0.10004302039774497,-2.313708656653588
14597.374679422,-1.8493067250000792,-0.10004302039774497,-2.313708656653588
14597.378424938,-1.8529339136806768,-0.10392829033724002,-2.3299997981635983
14597.390207121,-1.8529339136806768,-0.10392829033724002,-2.3299997981635983
14597.393857417,-1.8529339136806768,-0.10392829033724002,-2.3299997981635983
14597.398723377,-1.8529339136806768,-0.10392829033724002,-2.3299997981635983
14597.409972149,-1.8529339136806768,-0.10392829033724002,-2.3299997981635983
14597.423841846,-1.8529339136806768,-0.10392829033724002,-2.3299997981635983
14597.428934786,-1.8529339136806768,-0.10392829033724002,-2.3299997981635983
14597.432534366,-1.8529339136806768,-0.10392829033724002,-2.3299997981635983
14597.434804527,-1.8568235866713965,-0.10794817778402324,-2.3494663175193717
14597.443763912,-1.8568235866713965,-0.10794817778402324,-2.3494663175193717
14597.452446472,-1.8568235866713965,-0.10794817778402324,-2.3494663175193717
14597.452802356,-1.8568235866713965,-0.10794817778402324,-2.3494663175193717
14597.462290012,-1.8568235866713965,-0.10794817778402324,-2.3494663175193717
14597.474215125,-1.8633828253466393,-0.11452558728701748,-2.360156231745904
14597.480753122,-1.8633828253466393,-0.11452558728701748,-2.360156231745904
14597.484899739,-1.8633828253466393,-0.11452558728701748,-2.360156231745904
14597.49335059,-1.8633828253466393,-0.11452558728701748,-2.360156231745904
14597.501006745,-1.8633828253466393,-0.11452558728701748,-2.360156231745904
14597.512967487,-1.8633828253466393,-0.11452558728701748,-2.360156231745904
14597.524626636,-1.8633828253466393,-0.11452558728701748,-2.360156231745904
14597.538316494,-1.8633828253466393,-0.11452558728701748,-2.360156231745904
14597.541631043,-1.8633828253466393,-0.11452558728701748,-2.360156231745904
14597.552882541,-1.8633828253466393,-0.11452558728701748,-2.360156231745904
14597.553284302,-1.86550101686618,-0.11972802283036138,-2.365142251678029
14597.554474267,-1.86550101686618,-0.11972802283036138,-2.365142251678029
14597.558628898,-1.86550101686618,-0.11972802283036138,-2.365142251678029
14597.559687574,-1.86550101686618,-0.11972802283036138,-2.365142251678029
14597.571837553,-1.86550101686618,-0.11972802283036138,-2.365142251678029
14597.57331356,-1.8678396575070069,-0.12780760732548388,-2.366822614492129
14597.577590242,-1.8678396575070069,-0.12780760732548388,-2.366822614492129
14597.587463469,-1.8678396575070069,-0.12780760732548388,-2.366822614492129
14597.608274768,-1.8678396575070069,-0.12780760732548388,-2.366822614492129
14597.617937015,-1.8678396575070069,-0.12780760732548388,-2.366822614492129
14597.632747595,-1.8678396575070069,-0.12780760732548388,-2.366822614492129
14597.633637622,-1.8678396575070069,-0.12780760732548388,-2.366822614492129
14597.64146936,-1.8678396575070069,-0.12780760732548388,-2.366822614492129
14597.642559996,-1.8679886056859962,-0.13406357474309616,-2.3643331798477853
14597.644475195,-1.8679886056859962,-0.13406357474309616,-2.3643331798477853
14597.644889199,-1.8679886056859962,-0.13406357474309616,-2.3643331798477853
14597.650562598,-1.8679886056859962,-0.13406357474309616,-2.3643331798477853
14597.657655917,-1.8679886056859962,-0.13406357474309616,-2.3643331798477853
14597.669484298,-1.8679886056859962,-0.13406357474309616,-2.3643331798477853
14597.67397751,-1.8723637813388168,-0.1383140239036604,-2.3769737752838815
14597.676717422,-1.8723637813388168,-0.1383140239036604,-2.3769737752838815
14597.694518087,-1.8723637813388168,-0.1383140239036604,-2.3769737752838815
14597.699864196,-1.8723637813388168,-0.1383140239036604,-2.3769737752838815
14597.709649606,-1.8723637813388168,-0.1383140239036604,-2.3769737752838815
14597.718934207,-1.8723637813388168,-0.1383140239036604,-2.3769737752838815
14597.71968549,-1.8723637813388168,-0.1383140239036604,-2.3769737752838815
14597.720361871,-1.8789667860641335,-0.14459304341313797,-2.3857049616738046
14597.7210104,-1.8789667860641335,-0.14459304341313797,-2.3857049616738046
14597.729820021,-1.8789667860641335,-0.14459304341313797,-2.3857049616738046
14597.738204557,-1.8789667860641335,-0.14459304341313797,-2.3857049616738046
14597.746609261,-1.8789667860641335,-0.14459304341313797,-2.3857049616738046
14597.759114994,-1.8789667860641335,-0.14459304341313797,-2.3857049616738046
14597.768686809,-1.8789667860641335,-0.14459304341313797,-2.3857049616738046
14597.776767419,-1.8789667860641335,-0.14459304341313797,-2.3857049616738046
14597.777325166,-1.883416883184577,-0.14872789192815797,-2.40009322489936
14597.790706829,-1.883416883184577,-0.14872789192815797,-2.40009322489936
14597.799814945,-1.883416883184577,-0.14872789192815797,-2.40009322489936
14597.807880497,-1.883416883184577,-0.14872789192815797,-2.40009322489936
14597.821643222,-1.883416883184577,-0.14872789192815797,-2.40009322489936
14597.824668835,-1.8902356496870167,-0.1549234909882037,-2.407988754169532
14597.82506199,-1.8902356496870167,-0.1549234909882037,-2.407988754169532
14597.825567868,-1.8902356496870167,-0.1549234909882037,-2.407988754169532
14597.832415712,-1.8902356496870167,-0.1549234909882037,-2.407988754169532
14597.837190408,-1.8902356496870167,-0.1549234909882037,-2.407988754169532
14597.851046661,-1.8902356496870167,-0.1549234909882037,-2.407988754169532
14597.858859954,-1.8902356496870167,-0.1549234909882037,-2.407988754169532
14597.870199639,-1.8902356496870167,-0.1549234909882037,-2.407988754169532
14597.87130874,-1.8949598796900373,-0.15913313214137537,-2.419472602264473
14597.879011574,-1.8949598796900373,-0.15913313214137537,-2.419472602264473
14597.888523015,-1.8949598796900373,-0.15913313214137537,-2.419472602264473
14597.899521082,-1.8949598796900373,-0.15913313214137537,-2.419472602264473
14597.908121987,-1.8949598796900373,-0.15913313214137537,-2.419472602264473
14597.918543742,-1.8949598796900373,-0.15913313214137537,-2.419472602264473
14597.923932042,-1.900497446219089,-0.16410585957707988,-2.430008194642439
14597.924387264,-1.900497446219089,-0.16410585957707988,-2.430008194642439
14597.929854863,-1.900497446219089,-0.16410585957707988,-2.430008194642439
14597.930127019,-1.900497446219089,-0.16410585957707988,-2.430008194642439
14597.941160303,-1.900497446219089,-0.16410585957707988,-2.430008194642439
14597.952054072,-1.900497446219089,-0.16410585957707988,-2.430008194642439
14597.959025119,-1.900497446219089,-0.16410585957707988,-2.430008194642439
14597.969571921,-1.900497446219089,-0.16410585957707988,-2.430008194642439
14597.970603887,-1.9094808644598649,-0.17219987605232526,-2.4390507126161367
14597.980721075,-1.9094808644598649,-0.17219987605232526,-2.4390507126161367
14597.990708798,-1.9094808644598649,-0.17219987605232526,-2.4390507126161367
14597.998813713,-1.9094808644598649,-0.17219987605232526,-2.4390507126161367
14598.009894538,-1.9094808644598649,-0.17219987605232526,-2.4390507126161367
14598.020160929,-1.9094808644598649,-0.17219987605232526,-2.4390507126161367
14598.028533762,-1.9094808644598649,-0.17219987605232526,-2.4390507126161367
14598.029302559,-1.9162395371296488,-0.1783377659590684,-2.4567479908785264
14598.029757701,-1.9162395371296488,-0.1783377659590684,-2.4567479908785264
14598.030165985,-1.9162395371296488,-0.1783377659590684,-2.4567479908785264
14598.039814455,-1.9162395371296488,-0.1783377659590684,-2.4567479908785264
14598.049519833,-1.9162395371296488,-0.1783377659590684,-2.4567479908785264
14598.057224751,-1.9162395371296488,-0.1783377659590684,-2.4567479908785264
14598.068046414,-1.9162395371296488,-0.1783377659590684,-2.4567479908785264
14598.070886234,-1.9230584884934188,-0.1838328241423675,-2.469840508731309
14598.084477936,-1.9230584884934188,-0.1838328241423675,-2.469840508731309
14598.088756843,-1.9230584884934188,-0.1838328241423675,-2.469840508731309
14598.104277508,-1.9230584884934188,-0.1838328241423675,-2.469840508731309
14598.10894387,-1.9230584884934188,-0.1838328241423675,-2.469840508731309
14598.121201543,-1.9230584884934188,-0.1838328241423675,-2.469840508731309
14598.121941235,-1.9281110548924536,-0.18780806153465812,-2.4800942361673752
14598.122230533,-1.9281110548924536,-0.18780806153465812,-2.4800942361673752
14598.125447748,-1.9281110548924536,-0.18780806153465812,-2.4800942361673752
14598.127841854,-1.9281110548924536,-0.18780806153465812,-2.4800942361673752
14598.138192545,-1.9281110548924536,-0.18780806153465812,-2.4800942361673752
14598.151450624,-1.9281110548924536,-0.18780806153465812,-2.4800942361673752
14598.158979729,-1.9281110548924536,-0.18780806153465812,-2.4800942361673752
14598.169723084,-1.9281110548924536,-0.18780806153465812,-2.4800942361673752
14598.176972729,-1.932953750142881,-0.19151707525410822,-2.495893400939409
14598.181171614,-1.932953750142881,-0.19151707525410822,-2.495893400939409
14598.188111172,-1.932953750142881,-0.19151707525410822,-2.495893400939409
14598.20157988,-1.932953750142881,-0.19151707525410822,-2.495893400939409
14598.209141857,-1.932953750142881,-0.19151707525410822,-2.495893400939409
14598.222823299,-1.932953750142881,-0.19151707525410822,-2.495893400939409
14598.223774602,-1.932953750142881,-0.19151707525410822,-2.495893400939409
14598.225851416,-1.9406116899599684,-0.19720989344963236,-2.508780342372362
14598.228077694,-1.9406116899599684,-0.19720989344963236,-2.508780342372362
14598.23114225,-1.9406116899599684,-0.19720989344963236,-2.508780342372362
14598.239295788,-1.9406116899599684,-0.19720989344963236,-2.508780342372362
14598.251769371,-1.9406116899599684,-0.19720989344963236,-2.508780342372362
14598.260318318,-1.9406116899599684,-0.19720989344963236,-2.508780342372362
14598.270826427,-1.9406116899599684,-0.19720989344963236,-2.508780342372362
14598.271832142,-1.945816966831491,-0.2009829601376899,-2.519979757102434
14598.282083355,-1.945816966831491,-0.2009829601376899,-2.519979757102434
14598.288523002,-1.945816966831491,-0.2009829601376899,-2.519979757102434
14598.300097275,-1.945816966831491,-0.2009829601376899,-2.519979757102434
14598.317007921,-1.945816966831491,-0.2009829601376899,-2.519979757102434
14598.318709154,-1.945816966831491,-0.2009829601376899,-2.519979757102434
14598.332200408,-1.950718143667566,-0.20444158117895309,-2.5341610730013286
14598.33479853,-1.950718143667566,-0.20444158117895309,-2.5341610730013286
14598.335718483,-1.950718143667566,-0.20444158117895309,-2.5341610730013286
14598.337364562,-1.950718143667566,-0.20444158117895309,-2.5341610730013286
14598.339612431,-1.950718143667566,-0.20444158117895309,-2.5341610730013286
14598.347497066,-1.950718143667566,-0.20444158117895309,-2.5341610730013286
14598.356868575,-1.950718143667566,-0.20444158117895309,-2.5341610730013286
14598.371297552,-1.950718143667566,-0.20444158117895309,-2.5341610730013286
14598.372271177,-1.95867765427981,-0.20993062536866233,-2.541572135718767
14598.38124048,-1.95867765427981,-0.20993062536866233,-2.541572135718767
14598.388741058,-1.95867765427981,-0.20993062536866233,-2.541572135718767
14598.401851911,-1.95867765427981,-0.20993062536866233,-2.541572135718767
14598.411611883,-1.95867765427981,-0.20993062536866233,-2.541572135718767
14598.419521288,-1.95867765427981,-0.20993062536866233,-2.541572135718767
14598.420176068,-1.9642518823740844,-0.21370639776146935,-2.5508715331873337
14598.420580074,-1.9642518823740844,-0.21370639776146935,-2.5508715331873337
14598.431222076,-1.9642518823740844,-0.21370639776146935,-2.5508715331873337
14598.439638923,-1.9642518823740844,-0.21370639776146935,-2.5508715331873337
14598.44031834,-1.9642518823740844,-0.21370639776146935,-2.5508715331873337
14598.449977952,-1.9642518823740844,-0.21370639776146935,-2.5508715331873337
14598.468358396,-1.9642518823740844,-0.21370639776146935,-2.5508715331873337
14598.471434514,-1.9642518823740844,-0.21370639776146935,-2.5508715331873337
14598.480107145,-1.9642518823740844,-0.21370639776146935,-2.5508715331873337
14598.481757772,-1.9696707064214611,-0.21730492142672514,-2.559896689685289
14598.488615866,-1.9696707064214611,-0.21730492142672514,-2.559896689685289
14598.501678996,-1.9696707064214611,-0.21730492142672514,-2.559896689685289
14598.507603751,-1.9696707064214611,-0.21730492142672514,-2.559896689685289
14598.520023602,-1.9696707064214611,-0.21730492142672514,-2.559896689685289
14598.524043768,-1.9696707064214611,-0.21730492142672514,-2.559896689685289
14598.524602547,-1.9780171548721888,-0.2227625553447495,-2.565082889827196
14598.530780242,-1.9780171548721888,-0.2227625553447495,-2.565082889827196
14598.531714843,-1.9780171548721888,-0.2227625553447495,-2.565082889827196
14598.536918061,-1.9780171548721888,-0.2227625553447495,-2.565082889827196
14598.548174718,-1.9780171548721888,-0.2227625553447495,-2.565082889827196
14598.56001475,-1.9780171548721888,-0.2227625553447495,-2.565082889827196
14598.568995946,-1.98367393769357,-0.2264134845581159,-2.571822685035173
14598.570561072,-1.98367393769357,-0.2264134845581159,-2.571822685035173
14598.578098562,-1.98367393769357,-0.2264134845581159,-2.571822685035173
14598.588002997,-1.98367393769357,-0.2264134845581159,-2.571822685035173
14598.599112686,-1.98367393769357,-0.2264134845581159,-2.571822685035173
14598.607672123,-1.98367393769357,-0.2264134845581159,-2.571822685035173
14598.620480411,-1.98367393769357,-0.2264134845581159,-2.571822685035173
14598.630008132,-1.98367393769357,-0.2264134845581159,-2.571822685035173
14598.631964789,-1.98367393769357,-0.2264134845581159,-2.571822685035173
14598.632598269,-1.9889812798673656,-0.22976512273807773,-2.584829074176256
14598.633015359,-1.9889812798673656,-0.22976512273807773,-2.584829074176256
14598.638156099,-1.9889812798673656,-0.22976512273807773,-2.584829074176256
14598.64833262,-1.9889812798673656,-0.22976512273807773,-2.584829074176256
14598.661704124,-1.9889812798673656,-0.22976512273807773,-2.584829074176256
14598.667976889,-1.9974463393705162,-0.23498887243131208,-2.5925663531145493
14598.676107062,-1.9974463393705162,-0.23498887243131208,-2.5925663531145493
14598.678098705,-1.9974463393705162,-0.23498887243131208,-2.5925663531145493
14598.691116448,-1.9974463393705162,-0.23498887243131208,-2.5925663531145493
14598.699727052,-1.9974463393705162,-0.23498887243131208,-2.5925663531145493
14598.709956393,-1.9974463393705162,-0.23498887243131208,-2.5925663531145493
14598.722507734,-1.9974463393705162,-0.23498887243131208,-2.5925663531145493
14598.723336644,-2.0030101854043876,-0.23835883443958672,-2.601434332164232
14598.723803509,-2.0030101854043876,-0.23835883443958672,-2.601434332164232
14598.724709244,-2.0030101854043876,-0.23835883443958672,-2.601434332164232
14598.731268622,-2.0030101854043876,-0.23835883443958672,-2.601434332164232
14598.739923069,-2.0030101854043876,-0.23835883443958672,-2.601434332164232
14598.751338497,-2.0030101854043876,-0.23835883443958672,-2.601434332164232
14598.756381031,-2.0030101854043876,-0.23835883443958672,-2.601434332164232
14598.768856918,-2.0030101854043876,-0.23835883443958672,-2.601434332164232
14598.777000066,-2.0083063947307984,-0.24148593812951552,-2.615027350219194
14598.788881046,-2.0083063947307984,-0.24148593812951552,-2.615027350219194
14598.794766988,-2.0083063947307984,-0.24148593812951552,-2.615027350219194
14598.799009436,-2.0083063947307984,-0.24148593812951552,-2.615027350219194
14598.807882587,-2.0083063947307984,-0.24148593812951552,-2.615027350219194
14598.821959758,-2.0083063947307984,-0.24148593812951552,-2.615027350219194
14598.823496019,-2.0164867057110256,-0.24642285157388194,-2.61985965206768
14598.824341661,-2.0164867057110256,-0.24642285157388194,-2.61985965206768
14598.826060518,-2.0164867057110256,-0.24642285157388194,-2.61985965206768
14598.826401624,-2.0164867057110256,-0.24642285157388194,-2.61985965206768
14598.840143559,-2.0164867057110256,-0.24642285157388194,-2.61985965206768
14598.85088435,-2.0164867057110256,-0.24642285157388194,-2.61985965206768
14598.858414546,-2.0164867057110256,-0.24642285157388194,-2.61985965206768
14598.870662021,-2.0164867057110256,-0.24642285157388194,-2.61985965206768
14598.876490093,-2.0193426986095333,-0.2514194346464488,-2.6308368585500137
14598.881461983,-2.0193426986095333,-0.2514194346464488,-2.6308368585500137
14598.88900818,-2.0193426986095333,-0.2514194346464488,-2.6308368585500137
14598.897148073,-2.0193426986095333,-0.2514194346464488,-2.6308368585500137
14598.912155035,-2.0193426986095333,-0.2514194346464488,-2.6308368585500137
14598.917936299,-2.0193426986095333,-0.2514194346464488,-2.6308368585500137
14598.925773307,-2.0193426986095333,-0.2514194346464488,-2.6308368585500137
14598.926628207,-2.024957746222639,-0.2573396279844656,-2.635951530260061
14598.926983409,-2.024957746222639,-0.2573396279844656,-2.635951530260061
14598.933604504,-2.024957746222639,-0.2573396279844656,-2.635951530260061
14598.939610283,-2.024957746222639,-0.2573396279844656,-2.635951530260061
14598.952533297,-2.024957746222639,-0.2573396279844656,-2.635951530260061
14598.956754725,-2.024957746222639,-0.2573396279844656,-2.635951530260061
14598.971902815,-2.0307733574654376,-0.26052618247781123,-2.644726883691763
14598.974761221,-2.0307733574654376,-0.26052618247781123,-2.644726883691763
14598.978445471,-2.0307733574654376,-0.26052618247781123,-2.644726883691763
14598.98882713,-2.0307733574654376,-0.26052618247781123,-2.644726883691763
14598.998198896,-2.0307733574654376,-0.26052618247781123,-2.644726883691763
14599.009779056,-2.0307733574654376,-0.26052618247781123,-2.644726883691763
14599.019254148,-2.0307733574654376,-0.26052618247781123,-2.644726883691763
14599.029387087,-2.0307733574654376,-0.26052618247781123,-2.644726883691763
14599.029986432,-2.0361759192376314,-0.2634123964433599,-2.6571471207561244
14599.030353317,-2.0361759192376314,-0.2634123964433599,-2.6571471207561244
14599.030741282,-2.0361759192376314,-0.2634123964433599,-2.6571471207561244
14599.040775243,-2.0361759192376314,-0.2634123964433599,-2.6571471207561244
14599.047864805,-2.0361759192376314,-0.2634123964433599,-2.6571471207561244
14599.058142537,-2.0361759192376314,-0.2634123964433599,-2.6571471207561244
14599.067906506,-2.0446639121626755,-0.2678271301432759,-2.6668183319988
14599.072710768,-2.0446639121626755,-0.2678271301432759,-2.6668183319988
14599.077448835,-2.0446639121626755,-0.2678271301432759,-2.6668183319988
14599.090375016,-2.0446639121626755,-0.2678271301432759,-2.6668183319988
14599.102163801,-2.0446639121626755,-0.2678271301432759,-2.6668183319988
14599.110901987,-2.0446639121626755,-0.2678271301432759,-2.6668183319988
14599.120692135,-2.0446639121626755,-0.2678271301432759,-2.6668183319988
14599.131439688,-2.0446639121626755,-0.2678271301432759,-2.6668183319988
14599.1322327,-2.050282905651784,-0.2706813664926405,-2.6763728373470057
14599.136446675,-2.050282905651784,-0.2706813664926405,-2.6763728373470057
14599.136839549,-2.050282905651784,-0.2706813664926405,-2.6763728373470057
14599.138621756,-2.050282905651784,-0.2706813664926405,-2.6763728373470057
14599.148166439,-2.050282905651784,-0.2706813664926405,-2.6763728373470057
14599.158123154,-2.050282905651784,-0.2706813664926405,-2.6763728373470057
14599.168661991,-2.0586513442292005,-0.2748284343902623,-2.686633002084707
14599.17453644,-2.0586513442292005,-0.2748284343902623,-2.686633002084707
14599.177773253,-2.0586513442292005,-0.2748284343902623,-2.686633002084707
14599.190001581,-2.0586513442292005,-0.2748284343902623,-2.686633002084707
14599.19810265,-2.0586513442292005,-0.2748284343902623,-2.686633002084707
14599.210322322,-2.0586513442292005,-0.2748284343902623,-2.686633002084707
14599.21906741,-2.0586513442292005,-0.2748284343902623,-2.686633002084707
14599.223348562,-2.0641388061511465,-0.27749231158615006,-2.6926756017627467
14599.224712426,-2.0641388061511465,-0.27749231158615006,-2.6926756017627467
14599.22997184,-2.0641388061511465,-0.27749231158615006,-2.6926756017627467
14599.237822915,-2.0641388061511465,-0.27749231158615006,-2.6926756017627467
14599.248733847,-2.0641388061511465,-0.27749231158615006,-2.6926756017627467
14599.260879609,-2.0641388061511465,-0.27749231158615006,-2.6926756017627467
14599.27120407,-2.0641388061511465,-0.27749231158615006,-2.6926756017627467
14599.279378247,-2.069951299161562,-0.2802392852929054,-2.707535993379568
14599.285941231,-2.069951299161562,-0.2802392852929054,-2.707535993379568
14599.288090914,-2.069951299161562,-0.2802392852929054,-2.707535993379568
14599.288313115,-2.069951299161562,-0.2802392852929054,-2.707535993379568
14599.298904061,-2.069951299161562,-0.2802392852929054,-2.707535993379568
14599.308559134,-2.069951299161562,-0.2802392852929054,-2.707535993379568
14599.320941805,-2.069951299161562,-0.2802392852929054,-2.707535993379568
14599.324229353,-2.0787858772162173,-0.2842908396060631,-2.7156809084834803
14599.326816756,-2.0787858772162173,-0.2842908396060631,-2.7156809084834803
14599.328230474,-2.0787858772162173,-0.2842908396060631,-2.7156809084834803
14599.337315096,-2.0787858772162173,-0.2842908396060631,-2.7156809084834803
14599.350171053,-2.0787858772162173,-0.2842908396060631,-2.7156809084834803
14599.357128766,-2.0787858772162173,-0.2842908396060631,-2.7156809084834803
14599.368227985,-2.084374774587693,-0.28679725755373736,-2.7243530862750758
14599.370564782,-2.084374774587693,-0.28679725755373736,-2.7243530862750758
14599.371913928,-2.084374774587693,-0.28679725755373736,-2.7243530862750758
14599.378970829,-2.084374774587693,-0.28679725755373736,-2.7243530862750758
14599.39197701,-2.084374774587693,-0.28679725755373736,-2.7243530862750758
14599.398026592,-2.084374774587693,-0.28679725755373736,-2.7243530862750758
14599.411156589,-2.084374774587693,-0.28679725755373736,-2.7243530862750758
14599.419062006,-2.084374774587693,-0.28679725755373736,-2.7243530862750758
14599.426191474,-2.090361720516078,-0.28940482921356986,-2.737299095911001
14599.428486252,-2.090361720516078,-0.28940482921356986,-2.737299095911001
14599.429267352,-2.090361720516078,-0.28940482921356986,-2.737299095911001
14599.429993698,-2.090361720516078,-0.28940482921356986,-2.737299095911001
14599.437977404,-2.090361720516078,-0.28940482921356986,-2.737299095911001
14599.448010433,-2.090361720516078,-0.28940482921356986,-2.737299095911001
14599.457063405,-2.090361720516078,-0.28940482921356986,-2.737299095911001
14599.468354788,-2.090361720516078,-0.28940482921356986,-2.737299095911001
14599.473119506,-2.099015155565956,-0.29305107822568766,-2.7483118288936366
14599.479985674,-2.099015155565956,-0.29305107822568766,-2.7483118288936366
14599.490957011,-2.099015155565956,-0.29305107822568766,-2.7483118288936366
14599.497129185,-2.099015155565956,-0.29305107822568766,-2.7483118288936366
14599.508286604,-2.099015155565956,-0.29305107822568766,-2.7483118288936366
14599.517683948,-2.099015155565956,-0.29305107822568766,-2.7483118288936366
14599.520622946,-2.104963994575538,-0.29548875211278147,-2.757067632001852
14599.521229476,-2.104963994575538,-0.29548875211278147,-2.757067632001852
14599.528937029,-2.104963994575538,-0.29548875211278147,-2.757067632001852
14599.536425777,-2.104963994575538,-0.29548875211278147,-2.757067632001852
14599.537843884,-2.104963994575538,-0.29548875211278147,-2.757067632001852
14599.551672875,-2.104963994575538,-0.29548875211278147,-2.757067632001852
14599.557507039,-2.104963994575538,-0.29548875211278147,-2.757067632001852
14599.56968415,-2.104963994575538,-0.29548875211278147,-2.757067632001852
14599.579518001,-2.104963994575538,-0.29548875211278147,-2.757067632001852
14599.587908728,-2.104963994575538,-0.29548875211278147,-2.757067632001852
14599.596092814,-2.104963994575538,-0.29548875211278147,-2.757067632001852
14599.606233407,-2.104963994575538,-0.29548875211278147,-2.757067632001852
14599.619316023,-2.104963994575538,-0.29548875211278147,-2.757067632001852
14599.622193104,-2.1109719533397637,-0.29784702523707907,-2.778026234430288
14599.622611307,-2.11986522496419,-0.3011634136754227,-2.7912851982536067
14599.622863324,-2.11986522496419,-0.3011634136754227,-2.7912851982536067
14599.632370948,-2.11986522496419,-0.3011634136754227,-2.7912851982536067
14599.638831107,-2.11986522496419,-0.3011634136754227,-2.7912851982536067
14599.639157726,-2.11986522496419,-0.3011634136754227,-2.7912851982536067
14599.648075863,-2.11986522496419,-0.3011634136754227,-2.7912851982536067
14599.658747782,-2.11986522496419,-0.3011634136754227,-2.7912851982536067
14599.667351983,-2.125798063817823,-0.3032897194167278,-2.8036303334655512
14599.670246317,-2.125798063817823,-0.3032897194167278,-2.8036303334655512
14599.680173695,-2.125798063817823,-0.3032897194167278,-2.8036303334655512
14599.689548277,-2.125798063817823,-0.3032897194167278,-2.8036303334655512
14599.699286768,-2.125798063817823,-0.3032897194167278,-2.8036303334655512
14599.71078362,-2.125798063817823,-0.3032897194167278,-2.8036303334655512
14599.719448327,-2.125798063817823,-0.3032897194167278,-2.8036303334655512
14599.72809058,-2.125798063817823,-0.3032897194167278,-2.8036303334655512
14599.739298295,-2.125798063817823,-0.3032897194167278,-2.8036303334655512
14599.74735558,-2.125798063817823,-0.3032897194167278,-2.8036303334655512
14599.757912542,-2.125798063817823,-0.3032897194167278,-2.8036303334655512
14599.762897456,-2.1314037398219234,-0.30520146705692436,-2.8222179525317896
14599.76334299,-2.1314037398219234,-0.30520146705692436,-2.8222179525317896
14599.774239034,-2.1314037398219234,-0.30520146705692436,-2.8222179525317896
14599.774822179,-2.1403345931826556,-0.3081026613403057,-2.8327735774936427
14599.775396167,-2.1403345931826556,-0.3081026613403057,-2.8327735774936427
14599.78055467,-2.1403345931826556,-0.3081026613403057,-2.8327735774936427
14599.789243662,-2.1403345931826556,-0.3081026613403057,-2.8327735774936427
14599.798929363,-2.1403345931826556,-0.3081026613403057,-2.8327735774936427
14599.810831313,-2.1403345931826556,-0.3081026613403057,-2.8327735774936427
14599.81982381,-2.1403345931826556,-0.3081026613403057,-2.8327735774936427
14599.828995537,-2.1403345931826556,-0.3081026613403057,-2.8327735774936427
14599.830101101,-2.1463754021840407,-0.3099862893207489,-2.845886390727972
14599.830716939,-2.1463754021840407,-0.3099862893207489,-2.845886390727972
14599.840416586,-2.1463754021840407,-0.3099862893207489,-2.845886390727972
14599.850175886,-2.1463754021840407,-0.3099862893207489,-2.845886390727972
14599.858651023,-2.1463754021840407,-0.3099862893207489,-2.845886390727972
14599.868790203,-2.1463754021840407,-0.3099862893207489,-2.845886390727972
14599.869745333,-2.155588514902111,-0.3127477468961336,-2.8548785262527216
14599.871368428,-2.155588514902111,-0.3127477468961336,-2.8548785262527216
14599.882204038,-2.155588514902111,-0.3127477468961336,-2.8548785262527216
14599.890319864,-2.155588514902111,-0.3127477468961336,-2.8548785262527216
14599.900669102,-2.155588514902111,-0.3127477468961336,-2.8548785262527216
14599.910452558,-2.155588514902111,-0.3127477468961336,-2.8548785262527216
14599.923340716,-2.155588514902111,-0.3127477468961336,-2.8548785262527216
14599.929089148,-2.155588514902111,-0.3127477468961336,-2.8548785262527216
14599.940508453,-2.155588514902111,-0.3127477468961336,-2.8548785262527216
14599.94852928,-2.155588514902111,-0.3127477468961336,-2.8548785262527216
14599.960857367,-2.155588514902111,-0.3127477468961336,-2.8548785262527216
14599.961969604,-2.161572522448511,-0.3145549012682684,-2.863815451352474
14599.962546437,-2.161572522448511,-0.3145549012682684,-2.863815451352474
14599.967311836,-2.161572522448511,-0.3145549012682684,-2.863815451352474
14599.969770354,-2.1704237276995357,-0.3184790656145171,-2.8734433317944186
14599.970833919,-2.1704237276995357,-0.3184790656145171,-2.8734433317944186
14599.979066616,-2.1704237276995357,-0.3184790656145171,-2.8734433317944186
14599.98871151,-2.1704237276995357,-0.3184790656145171,-2.8734433317944186
14600.001749592,-2.1704237276995357,-0.3184790656145171,-2.8734433317944186
14600.014114319,-2.1704237276995357,-0.3184790656145171,-2.8734433317944186
14600.020476934,-2.1704237276995357,-0.3184790656145171,-2.8734433317944186
14600.029456777,-2.1704237276995357,-0.3184790656145171,-2.8734433317944186
14600.030060371,-2.1704237276995357,-0.3184790656145171,-2.8734433317944186
14600.030745769,-2.1792074358858384,-0.322355235689918,-2.8858884030351337
14600.038674882,-2.1792074358858384,-0.322355235689918,-2.8858884030351337
14600.047634036,-2.1792074358858384,-0.322355235689918,-2.8858884030351337
14600.059372817,-2.1792074358858384,-0.322355235689918,-2.8858884030351337
14600.068863178,-2.1792074358858384,-0.322355235689918,-2.8858884030351337
14600.072742558,-2.1886443291634055,-0.3247847525437831,-2.8933430665502247
14600.078050214,-2.1886443291634055,-0.3247847525437831,-2.8933430665502247
14600.079582006,-2.1886443291634055,-0.3247847525437831,-2.8933430665502247
14600.088589041,-2.1886443291634055,-0.3247847525437831,-2.8933430665502247
14600.097754325,-2.1886443291634055,-0.3247847525437831,-2.8933430665502247
14600.107810478,-2.1886443291634055,-0.3247847525437831,-2.8933430665502247
14600.120105442,-2.1886443291634055,-0.3247847525437831,-2.8933430665502247
14600.128345284,-2.1886443291634055,-0.3247847525437831,-2.8933430665502247
14600.140689401,-2.1886443291634055,-0.3247847525437831,-2.8933430665502247
14600.147759506,-2.1886443291634055,-0.3247847525437831,-2.8933430665502247
14600.157601073,-2.1886443291634055,-0.3247847525437831,-2.8933430665502247
14600.168958651,-2.1886443291634055,-0.3247847525437831,-2.8933430665502247
14600.169791489,-2.1886443291634055,-0.3247847525437831,-2.8933430665502247
14600.170040601,-2.1949802534059115,-0.3263655800181793,-2.9008219295510944
14600.175891847,-2.2043798824997034,-0.3286306160448555,-2.909437989569634
14600.178041139,-2.2043798824997034,-0.3286306160448555,-2.909437989569634
14600.180131029,-2.2043798824997034,-0.3286306160448555,-2.909437989569634
14600.190430002,-2.2043798824997034,-0.3286306160448555,-2.909437989569634
14600.200015913,-2.2043798824997034,-0.3286306160448555,-2.909437989569634
14600.2081689,-2.2043798824997034,-0.3286306160448555,-2.909437989569634
14600.220192951,-2.2043798824997034,-0.3286306160448555,-2.909437989569634
14600.228042704,-2.2043798824997034,-0.3286306160448555,-2.909437989569634
14600.2386709,-2.2043798824997034,-0.3286306160448555,-2.909437989569634
14600.250953681,-2.2043798824997034,-0.3286306160448555,-2.909437989569634
14600.25877002,-2.2043798824997034,-0.3286306160448555,-2.909437989569634
14600.268471661,-2.2043798824997034,-0.3286306160448555,-2.909437989569634
14600.269816769,-2.2104958345755716,-0.3300435879641868,-2.919653391219109
14600.27176453,-2.2104958345755716,-0.3300435879641868,-2.919653391219109
14600.276665886,-2.2163806601175295,-0.3313307250498289,-2.9328711682328876
14600.279109716,-2.2163806601175295,-0.3313307250498289,-2.9328711682328876
14600.283874664,-2.2163806601175295,-0.3313307250498289,-2.9328711682328876
14600.292712168,-2.2163806601175295,-0.3313307250498289,-2.9328711682328876
14600.298201959,-2.2163806601175295,-0.3313307250498289,-2.9328711682328876
14600.311236254,-2.2163806601175295,-0.3313307250498289,-2.9328711682328876
14600.32013283,-2.2163806601175295,-0.3313307250498289,-2.9328711682328876
14600.326479004,-2.2221639464685383,-0.3324851976050513,-2.9562495404252704
14600.327919854,-2.2221639464685383,-0.3324851976050513,-2.9562495404252704
14600.328227286,-2.2221639464685383,-0.3324851976050513,-2.9562495404252704
14600.337992618,-2.2221639464685383,-0.3324851976050513,-2.9562495404252704
14600.34836043,-2.2221639464685383,-0.3324851976050513,-2.9562495404252704
14600.362136481,-2.2221639464685383,-0.3324851976050513,-2.9562495404252704
14600.369927072,-2.2221639464685383,-0.3324851976050513,-2.9562495404252704
14600.371470396,-2.231058470383401,-0.3340774302466926,-2.9726628714570698
14600.374615274,-2.231058470383401,-0.3340774302466926,-2.9726628714570698
14600.377988966,-2.231058470383401,-0.3340774302466926,-2.9726628714570698
14600.388214539,-2.231058470383401,-0.3340774302466926,-2.9726628714570698
14600.398580118,-2.231058470383401,-0.3340774302466926,-2.9726628714570698
14600.413163949,-2.231058470383401,-0.3340774302466926,-2.9726628714570698
14600.421639608,-2.231058470383401,-0.3340774302466926,-2.9726628714570698
14600.431351107,-2.231058470383401,-0.3340774302466926,-2.9726628714570698
14600.432473233,-2.2365837868110403,-0.33494916956208753,-2.9975585096845325
14600.432747984,-2.2365837868110403,-0.33494916956208753,-2.9975585096845325
14600.437884736,-2.2365837868110403,-0.33494916956208753,-2.9975585096845325
14600.449174456,-2.2365837868110403,-0.33494916956208753,-2.9975585096845325
14600.458042437,-2.2365837868110403,-0.33494916956208753,-2.9975585096845325
14600.469896727,-2.2365837868110403,-0.33494916956208753,-2.9975585096845325
14600.47064252,-2.2451612310046807,-0.3361145867239538,-3.0155407243737873
14600.478750141,-2.2451612310046807,-0.3361145867239538,-3.0155407243737873
14600.487380693,-2.2451612310046807,-0.3361145867239538,-3.0155407243737873
14600.489853729,-2.2451612310046807,-0.3361145867239538,-3.0155407243737873
14600.497665799,-2.2451612310046807,-0.3361145867239538,-3.0155407243737873
14600.510125666,-2.2451612310046807,-0.3361145867239538,-3.0155407243737873
14600.522204822,-2.2451612310046807,-0.3361145867239538,-3.0155407243737873
14600.522642771,-2.250666542065307,-0.3367602228772444,-3.034160798169106
14600.523009777,-2.250666542065307,-0.3367602228772444,-3.034160798169106
14600.528159012,-2.250666542065307,-0.3367602228772444,-3.034160798169106
14600.539820727,-2.250666542065307,-0.3367602228772444,-3.034160798169106
14600.548268252,-2.250666542065307,-0.3367602228772444,-3.034160798169106
14600.557334469,-2.250666542065307,-0.3367602228772444,-3.034160798169106
14600.57236154,-2.250666542065307,-0.3367602228772444,-3.034160798169106
14600.574448875,-2.2563614826775917,-0.3372973563977041,-3.060945560909241
14600.576202547,-2.2563614826775917,-0.3372973563977041,-3.060945560909241
14600.57767115,-2.2563614826775917,-0.3372973563977041,-3.060945560909241
14600.590249892,-2.2563614826775917,-0.3372973563977041,-3.060945560909241
14600.599200399,-2.2563614826775917,-0.3372973563977041,-3.060945560909241
14600.61060631,-2.2563614826775917,-0.3372973563977041,-3.060945560909241
14600.620340552,-2.2563614826775917,-0.3372973563977041,-3.060945560909241
14600.62193297,-2.2643902453377938,-0.3378649157609677,-3.0810930186280903
14600.622374937,-2.2643902453377938,-0.3378649157609677,-3.0810930186280903
14600.630802574,-2.2643902453377938,-0.3378649157609677,-3.0810930186280903
14600.640013185,-2.2643902453377938,-0.3378649157609677,-3.0810930186280903
14600.649034928,-2.2643902453377938,-0.3378649157609677,-3.0810930186280903
14600.657255993,-2.2643902453377938,-0.3378649157609677,-3.0810930186280903
14600.671891062,-2.2643902453377938,-0.3378649157609677,-3.0810930186280903
14600.673120241,-2.269800358263445,-0.3381276100144085,-3.105056201792687
14600.673442051,-2.269800358263445,-0.3381276100144085,-3.105056201792687
14600.678650969,-2.269800358263445,-0.3381276100144085,-3.105056201792687
14600.688266958,-2.269800358263445,-0.3381276100144085,-3.105056201792687
14600.699706602,-2.269800358263445,-0.3381276100144085,-3.105056201792687
14600.709902089,-2.269800358263445,-0.3381276100144085,-3.105056201792687
14600.717042978,-2.269800358263445,-0.3381276100144085,-3.105056201792687
14600.727154776,-2.275139626175225,-0.33824484473204747,-3.1342220061788257
14600.727999797,-2.275139626175225,-0.33824484473204747,-3.1342220061788257
14600.730326596,-2.275139626175225,-0.33824484473204747,-3.1342220061788257
14600.737975718,-2.275139626175225,-0.33824484473204747,-3.1342220061788257
14600.748203706,-2.275139626175225,-0.33824484473204747,-3.1342220061788257
14600.75672988,-2.275139626175225,-0.33824484473204747,-3.1342220061788257
14600.768981382,-2.275139626175225,-0.33824484473204747,-3.1342220061788257
14600.770773077,-2.2837958809072747,-0.33824458008359665,3.1341608599998225
14600.771164208,-2.2837958809072747,-0.33824458008359665,3.1341608599998225
14600.777587307,-2.2837958809072747,-0.33824458008359665,3.1341608599998225
14600.788325893,-2.2837958809072747,-0.33824458008359665,3.1341608599998225
14600.797673403,-2.2837958809072747,-0.33824458008359665,3.1341608599998225
14600.808252357,-2.2837958809072747,-0.33824458008359665,3.1341608599998225
14600.818748523,-2.2837958809072747,-0.33824458008359665,3.1341608599998225
14600.819542397,-2.289920412440146,-0.3381550353451128,3.1197851957060565
14600.819919281,-2.289920412440146,-0.3381550353451128,3.1197851957060565
14600.830800136,-2.289920412440146,-0.3381550353451128,3.1197851957060565
14600.844062103,-2.289920412440146,-0.3381550353451128,3.1197851957060565
14600.848421503,-2.289920412440146,-0.3381550353451128,3.1197851957060565
14600.864356513,-2.289920412440146,-0.3381550353451128,3.1197851957060565
14600.875050825,-2.289920412440146,-0.3381550353451128,3.1197851957060565
14600.876659854,-2.2932091046999674,-0.335774122279613,3.0966656668798587
14600.882875841,-2.2932091046999674,-0.335774122279613,3.0966656668798587
14600.884874588,-2.2932091046999674,-0.335774122279613,3.0966656668798587
14600.890068158,-2.2932091046999674,-0.335774122279613,3.0966656668798587
14600.8998501,-2.2932091046999674,-0.335774122279613,3.0966656668798587
14600.91025295,-2.2932091046999674,-0.335774122279613,3.0966656668798587
14600.920319392,-2.2932091046999674,-0.335774122279613,3.0966656668798587
14600.92339022,-2.2988943682934044,-0.3323607251696247,3.081375625378973
14600.924508459,-2.2988943682934044,-0.3323607251696247,3.081375625378973
14600.932286626,-2.2988943682934044,-0.3323607251696247,3.081375625378973
14600.942629111,-2.2988943682934044,-0.3323607251696247,3.081375625378973
14600.947179282,-2.2988943682934044,-0.3323607251696247,3.081375625378973
14600.96585743,-2.2988943682934044,-0.3323607251696247,3.081375625378973
14600.969192709,-2.2988943682934044,-0.3323607251696247,3.081375625378973
14600.974596508,-2.303738536969393,-0.3311045287369895,3.0759873546216947
14600.984272129,-2.303738536969393,-0.3311045287369895,3.0759873546216947
14600.9847689,-2.303738536969393,-0.3311045287369895,3.0759873546216947
14600.993818195,-2.303738536969393,-0.3311045287369895,3.0759873546216947
14601.000172154,-2.303738536969393,-0.3311045287369895,3.0759873546216947
14601.006732012,-2.303738536969393,-0.3311045287369895,3.0759873546216947
14601.019759715,-2.303738536969393,-0.3311045287369895,3.0759873546216947
14601.030263275,-2.303738536969393,-0.3311045287369895,3.0759873546216947
14601.032718277,-2.309974231023386,-0.3306569051939606,3.063875638649271
14601.033878314,-2.309974231023386,-0.3306569051939606,3.063875638649271
14601.039867712,-2.309974231023386,-0.3306569051939606,3.063875638649271
14601.047846188,-2.309974231023386,-0.3306569051939606,3.063875638649271
14601.058484624,-2.309974231023386,-0.3306569051939606,3.063875638649271
14601.069127668,-2.319560047914665,-0.3298700072187523,3.05549733410816
14601.072104659,-2.319560047914665,-0.3298700072187523,3.05549733410816
14601.077128207,-2.319560047914665,-0.3298700072187523,3.05549733410816
14601.080837094,-2.319560047914665,-0.3298700072187523,3.05549733410816
14601.099272632,-2.319560047914665,-0.3298700072187523,3.05549733410816
14601.115375361,-2.319560047914665,-0.3298700072187523,3.05549733410816
14601.122148574,-2.319560047914665,-0.3298700072187523,3.05549733410816
14601.124156158,-2.319560047914665,-0.3298700072187523,3.05549733410816
14601.134879865,-2.319560047914665,-0.3298700072187523,3.05549733410816
14601.140615261,-2.325632455230571,-0.3292917776369149,3.0378155435923797
14601.144362361,-2.325632455230571,-0.3292917776369149,3.0378155435923797
14601.144686495,-2.325632455230571,-0.3292917776369149,3.0378155435923797
14601.155305845,-2.325632455230571,-0.3292917776369149,3.0378155435923797
14601.158639421,-2.325632455230571,-0.3292917776369149,3.0378155435923797
14601.168708087,-2.325632455230571,-0.3292917776369149,3.0378155435923797
14601.171114897,-2.3344868133599896,-0.32830331103119836,3.023018074922667
14601.173574797,-2.3344868133599896,-0.32830331103119836,3.023018074922667
14601.182008887,-2.3344868133599896,-0.32830331103119836,3.023018074922667
14601.188739138,-2.3344868133599896,-0.32830331103119836,3.023018074922667
14601.199432949,-2.3344868133599896,-0.32830331103119836,3.023018074922667
14601.209565036,-2.3344868133599896,-0.32830331103119836,3.023018074922667
14601.220981295,-2.3344868133599896,-0.32830331103119836,3.023018074922667
14601.224275437,-2.3403112210150847,-0.3275565915234429,3.0051479206908804
14601.224923875,-2.3403112210150847,-0.3275565915234429,3.0051479206908804
14601.228303498,-2.3403112210150847,-0.3275565915234429,3.0051479206908804
14601.239184905,-2.3403112210150847,-0.3275565915234429,3.0051479206908804
14601.248222999,-2.3403112210150847,-0.3275565915234429,3.0051479206908804
14601.25915452,-2.3403112210150847,-0.3275565915234429,3.0051479206908804
14601.268779897,-2.3403112210150847,-0.3275565915234429,3.0051479206908804
14601.280181408,-2.3403112210150847,-0.3275565915234429,3.0051479206908804
14601.280758492,-2.346093100784498,-0.32668793232260424,2.979791593507336
14601.283979294,-2.346093100784498,-0.32668793232260424,2.979791593507336
14601.288700609,-2.346093100784498,-0.32668793232260424,2.979791593507336
14601.298103144,-2.346093100784498,-0.32668793232260424,2.979791593507336
14601.310216855,-2.346093100784498,-0.32668793232260424,2.979791593507336
14601.319654175,-2.346093100784498,-0.32668793232260424,2.979791593507336
14601.321948893,-2.346093100784498,-0.32668793232260424,2.979791593507336
14601.322457266,-2.354073051243489,-0.3253019348067695,2.959454842612551
14601.329422913,-2.354073051243489,-0.3253019348067695,2.959454842612551
14601.340633914,-2.354073051243489,-0.3253019348067695,2.959454842612551
14601.350030837,-2.354073051243489,-0.3253019348067695,2.959454842612551
14601.358048838,-2.354073051243489,-0.3253019348067695,2.959454842612551
14601.370519426,-2.354073051243489,-0.3253019348067695,2.959454842612551
14601.371495285,-2.359165976426061,-0.3243096524323989,2.9388809620891077
14601.371915821,-2.359165976426061,-0.3243096524323989,2.9388809620891077
14601.380049462,-2.359165976426061,-0.3243096524323989,2.9388809620891077
14601.388286929,-2.359165976426061,-0.3243096524323989,2.9388809620891077
14601.396446228,-2.359165976426061,-0.3243096524323989,2.9388809620891077
14601.41123677,-2.359165976426061,-0.3243096524323989,2.9388809620891077
14601.421013373,-2.359165976426061,-0.3243096524323989,2.9388809620891077
14601.426099459,-2.3640524181439813,-0.3231970074073508,2.896537770286606
14601.42694988,-2.3640524181439813,-0.3231970074073508,2.896537770286606
14601.437060967,-2.3640524181439813,-0.3231970074073508,2.896537770286606
14601.442505623,-2.3640524181439813,-0.3231970074073508,2.896537770286606
14601.450131541,-2.3640524181439813,-0.3231970074073508,2.896537770286606
14601.459165187,-2.3640524181439813,-0.3231970074073508,2.896537770286606
14601.471386882,-2.3640524181439813,-0.3231970074073508,2.896537770286606
14601.471845892,-2.3757923275181576,-0.3197558100306222,2.8615550053288707
14601.473245543,-2.3757923275181576,-0.3197558100306222,2.8615550053288707
14601.48042161,-2.3757923275181576,-0.3197558100306222,2.8615550053288707
14601.488781268,-2.3757923275181576,-0.3197558100306222,2.8615550053288707
14601.499286642,-2.3757923275181576,-0.3197558100306222,2.8615550053288707
14601.51286077,-2.3757923275181576,-0.3197558100306222,2.8615550053288707
14601.519892913,-2.3757923275181576,-0.3197558100306222,2.8615550053288707
14601.530770612,-2.3757923275181576,-0.3197558100306222,2.8615550053288707
14601.534555463,-2.3892506660521295,-0.3152714182870392,2.797736637778059
14601.534980829,-2.3892506660521295,-0.3152714182870392,2.797736637778059
14601.540514543,-2.3892506660521295,-0.3152714182870392,2.797736637778059
14601.553481781,-2.3892506660521295,-0.3152714182870392,2.797736637778059
14601.558415589,-2.3892506660521295,-0.3152714182870392,2.797736637778059
14601.568235675,-2.3960950149067988,-0.3127096040207615,2.7596244487521076
14601.574548175,-2.3960950149067988,-0.3127096040207615,2.7596244487521076
14601.578408869,-2.3960950149067988,-0.3127096040207615,2.7596244487521076
14601.589540169,-2.3960950149067988,-0.3127096040207615,2.7596244487521076
14601.589955616,-2.3960950149067988,-0.3127096040207615,2.7596244487521076
14601.601614025,-2.3960950149067988,-0.3127096040207615,2.7596244487521076
14601.610762527,-2.3960950149067988,-0.3127096040207615,2.7596244487521076
14601.621956205,-2.3960950149067988,-0.3127096040207615,2.7596244487521076
14601.62295634,-2.3960950149067988,-0.3127096040207615,2.7596244487521076
14601.624021167,-2.3995655971793655,-0.3112338994227772,2.7194744322058577
14601.63420914,-2.3995655971793655,-0.3112338994227772,2.7194744322058577
14601.641164338,-2.3995655971793655,-0.3112338994227772,2.7194744322058577
14601.649415299,-2.3995655971793655,-0.3112338994227772,2.7194744322058577
14601.66173473,-2.3995655971793655,-0.3112338994227772,2.7194744322058577
14601.669280747,-2.3995655971793655,-0.3112338994227772,2.7194744322058577
14601.674183466,-2.4029800386030966,-0.3095738440750615,2.65863913032979
14601.680195647,-2.4029800386030966,-0.3095738440750615,2.65863913032979
14601.680864073,-2.4029800386030966,-0.3095738440750615,2.65863913032979
14601.688862498,-2.4029800386030966,-0.3095738440750615,2.65863913032979
14601.697666499,-2.4029800386030966,-0.3095738440750615,2.65863913032979
14601.707745965,-2.4029800386030966,-0.3095738440750615,2.65863913032979
14601.718044488,-2.4029800386030966,-0.3095738440750615,2.65863913032979
14601.72657565,-2.408415257077076,-0.30658850212467537,2.6199981245753188
14601.727615911,-2.408415257077076,-0.30658850212467537,2.6199981245753188
14601.729015453,-2.408415257077076,-0.30658850212467537,2.6199981245753188
14601.738990823,-2.408415257077076,-0.30658850212467537,2.6199981245753188
14601.748012766,-2.408415257077076,-0.30658850212467537,2.6199981245753188
14601.759192077,-2.408415257077076,-0.30658850212467537,2.6199981245753188
14601.769741725,-2.408415257077076,-0.30658850212467537,2.6199981245753188
14601.771379518,-2.412121687930035,-0.30435353974327456,2.5779483589884657
14601.77394056,-2.412121687930035,-0.30435353974327456,2.5779483589884657
14601.781176399,-2.412121687930035,-0.30435353974327456,2.5779483589884657
14601.791345295,-2.412121687930035,-0.30435353974327456,2.5779483589884657
14601.797564749,-2.412121687930035,-0.30435353974327456,2.5779483589884657
14601.807434708,-2.412121687930035,-0.30435353974327456,2.5779483589884657
14601.820742752,-2.412121687930035,-0.30435353974327456,2.5779483589884657
14601.828008608,-2.412121687930035,-0.30435353974327456,2.5779483589884657
14601.828888395,-2.4160909240969506,-0.3016834950553636,2.5209221217390914
14601.830575932,-2.4160909240969506,-0.3016834950553636,2.5209221217390914
14601.836914411,-2.4160909240969506,-0.3016834950553636,2.5209221217390914
14601.850349957,-2.4160909240969506,-0.3016834950553636,2.5209221217390914
14601.859253756,-2.4160909240969506,-0.3016834950553636,2.5209221217390914
14601.868713229,-2.422418600258779,-0.29700129789282503,2.4881803664919753
14601.870564125,-2.422418600258779,-0.29700129789282503,2.4881803664919753
14601.877891859,-2.422418600258779,-0.29700129789282503,2.4881803664919753
14601.878923153,-2.422418600258779,-0.29700129789282503,2.4881803664919753
14601.887113861,-2.422418600258779,-0.29700129789282503,2.4881803664919753
14601.898912766,-2.422418600258779,-0.29700129789282503,2.4881803664919753
14601.907650049,-2.422418600258779,-0.29700129789282503,2.4881803664919753
14601.920970867,-2.422418600258779,-0.29700129789282503,2.4881803664919753
14601.932438534,-2.422418600258779,-0.29700129789282503,2.4881803664919753
14601.932826019,-2.4270430041603657,-0.29330085588439664,2.445280757879915
14601.933298684,-2.4270430041603657,-0.29330085588439664,2.445280757879915
14601.941854394,-2.4270430041603657,-0.29330085588439664,2.445280757879915
14601.948633618,-2.4270430041603657,-0.29330085588439664,2.445280757879915
14601.958500382,-2.4270430041603657,-0.29330085588439664,2.445280757879915
14601.971566788,-2.4270430041603657,-0.29330085588439664,2.445280757879915
14601.973133206,-2.436256467854919,-0.2906247438668484,2.4157141180396073
14601.973757849,-2.436256467854919,-0.2906247438668484,2.4157141180396073
14601.98020767,-2.436256467854919,-0.2906247438668484,2.4157141180396073
14601.990788857,-2.436256467854919,-0.2906247438668484,2.4157141180396073
14602.000623791,-2.436256467854919,-0.2906247438668484,2.4157141180396073
14602.010360929,-2.436256467854919,-0.2906247438668484,2.4157141180396073
14602.019554768,-2.436256467854919,-0.2906247438668484,2.4157141180396073
14602.023730299,-2.436256467854919,-0.2906247438668484,2.4157141180396073
14602.028025767,-2.4450937113916047,-0.2920777983908145,2.389482382854192
14602.03018075,-2.4450937113916047,-0.2920777983908145,2.389482382854192
14602.037603904,-2.4450937113916047,-0.2920777983908145,2.389482382854192
14602.049124852,-2.4450937113916047,-0.2920777983908145,2.389482382854192
14602.06113155,-2.4450937113916047,-0.2920777983908145,2.389482382854192
14602.068374633,-2.4450937113916047,-0.2920777983908145,2.389482382854192
14602.077101848,-2.4504826692977844,-0.28977292565050516,2.3511579043603907
14602.080637757,-2.4504826692977844,-0.28977292565050516,2.3511579043603907
14602.080917487,-2.4504826692977844,-0.28977292565050516,2.3511579043603907
14602.089260915,-2.4504826692977844,-0.28977292565050516,2.3511579043603907
14602.097834358,-2.4504826692977844,-0.28977292565050516,2.3511579043603907
14602.110656862,-2.4504826692977844,-0.28977292565050516,2.3511579043603907
14602.120320562,-2.4504826692977844,-0.28977292565050516,2.3511579043603907
14602.121489276,-2.456740668319963,-0.2832899912143332,2.3259256489015585
14602.122285805,-2.456740668319963,-0.2832899912143332,2.3259256489015585
14602.129056864,-2.456740668319963,-0.2832899912143332,2.3259256489015585
14602.140056304,-2.456740668319963,-0.2832899912143332,2.3259256489015585
14602.149401119,-2.456740668319963,-0.2832899912143332,2.3259256489015585
14602.157771548,-2.456740668319963,-0.2832899912143332,2.3259256489015585
14602.16731015,-2.456740668319963,-0.2832899912143332,2.3259256489015585
14602.168021898,-2.4604609795955312,-0.27921511400751103,2.2955555326677333
14602.178736919,-2.4604609795955312,-0.27921511400751103,2.2955555326677333
14602.183891866,-2.4604609795955312,-0.27921511400751103,2.2955555326677333
14602.190265471,-2.4604609795955312,-0.27921511400751103,2.2955555326677333
14602.198969332,-2.4604609795955312,-0.27921511400751103,2.2955555326677333
14602.211129932,-2.4604609795955312,-0.27921511400751103,2.2955555326677333
14602.221129467,-2.4604609795955312,-0.27921511400751103,2.2955555326677333
14602.227520867,-2.4604609795955312,-0.27921511400751103,2.2955555326677333
14602.228028088,-2.4641256999560373,-0.2748891322789559,2.251702011320687
14602.228294602,-2.4641256999560373,-0.2748891322789559,2.251702011320687
14602.238808001,-2.4641256999560373,-0.2748891322789559,2.251702011320687
14602.251383167,-2.4641256999560373,-0.2748891322789559,2.251702011320687
14602.257710284,-2.4641256999560373,-0.2748891322789559,2.251702011320687
14602.268761442,-2.4641256999560373,-0.2748891322789559,2.251702011320687
14602.269064867,-2.471477380643186,-0.26691416653922195,2.219011260901248
14602.27071902,-2.471477380643186,-0.26691416653922195,2.219011260901248
14602.27983376,-2.471477380643186,-0.26691416653922195,2.219011260901248
14602.288910537,-2.471477380643186,-0.26691416653922195,2.219011260901248
14602.3010995,-2.471477380643186,-0.26691416653922195,2.219011260901248
14602.309773615,-2.471477380643186,-0.26691416653922195,2.219011260901248
14602.322028022,-2.471477380643186,-0.26691416653922195,2.219011260901248
14602.330281519,-2.471477380643186,-0.26691416653922195,2.219011260901248
14602.332756399,-2.4792053313264915,-0.25952334225565554,2.166403989543359
14602.333361505,-2.4792053313264915,-0.25952334225565554,2.166403989543359
14602.34286993,-2.4792053313264915,-0.25952334225565554,2.166403989543359
14602.348791379,-2.4792053313264915,-0.25952334225565554,2.166403989543359
14602.361593384,-2.4792053313264915,-0.25952334225565554,2.166403989543359
14602.373900181,-2.4792053313264915,-0.25952334225565554,2.166403989543359
14602.374490539,-2.4838180075811325,-0.25287804933448577,2.1311031621494525
14602.375276548,-2.4838180075811325,-0.25287804933448577,2.1311031621494525
14602.378985345,-2.4838180075811325,-0.25287804933448577,2.1311031621494525
14602.387312111,-2.4838180075811325,-0.25287804933448577,2.1311031621494525
14602.399567671,-2.4838180075811325,-0.25287804933448577,2.1311031621494525
14602.410189345,-2.4838180075811325,-0.25287804933448577,2.1311031621494525
14602.421044602,-2.4863755751939447,-0.24865681305170978,2.0999548476734398
14602.424256086,-2.4863755751939447,-0.24865681305170978,2.0999548476734398
14602.424732759,-2.4863755751939447,-0.24865681305170978,2.0999548476734398
14602.432712849,-2.4863755751939447,-0.24865681305170978,2.0999548476734398
14602.43654,-2.4863755751939447,-0.24865681305170978,2.0999548476734398
14602.447845058,-2.4863755751939447,-0.24865681305170978,2.0999548476734398
14602.459093039,-2.4863755751939447,-0.24865681305170978,2.0999548476734398
14602.472670283,-2.4863755751939447,-0.24865681305170978,2.0999548476734398
14602.478821778,-2.4863755751939447,-0.24865681305170978,2.0999548476734398
14602.480418032,-2.4887707767691625,-0.24434137596339517,2.0550330322780854
14602.492151413,-2.4887707767691625,-0.24434137596339517,2.0550330322780854
14602.499619001,-2.4887707767691625,-0.24434137596339517,2.0550330322780854
14602.500891953,-2.4887707767691625,-0.24434137596339517,2.0550330322780854
14602.511432253,-2.4887707767691625,-0.24434137596339517,2.0550330322780854
14602.520650007,-2.4887707767691625,-0.24434137596339517,2.0550330322780854
14602.526857969,-2.492010889708127,-0.2379531718479509,2.0253455680408714
14602.528006795,-2.492010889708127,-0.2379531718479509,2.0253455680408714
14602.529738877,-2.492010889708127,-0.2379531718479509,2.0253455680408714
14602.54251853,-2.492010889708127,-0.2379531718479509,2.0253455680408714
14602.549107303,-2.492010889708127,-0.2379531718479509,2.0253455680408714
14602.560032022,-2.492010889708127,-0.2379531718479509,2.0253455680408714
14602.565254567,-2.492596325805118,-0.23671432711827423,1.9945190858565198
14602.566144252,-2.492596325805118,-0.23671432711827423,1.9945190858565198
14602.575218094,-2.492596325805118,-0.23671432711827423,1.9945190858565198
14602.57658282,-2.492596325805118,-0.23671432711827423,1.9945190858565198
14602.590045026,-2.492596325805118,-0.23671432711827423,1.9945190858565198
14602.600006399,-2.492596325805118,-0.23671432711827423,1.9945190858565198
14602.609923549,-2.492596325805118,-0.23671432711827423,1.9945190858565198
14602.622909642,-2.492596325805118,-0.23671432711827423,1.9945190858565198
14602.628196129,-2.492596325805118,-0.23671432711827423,1.9945190858565198
14602.632209422,-2.490097488809376,-0.24149542805028756,1.9471037196199883
14602.63277302,-2.490097488809376,-0.24149542805028756,1.9471037196199883
14602.639514192,-2.490097488809376,-0.24149542805028756,1.9471037196199883
14602.648499867,-2.490097488809376,-0.24149542805028756,1.9471037196199883
14602.659034205,-2.490097488809376,-0.24149542805028756,1.9471037196199883
14602.666815518,-2.4921164008081647,-0.23586872881918647,1.9209034396776188
14602.667471761,-2.4921164008081647,-0.23586872881918647,1.9209034396776188
14602.672404597,-2.4921164008081647,-0.23586872881918647,1.9209034396776188
14602.68003829,-2.4921164008081647,-0.23586872881918647,1.9209034396776188
14602.692881293,-2.4921164008081647,-0.23586872881918647,1.9209034396776188
14602.698985258,-2.4921164008081647,-0.23586872881918647,1.9209034396776188
14602.710119553,-2.4921164008081647,-0.23586872881918647,1.9209034396776188
14602.718611132,-2.4921164008081647,-0.23586872881918647,1.9209034396776188
14602.728834752,-2.4921164008081647,-0.23586872881918647,1.9209034396776188
14602.739920675,-2.4921164008081647,-0.23586872881918647,1.9209034396776188
14602.749990153,-2.4921164008081647,-0.23586872881918647,1.9209034396776188
14602.753143348,-2.4921164008081647,-0.23586872881918647,1.9209034396776188
14602.753934006,-2.49350739975896,-0.23182370972666122,1.883112902797125
14602.760564528,-2.49350739975896,-0.23182370972666122,1.883112902797125
14602.770809108,-2.49350739975896,-0.23182370972666122,1.883112902797125
14602.771793803,-2.495286661885578,-0.22604204035406938,1.8555682851442334
14602.783548834,-2.495286661885578,-0.22604204035406938,1.8555682851442334
14602.78476567,-2.495286661885578,-0.22604204035406938,1.8555682851442334
14602.787335248,-2.495286661885578,-0.22604204035406938,1.8555682851442334
14602.79877344,-2.495286661885578,-0.22604204035406938,1.8555682851442334
14602.808836926,-2.495286661885578,-0.22604204035406938,1.8555682851442334
14602.822087782,-2.495286661885578,-0.22604204035406938,1.8555682851442334
14602.824622845,-2.495286661885578,-0.22604204035406938,1.8555682851442334
14602.824871787,-2.49620154305563,-0.2227761316164592,1.8322840882905955
14602.8297613,-2.49620154305563,-0.2227761316164592,1.8322840882905955
14602.844010989,-2.49620154305563,-0.2227761316164592,1.8322840882905955
14602.848848033,-2.49620154305563,-0.2227761316164592,1.8322840882905955
14602.858934803,-2.49620154305563,-0.2227761316164592,1.8322840882905955
14602.865322105,-2.497765543837172,-0.22093850348052643,1.8104442943814234
14602.867256079,-2.497765543837172,-0.22093850348052643,1.8104442943814234
14602.871760143,-2.497765543837172,-0.22093850348052643,1.8104442943814234
14602.879066205,-2.497765543837172,-0.22093850348052643,1.8104442943814234
14602.887321846,-2.497765543837172,-0.22093850348052643,1.8104442943814234
14602.899436229,-2.497765543837172,-0.22093850348052643,1.8104442943814234
14602.910101566,-2.497765543837172,-0.22093850348052643,1.8104442943814234
14602.919437894,-2.497765543837172,-0.22093850348052643,1.8104442943814234
14602.930272352,-2.497765543837172,-0.22093850348052643,1.8104442943814234
14602.940133094,-2.497765543837172,-0.22093850348052643,1.8104442943814234
14602.950669557,-2.497765543837172,-0.22093850348052643,1.8104442943814234
14602.958772288,-2.497765543837172,-0.22093850348052643,1.8104442943814234
14602.965129353,-2.4998091915593523,-0.22027099866826536,1.7796334695794858
14602.966082118,-2.4998091915593523,-0.22027099866826536,1.7796334695794858
14602.97158865,-2.4998091915593523,-0.22027099866826536,1.7796334695794858
14602.972706989,-2.501340068660606,-0.21522280526804277,1.7597064494050318
14602.975363342,-2.501340068660606,-0.21522280526804277,1.7597064494050318
14602.978957592,-2.501340068660606,-0.21522280526804277,1.7597064494050318
14602.990099622,-2.501340068660606,-0.21522280526804277,1.7597064494050318
14603.00132993,-2.501340068660606,-0.21522280526804277,1.7597064494050318
14603.012174336,-2.501340068660606,-0.21522280526804277,1.7597064494050318
14603.020409949,-2.501340068660606,-0.21522280526804277,1.7597064494050318
14603.028820684,-2.501340068660606,-0.21522280526804277,1.7597064494050318
14603.037956824,-2.501340068660606,-0.21522280526804277,1.7597064494050318
14603.048419447,-2.501340068660606,-0.21522280526804277,1.7597064494050318
14603.053004424,-2.502057820771534,-0.2111600780060046,1.7316126345551783
14603.053521443,-2.502057820771534,-0.2111600780060046,1.7316126345551783
14603.063864229,-2.502057820771534,-0.2111600780060046,1.7316126345551783
14603.068107559,-2.5029598004228677,-0.20522964576255626,1.711853337184268
14603.07106427,-2.5029598004228677,-0.20522964576255626,1.711853337184268
14603.07165545,-2.5029598004228677,-0.20522964576255626,1.711853337184268
14603.07830031,-2.5029598004228677,-0.20522964576255626,1.711853337184268
14603.08694057,-2.5029598004228677,-0.20522964576255626,1.711853337184268
14603.099673835,-2.5029598004228677,-0.20522964576255626,1.711853337184268
14603.108054784,-2.5029598004228677,-0.20522964576255626,1.711853337184268
14603.117752808,-2.5029598004228677,-0.20522964576255626,1.711853337184268
14603.130793615,-2.5029598004228677,-0.20522964576255626,1.711853337184268
14603.132591441,-2.5034555867047823,-0.20133794279424402,1.6831656216538722
14603.132965019,-2.5034555867047823,-0.20133794279424402,1.6831656216538722
14603.139164115,-2.5034555867047823,-0.20133794279424402,1.6831656216538722
14603.147652357,-2.5034555867047823,-0.20133794279424402,1.6831656216538722
14603.158387846,-2.5034555867047823,-0.20133794279424402,1.6831656216538722
14603.170163096,-2.5034555867047823,-0.20133794279424402,1.6831656216538722
14603.17083022,-2.5058534208459697,-0.1951892465257129,1.6643819592508764
14603.176555828,-2.5058534208459697,-0.1951892465257129,1.6643819592508764
14603.178007799,-2.5058534208459697,-0.1951892465257129,1.6643819592508764
14603.186677595,-2.5058534208459697,-0.1951892465257129,1.6643819592508764
14603.196429933,-2.5058534208459697,-0.1951892465257129,1.6643819592508764
14603.209963594,-2.5058534208459697,-0.1951892465257129,1.6643819592508764
14603.218041459,-2.5058534208459697,-0.1951892465257129,1.6643819592508764
14603.222975176,-2.5107719244033535,-0.1907037755175505,1.646172658841424
14603.22360011,-2.5107719244033535,-0.1907037755175505,1.646172658841424
14603.231259071,-2.5107719244033535,-0.1907037755175505,1.646172658841424
14603.239782019,-2.5107719244033535,-0.1907037755175505,1.646172658841424
14603.247590614,-2.5107719244033535,-0.1907037755175505,1.646172658841424
14603.260151031,-2.5107719244033535,-0.1907037755175505,1.646172658841424
14603.271501807,-2.5107719244033535,-0.1907037755175505,1.646172658841424
14603.278440333,-2.5107719244033535,-0.1907037755175505,1.646172658841424
14603.289557265,-2.5107719244033535,-0.1907037755175505,1.646172658841424
14603.298315659,-2.5107719244033535,-0.1907037755175505,1.646172658841424
14603.308574366,-2.5107719244033535,-0.1907037755175505,1.646172658841424
14603.313026671,-2.5133864321793795,-0.18650743016048843,1.6111983029699872
14603.31503705,-2.5133864321793795,-0.18650743016048843,1.6111983029699872
14603.326462948,-2.5133864321793795,-0.18650743016048843,1.6111983029699872
14603.32919306,-2.5133864321793795,-0.18650743016048843,1.6111983029699872
14603.329689631,-2.5135447969109954,-0.18116922386768117,1.589709517226274
14603.330184399,-2.5135447969109954,-0.18116922386768117,1.589709517226274
14603.340937221,-2.5135447969109954,-0.18116922386768117,1.589709517226274
14603.349007311,-2.5135447969109954,-0.18116922386768117,1.589709517226274
14603.360731674,-2.5135447969109954,-0.18116922386768117,1.589709517226274
14603.369243752,-2.5135447969109954,-0.18116922386768117,1.589709517226274
14603.369664038,-2.5135760807411573,-0.17757524255671353,1.5692917077398851
14603.369984776,-2.5135760807411573,-0.17757524255671353,1.5692917077398851
14603.382737638,-2.5135760807411573,-0.17757524255671353,1.5692917077398851
14603.393550674,-2.5135760807411573,-0.17757524255671353,1.5692917077398851
14603.401023733,-2.5135760807411573,-0.17757524255671353,1.5692917077398851
14603.40846929,-2.5135760807411573,-0.17757524255671353,1.5692917077398851
14603.421555243,-2.5135760807411573,-0.17757524255671353,1.5692917077398851
14603.424293471,-2.513530032232337,-0.1745889365762589,1.54146361039644
14603.424961316,-2.513530032232337,-0.1745889365762589,1.54146361039644
14603.431068848,-2.513530032232337,-0.1745889365762589,1.54146361039644
14603.437135131,-2.513530032232337,-0.1745889365762589,1.54146361039644
14603.447252169,-2.513530032232337,-0.1745889365762589,1.54146361039644
14603.458689348,-2.513530032232337,-0.1745889365762589,1.54146361039644
14603.47106725,-2.513530032232337,-0.1745889365762589,1.54146361039644
14603.472612037,-2.513354678813076,-0.16998573038271697,1.5239783494329993
14603.474485096,-2.513354678813076,-0.16998573038271697,1.5239783494329993
14603.480292719,-2.513354678813076,-0.16998573038271697,1.5239783494329993
14603.488166597,-2.513354678813076,-0.16998573038271697,1.5239783494329993
14603.502150702,-2.513354678813076,-0.16998573038271697,1.5239783494329993
14603.512135249,-2.513354678813076,-0.16998573038271697,1.5239783494329993
14603.520894955,-2.513354678813076,-0.16998573038271697,1.5239783494329993
14603.527604087,-2.513354678813076,-0.16998573038271697,1.5239783494329993
14603.531412973,-2.513186666214255,-0.16710520782295035,1.501092073187883
14603.531812571,-2.513186666214255,-0.16710520782295035,1.501092073187883
14603.54066384,-2.513186666214255,-0.16710520782295035,1.501092073187883
14603.548518142,-2.513186666214255,-0.16710520782295035,1.501092073187883
14603.556894111,-2.513186666214255,-0.16710520782295035,1.501092073187883
14603.572776602,-2.513186666214255,-0.16710520782295035,1.501092073187883
14603.574206081,-2.5127052464903747,-0.16622032648231097,1.482298590712929
14603.575070228,-2.5127052464903747,-0.16622032648231097,1.482298590712929
14603.579529216,-2.5127052464903747,-0.16622032648231097,1.482298590712929
14603.587272367,-2.5127052464903747,-0.16622032648231097,1.482298590712929
14603.599550199,-2.5127052464903747,-0.16622032648231097,1.482298590712929
14603.607896101,-2.5127052464903747,-0.16622032648231097,1.482298590712929
14603.618872086,-2.5127052464903747,-0.16622032648231097,1.482298590712929
14603.629969522,-2.5127052464903747,-0.16622032648231097,1.482298590712929
14603.632283596,-2.5127052464903747,-0.16622032648231097,1.482298590712929
14603.632730774,-2.512040221473892,-0.17221883616122274,1.4633699974274799
14603.638982688,-2.512040221473892,-0.17221883616122274,1.4633699974274799
14603.651646171,-2.512040221473892,-0.17221883616122274,1.4633699974274799
14603.659095585,-2.512040221473892,-0.17221883616122274,1.4633699974274799
14603.668032768,-2.512040221473892,-0.17221883616122274,1.4633699974274799
14603.681034822,-2.512040221473892,-0.17221883616122274,1.4633699974274799
14603.681482781,-2.5115149960911443,-0.1739302158640696,1.4323998038844303
14603.690609753,-2.5115149960911443,-0.1739302158640696,1.4323998038844303
14603.69178018,-2.5115149960911443,-0.1739302158640696,1.4323998038844303
14603.701119595,-2.5115149960911443,-0.1739302158640696,1.4323998038844303
14603.707928696,-2.5115149960911443,-0.1739302158640696,1.4323998038844303
14603.719221913,-2.5115149960911443,-0.1739302158640696,1.4323998038844303
14603.725014658,-2.510933449656172,-0.17005040146452943,1.4116275851802083
14603.725884736,-2.510933449656172,-0.17005040146452943,1.4116275851802083
14603.734844883,-2.510933449656172,-0.17005040146452943,1.4116275851802083
14603.743110182,-2.510933449656172,-0.17005040146452943,1.4116275851802083
14603.751072147,-2.510933449656172,-0.17005040146452943,1.4116275851802083
14603.760945203,-2.510933449656172,-0.17005040146452943,1.4116275851802083
14603.77020656,-2.510933449656172,-0.17005040146452943,1.4116275851802083
14603.770646674,-2.510488024348597,-0.16745605000302893,1.389899784810945
14603.771782426,-2.510488024348597,-0.16745605000302893,1.389899784810945
14603.781873885,-2.510488024348597,-0.16745605000302893,1.389899784810945
14603.791064278,-2.510488024348597,-0.16745605000302893,1.389899784810945
14603.79876652,-2.510488024348597,-0.16745605000302893,1.389899784810945
14603.811460841,-2.510488024348597,-0.16745605000302893,1.389899784810945
14603.818608794,-2.510488024348597,-0.16745605000302893,1.389899784810945
14603.830557543,-2.510488024348597,-0.16745605000302893,1.389899784810945
14603.832325492,-2.510488024348597,-0.16745605000302893,1.389899784810945
14603.832802736,-2.510014039692029,-0.1650471012368601,1.3631364648417679
14603.837578986,-2.510014039692029,-0.1650471012368601,1.3631364648417679
14603.848266744,-2.510014039692029,-0.1650471012368601,1.3631364648417679
14603.859789887,-2.510014039692029,-0.1650471012368601,1.3631364648417679
14603.87412156,-2.510014039692029,-0.1650471012368601,1.3631364648417679
14603.874706208,-2.509325569282058,-0.16190723764427664,1.3467529361323556
14603.8779427,-2.509325569282058,-0.16190723764427664,1.3467529361323556
14603.878419102,-2.509325569282058,-0.16190723764427664,1.3467529361323556
14603.888880133,-2.509325569282058,-0.16190723764427664,1.3467529361323556
14603.898732429,-2.509325569282058,-0.16190723764427664,1.3467529361323556
14603.912712757,-2.509325569282058,-0.16190723764427664,1.3467529361323556
14603.91938024,-2.509325569282058,-0.16190723764427664,1.3467529361323556
14603.923400997,-2.508843618790802,-0.15986248103054823,1.3318880145625323
14603.92565651,-2.508843618790802,-0.15986248103054823,1.3318880145625323
14603.935682607,-2.508843618790802,-0.15986248103054823,1.3318880145625323
14603.943284039,-2.508843618790802,-0.15986248103054823,1.3318880145625323
14603.94882693,-2.508843618790802,-0.15986248103054823,1.3318880145625323
14603.960701719,-2.508843618790802,-0.15986248103054823,1.3318880145625323
14603.969160956,-2.508843618790802,-0.15986248103054823,1.3318880145625323
14603.969584077,-2.508288231787444,-0.15765326055395826,1.3171222751216134
14603.973728459,-2.508288231787444,-0.15765326055395826,1.3171222751216134
14603.980835024,-2.508288231787444,-0.15765326055395826,1.3171222751216134
14603.987394,-2.508288231787444,-0.15765326055395826,1.3171222751216134
14603.999089569,-2.508288231787444,-0.15765326055395826,1.3171222751216134
14604.010856964,-2.508288231787444,-0.15765326055395826,1.3171222751216134
14604.018949607,-2.508288231787444,-0.15765326055395826,1.3171222751216134
14604.028322435,-2.508288231787444,-0.15765326055395826,1.3171222751216134
14604.028919886,-2.507708311081256,-0.15550274033045436,1.297670656927034
14604.029209345,-2.507708311081256,-0.15550274033045436,1.297670656927034
14604.038977953,-2.507708311081256,-0.15550274033045436,1.297670656927034
14604.047455164,-2.507708311081256,-0.15550274033045436,1.297670656927034
14604.058717682,-2.507708311081256,-0.15550274033045436,1.297670656927034
14604.071276457,-2.5049776665416026,-0.1501487432931402,1.2872546896300316
14604.076489374,-2.5049776665416026,-0.1501487432931402,1.2872546896300316
14604.076966247,-2.5049776665416026,-0.1501487432931402,1.2872546896300316
14604.079161567,-2.5049776665416026,-0.1501487432931402,1.2872546896300316
14604.087486098,-2.5049776665416026,-0.1501487432931402,1.2872546896300316
14604.097878508,-2.5049776665416026,-0.1501487432931402,1.2872546896300316
14604.109527749,-2.5049776665416026,-0.1501487432931402,1.2872546896300316
14604.122205609,-2.5049776665416026,-0.1501487432931402,1.2872546896300316
14604.129709016,-2.5049776665416026,-0.1501487432931402,1.2872546896300316
14604.131019709,-2.5049776665416026,-0.1501487432931402,1.2872546896300316
14604.131511,-2.4995932198078665,-0.14215139182507808,1.275860825592816
14604.140204882,-2.4995932198078665,-0.14215139182507808,1.275860825592816
14604.149628696,-2.4995932198078665,-0.14215139182507808,1.275860825592816
14604.160465779,-2.4995932198078665,-0.14215139182507808,1.275860825592816
14604.170490302,-2.4995932198078665,-0.14215139182507808,1.275860825592816
14604.171496969,-2.4962399392140453,-0.13635201048705553,1.2675364475734117
14604.172577446,-2.4962399392140453,-0.13635201048705553,1.2675364475734117
14604.178628551,-2.4962399392140453,-0.13635201048705553,1.2675364475734117
14604.188980284,-2.4962399392140453,-0.13635201048705553,1.2675364475734117
14604.199949196,-2.4962399392140453,-0.13635201048705553,1.2675364475734117
14604.208508031,-2.4962399392140453,-0.13635201048705553,1.2675364475734117
14604.227517598,-2.4962399392140453,-0.13635201048705553,1.2675364475734117
14604.228641778,-2.4962399392140453,-0.13635201048705553,1.2675364475734117
14604.228857837,-2.4962399392140453,-0.13635201048705553,1.2675364475734117
14604.229099084,-2.495725895737441,-0.13473598104314383,1.258116648722399
14604.243709505,-2.495725895737441,-0.13473598104314383,1.258116648722399
14604.248692737,-2.495725895737441,-0.13473598104314383,1.258116648722399
14604.262067357,-2.495725895737441,-0.13473598104314383,1.258116648722399
14604.268765087,-2.495725895737441,-0.13473598104314383,1.258116648722399
14604.277156105,-2.495199046745518,-0.13315073087460108,1.2417555313594222
14604.279552525,-2.495199046745518,-0.13315073087460108,1.2417555313594222
14604.288886159,-2.495199046745518,-0.13315073087460108,1.2417555313594222
14604.292643387,-2.495199046745518,-0.13315073087460108,1.2417555313594222
14604.298342135,-2.495199046745518,-0.13315073087460108,1.2417555313594222
14604.308076958,-2.495199046745518,-0.13315073087460108,1.2417555313594222
14604.320947543,-2.495199046745518,-0.13315073087460108,1.2417555313594222
14604.322794122,-2.494417525123626,-0.13090354639318907,1.2304490070826888
14604.323246519,-2.494417525123626,-0.13090354639318907,1.2304490070826888
14604.330301716,-2.494417525123626,-0.13090354639318907,1.2304490070826888
14604.338077699,-2.494417525123626,-0.13090354639318907,1.2304490070826888
14604.3492782,-2.494417525123626,-0.13090354639318907,1.2304490070826888
14604.359200078,-2.494417525123626,-0.13090354639318907,1.2304490070826888
14604.36611003,-2.494417525123626,-0.13090354639318907,1.2304490070826888
14604.366661214,-2.493817495762741,-0.12923649633321677,1.2201478939540265
14604.370109828,-2.493817495762741,-0.12923649633321677,1.2201478939540265
14604.380890333,-2.493817495762741,-0.12923649633321677,1.2201478939540265
14604.390326611,-2.493817495762741,-0.12923649633321677,1.2201478939540265
14604.397541598,-2.493817495762741,-0.12923649633321677,1.2201478939540265
14604.409121431,-2.493817495762741,-0.12923649633321677,1.2201478939540265
14604.421341033,-2.493817495762741,-0.12923649633321677,1.2201478939540265
14604.426030528,-2.493817495762741,-0.12923649633321677,1.2201478939540265
14604.42714026,-2.493817495762741,-0.12923649633321677,1.2201478939540265
14604.427488049,-2.4932487951540434,-0.12771972227115586,1.2040070753581407
14604.437112534,-2.4932487951540434,-0.12771972227115586,1.2040070753581407
14604.447627536,-2.4932487951540434,-0.12771972227115586,1.2040070753581407
14604.457966875,-2.4932487951540434,-0.12771972227115586,1.2040070753581407
14604.46944375,-2.4932487951540434,-0.12771972227115586,1.2040070753581407
14604.469713881,-2.4923468999116327,-0.1254090505941284,1.193322585154283
14604.471740942,-2.4923468999116327,-0.1254090505941284,1.193322585154283
14604.480214005,-2.4923468999116327,-0.1254090505941284,1.193322585154283
14604.488943885,-2.4923468999116327,-0.1254090505941284,1.193322585154283
14604.498998285,-2.4923468999116327,-0.1254090505941284,1.193322585154283
14604.511463241,-2.4923468999116327,-0.1254090505941284,1.193322585154283
14604.517928407,-2.4923468999116327,-0.1254090505941284,1.193322585154283
14604.533190947,-2.4923468999116327,-0.1254090505941284,1.193322585154283
14604.533689592,-2.4923468999116327,-0.1254090505941284,1.193322585154283
14604.534054042,-2.4918077814144155,-0.12407085746209122,1.1823131304271104
14604.538663896,-2.4918077814144155,-0.12407085746209122,1.1823131304271104
14604.549308494,-2.4918077814144155,-0.12407085746209122,1.1823131304271104
14604.558518594,-2.4918077814144155,-0.12407085746209122,1.1823131304271104
14604.571023125,-2.4918077814144155,-0.12407085746209122,1.1823131304271104
14604.573104098,-2.4909667827863604,-0.12203575152699904,1.1755342941768052
14604.573775781,-2.4909667827863604,-0.12203575152699904,1.1755342941768052
14604.578704198,-2.4909667827863604,-0.12203575152699904,1.1755342941768052
14604.588873726,-2.4909667827863604,-0.12203575152699904,1.1755342941768052
14604.598026587,-2.4909667827863604,-0.12203575152699904,1.1755342941768052
14604.609181331,-2.4909667827863604,-0.12203575152699904,1.1755342941768052
14604.620833047,-2.4909667827863604,-0.12203575152699904,1.1755342941768052
14604.633435694,-2.4909667827863604,-0.12203575152699904,1.1755342941768052
14604.6337079,-2.4905310555200533,-0.1210108597943338,1.1620719891078357
14604.634067061,-2.4905310555200533,-0.1210108597943338,1.1620719891078357
14604.642202504,-2.4905310555200533,-0.1210108597943338,1.1620719891078357
14604.649289692,-2.4905310555200533,-0.1210108597943338,1.1620719891078357
14604.657799896,-2.4905310555200533,-0.1210108597943338,1.1620719891078357
14604.669716614,-2.4905310555200533,-0.1210108597943338,1.1620719891078357
14604.67081771,-2.4900241422379326,-0.11913241473317947,1.1506422461389796
14604.673695913,-2.4900241422379326,-0.11913241473317947,1.1506422461389796
14604.680919509,-2.4900241422379326,-0.11913241473317947,1.1506422461389796
14604.687388565,-2.4900241422379326,-0.11913241473317947,1.1506422461389796
14604.700857234,-2.4900241422379326,-0.11913241473317947,1.1506422461389796
14604.712138017,-2.4900241422379326,-0.11913241473317947,1.1506422461389796
14604.718868959,-2.4900241422379326,-0.11913241473317947,1.1506422461389796
14604.722405059,-2.4900241422379326,-0.11913241473317947,1.1506422461389796
14604.723608149,-2.4894741755545264,-0.11421080453141211,1.129732110047387
14604.73108798,-2.4894741755545264,-0.11421080453141211,1.129732110047387
14604.738459687,-2.4894741755545264,-0.11421080453141211,1.129732110047387
14604.748438733,-2.4894741755545264,-0.11421080453141211,1.129732110047387
14604.758854498,-2.4894741755545264,-0.11421080453141211,1.129732110047387
14604.767822068,-2.4891155742136477,-0.1117201856642532,1.1052427409784353
14604.769445023,-2.4891155742136477,-0.1117201856642532,1.1052427409784353
14604.771047499,-2.4891155742136477,-0.1117201856642532,1.1052427409784353
14604.780140847,-2.4891155742136477,-0.1117201856642532,1.1052427409784353
14604.789263832,-2.4891155742136477,-0.1117201856642532,1.1052427409784353
14604.800531059,-2.4891155742136477,-0.1117201856642532,1.1052427409784353
14604.810338191,-2.4891155742136477,-0.1117201856642532,1.1052427409784353
14604.818609151,-2.4891155742136477,-0.1117201856642532,1.1052427409784353
14604.821519796,-2.4891155742136477,-0.1117201856642532,1.1052427409784353
14604.822724959,-2.4890563028560324,-0.11160837029290159,1.061504137386517
14604.829513701,-2.4890563028560324,-0.11160837029290159,1.061504137386517
14604.837964312,-2.4890563028560324,-0.11160837029290159,1.061504137386517
14604.847147581,-2.4890563028560324,-0.11160837029290159,1.061504137386517
14604.857987378,-2.4890563028560324,-0.11160837029290159,1.061504137386517
14604.867033007,-2.4889672900368796,-0.11145517881340512,1.0273413776056328
14604.868742916,-2.4889672900368796,-0.11145517881340512,1.0273413776056328
14604.871170475,-2.4889672900368796,-0.11145517881340512,1.0273413776056328
14604.87858337,-2.4889672900368796,-0.11145517881340512,1.0273413776056328
14604.890803212,-2.4889672900368796,-0.11145517881340512,1.0273413776056328
14604.898758204,-2.4889672900368796,-0.11145517881340512,1.0273413776056328
14604.911538819,-2.4889672900368796,-0.11145517881340512,1.0273413776056328
14604.91965746,-2.4889672900368796,-0.11145517881340512,1.0273413776056328
14604.929772034,-2.4889672900368796,-0.11145517881340512,1.0273413776056328
14604.930333007,-2.4889946089966863,-0.11149779568578838,0.9741553186075249
14604.930606284,-2.4889946089966863,-0.11149779568578838,0.9741553186075249
14604.938450797,-2.4889946089966863,-0.11149779568578838,0.9741553186075249
14604.947267692,-2.4889946089966863,-0.11149779568578838,0.9741553186075249
14604.959265092,-2.4889946089966863,-0.11149779568578838,0.9741553186075249
14604.969103753,-2.4889946089966863,-0.11149779568578838,0.9741553186075249
14604.973663933,-2.4889653666261933,-0.11145647490234285,0.935698401798443
14604.974136939,-2.4889653666261933,-0.11145647490234285,0.935698401798443
14604.981618213,-2.4889653666261933,-0.11145647490234285,0.935698401798443
14604.987190781,-2.4889653666261933,-0.11145647490234285,0.935698401798443
14604.999960345,-2.4889653666261933,-0.11145647490234285,0.935698401798443
14605.010015376,-2.4889653666261933,-0.11145647490234285,0.935698401798443
14605.021013874,-2.4889653666261933,-0.11145647490234285,0.935698401798443
14605.029291758,-2.4889653666261933,-0.11145647490234285,0.935698401798443
14605.030296632,-2.4890435891091673,-0.11155595864102116,0.8732513307230035
14605.030774277,-2.4890435891091673,-0.11155595864102116,0.8732513307230035
14605.03842381,-2.4890435891091673,-0.11155595864102116,0.8732513307230035
14605.048519106,-2.4890435891091673,-0.11155595864102116,0.8732513307230035
14605.057856758,-2.4890435891091673,-0.11155595864102116,0.8732513307230035
14605.069900656,-2.4890435891091673,-0.11155595864102116,0.8732513307230035
14605.070197819,-2.4890934840254713,-0.11161319652117456,0.8344124673502006
14605.070706483,-2.4890934840254713,-0.11161319652117456,0.8344124673502006
14605.077665298,-2.4890934840254713,-0.11161319652117456,0.8344124673502006
14605.08995352,-2.4890934840254713,-0.11161319652117456,0.8344124673502006
14605.10117465,-2.4890934840254713,-0.11161319652117456,0.8344124673502006
14605.108808813,-2.4890934840254713,-0.11161319652117456,0.8344124673502006
14605.126146251,-2.4890934840254713,-0.11161319652117456,0.8344124673502006
14605.13213099,-2.4890934840254713,-0.11161319652117456,0.8344124673502006
14605.132731628,-2.4890934840254713,-0.11161319652117456,0.8344124673502006
14605.136540645,-2.489093484025471,-0.1116131965211742,0.7938875077859919
14605.137431483,-2.489093484025471,-0.1116131965211742,0.7938875077859919
14605.152675525,-2.489093484025471,-0.1116131965211742,0.7938875077859919
14605.166002515,-2.489093484025471,-0.1116131965211742,0.7938875077859919
14605.170018042,-2.489093484025471,-0.1116131965211742,0.7938875077859919
14605.180752541,-2.4890751962457016,-0.11159569829397155,0.7327896474496878
14605.183852845,-2.4890751962457016,-0.11159569829397155,0.7327896474496878
14605.184186246,-2.4890751962457016,-0.11159569829397155,0.7327896474496878
14605.190235748,-2.4890751962457016,-0.11159569829397155,0.7327896474496878
14605.20156362,-2.4890751962457016,-0.11159569829397155,0.7327896474496878
14605.212550817,-2.4890751962457016,-0.11159569829397155,0.7327896474496878
14605.220819032,-2.4890751962457016,-0.11159569829397155,0.7327896474496878
14605.233013636,-2.4890943395246627,-0.11161225624416939,0.6934276937143364
14605.239014456,-2.4890943395246627,-0.11161225624416939,0.6934276937143364
14605.239750871,-2.4890943395246627,-0.11161225624416939,0.6934276937143364
14605.248082717,-2.4890943395246627,-0.11161225624416939,0.6934276937143364
14605.249382479,-2.4890943395246627,-0.11161225624416939,0.6934276937143364
14605.264083442,-2.4890943395246627,-0.11161225624416939,0.6934276937143364
14605.270276633,-2.4890943395246627,-0.11161225624416939,0.6934276937143364
14605.270734621,-2.4894040429707553,-0.11306232693731363,0.6535093555082951
14605.275737963,-2.4894040429707553,-0.11306232693731363,0.6535093555082951
14605.281165757,-2.4894040429707553,-0.11306232693731363,0.6535093555082951
14605.291326508,-2.4894040429707553,-0.11306232693731363,0.6535093555082951
14605.298408104,-2.4894040429707553,-0.11306232693731363,0.6535093555082951
14605.31004902,-2.4894040429707553,-0.11306232693731363,0.6535093555082951
14605.31912713,-2.4894040429707553,-0.11306232693731363,0.6535093555082951
14605.326561595,-2.4907786346350984,-0.12055338943819695,0.6026363980717513
14605.327046744,-2.4907786346350984,-0.12055338943819695,0.6026363980717513
14605.333112928,-2.4907786346350984,-0.12055338943819695,0.6026363980717513
14605.342856889,-2.4907786346350984,-0.12055338943819695,0.6026363980717513
14605.352424937,-2.4907786346350984,-0.12055338943819695,0.6026363980717513
14605.357862519,-2.4907786346350984,-0.12055338943819695,0.6026363980717513
14605.367290442,-2.4914455708867274,-0.12546981538992838,0.5695804808657255
14605.368778641,-2.4914455708867274,-0.12546981538992838,0.5695804808657255
14605.372374174,-2.4914455708867274,-0.12546981538992838,0.5695804808657255
14605.380247517,-2.4914455708867274,-0.12546981538992838,0.5695804808657255
14605.393121021,-2.4914455708867274,-0.12546981538992838,0.5695804808657255
14605.396953933,-2.4914455708867274,-0.12546981538992838,0.5695804808657255
14605.411047185,-2.4914455708867274,-0.12546981538992838,0.5695804808657255
14605.419873397,-2.4914455708867274,-0.12546981538992838,0.5695804808657255
14605.424604481,-2.4914672861855354,-0.1254828183373573,0.5094811175386996
14605.426239679,-2.4914672861855354,-0.1254828183373573,0.5094811175386996
14605.428074936,-2.4914672861855354,-0.1254828183373573,0.5094811175386996
14605.442352036,-2.4914672861855354,-0.1254828183373573,0.5094811175386996
14605.448169508,-2.4914672861855354,-0.1254828183373573,0.5094811175386996
14605.456290144,-2.4914672861855354,-0.1254828183373573,0.5094811175386996
14605.468732658,-2.4914672861855354,-0.1254828183373573,0.5094811175386996
14605.468948166,-2.4914002276719387,-0.12544719765022794,0.4670902941744416
14605.476548717,-2.4914002276719387,-0.12544719765022794,0.4670902941744416
14605.480019933,-2.4914002276719387,-0.12544719765022794,0.4670902941744416
14605.487199864,-2.4914002276719387,-0.12544719765022794,0.4670902941744416
14605.497408017,-2.4914002276719387,-0.12544719765022794,0.4670902941744416
14605.508733041,-2.4914002276719387,-0.12544719765022794,0.4670902941744416
14605.518006504,-2.4914002276719387,-0.12544719765022794,0.4670902941744416
14605.524145385,-2.491423067012586,-0.12545810614980185,0.424075529388675
14605.525213379,-2.491423067012586,-0.12545810614980185,0.424075529388675
14605.531074734,-2.491423067012586,-0.12545810614980185,0.424075529388675
14605.538573992,-2.491423067012586,-0.12545810614980185,0.424075529388675
14605.549587589,-2.491423067012586,-0.12545810614980185,0.424075529388675
14605.562604371,-2.491423067012586,-0.12545810614980185,0.424075529388675
14605.567976259,-2.491423067012586,-0.12545810614980185,0.424075529388675
14605.579404752,-2.491423067012586,-0.12545810614980185,0.424075529388675
14605.580124004,-2.49192836063655,-0.12655744975724634,0.3601485140569387
14605.580462025,-2.49192836063655,-0.12655744975724634,0.3601485140569387
14605.589077698,-2.49192836063655,-0.12655744975724634,0.3601485140569387
14605.598080896,-2.49192836063655,-0.12655744975724634,0.3601485140569387
14605.608341266,-2.49192836063655,-0.12655744975724634,0.3601485140569387
14605.619996358,-2.49192836063655,-0.12655744975724634,0.3601485140569387
14605.62165471,-2.4945703426405554,-0.13217706055491213,0.31416808374923544
14605.623091182,-2.4945703426405554,-0.13217706055491213,0.31416808374923544
14605.628835004,-2.4945703426405554,-0.13217706055491213,0.31416808374923544
14605.637772317,-2.4945703426405554,-0.13217706055491213,0.31416808374923544
14605.649711949,-2.4945703426405554,-0.13217706055491213,0.31416808374923544
14605.663857309,-2.4945703426405554,-0.13217706055491213,0.31416808374923544
14605.671188819,-2.4945703426405554,-0.13217706055491213,0.31416808374923544
14605.67671028,-2.496403152501356,-0.13612320190421298,0.2701569864208167
14605.678279634,-2.496403152501356,-0.13612320190421298,0.2701569864208167
14605.678817262,-2.496403152501356,-0.13612320190421298,0.2701569864208167
14605.692362967,-2.496403152501356,-0.13612320190421298,0.2701569864208167
14605.701155255,-2.496403152501356,-0.13612320190421298,0.2701569864208167
14605.710813394,-2.496403152501356,-0.13612320190421298,0.2701569864208167
14605.718673515,-2.496403152501356,-0.13612320190421298,0.2701569864208167
14605.729674939,-2.496403152501356,-0.13612320190421298,0.2701569864208167
14605.737656972,-2.496403152501356,-0.13612320190421298,0.2701569864208167
14605.752118001,-2.496403152501356,-0.13612320190421298,0.2701569864208167
14605.756854425,-2.496403152501356,-0.13612320190421298,0.2701569864208167
14605.768990498,-2.496403152501356,-0.13612320190421298,0.2701569864208167
14605.769663893,-2.49652615404561,-0.1361529742271826,0.20480478495902474
14605.771491877,-2.49652615404561,-0.1361529742271826,0.20480478495902474
14605.771990842,-2.496600797750664,-0.1361669024321372,0.16414392680472778
14605.784469164,-2.496600797750664,-0.1361669024321372,0.16414392680472778
14605.789321177,-2.496600797750664,-0.1361669024321372,0.16414392680472778
14605.792704277,-2.496600797750664,-0.1361669024321372,0.16414392680472778
14605.800081304,-2.496600797750664,-0.1361669024321372,0.16414392680472778
14605.807146189,-2.496600797750664,-0.1361669024321372,0.16414392680472778
14605.817791198,-2.496600797750664,-0.1361669024321372,0.16414392680472778
14605.830384197,-2.496600797750664,-0.1361669024321372,0.16414392680472778
14605.831583048,-2.496600797750664,-0.1361669024321372,0.10592973918265748
14605.831928933,-2.496600797750664,-0.1361669024321372,0.10592973918265748
14605.84231965,-2.496600797750664,-0.1361669024321372,0.10592973918265748
14605.848393057,-2.496600797750664,-0.1361669024321372,0.10592973918265748
14605.863050608,-2.496600797750664,-0.1361669024321372,0.10592973918265748
14605.871771801,-2.496600797750664,-0.1361669024321372,0.10592973918265748
14605.873043831,-2.4968086416391313,-0.13582139162810652,0.07046245530185993
14605.874614346,-2.4968086416391313,-0.13582139162810652,0.07046245530185993
14605.878034797,-2.4968086416391313,-0.13582139162810652,0.07046245530185993
14605.892332376,-2.4968086416391313,-0.13582139162810652,0.07046245530185993
14605.89979257,-2.4968086416391313,-0.13582139162810652,0.07046245530185993
14605.909079696,-2.4968086416391313,-0.13582139162810652,0.07046245530185993
14605.91877749,-2.4968086416391313,-0.13582139162810652,0.07046245530185993
14605.93003559,-2.4968086416391313,-0.13582139162810652,0.07046245530185993
14605.940313312,-2.4968086416391313,-0.13582139162810652,0.07046245530185993
14605.946447895,-2.4968086416391313,-0.13582139162810652,0.07046245530185993
14605.9594608,-2.4968086416391313,-0.13582139162810652,0.07046245530185993
14605.96344573,-2.5005037087455686,-0.13432705212925922,0.044236120375674245
14605.964184219,-2.5005037087455686,-0.13432705212925922,0.044236120375674245
14605.972131587,-2.502634630401377,-0.133251577927252,0.02086897221309211
14605.977191483,-2.502634630401377,-0.133251577927252,0.02086897221309211
14605.980012969,-2.502634630401377,-0.133251577927252,0.02086897221309211
14605.980288712,-2.502634630401377,-0.133251577927252,0.02086897221309211
14605.988287987,-2.502634630401377,-0.133251577927252,0.02086897221309211
14605.999640626,-2.502634630401377,-0.133251577927252,0.02086897221309211
14606.009817799,-2.502634630401377,-0.133251577927252,0.02086897221309211
14606.022019246,-2.502634630401377,-0.133251577927252,0.02086897221309211
14606.029396683,-2.502634630401377,-0.133251577927252,0.02086897221309211
14606.039420846,-2.502634630401377,-0.133251577927252,0.02086897221309211
14606.049058125,-2.502634630401377,-0.133251577927252,0.02086897221309211
14606.058703389,-2.502634630401377,-0.133251577927252,0.02086897221309211
14606.058993078,-2.5014703671484746,-0.13324345732496268,-0.006919428436932303
14606.05952214,-2.5014703671484746,-0.13324345732496268,-0.006919428436932303
14606.07072205,-2.5014703671484746,-0.13324345732496268,-0.006919428436932303
14606.072102716,-2.4995975367971806,-0.13326797217521685,-0.019258543579754567
14606.073148297,-2.4995975367971806,-0.13326797217521685,-0.019258543579754567
14606.082012822,-2.4995975367971806,-0.13326797217521685,-0.019258543579754567
14606.08739004,-2.4995975367971806,-0.13326797217521685,-0.019258543579754567
14606.099518399,-2.4995975367971806,-0.13326797217521685,-0.019258543579754567
14606.111288068,-2.4995975367971806,-0.13326797217521685,-0.019258543579754567
14606.119921495,-2.4995975367971806,-0.13326797217521685,-0.019258543579754567
14606.130236158,-2.4995975367971806,-0.13326797217521685,-0.019258543579754567
14606.138696918,-2.4995975367971806,-0.13326797217521685,-0.019258543579754567
14606.147316298,-2.4995975367971806,-0.13326797217521685,-0.019258543579754567
14606.155682509,-2.49858545314342,-0.13329435452621596,-0.03286437663334343
14606.156325588,-2.49858545314342,-0.13329435452621596,-0.03286437663334343
14606.158523873,-2.49858545314342,-0.13329435452621596,-0.03286437663334343
14606.169224687,-2.49858545314342,-0.13329435452621596,-0.03286437663334343
14606.171911387,-2.4970365275749757,-0.13306252306714922,-0.04077466267854347
14606.185075528,-2.4970365275749757,-0.13306252306714922,-0.04077466267854347
14606.188568777,-2.4970365275749757,-0.13306252306714922,-0.04077466267854347
14606.189845997,-2.4970365275749757,-0.13306252306714922,-0.04077466267854347
14606.197672244,-2.4970365275749757,-0.13306252306714922,-0.04077466267854347
14606.211036906,-2.4970365275749757,-0.13306252306714922,-0.04077466267854347
14606.221504388,-2.4970365275749757,-0.13306252306714922,-0.04077466267854347
14606.230543624,-2.4970365275749757,-0.13306252306714922,-0.04077466267854347
14606.239743043,-2.4970365275749757,-0.13306252306714922,-0.04077466267854347
14606.248063928,-2.4970365275749757,-0.13306252306714922,-0.04077466267854347
14606.253994384,-2.496215292004249,-0.13162713965307793,-0.05690183981045312
14606.254631641,-2.496215292004249,-0.13162713965307793,-0.05690183981045312
14606.257100839,-2.496215292004249,-0.13162713965307793,-0.05690183981045312
14606.267979931,-2.496215292004249,-0.13162713965307793,-0.05690183981045312
14606.276269657,-2.495295172612203,-0.13032394615758788,-0.05983897733332699
14606.281833429,-2.495295172612203,-0.13032394615758788,-0.05983897733332699
14606.282845937,-2.495295172612203,-0.13032394615758788,-0.05983897733332699
14606.291068436,-2.495295172612203,-0.13032394615758788,-0.05983897733332699
14606.299992804,-2.495295172612203,-0.13032394615758788,-0.05983897733332699
14606.310896964,-2.495295172612203,-0.13032394615758788,-0.05983897733332699
14606.319686146,-2.495295172612203,-0.13032394615758788,-0.05983897733332699
14606.334525571,-2.495295172612203,-0.13032394615758788,-0.05983897733332699
14606.335348571,-2.4940818816127974,-0.13038670295565175,-0.04351779508235042
14606.337123604,-2.4940818816127974,-0.13038670295565175,-0.04351779508235042
14606.339840441,-2.4940818816127974,-0.13038670295565175,-0.04351779508235042
14606.348918901,-2.4940818816127974,-0.13038670295565175,-0.04351779508235042
14606.359316508,-2.4940818816127974,-0.13038670295565175,-0.04351779508235042
14606.368980942,-2.492842327301181,-0.13042744317384058,-0.022192206856032064
14606.370471045,-2.492842327301181,-0.13042744317384058,-0.022192206856032064
14606.370716961,-2.492842327301181,-0.13042744317384058,-0.022192206856032064
14606.378747286,-2.492842327301181,-0.13042744317384058,-0.022192206856032064
14606.387931546,-2.492842327301181,-0.13042744317384058,-0.022192206856032064
14606.399853885,-2.492842327301181,-0.13042744317384058,-0.022192206856032064
14606.408520204,-2.492842327301181,-0.13042744317384058,-0.022192206856032064
14606.419954869,-2.492842327301181,-0.13042744317384058,-0.022192206856032064
14606.429568633,-2.492842327301181,-0.13042744317384058,-0.022192206856032064
14606.429891485,-2.4918552237420823,-0.13043254979496738,0.011845621589402507
14606.430433091,-2.4918552237420823,-0.13043254979496738,0.011845621589402507
14606.438336736,-2.4918552237420823,-0.13043254979496738,0.011845621589402507
14606.446896975,-2.4918552237420823,-0.13043254979496738,0.011845621589402507
14606.457720308,-2.4918552237420823,-0.13043254979496738,0.011845621589402507
14606.466665846,-2.4906912048430487,-0.13040735318935417,0.03144005251286442
14606.467091383,-2.4906912048430487,-0.13040735318935417,0.03144005251286442
14606.469144843,-2.4906912048430487,-0.13040735318935417,0.03144005251286442
14606.47788211,-2.4906912048430487,-0.13040735318935417,0.03144005251286442
14606.488273188,-2.4906912048430487,-0.13040735318935417,0.03144005251286442
14606.499029648,-2.4906912048430487,-0.13040735318935417,0.03144005251286442
14606.507799009,-2.4906912048430487,-0.13040735318935417,0.03144005251286442
14606.519353593,-2.4906912048430487,-0.13040735318935417,0.03144005251286442
14606.528442934,-2.4906912048430487,-0.13040735318935417,0.03144005251286442
14606.537925641,-2.4906912048430487,-0.13040735318935417,0.03144005251286442
14606.542404547,-2.490362417547915,-0.13039448745109333,0.04678181124089177
14606.542995887,-2.490362417547915,-0.13039448745109333,0.04678181124089177
14606.56332812,-2.490362417547915,-0.13039448745109333,0.04678181124089177
14606.565452224,-2.490362417547915,-0.13039448745109333,0.04678181124089177
14606.57103415,-2.490362417547915,-0.13039448745109333,0.04678181124089177
14606.571886325,-2.489152759722847,-0.1298539811566476,0.06166801485460442
14606.572423623,-2.489152759722847,-0.1298539811566476,0.06166801485460442
14606.577022286,-2.489152759722847,-0.1298539811566476,0.06166801485460442
14606.591642425,-2.489152759722847,-0.1298539811566476,0.06166801485460442
14606.597885153,-2.489152759722847,-0.1298539811566476,0.06166801485460442
14606.607693075,-2.489152759722847,-0.1298539811566476,0.06166801485460442
14606.619821865,-2.489152759722847,-0.1298539811566476,0.06166801485460442
14606.621981857,-2.483906093375417,-0.12709189725992368,0.06418584413732951
14606.622727259,-2.483906093375417,-0.12709189725992368,0.06418584413732951
14606.629113179,-2.483906093375417,-0.12709189725992368,0.06418584413732951
14606.638671027,-2.483906093375417,-0.12709189725992368,0.06418584413732951
14606.650931246,-2.483906093375417,-0.12709189725992368,0.06418584413732951
14606.664022479,-2.483906093375417,-0.12709189725992368,0.06418584413732951
14606.672013078,-2.483906093375417,-0.12709189725992368,0.06418584413732951
14606.6730273,-2.4803089394131406,-0.12522352211433949,0.06283889490401885
14606.673392582,-2.4803089394131406,-0.12522352211433949,0.06283889490401885
14606.680898784,-2.4803089394131406,-0.12522352211433949,0.06283889490401885
14606.691625487,-2.4803089394131406,-0.12522352211433949,0.06283889490401885
14606.698238746,-2.4803089394131406,-0.12522352211433949,0.06283889490401885
14606.710836255,-2.4803089394131406,-0.12522352211433949,0.06283889490401885
14606.721216982,-2.4803089394131406,-0.12522352211433949,0.06283889490401885
14606.728332313,-2.4803089394131406,-0.12522352211433949,0.06283889490401885
14606.733794693,-2.4803089394131406,-0.12522352211433949,0.05888186174667025
14606.735406236,-2.4803089394131406,-0.12522352211433949,0.05888186174667025
14606.738209176,-2.4803089394131406,-0.12522352211433949,0.05888186174667025
14606.750668152,-2.4803089394131406,-0.12522352211433949,0.05888186174667025
14606.758448723,-2.4803089394131406,-0.12522352211433949,0.05888186174667025
14606.765866447,-2.4801825630417467,-0.12521683004011808,0.04692636209762239
14606.767878669,-2.4801825630417467,-0.12521683004011808,0.04692636209762239
14606.769946988,-2.4801825630417467,-0.12521683004011808,0.04692636209762239
14606.778740028,-2.4801825630417467,-0.12521683004011808,0.04692636209762239
14606.788511191,-2.4801825630417467,-0.12521683004011808,0.04692636209762239
14606.798660871,-2.4801825630417467,-0.12521683004011808,0.04692636209762239
14606.811477934,-2.4801825630417467,-0.12521683004011808,0.04692636209762239
14606.817590486,-2.4801825630417467,-0.12521683004011808,0.04692636209762239
14606.819122879,-2.480258440665962,-0.12521970471242827,0.028808695853115535
14606.81976219,-2.480258440665962,-0.12521970471242827,0.028808695853115535
14606.828428409,-2.480258440665962,-0.12521970471242827,0.028808695853115535
14606.844884087,-2.480258440665962,-0.12521970471242827,0.028808695853115535
14606.8518689,-2.480258440665962,-0.12521970471242827,0.028808695853115535
14606.858403131,-2.480258440665962,-0.12521970471242827,0.028808695853115535
14606.869133361,-2.480258440665962,-0.12521970471242827,0.028808695853115535
14606.874233073,-2.4802331309380787,-0.12521948444294004,-0.011403220116733078
14606.878277656,-2.4802331309380787,-0.12521948444294004,-0.011403220116733078
14606.879585123,-2.4802331309380787,-0.12521948444294004,-0.011403220116733078
14606.888558504,-2.4802331309380787,-0.12521948444294004,-0.011403220116733078
14606.897516897,-2.4802331309380787,-0.12521948444294004,-0.011403220116733078
14606.912796036,-2.4802331309380787,-0.12521948444294004,-0.011403220116733078
14606.921275111,-2.4802331309380787,-0.12521948444294004,-0.011403220116733078
14606.922497016,-2.4801825306308594,-0.12522094467783457,-0.046297209679721375
14606.922965133,-2.4801825306308594,-0.12522094467783457,-0.046297209679721375
14606.929668964,-2.4801825306308594,-0.12522094467783457,-0.046297209679721375
14606.941599999,-2.4801825306308594,-0.12522094467783457,-0.046297209679721375
14606.949700937,-2.4801825306308594,-0.12522094467783457,-0.046297209679721375
14606.95736614,-2.4801825306308594,-0.12522094467783457,-0.046297209679721375
14606.969012075,-2.4801825306308594,-0.12522094467783457,-0.046297209679721375
14606.969249845,-2.4802077900207995,-0.1252193340680008,-0.08105601590835908
14606.971402143,-2.4802077900207995,-0.1252193340680008,-0.08105601590835908
14606.980104812,-2.4802077900207995,-0.1252193340680008,-0.08105601590835908
14606.986858708,-2.4802077900207995,-0.1252193340680008,-0.08105601590835908
14607.000100927,-2.4802077900207995,-0.1252193340680008,-0.08105601590835908
14607.010441929,-2.4802077900207995,-0.1252193340680008,-0.08105601590835908
14607.019721431,-2.4802077900207995,-0.1252193340680008,-0.08105601590835908
14607.027833561,-2.4800820044520413,-0.12523325390263035,-0.13937350234819945
14607.031365823,-2.4800820044520413,-0.12523325390263035,-0.13937350234819945
14607.031834651,-2.4800820044520413,-0.12523325390263035,-0.13937350234819945
14607.043498841,-2.4800820044520413,-0.12523325390263035,-0.13937350234819945
14607.048103264,-2.4800820044520413,-0.12523325390263035,-0.13937350234819945
14607.057521829,-2.4800820044520413,-0.12523325390263035,-0.13937350234819945
14607.065844778,-2.480156965187585,-0.12522114746946128,-0.18086858711077275
14607.071927313,-2.480156965187585,-0.12522114746946128,-0.18086858711077275
14607.072355364,-2.480156965187585,-0.12522114746946128,-0.18086858711077275
14607.080607518,-2.480156965187585,-0.12522114746946128,-0.18086858711077275
14607.088359916,-2.480156965187585,-0.12522114746946128,-0.18086858711077275
14607.102332319,-2.480156965187585,-0.12522114746946128,-0.18086858711077275
14607.107787405,-2.480156965187585,-0.12522114746946128,-0.18086858711077275
14607.119334162,-2.480156965187585,-0.12522114746946128,-0.18086858711077275
14607.120899988,-2.480231359651425,-0.12520594413602837,-0.22230215987993773
14607.121371081,-2.480231359651425,-0.12520594413602837,-0.22230215987993773
14607.129695382,-2.480231359651425,-0.12520594413602837,-0.22230215987993773
14607.137677385,-2.480231359651425,-0.12520594413602837,-0.22230215987993773
14607.14780341,-2.480231359651425,-0.12520594413602837,-0.22230215987993773
14607.157391035,-2.480231359651425,-0.12520594413602837,-0.22230215987993773
14607.167658919,-2.480231359651425,-0.12520594413602837,-0.22230215987993773
14607.173251886,-2.4803048877987406,-0.12518698921187263,-0.28229423484636845
14607.179180649,-2.4803048877987406,-0.12518698921187263,-0.28229423484636845
14607.182864769,-2.4803048877987406,-0.12518698921187263,-0.28229423484636845
14607.186977962,-2.4803048877987406,-0.12518698921187263,-0.28229423484636845
14607.200215473,-2.4803048877987406,-0.12518698921187263,-0.28229423484636845
14607.206983536,-2.4803048877987406,-0.12518698921187263,-0.28229423484636845
14607.219582967,-2.4803048877987406,-0.12518698921187263,-0.28229423484636845
14607.224460638,-2.4803532253795653,-0.1251719558603953,-0.3207549663527161
14607.225789927,-2.4803532253795653,-0.1251719558603953,-0.3207549663527161
14607.234832409,-2.4803532253795653,-0.1251719558603953,-0.3207549663527161
14607.238486853,-2.4803532253795653,-0.1251719558603953,-0.3207549663527161
14607.249720086,-2.4803532253795653,-0.1251719558603953,-0.3207549663527161
14607.260010693,-2.4803532253795653,-0.1251719558603953,-0.3207549663527161
14607.269112648,-2.4803532253795653,-0.1251719558603953,-0.3207549663527161
14607.270214916,-2.4804248794712813,-0.12514682880848527,-0.35379095992876586
14607.27068673,-2.4804248794712813,-0.12514682880848527,-0.35379095992876586
14607.280067703,-2.4804248794712813,-0.12514682880848527,-0.35379095992876586
14607.287226997,-2.4804248794712813,-0.12514682880848527,-0.35379095992876586
14607.297371237,-2.4804248794712813,-0.12514682880848527,-0.35379095992876586
14607.309515506,-2.4804248794712813,-0.12514682880848527,-0.35379095992876586
14607.318614024,-2.4804248794712813,-0.12514682880848527,-0.35379095992876586
14607.332090498,-2.4804248794712813,-0.12514682880848527,-0.35379095992876586
14607.333008016,-2.4804248794712813,-0.12514682880848527,-0.35379095992876586
14607.333730054,-2.480424879471281,-0.12514682880848543,-0.40003057441546014
14607.343833085,-2.480424879471281,-0.12514682880848543,-0.40003057441546014
14607.347265629,-2.480424879471281,-0.12514682880848543,-0.40003057441546014
14607.356271241,-2.480424879471281,-0.12514682880848543,-0.40003057441546014
14607.365683894,-2.4804712866053746,-0.12512660750086518,-0.421828946684137
14607.367401539,-2.4804712866053746,-0.12512660750086518,-0.421828946684137
14607.367949978,-2.4804712866053746,-0.12512660750086518,-0.421828946684137
14607.378409335,-2.4804712866053746,-0.12512660750086518,-0.421828946684137
14607.388931581,-2.4804712866053746,-0.12512660750086518,-0.421828946684137
14607.402569019,-2.4804712866053746,-0.12512660750086518,-0.421828946684137
14607.408254761,-2.4804712866053746,-0.12512660750086518,-0.421828946684137
14607.418806894,-2.4804712866053746,-0.12512660750086518,-0.421828946684137
14607.420863109,-2.4804022957170475,-0.12515832397805335,-0.4399859519941955
14607.421435454,-2.4804022957170475,-0.12515832397805335,-0.4399859519941955
14607.431093473,-2.4804022957170475,-0.12515832397805335,-0.4399859519941955
14607.439471025,-2.4804022957170475,-0.12515832397805335,-0.4399859519941955
14607.446740929,-2.4804022957170475,-0.12515832397805335,-0.4399859519941955
14607.459890903,-2.4804022957170475,-0.12515832397805335,-0.4399859519941955
14607.4699699,-2.4804022957170475,-0.12515832397805335,-0.4399859519941955
14607.474144078,-2.4803566783133078,-0.125180268814637,-0.45678087196184697
14607.474654916,-2.4803566783133078,-0.125180268814637,-0.45678087196184697
14607.478493338,-2.4803566783133078,-0.125180268814637,-0.45678087196184697
14607.487064738,-2.4803566783133078,-0.125180268814637,-0.45678087196184697
14607.498079647,-2.4803566783133078,-0.125180268814637,-0.45678087196184697
14607.508734594,-2.4803566783133078,-0.125180268814637,-0.45678087196184697
14607.518922056,-2.4803566783133078,-0.125180268814637,-0.45678087196184697
14607.521785601,-2.4803113087757134,-0.12520272161925367,-0.4623171897871643
14607.522776609,-2.4803113087757134,-0.12520272161925367,-0.4623171897871643
14607.529907419,-2.4803113087757134,-0.12520272161925367,-0.4623171897871643
14607.538217865,-2.4803113087757134,-0.12520272161925367,-0.4623171897871643
14607.549604959,-2.4803113087757134,-0.12520272161925367,-0.4623171897871643
14607.55967106,-2.4803113087757134,-0.12520272161925367,-0.4623171897871643
14607.566978365,-2.480238989741534,-0.12526366637275213,-0.4645112108278596
14607.567531413,-2.480238989741534,-0.12526366637275213,-0.4645112108278596
14607.569789591,-2.480238989741534,-0.12526366637275213,-0.4645112108278596
14607.580119353,-2.480238989741534,-0.12526366637275213,-0.4645112108278596
14607.587034685,-2.480238989741534,-0.12526366637275213,-0.4645112108278596
14607.597481939,-2.480238989741534,-0.12526366637275213,-0.4645112108278596
14607.609282367,-2.480238989741534,-0.12526366637275213,-0.4645112108278596
14607.620337401,-2.480238989741534,-0.12526366637275213,-0.4645112108278596
14607.629400894,-2.480238989741534,-0.12526366637275213,-0.4645112108278596
14607.630664898,-2.4794495586989656,-0.1294441625639019,-0.4623840224972896
14607.631555636,-2.4794495586989656,-0.1294441625639019,-0.4623840224972896
14607.639341317,-2.4794495586989656,-0.1294441625639019,-0.4623840224972896
14607.65152455,-2.4794495586989656,-0.1294441625639019,-0.4623840224972896
14607.657913785,-2.4794495586989656,-0.1294441625639019,-0.4623840224972896
14607.670967167,-2.4794495586989656,-0.1294441625639019,-0.4623840224972896
14607.671306841,-2.478824315607959,-0.13224167971415215,-0.46335643530045706
14607.6718764,-2.478824315607959,-0.13224167971415215,-0.46335643530045706
14607.68015278,-2.478824315607959,-0.13224167971415215,-0.46335643530045706
14607.687868649,-2.478824315607959,-0.13224167971415215,-0.46335643530045706
14607.698108249,-2.478824315607959,-0.13224167971415215,-0.46335643530045706
14607.714785397,-2.478824315607959,-0.13224167971415215,-0.46335643530045706
14607.719882694,-2.478824315607959,-0.13224167971415215,-0.46335643530045706
14607.728830086,-2.478824315607959,-0.13224167971415215,-0.46335643530045706
14607.731664286,-2.4787565985573137,-0.13227603198699395,-0.4755708575264092
14607.73214127,-2.4787565985573137,-0.13227603198699395,-0.4755708575264092
14607.742917988,-2.4787565985573137,-0.13227603198699395,-0.4755708575264092
14607.747095112,-2.4787565985573137,-0.13227603198699395,-0.4755708575264092
14607.756538944,-2.4787565985573137,-0.13227603198699395,-0.4755708575264092
14607.773632951,-2.4787565985573137,-0.13227603198699395,-0.4755708575264092
14607.774518399,-2.478756598557314,-0.13227603198699373,-0.4904863238350031
14607.782223227,-2.478756598557314,-0.13227603198699373,-0.4904863238350031
14607.785712097,-2.478756598557314,-0.13227603198699373,-0.4904863238350031
14607.788045558,-2.478756598557314,-0.13227603198699373,-0.4904863238350031
14607.797713104,-2.478756598557314,-0.13227603198699373,-0.4904863238350031
14607.806845387,-2.478756598557314,-0.13227603198699373,-0.4904863238350031
14607.817259167,-2.478756598557314,-0.13227603198699373,-0.4904863238350031
14607.81843228,-2.478756598557314,-0.13227603198699373,-0.4904863238350031
14607.818725695,-2.47880101994014,-0.13225175722387522,-0.5097650885597346
14607.829839482,-2.47880101994014,-0.13225175722387522,-0.5097650885597346
14607.838534857,-2.47880101994014,-0.13225175722387522,-0.5097650885597346
14607.847839626,-2.47880101994014,-0.13225175722387522,-0.5097650885597346
14607.857251739,-2.47880101994014,-0.13225175722387522,-0.5097650885597346
14607.869883201,-2.47880101994014,-0.13225175722387522,-0.5097650885597346
14607.870732349,-2.4788010199401405,-0.132251757223875,-0.5322493910804864
14607.870961313,-2.4788010199401405,-0.132251757223875,-0.5322493910804864
14607.879953139,-2.4788010199401405,-0.132251757223875,-0.5322493910804864
14607.887678015,-2.4788010199401405,-0.132251757223875,-0.5322493910804864
14607.897951981,-2.4788010199401405,-0.132251757223875,-0.5322493910804864
14607.908643187,-2.4788010199401405,-0.132251757223875,-0.5322493910804864
14607.920490443,-2.4788010199401405,-0.132251757223875,-0.5322493910804864
14607.929018992,-2.4788225863967073,-0.1322385088732112,-0.5694915652290459
14607.931077312,-2.4788225863967073,-0.1322385088732112,-0.5694915652290459
14607.932297133,-2.4788225863967073,-0.1322385088732112,-0.5694915652290459
14607.940949616,-2.4788225863967073,-0.1322385088732112,-0.5694915652290459
14607.946067723,-2.4788225863967073,-0.1322385088732112,-0.5694915652290459
14607.960873024,-2.4788225863967073,-0.1322385088732112,-0.5694915652290459
14607.971836395,-2.4788225863967073,-0.1322385088732112,-0.5694915652290459
14607.972454667,-2.478864894275515,-0.13221071378790178,-0.5930299162880058
14607.972819738,-2.478864894275515,-0.13221071378790178,-0.5930299162880058
14607.979371361,-2.478864894275515,-0.13221071378790178,-0.5930299162880058
14607.989919045,-2.478864894275515,-0.13221071378790178,-0.5930299162880058
14608.000265167,-2.478864894275515,-0.13221071378790178,-0.5930299162880058
14608.010754411,-2.478864894275515,-0.13221071378790178,-0.5930299162880058
14608.021044247,-2.478864894275515,-0.13221071378790178,-0.5930299162880058
14608.027425888,-2.478864894275515,-0.13221071378790178,-0.5930299162880058
14608.031535043,-2.478864894275515,-0.13221071378790178,-0.5930299162880058
14608.032304982,-2.478844182179158,-0.13222526163683712,-0.6316186785713311
14608.040740384,-2.478844182179158,-0.13222526163683712,-0.6316186785713311
14608.047551739,-2.478844182179158,-0.13222526163683712,-0.6316186785713311
14608.060686705,-2.478844182179158,-0.13222526163683712,-0.6316186785713311
14608.072057068,-2.478844182179158,-0.13222526163683712,-0.6316186785713311
14608.073362922,-2.4788239328696515,-0.13224044703471488,-0.6552833914772149
14608.073883829,-2.4788239328696515,-0.13224044703471488,-0.6552833914772149
14608.081323084,-2.4788239328696515,-0.13224044703471488,-0.6552833914772149
14608.087289047,-2.4788239328696515,-0.13224044703471488,-0.6552833914772149
14608.099679703,-2.4788239328696515,-0.13224044703471488,-0.6552833914772149
14608.107218266,-2.4788239328696515,-0.13224044703471488,-0.6552833914772149
14608.120423274,-2.4788239328696515,-0.13224044703471488,-0.6552833914772149
14608.121210406,-2.4788239328696515,-0.13224044703471488,-0.6552833914772149
14608.121618819,-2.4788239328696515,-0.13224044703471488,-0.6792866587654229
14608.129176979,-2.4788239328696515,-0.13224044703471488,-0.6792866587654229
14608.137799816,-2.4788239328696515,-0.13224044703471488,-0.6792866587654229
14608.147833437,-2.4788239328696515,-0.13224044703471488,-0.6792866587654229
14608.159190294,-2.4788239328696515,-0.13224044703471488,-0.6792866587654229
14608.169803633,-2.4788239328696515,-0.13224044703471488,-0.6792866587654229
14608.172558893,-2.4787647311563257,-0.13229398665091424,-0.7141285229629047
14608.180893213,-2.4787647311563257,-0.13229398665091424,-0.7141285229629047
14608.184366474,-2.4787647311563257,-0.13229398665091424,-0.7141285229629047
14608.191129398,-2.4787647311563257,-0.13229398665091424,-0.7141285229629047
14608.199673505,-2.4787647311563257,-0.13229398665091424,-0.7141285229629047
14608.209879812,-2.4787647311563257,-0.13229398665091424,-0.7141285229629047
14608.219746707,-2.4787647311563257,-0.13229398665091424,-0.7141285229629047
14608.222975714,-2.4787647311563257,-0.13229398665091424,-0.7141285229629047
14608.223700638,-2.4785773002783498,-0.13293257273940426,-0.7399113835879821
14608.233412058,-2.4785773002783498,-0.13293257273940426,-0.7399113835879821
14608.237606544,-2.4785773002783498,-0.13293257273940426,-0.7399113835879821
14608.249755332,-2.4785773002783498,-0.13293257273940426,-0.7399113835879821
14608.264271255,-2.4785773002783498,-0.13293257273940426,-0.7399113835879821
14608.26784783,-2.4785773002783498,-0.13293257273940426,-0.7399113835879821
14608.276978761,-2.4784594887154494,-0.13343228750227373,-0.7746553061319627
14608.281321709,-2.4784594887154494,-0.13343228750227373,-0.7746553061319627
14608.281814883,-2.4784594887154494,-0.13343228750227373,-0.7746553061319627
14608.29635982,-2.4784594887154494,-0.13343228750227373,-0.7746553061319627
14608.30021266,-2.4784594887154494,-0.13343228750227373,-0.7746553061319627
14608.311073789,-2.4784594887154494,-0.13343228750227373,-0.7746553061319627
14608.320886029,-2.4784594887154494,-0.13343228750227373,-0.7746553061319627
14608.324946272,-2.4784057952614917,-0.13348597819606062,-0.7960896132303514
14608.328325364,-2.4784057952614917,-0.13348597819606062,-0.7960896132303514
14608.332423469,-2.4784057952614917,-0.13348597819606062,-0.7960896132303514
14608.337481261,-2.4784057952614917,-0.13348597819606062,-0.7960896132303514
14608.349024442,-2.4784057952614917,-0.13348597819606062,-0.7960896132303514
14608.359045487,-2.4784057952614917,-0.13348597819606062,-0.7960896132303514
14608.367216579,-2.478335674160159,-0.1335590064416551,-0.8153180716348922
14608.369218402,-2.478335674160159,-0.1335590064416551,-0.8153180716348922
14608.369619241,-2.478335674160159,-0.1335590064416551,-0.8153180716348922
14608.378700407,-2.478335674160159,-0.1335590064416551,-0.8153180716348922
14608.38723124,-2.478335674160159,-0.1335590064416551,-0.8153180716348922
14608.400253142,-2.478335674160159,-0.1335590064416551,-0.8153180716348922
14608.408323722,-2.478335674160159,-0.1335590064416551,-0.8153180716348922
14608.418771277,-2.478335674160159,-0.1335590064416551,-0.8153180716348922
14608.428473629,-2.4782844224746596,-0.1336150327063075,-0.8444327948404586
14608.432093207,-2.4782844224746596,-0.1336150327063075,-0.8444327948404586
14608.432583045,-2.4782844224746596,-0.1336150327063075,-0.8444327948404586
14608.441161989,-2.4782844224746596,-0.1336150327063075,-0.8444327948404586
14608.451180601,-2.4782844224746596,-0.1336150327063075,-0.8444327948404586
14608.458950512,-2.4782844224746596,-0.1336150327063075,-0.8444327948404586
14608.467874349,-2.4782844224746596,-0.1336150327063075,-0.8444327948404586
14608.468396518,-2.4782511481247815,-0.1336531816383612,-0.8626505968881882
14608.473378427,-2.4782511481247815,-0.1336531816383612,-0.8626505968881882
14608.480654703,-2.4782511481247815,-0.1336531816383612,-0.8626505968881882
14608.488638199,-2.4782511481247815,-0.1336531816383612,-0.8626505968881882
14608.500078144,-2.4782511481247815,-0.1336531816383612,-0.8626505968881882
14608.509580818,-2.4782511481247815,-0.1336531816383612,-0.8626505968881882
14608.520521717,-2.4782511481247815,-0.1336531816383612,-0.8626505968881882
14608.531440064,-2.4782511481247815,-0.1336531816383612,-0.8626505968881882
14608.53243034,-2.478251148124782,-0.13365318163836085,-0.8906910059763228
14608.532957719,-2.478251148124782,-0.13365318163836085,-0.8906910059763228
14608.541728316,-2.478251148124782,-0.13365318163836085,-0.8906910059763228
14608.548948506,-2.478251148124782,-0.13365318163836085,-0.8906910059763228
14608.558988398,-2.478251148124782,-0.13365318163836085,-0.8906910059763228
14608.567676989,-2.4781642175512557,-0.13371265535599636,-0.9081356536258899
14608.571098131,-2.4781642175512557,-0.13371265535599636,-0.9081356536258899
14608.573876125,-2.4781642175512557,-0.13371265535599636,-0.9081356536258899
14608.578287533,-2.4781642175512557,-0.13371265535599636,-0.9081356536258899
14608.590043155,-2.4781642175512557,-0.13371265535599636,-0.9081356536258899
14608.598158,-2.4781642175512557,-0.13371265535599636,-0.9081356536258899
14608.611932428,-2.4781642175512557,-0.13371265535599636,-0.9081356536258899
14608.620775102,-2.4781642175512557,-0.13371265535599636,-0.9081356536258899
14608.627702346,-2.4781642175512557,-0.13371265535599636,-0.9081356536258899
14608.629123629,-2.4768907272110114,-0.12738067341134085,-0.93456298582541
14608.629638304,-2.4768907272110114,-0.12738067341134085,-0.93456298582541
14608.640068055,-2.4768907272110114,-0.12738067341134085,-0.93456298582541
14608.648247061,-2.4768907272110114,-0.12738067341134085,-0.93456298582541
14608.657617855,-2.4768907272110114,-0.12738067341134085,-0.93456298582541
14608.667349523,-2.4768907272110114,-0.12738067341134085,-0.93456298582541
14608.671961802,-2.475740573554324,-0.12202265067547824,-0.9507361204946065
14608.683515001,-2.475740573554324,-0.12202265067547824,-0.9507361204946065
14608.684420557,-2.475740573554324,-0.12202265067547824,-0.9507361204946065
14608.689640677,-2.475740573554324,-0.12202265067547824,-0.9507361204946065
14608.698966386,-2.475740573554324,-0.12202265067547824,-0.9507361204946065
14608.706944892,-2.475740573554324,-0.12202265067547824,-0.9507361204946065
14608.718197252,-2.475740573554324,-0.12202265067547824,-0.9507361204946065
14608.721128135,-2.4757114872273007,-0.12206408144854397,-0.9666603358113791
14608.721726859,-2.4757114872273007,-0.12206408144854397,-0.9666603358113791
14608.726803337,-2.4757114872273007,-0.12206408144854397,-0.9666603358113791
14608.741123829,-2.4757114872273007,-0.12206408144854397,-0.9666603358113791
14608.748155812,-2.4757114872273007,-0.12206408144854397,-0.9666603358113791
14608.760258813,-2.4757114872273007,-0.12206408144854397,-0.9666603358113791
14608.771824997,-2.4757114872273007,-0.12206408144854397,-0.9666603358113791
14608.774153489,-2.475683211957177,-0.12210606992882317,-0.9896255286061792
14608.777107345,-2.475683211957177,-0.12210606992882317,-0.9896255286061792
14608.779531608,-2.475683211957177,-0.12210606992882317,-0.9896255286061792
14608.789916815,-2.475683211957177,-0.12210606992882317,-0.9896255286061792
14608.800314454,-2.475683211957177,-0.12210606992882317,-0.9896255286061792
14608.811752305,-2.475683211957177,-0.12210606992882317,-0.9896255286061792
14608.821808398,-2.475683211957177,-0.12210606992882317,-0.9896255286061792
14608.824553068,-2.4756557399973627,-0.12214858833425594,-1.004682615550759
14608.825467451,-2.4756557399973627,-0.12214858833425594,-1.004682615550759
14608.83128378,-2.4756557399973627,-0.12214858833425594,-1.004682615550759
14608.837550844,-2.4756557399973627,-0.12214858833425594,-1.004682615550759
14608.849557512,-2.4756557399973627,-0.12214858833425594,-1.004682615550759
14608.865198817,-2.4756557399973627,-0.12214858833425594,-1.004682615550759
14608.868236132,-2.4756557399973627,-0.12214858833425594,-1.004682615550759
14608.882030647,-2.4756557399973627,-0.12214858833425594,-1.004682615550759
14608.889703905,-2.4756557399973627,-0.12214858833425594,-1.004682615550759
14608.898775393,-2.4756557399973627,-0.12214858833425594,-1.004682615550759
14608.912546223,-2.4756557399973627,-0.12214858833425594,-1.004682615550759
14608.922959112,-2.4756557399973627,-0.12214858833425594,-1.004682615550759
14608.927888231,-2.4756423853838205,-0.12217008915148031,-1.0252996237599874
14608.934099319,-2.4756423853838205,-0.12217008915148031,-1.0252996237599874
14608.934725926,-2.4756423853838205,-0.12217008915148031,-1.0399008543813253
14608.935307198,-2.4756423853838205,-0.12217008915148031,-1.0399008543813253
14608.937952239,-2.4756423853838205,-0.12217008915148031,-1.0399008543813253
14608.938303354,-2.4756423853838205,-0.12217008915148031,-1.0399008543813253
14608.949033334,-2.4756423853838205,-0.12217008915148031,-1.0399008543813253
14608.95949764,-2.4756423853838205,-0.12217008915148031,-1.0399008543813253
14608.969826229,-2.4756423853838196,-0.12217008915148071,-1.0530930312001732
14608.972913739,-2.4756423853838196,-0.12217008915148071,-1.0530930312001732
14608.973193138,-2.4756423853838196,-0.12217008915148071,-1.0530930312001732
14608.980692897,-2.4756423853838196,-0.12217008915148071,-1.0530930312001732
14608.992154914,-2.4756423853838196,-0.12217008915148071,-1.0530930312001732
14608.997519307,-2.4756423853838196,-0.12217008915148071,-1.0530930312001732
14609.010801843,-2.4756423853838196,-0.12217008915148071,-1.0530930312001732
14609.021166059,-2.4756423853838196,-0.12217008915148071,-1.0530930312001732
14609.032019042,-2.4756423853838196,-0.12217008915148071,-1.0530930312001732
14609.03781861,-2.4756423853838196,-0.12217008915148071,-1.0530930312001732
14609.051479713,-2.475617789021343,-0.12221433327345635,-1.0737398417317892
14609.05554741,-2.475617789021343,-0.12221433327345635,-1.0737398417317892
14609.055958198,-2.475617789021343,-0.12221433327345635,-1.0737398417317892
14609.059359473,-2.475617789021343,-0.12221433327345635,-1.0737398417317892
14609.069015698,-2.47565177584419,-0.12220294634999575,-1.0870117477897634
14609.070941496,-2.47565177584419,-0.12220294634999575,-1.0870117477897634
14609.071211087,-2.47565177584419,-0.12220294634999575,-1.0870117477897634
14609.083495251,-2.47565177584419,-0.12220294634999575,-1.0870117477897634
14609.090750457,-2.47565177584419,-0.12220294634999575,-1.0870117477897634
14609.100279952,-2.47565177584419,-0.12220294634999575,-1.0870117477897634
14609.108192013,-2.47565177584419,-0.12220294634999575,-1.0870117477897634
14609.120602446,-2.47565177584419,-0.12220294634999575,-1.0870117477897634
14609.127232067,-2.47565177584419,-0.12220294634999575,-1.0870117477897634
14609.137961796,-2.47565177584419,-0.12220294634999575,-1.0870117477897634
14609.149772944,-2.47565177584419,-0.12220294634999575,-1.0870117477897634
14609.150465477,-2.4776391125318646,-0.12150485432049518,-1.1099633056580056
14609.150880633,-2.4776391125318646,-0.12150485432049518,-1.1099633056580056
14609.160541968,-2.4776391125318646,-0.12150485432049518,-1.1099633056580056
14609.171850163,-2.4776391125318646,-0.12150485432049518,-1.1099633056580056
14609.172245171,-2.478874457577425,-0.12108697537260259,-1.1253126334957149
14609.173045317,-2.478874457577425,-0.12108697537260259,-1.1253126334957149
14609.180790361,-2.478874457577425,-0.12108697537260259,-1.1253126334957149
14609.188827859,-2.478874457577425,-0.12108697537260259,-1.1253126334957149
14609.199838591,-2.478874457577425,-0.12108697537260259,-1.1253126334957149
14609.209726645,-2.478874457577425,-0.12108697537260259,-1.1253126334957149
14609.221173803,-2.478874457577425,-0.12108697537260259,-1.1253126334957149
14609.221809608,-2.478874457577425,-0.12108697537260259,-1.1253126334957149
14609.222128532,-2.4788636830020687,-0.12110987819710171,-1.136825389843372
14609.229884427,-2.4788636830020687,-0.12110987819710171,-1.136825389843372
14609.238946426,-2.4788636830020687,-0.12110987819710171,-1.136825389843372
14609.250445463,-2.4788636830020687,-0.12110987819710171,-1.136825389843372
14609.259135517,-2.4788636830020687,-0.12110987819710171,-1.136825389843372
14609.273210665,-2.4788636830020687,-0.12110987819710171,-1.136825389843372
14609.275963621,-2.4788323098511795,-0.12117902588687389,-1.1528938484005011
14609.277705671,-2.4788323098511795,-0.12117902588687389,-1.1528938484005011
14609.279407856,-2.4788323098511795,-0.12117902588687389,-1.1528938484005011
14609.28988666,-2.4788323098511795,-0.12117902588687389,-1.1528938484005011
14609.298560223,-2.4788323098511795,-0.12117902588687389,-1.1528938484005011
14609.310074198,-2.4788323098511795,-0.12117902588687389,-1.1528938484005011
14609.320480153,-2.4788323098511795,-0.12117902588687389,-1.1528938484005011
14609.323874424,-2.4788323098511795,-0.12117902588687389,-1.1528938484005011
14609.32427865,-2.4788221618175377,-0.12120221313029295,-1.1636162471584353
14609.334062207,-2.4788221618175377,-0.12120221313029295,-1.1636162471584353
14609.341445115,-2.4788221618175377,-0.12120221313029295,-1.1636162471584353
14609.348217466,-2.4788221618175377,-0.12120221313029295,-1.1636162471584353
14609.358994204,-2.4788221618175377,-0.12120221313029295,-1.1636162471584353
14609.367794808,-2.4788221618175377,-0.12120221313029295,-1.1636162471584353
14609.368257014,-2.478802326348786,-0.12124878648701094,-1.1727154922298466
14609.380364333,-2.478802326348786,-0.12124878648701094,-1.1727154922298466
14609.382222844,-2.478802326348786,-0.12124878648701094,-1.1727154922298466
14609.393784669,-2.478802326348786,-0.12124878648701094,-1.1727154922298466
14609.405891918,-2.478802326348786,-0.12124878648701094,-1.1727154922298466
14609.416034996,-2.478802326348786,-0.12124878648701094,-1.1727154922298466
14609.425830385,-2.478802326348786,-0.12124878648701094,-1.1727154922298466
14609.436271617,-2.478802326348786,-0.12124878648701094,-1.1727154922298466
14609.440003438,-2.4788216307147386,-0.12120199049539036,-1.1863687705806762
14609.443599241,-2.4788216307147386,-0.12120199049539036,-1.1863687705806762
14609.443997816,-2.4788216307147386,-0.12120199049539036,-1.1863687705806762
14609.452420955,-2.4788216307147386,-0.12120199049539036,-1.1863687705806762
14609.467219353,-2.4788216307147386,-0.12120199049539036,-1.1863687705806762
14609.468467798,-2.478812253305034,-0.12122549996223596,-1.1961463165096313
14609.472764809,-2.478812253305034,-0.12122549996223596,-1.1961463165096313
14609.473247494,-2.478812253305034,-0.12122549996223596,-1.1961463165096313
14609.480172895,-2.478812253305034,-0.12122549996223596,-1.1961463165096313
14609.489165132,-2.478812253305034,-0.12122549996223596,-1.1961463165096313
14609.499311516,-2.478812253305034,-0.12122549996223596,-1.1961463165096313
14609.515674698,-2.478812253305034,-0.12122549996223596,-1.1961463165096313
14609.522689529,-2.478812253305034,-0.12122549996223596,-1.1961463165096313
14609.53010573,-2.478812253305034,-0.12122549996223596,-1.1961463165096313
14609.531983437,-2.4788395371822105,-0.12115463905874428,-1.2103689384273566
14609.534762503,-2.4788395371822105,-0.12115463905874428,-1.2103689384273566
14609.539229536,-2.4788395371822105,-0.12115463905874428,-1.2103689384273566
14609.547871941,-2.4788395371822105,-0.12115463905874428,-1.2103689384273566
14609.561602826,-2.4788395371822105,-0.12115463905874428,-1.2103689384273566
14609.569851383,-2.4788395371822105,-0.12115463905874428,-1.2103689384273566
14609.571793112,-2.47883953718221,-0.12115463905874517,-1.219201393108753
14609.574651178,-2.47883953718221,-0.12115463905874517,-1.219201393108753
14609.583085898,-2.47883953718221,-0.12115463905874517,-1.219201393108753
14609.601052679,-2.47883953718221,-0.12115463905874517,-1.219201393108753
