time,x,y,yaw
9682.325406358,-2.4958875037955095,-0.1227885820651771,1.5056252674176729
9682.326095579,-2.495715836236469,-0.11999134475590245,1.5096502609413223
9682.3339214,-2.495141501806926,-0.1113600944264638,1.4976393616504355
9682.339945527,-2.495141501806926,-0.1113600944264638,1.4976393616504355
9682.340694851,-2.493924334414661,-0.09680511467481745,1.4765899466407821
9682.342297128,-2.493924334414661,-0.09680511467481745,1.4765899466407821
9682.342884657,-2.4922882122460672,-0.0812846031439873,1.456580569722377
9682.344858926,-2.490450902674529,-0.0669895838388581,1.432086753126086
9682.348237918,-2.4885659496155546,-0.05430685745118263,1.4115355520049508
9682.353462405,-2.485986058497383,-0.03929155397061409,1.3914015645696913
9682.356866504,-2.485986058497383,-0.03929155397061409,1.3914015645696913
9682.357468341,-2.483434023299337,-0.0259006915373566,1.3761237456468436
9682.359348221,-2.480978648281746,-0.013607293785648629,1.3712788497229629
9682.361035167,-2.480978648281746,-0.013607293785648629,1.3712788497229629
9682.361798148,-2.478183368821518,0.0002170224323167977,1.3714544409320482
9682.362483903,-2.475191337880747,0.014938877653259026,1.3696999166926438
9682.363949521,-2.472586073003209,0.027777003151446718,1.3714488099438757
9682.36457883,-2.4699388488666685,0.04092731394364054,1.3730137974582504
9682.364958597,-2.4671917886522916,0.05469627254478423,1.3745900776198512
9682.365248975,-2.4646783130430867,0.0674555457604345,1.37766248445157
9682.3656117,-2.4622470649841555,0.07995230594498187,1.3797124965825929
9682.365877121,-2.4593086791386387,0.09511534859487336,1.3789303584208834
9682.367064985,-2.4566046546724434,0.10914587045116664,1.3824183981293652
9682.367676941,-2.4545544941550648,0.11992717821460142,1.3823045181281033
9682.36804743,-2.4541625183741567,0.12198534876432623,1.3815418163136373
9682.36843883,-2.4541625183741567,0.12198534876432623,1.3815418163136373
9682.368955776,-2.4541625183741567,0.12198534876432623,1.3815418163136373
9682.36932336,-2.4541625183741567,0.12198534876432623,1.3815418163136373
9682.369796624,-2.4541625183741567,0.12198534876432623,1.3815418163136373
9682.371191017,-2.4524854098853246,0.1306581098336772,1.3780132213429332
9682.373597392,-2.4524854098853246,0.1306581098336772,1.3780132213429332
9682.38292559,-2.4524854098853246,0.1306581098336772,1.3780132213429332
9682.391566539,-2.4524854098853246,0.1306581098336772,1.3780132213429332
9682.395795296,-2.451360486576898,0.1363440459614122,1.3729378858403092
9682.397482322,-2.451360486576898,0.1363440459614122,1.3729378858403092
9682.404302382,-2.451360486576898,0.1363440459614122,1.3729378858403092
9682.405680495,-2.451360486576898,0.1363440459614122,1.3729378858403092
9682.416630612,-2.451360486576898,0.1363440459614122,1.3729378858403092
9682.422480383,-2.451360486576898,0.1363440459614122,1.3729378858403092
9682.431650512,-2.451360486576898,0.1363440459614122,1.3729378858403092
9682.432819029,-2.4496508919396893,0.14475232898578652,1.3674779811695932
9682.44370563,-2.4496508919396893,0.14475232898578652,1.3674779811695932
9682.454045198,-2.4496508919396893,0.14475232898578652,1.3674779811695932
9682.461562064,-2.4496508919396893,0.14475232898578652,1.3674779811695932
9682.474138386,-2.4496508919396893,0.14475232898578652,1.3674779811695932
9682.480996368,-2.4496508919396893,0.14475232898578652,1.3674779811695932
9682.486553904,-2.4496508919396893,0.14475232898578652,1.3674779811695932
9682.48830456,-2.4496508919396893,0.14475232898578652,1.3674779811695932
9682.48925229,-2.4485814954600693,0.1499071950374951,1.3650101104573134
9682.498987677,-2.4485814954600693,0.1499071950374951,1.3650101104573134
9682.501985268,-2.4485814954600693,0.1499071950374951,1.3650101104573134
9682.518089763,-2.4485814954600693,0.1499071950374951,1.3650101104573134
9682.521700943,-2.4485814954600693,0.1499071950374951,1.3650101104573134
9682.532407063,-2.4485814954600693,0.1499071950374951,1.3650101104573134
9682.541108867,-2.447468084560665,0.15513039731022726,1.3565368333653336
9682.547202476,-2.447468084560665,0.15513039731022726,1.3565368333653336
9682.552461649,-2.447468084560665,0.15513039731022726,1.3565368333653336
9682.563079301,-2.447468084560665,0.15513039731022726,1.3565368333653336
9682.574455637,-2.447468084560665,0.15513039731022726,1.3565368333653336
9682.581649383,-2.4456780898454804,0.1632629517749807,1.3517598787144547
9682.589487066,-2.4456780898454804,0.1632629517749807,1.3517598787144547
9682.589845112,-2.4456780898454804,0.1632629517749807,1.3517598787144547
9682.594167265,-2.4456780898454804,0.1632629517749807,1.3517598787144547
9682.601149872,-2.4456780898454804,0.1632629517749807,1.3517598787144547
9682.603316243,-2.4456780898454804,0.1632629517749807,1.3517598787144547
9682.61324246,-2.4456780898454804,0.1632629517749807,1.3517598787144547
9682.618818882,-2.4456780898454804,0.1632629517749807,1.3517598787144547
9682.631516353,-2.4456780898454804,0.1632629517749807,1.3517598787144547
9682.633335058,-2.444423812790492,0.16879206402794072,1.3436842838124163
9682.645432735,-2.444423812790492,0.16879206402794072,1.3436842838124163
9682.652078397,-2.444423812790492,0.16879206402794072,1.3436842838124163
9682.663945639,-2.444423812790492,0.16879206402794072,1.3436842838124163
9682.670800345,-2.444423812790492,0.16879206402794072,1.3436842838124163
9682.68378078,-2.444423812790492,0.16879206402794072,1.3436842838124163
9682.690880579,-2.4430421464727585,0.17455135050190507,1.3270030895069962
9682.701025258,-2.4430421464727585,0.17455135050190507,1.3270030895069962
9682.702001993,-2.4430421464727585,0.17455135050190507,1.3270030895069962
9682.703893786,-2.4430421464727585,0.17455135050190507,1.3270030895069962
9682.704430489,-2.4430421464727585,0.17455135050190507,1.3270030895069962
9682.714121793,-2.4430421464727585,0.17455135050190507,1.3270030895069962
9682.721421689,-2.4430421464727585,0.17455135050190507,1.3270030895069962
9682.731049773,-2.440612611738687,0.1840666272072333,1.3146121183232191
9682.733882142,-2.440612611738687,0.1840666272072333,1.3146121183232191
9682.739589772,-2.440612611738687,0.1840666272072333,1.3146121183232191
9682.753993555,-2.440612611738687,0.1840666272072333,1.3146121183232191
9682.761356751,-2.440612611738687,0.1840666272072333,1.3146121183232191
9682.770605499,-2.440612611738687,0.1840666272072333,1.3146121183232191
9682.781940376,-2.440612611738687,0.1840666272072333,1.3146121183232191
9682.792838589,-2.440612611738687,0.1840666272072333,1.3146121183232191
9682.795071035,-2.4391927013082504,0.19005317429577956,1.2949615770878742
9682.795628918,-2.4391927013082504,0.19005317429577956,1.2949615770878742
9682.796448256,-2.4391927013082504,0.19005317429577956,1.2949615770878742
9682.801336167,-2.4391927013082504,0.19005317429577956,1.2949615770878742
9682.810579675,-2.4391927013082504,0.19005317429577956,1.2949615770878742
9682.821394339,-2.4391927013082504,0.19005317429577956,1.2949615770878742
9682.830333021,-2.4391927013082504,0.19005317429577956,1.2949615770878742
9682.837230568,-2.4371421629880845,0.19934060936440798,1.2819310498254393
9682.844677202,-2.4371421629880845,0.19934060936440798,1.2819310498254393
9682.851139467,-2.4371421629880845,0.19934060936440798,1.2819310498254393
9682.86020103,-2.4371421629880845,0.19934060936440798,1.2819310498254393
9682.870191636,-2.4371421629880845,0.19934060936440798,1.2819310498254393
9682.879090916,-2.4358067386692523,0.2054776852353725,1.2688656924186594
9682.882078498,-2.4358067386692523,0.2054776852353725,1.2688656924186594
9682.882764985,-2.4358067386692523,0.2054776852353725,1.2688656924186594
9682.883909096,-2.4358067386692523,0.2054776852353725,1.2688656924186594
9682.894106986,-2.4358067386692523,0.2054776852353725,1.2688656924186594
9682.899573136,-2.4358067386692523,0.2054776852353725,1.2688656924186594
9682.91220351,-2.4358067386692523,0.2054776852353725,1.2688656924186594
9682.925561752,-2.4358067386692523,0.2054776852353725,1.2688656924186594
9682.929394911,-2.4337189854046413,0.21201143271533865,1.2541669485984694
9682.934646269,-2.4337189854046413,0.21201143271533865,1.2541669485984694
9682.943003062,-2.4337189854046413,0.21201143271533865,1.2541669485984694
9682.955352064,-2.4337189854046413,0.21201143271533865,1.2541669485984694
9682.960222522,-2.4337189854046413,0.21201143271533865,1.2541669485984694
9682.972168845,-2.4337189854046413,0.21201143271533865,1.2541669485984694
9682.981822056,-2.4337189854046413,0.21201143271533865,1.2541669485984694
9682.985445629,-2.4337189854046413,0.21201143271533865,1.2541669485984694
9682.98643628,-2.431452226083313,0.21864594597710976,1.228971111577595
9682.99081496,-2.431452226083313,0.21864594597710976,1.228971111577595
9682.9934358,-2.431452226083313,0.21864594597710976,1.228971111577595
9683.004174391,-2.431452226083313,0.21864594597710976,1.228971111577595
9683.010815674,-2.431452226083313,0.21864594597710976,1.228971111577595
9683.022371298,-2.431452226083313,0.21864594597710976,1.228971111577595
9683.027904708,-2.427720746060601,0.22886987379009027,1.2127156136451605
9683.031147723,-2.427720746060601,0.22886987379009027,1.2127156136451605
9683.041207302,-2.427720746060601,0.22886987379009027,1.2127156136451605
9683.051757838,-2.427720746060601,0.22886987379009027,1.2127156136451605
9683.061052883,-2.427720746060601,0.22886987379009027,1.2127156136451605
9683.070330485,-2.427720746060601,0.22886987379009027,1.2127156136451605
9683.081409949,-2.427720746060601,0.22886987379009027,1.2127156136451605
9683.094394973,-2.427720746060601,0.22886987379009027,1.2127156136451605
9683.09575431,-2.4251647723624505,0.23550703060155473,1.1936839697776687
9683.096510719,-2.4251647723624505,0.23550703060155473,1.1936839697776687
9683.10478215,-2.4251647723624505,0.23550703060155473,1.1936839697776687
9683.10665112,-2.4251647723624505,0.23550703060155473,1.1936839697776687
9683.111123457,-2.4251647723624505,0.23550703060155473,1.1936839697776687
9683.124550235,-2.4251647723624505,0.23550703060155473,1.1936839697776687
9683.132639082,-2.4251647723624505,0.23550703060155473,1.1936839697776687
9683.13405697,-2.4210738617000898,0.2456198282458436,1.1791010973869216
9683.141638418,-2.4210738617000898,0.2456198282458436,1.1791010973869216
9683.152736869,-2.4210738617000898,0.2456198282458436,1.1791010973869216
9683.161233816,-2.4210738617000898,0.2456198282458436,1.1791010973869216
9683.171352436,-2.4210738617000898,0.2456198282458436,1.1791010973869216
9683.181087813,-2.4210738617000898,0.2456198282458436,1.1791010973869216
9683.182073785,-2.4210738617000898,0.2456198282458436,1.1791010973869216
9683.182657477,-2.418388774914516,0.2520140686393532,1.1673669693885695
9683.19133739,-2.418388774914516,0.2520140686393532,1.1673669693885695
9683.192858323,-2.418388774914516,0.2520140686393532,1.1673669693885695
9683.202610271,-2.418388774914516,0.2520140686393532,1.1673669693885695
9683.211570443,-2.418388774914516,0.2520140686393532,1.1673669693885695
9683.224142507,-2.418388774914516,0.2520140686393532,1.1673669693885695
9683.22978846,-2.418388774914516,0.2520140686393532,1.1673669693885695
9683.231733994,-2.415585187719069,0.25841255236771854,1.1482899067817576
9683.244245935,-2.415585187719069,0.25841255236771854,1.1482899067817576
9683.251160513,-2.415585187719069,0.25841255236771854,1.1482899067817576
9683.260755264,-2.415585187719069,0.25841255236771854,1.1482899067817576
9683.272705603,-2.415585187719069,0.25841255236771854,1.1482899067817576
9683.279917284,-2.415585187719069,0.25841255236771854,1.1482899067817576
9683.290958997,-2.4126912389337045,0.26474285789092855,1.1357219098029987
9683.297127758,-2.4126912389337045,0.26474285789092855,1.1357219098029987
9683.297694809,-2.4126912389337045,0.26474285789092855,1.1357219098029987
9683.298600539,-2.4126912389337045,0.26474285789092855,1.1357219098029987
9683.304588588,-2.4126912389337045,0.26474285789092855,1.1357219098029987
9683.314210741,-2.4126912389337045,0.26474285789092855,1.1357219098029987
9683.324171843,-2.4126912389337045,0.26474285789092855,1.1357219098029987
9683.329796076,-2.408147538101449,0.2743533762773918,1.1225930331169016
9683.337457695,-2.408147538101449,0.2743533762773918,1.1225930331169016
9683.341952384,-2.408147538101449,0.2743533762773918,1.1225930331169016
9683.356558479,-2.408147538101449,0.2743533762773918,1.1225930331169016
9683.371875567,-2.408147538101449,0.2743533762773918,1.1225930331169016
9683.375022831,-2.408147538101449,0.2743533762773918,1.1225930331169016
9683.382586897,-2.408147538101449,0.2743533762773918,1.1225930331169016
9683.391341351,-2.408147538101449,0.2743533762773918,1.1225930331169016
9683.395624708,-2.4052343112026398,0.2802542028382371,1.1018128273902785
9683.396772475,-2.4052343112026398,0.2802542028382371,1.1018128273902785
9683.398326143,-2.4052343112026398,0.2802542028382371,1.1018128273902785
9683.40564202,-2.4052343112026398,0.2802542028382371,1.1018128273902785
9683.409635582,-2.4052343112026398,0.2802542028382371,1.1018128273902785
9683.425822122,-2.4052343112026398,0.2802542028382371,1.1018128273902785
9683.429360164,-2.4052343112026398,0.2802542028382371,1.1018128273902785
9683.436984984,-2.4005317938639177,0.28936275952369145,1.086614954274739
9683.440588039,-2.4005317938639177,0.28936275952369145,1.086614954274739
9683.453485237,-2.4005317938639177,0.28936275952369145,1.086614954274739
9683.461960754,-2.4005317938639177,0.28936275952369145,1.086614954274739
9683.471298707,-2.4005317938639177,0.28936275952369145,1.086614954274739
9683.482538617,-2.4005317938639177,0.28936275952369145,1.086614954274739
9683.484882254,-2.3972413349977035,0.29552502985485823,1.0740741370139972
9683.485789317,-2.3972413349977035,0.29552502985485823,1.0740741370139972
9683.486201325,-2.3972413349977035,0.29552502985485823,1.0740741370139972
9683.492015967,-2.3972413349977035,0.29552502985485823,1.0740741370139972
9683.500158665,-2.3972413349977035,0.29552502985485823,1.0740741370139972
9683.51328188,-2.3972413349977035,0.29552502985485823,1.0740741370139972
9683.521149659,-2.3972413349977035,0.29552502985485823,1.0740741370139972
9683.530087058,-2.3938527822532096,0.3016628368198278,1.0586429713188066
9683.533346344,-2.3938527822532096,0.3016628368198278,1.0586429713188066
9683.540685224,-2.3938527822532096,0.3016628368198278,1.0586429713188066
9683.552805565,-2.3938527822532096,0.3016628368198278,1.0586429713188066
9683.561726634,-2.3938527822532096,0.3016628368198278,1.0586429713188066
9683.571620139,-2.3938527822532096,0.3016628368198278,1.0586429713188066
9683.58064831,-2.3938527822532096,0.3016628368198278,1.0586429713188066
9683.589841592,-2.3926594158962193,0.3063177489098236,1.0387000363820258
9683.592051877,-2.3926594158962193,0.3063177489098236,1.0387000363820258
9683.592829355,-2.3926594158962193,0.3063177489098236,1.0387000363820258
9683.59380091,-2.3926594158962193,0.3063177489098236,1.0387000363820258
9683.605090351,-2.3926594158962193,0.3063177489098236,1.0387000363820258
9683.612440543,-2.3926594158962193,0.3063177489098236,1.0387000363820258
9683.621189747,-2.3926594158962193,0.3063177489098236,1.0387000363820258
9683.630724231,-2.3914851480808252,0.31304352344343495,1.0223058960621718
9683.637717412,-2.3914851480808252,0.31304352344343495,1.0223058960621718
9683.644647089,-2.3914851480808252,0.31304352344343495,1.0223058960621718
9683.651969388,-2.3914851480808252,0.31304352344343495,1.0223058960621718
9683.661607421,-2.3914851480808252,0.31304352344343495,1.0223058960621718
9683.670346035,-2.3914851480808252,0.31304352344343495,1.0223058960621718
9683.679998364,-2.3914851480808252,0.31304352344343495,1.0223058960621718
9683.68054682,-2.3914851480808252,0.31304352344343495,1.0223058960621718
9683.68121379,-2.391640570610516,0.31697837964071784,1.002237935811989
9683.681608625,-2.391640570610516,0.31697837964071784,1.002237935811989
9683.690486933,-2.391640570610516,0.31697837964071784,1.002237935811989
9683.700633686,-2.391640570610516,0.31697837964071784,1.002237935811989
9683.711486282,-2.391640570610516,0.31697837964071784,1.002237935811989
9683.721585576,-2.391640570610516,0.31697837964071784,1.002237935811989
9683.730303962,-2.391640570610516,0.31697837964071784,1.002237935811989
9683.736253769,-2.3877680008553055,0.322943952167864,0.9877954919643328
9683.747180956,-2.3877680008553055,0.322943952167864,0.9877954919643328
9683.755073793,-2.3877680008553055,0.322943952167864,0.9877954919643328
9683.759750305,-2.3877680008553055,0.322943952167864,0.9877954919643328
9683.773351272,-2.3877680008553055,0.322943952167864,0.9877954919643328
9683.782595471,-2.3877680008553055,0.322943952167864,0.9877954919643328
9683.783830914,-2.3877680008553055,0.322943952167864,0.9877954919643328
9683.785042813,-2.3818226789401598,0.3318174661604395,0.9731731612987444
9683.786167708,-2.3818226789401598,0.3318174661604395,0.9731731612987444
9683.794445391,-2.3818226789401598,0.3318174661604395,0.9731731612987444
9683.800662643,-2.3818226789401598,0.3318174661604395,0.9731731612987444
9683.812750993,-2.3818226789401598,0.3318174661604395,0.9731731612987444
9683.822582311,-2.3818226789401598,0.3318174661604395,0.9731731612987444
9683.831322127,-2.3779743021395388,0.33731094384142424,0.9462487895793841
9683.832478561,-2.3779743021395388,0.33731094384142424,0.9462487895793841
9683.843890424,-2.3779743021395388,0.33731094384142424,0.9462487895793841
9683.850811475,-2.3779743021395388,0.33731094384142424,0.9462487895793841
9683.860763691,-2.3779743021395388,0.33731094384142424,0.9462487895793841
9683.872070535,-2.3779743021395388,0.33731094384142424,0.9462487895793841
9683.881764794,-2.3779743021395388,0.33731094384142424,0.9462487895793841
9683.890725267,-2.3738066971108194,0.34298029852115186,0.9275361497707292
9683.894667923,-2.3738066971108194,0.34298029852115186,0.9275361497707292
9683.895159071,-2.3738066971108194,0.34298029852115186,0.9275361497707292
9683.895755948,-2.3738066971108194,0.34298029852115186,0.9275361497707292
9683.902164722,-2.3738066971108194,0.34298029852115186,0.9275361497707292
9683.914832065,-2.3738066971108194,0.34298029852115186,0.9275361497707292
9683.919384303,-2.3738066971108194,0.34298029852115186,0.9275361497707292
9683.928559081,-2.367483063026646,0.3512721556099072,0.9109833438701556
9683.931938673,-2.367483063026646,0.3512721556099072,0.9109833438701556
9683.945450111,-2.367483063026646,0.3512721556099072,0.9109833438701556
9683.950314678,-2.367483063026646,0.3512721556099072,0.9109833438701556
9683.960408903,-2.367483063026646,0.3512721556099072,0.9109833438701556
9683.971635806,-2.367483063026646,0.3512721556099072,0.9109833438701556
9683.981626745,-2.367483063026646,0.3512721556099072,0.9109833438701556
9683.990391648,-2.367483063026646,0.3512721556099072,0.9109833438701556
9683.991220173,-2.367483063026646,0.3512721556099072,0.9109833438701556
9683.991585503,-2.363488527294164,0.35627713552851625,0.8834316928691788
9683.995837063,-2.363488527294164,0.35627713552851625,0.8834316928691788
9684.005788898,-2.363488527294164,0.35627713552851625,0.8834316928691788
9684.012526162,-2.363488527294164,0.35627713552851625,0.8834316928691788
9684.022870759,-2.363488527294164,0.35627713552851625,0.8834316928691788
9684.032511847,-2.363488527294164,0.35627713552851625,0.8834316928691788
9684.033837361,-2.3570209253839938,0.36400038703093784,0.8638709981746603
9684.041835947,-2.3570209253839938,0.36400038703093784,0.8638709981746603
9684.053450503,-2.3570209253839938,0.36400038703093784,0.8638709981746603
9684.063448886,-2.3570209253839938,0.36400038703093784,0.8638709981746603
9684.070848641,-2.3570209253839938,0.36400038703093784,0.8638709981746603
9684.080594888,-2.3570209253839938,0.36400038703093784,0.8638709981746603
9684.081330597,-2.3570209253839938,0.36400038703093784,0.8638709981746603
9684.081736754,-2.3525553369550076,0.3691399598241829,0.8470336396999282
9684.083229734,-2.3525553369550076,0.3691399598241829,0.8470336396999282
9684.091359488,-2.3525553369550076,0.3691399598241829,0.8470336396999282
9684.102139928,-2.3525553369550076,0.3691399598241829,0.8470336396999282
9684.111329344,-2.3525553369550076,0.3691399598241829,0.8470336396999282
9684.122436861,-2.3525553369550076,0.3691399598241829,0.8470336396999282
9684.135658302,-2.3525553369550076,0.3691399598241829,0.8470336396999282
9684.135967245,-2.3480723259454175,0.37409495927951897,0.8236980636424945
9684.144840884,-2.3480723259454175,0.37409495927951897,0.8236980636424945
9684.151168865,-2.3480723259454175,0.37409495927951897,0.8236980636424945
9684.16153847,-2.3480723259454175,0.37409495927951897,0.8236980636424945
9684.170255172,-2.3480723259454175,0.37409495927951897,0.8236980636424945
9684.182728399,-2.3480723259454175,0.37409495927951897,0.8236980636424945
9684.185897785,-2.3435854762441295,0.3788743250758406,0.8102133472270887
9684.186766225,-2.3435854762441295,0.3788743250758406,0.8102133472270887
9684.191713548,-2.3435854762441295,0.3788743250758406,0.8102133472270887
9684.194447332,-2.3435854762441295,0.3788743250758406,0.8102133472270887
9684.202927818,-2.3435854762441295,0.3788743250758406,0.8102133472270887
9684.211352749,-2.3435854762441295,0.3788743250758406,0.8102133472270887
9684.221382692,-2.3435854762441295,0.3788743250758406,0.8102133472270887
9684.232144848,-2.3435854762441295,0.3788743250758406,0.8102133472270887
9684.232922486,-2.3366441415683856,0.38606962217736274,0.7965088088817522
9684.24200501,-2.3366441415683856,0.38606962217736274,0.7965088088817522
9684.252429086,-2.3366441415683856,0.38606962217736274,0.7965088088817522
9684.260740544,-2.3366441415683856,0.38606962217736274,0.7965088088817522
9684.269647556,-2.3366441415683856,0.38606962217736274,0.7965088088817522
9684.283642093,-2.3366441415683856,0.38606962217736274,0.7965088088817522
9684.291989281,-2.3366441415683856,0.38606962217736274,0.7965088088817522
9684.296705909,-2.330846751760276,0.39149613146217643,0.7845936642788074
9684.297874987,-2.330846751760276,0.39149613146217643,0.7845936642788074
9684.299831492,-2.330846751760276,0.39149613146217643,0.7845936642788074
9684.307155644,-2.330846751760276,0.39149613146217643,0.7845936642788074
9684.311112447,-2.330846751760276,0.39149613146217643,0.7845936642788074
9684.32341916,-2.330846751760276,0.39149613146217643,0.7845936642788074
9684.333814603,-2.321694611693129,0.39996098886610143,0.7776517075986193
9684.338625779,-2.321694611693129,0.39996098886610143,0.7776517075986193
9684.34625071,-2.321694611693129,0.39996098886610143,0.7776517075986193
9684.356892258,-2.321694611693129,0.39996098886610143,0.7776517075986193
9684.361534746,-2.321694611693129,0.39996098886610143,0.7776517075986193
9684.371506488,-2.321694611693129,0.39996098886610143,0.7776517075986193
9684.380710201,-2.321694611693129,0.39996098886610143,0.7776517075986193
9684.38173155,-2.321694611693129,0.39996098886610143,0.7776517075986193
9684.382211927,-2.314671306116439,0.40624356350002555,0.7687020790754406
9684.383652578,-2.314671306116439,0.40624356350002555,0.7687020790754406
9684.392647606,-2.314671306116439,0.40624356350002555,0.7687020790754406
9684.401125498,-2.314671306116439,0.40624356350002555,0.7687020790754406
9684.41470256,-2.314671306116439,0.40624356350002555,0.7687020790754406
9684.422004861,-2.314671306116439,0.40624356350002555,0.7687020790754406
9684.431758722,-2.314671306116439,0.40624356350002555,0.7687020790754406
9684.442221613,-2.314671306116439,0.40624356350002555,0.7687020790754406
9684.442582595,-2.3101271748889376,0.41061055609859143,0.7623427403150645
9684.455985758,-2.3101271748889376,0.41061055609859143,0.7623427403150645
9684.461229531,-2.3101271748889376,0.41061055609859143,0.7623427403150645
9684.472071916,-2.3101271748889376,0.41061055609859143,0.7623427403150645
9684.483058198,-2.3033293912982584,0.4170520233863763,0.7546393168150036
9684.490278845,-2.3033293912982584,0.4170520233863763,0.7546393168150036
9684.490934433,-2.3033293912982584,0.4170520233863763,0.7546393168150036
9684.497034464,-2.3033293912982584,0.4170520233863763,0.7546393168150036
9684.497788658,-2.3033293912982584,0.4170520233863763,0.7546393168150036
9684.504337647,-2.3033293912982584,0.4170520233863763,0.7546393168150036
9684.512481667,-2.3033293912982584,0.4170520233863763,0.7546393168150036
9684.523798781,-2.3033293912982584,0.4170520233863763,0.7546393168150036
9684.531263018,-2.298606632626214,0.4214511791198152,0.7452360880552382
9684.532569135,-2.298606632626214,0.4214511791198152,0.7452360880552382
9684.543907058,-2.298606632626214,0.4214511791198152,0.7452360880552382
9684.55223701,-2.298606632626214,0.4214511791198152,0.7452360880552382
9684.561383625,-2.298606632626214,0.4214511791198152,0.7452360880552382
9684.570413288,-2.298606632626214,0.4214511791198152,0.7452360880552382
9684.581926743,-2.298606632626214,0.4214511791198152,0.7452360880552382
9684.589880093,-2.2942558390632106,0.425432360259961,0.7368969214140026
9684.591407568,-2.2942558390632106,0.425432360259961,0.7368969214140026
9684.593412134,-2.2942558390632106,0.425432360259961,0.7368969214140026
9684.59421463,-2.2942558390632106,0.425432360259961,0.7368969214140026
9684.60128319,-2.2942558390632106,0.425432360259961,0.7368969214140026
9684.612431725,-2.2942558390632106,0.425432360259961,0.7368969214140026
9684.621260599,-2.2942558390632106,0.425432360259961,0.7368969214140026
9684.633479907,-2.2942558390632106,0.425432360259961,0.7368969214140026
9684.63413264,-2.2871719960891888,0.4318254338532196,0.7314775479017345
9684.641530862,-2.2871719960891888,0.4318254338532196,0.7314775479017345
9684.65314664,-2.2871719960891888,0.4318254338532196,0.7314775479017345
9684.662161546,-2.2871719960891888,0.4318254338532196,0.7314775479017345
9684.673102008,-2.2871719960891888,0.4318254338532196,0.7314775479017345
9684.680536509,-2.2871719960891888,0.4318254338532196,0.7314775479017345
9684.691603771,-2.2822817316420996,0.43619114929224495,0.7260971558271495
9684.69534664,-2.2822817316420996,0.43619114929224495,0.7260971558271495
9684.695830484,-2.2822817316420996,0.43619114929224495,0.7260971558271495
9684.696248233,-2.2822817316420996,0.43619114929224495,0.7260971558271495
9684.702740123,-2.2822817316420996,0.43619114929224495,0.7260971558271495
9684.712833115,-2.2822817316420996,0.43619114929224495,0.7260971558271495
9684.728236787,-2.2822817316420996,0.43619114929224495,0.7260971558271495
9684.734301791,-2.2822817316420996,0.43619114929224495,0.7260971558271495
9684.73960123,-2.27565601473443,0.44207138346010294,0.7256196034132092
9684.742936239,-2.27565601473443,0.44207138346010294,0.7256196034132092
9684.75696833,-2.27565601473443,0.44207138346010294,0.7256196034132092
9684.761906646,-2.27565601473443,0.44207138346010294,0.7256196034132092
9684.771117211,-2.27565601473443,0.44207138346010294,0.7256196034132092
9684.78218792,-2.27565601473443,0.44207138346010294,0.7256196034132092
9684.783013259,-2.2710308601243607,0.4461638818132843,0.7231266987501231
9684.783439353,-2.2710308601243607,0.4461638818132843,0.7231266987501231
9684.792642214,-2.2710308601243607,0.4461638818132843,0.7231266987501231
9684.796003773,-2.2710308601243607,0.4461638818132843,0.7231266987501231
9684.803319089,-2.2710308601243607,0.4461638818132843,0.7231266987501231
9684.817085699,-2.2710308601243607,0.4461638818132843,0.7231266987501231
9684.823614239,-2.2710308601243607,0.4461638818132843,0.7231266987501231
9684.830904748,-2.2666258956850887,0.45004687071936395,0.7218757164655774
9684.834933396,-2.2666258956850887,0.45004687071936395,0.7218757164655774
9684.841830833,-2.2666258956850887,0.45004687071936395,0.7218757164655774
9684.850701957,-2.2666258956850887,0.45004687071936395,0.7218757164655774
9684.864637933,-2.2666258956850887,0.45004687071936395,0.7218757164655774
9684.872967037,-2.2666258956850887,0.45004687071936395,0.7218757164655774
9684.880422678,-2.2666258956850887,0.45004687071936395,0.7218757164655774
9684.885505635,-2.26242564246549,0.45374104504535373,0.7208841335950941
9684.885957598,-2.26242564246549,0.45374104504535373,0.7208841335950941
9684.891248243,-2.26242564246549,0.45374104504535373,0.7208841335950941
9684.892016264,-2.26242564246549,0.45374104504535373,0.7208841335950941
9684.905723582,-2.26242564246549,0.45374104504535373,0.7208841335950941
9684.914505207,-2.26242564246549,0.45374104504535373,0.7208841335950941
9684.920603254,-2.26242564246549,0.45374104504535373,0.7208841335950941
9684.928810795,-2.2560383125491033,0.4593559071381722,0.7213683617292493
9684.931492018,-2.2560383125491033,0.4593559071381722,0.7213683617292493
9684.941877362,-2.2560383125491033,0.4593559071381722,0.7213683617292493
9684.952932381,-2.2560383125491033,0.4593559071381722,0.7213683617292493
9684.959803364,-2.2560383125491033,0.4593559071381722,0.7213683617292493
9684.969774349,-2.2560383125491033,0.4593559071381722,0.7213683617292493
9684.980773903,-2.2560383125491033,0.4593559071381722,0.7213683617292493
9684.990977914,-2.2560383125491033,0.4593559071381722,0.7213683617292493
9684.991351009,-2.2521165757493815,0.4630715823245881,0.7207536743583035
9684.992175596,-2.2521165757493815,0.4630715823245881,0.7207536743583035
9684.993626687,-2.2521165757493815,0.4630715823245881,0.7207536743583035
9685.00201539,-2.2521165757493815,0.4630715823245881,0.7207536743583035
9685.010189418,-2.2521165757493815,0.4630715823245881,0.7207536743583035
9685.02124652,-2.2521165757493815,0.4630715823245881,0.7207536743583035
9685.031858031,-2.2521165757493815,0.4630715823245881,0.7207536743583035
9685.037048444,-2.2502778344643963,0.4680938803531851,0.7271262755817186
9685.040346783,-2.2502778344643963,0.4680938803531851,0.7271262755817186
9685.053400357,-2.2502778344643963,0.4680938803531851,0.7271262755817186
9685.061501426,-2.2502778344643963,0.4680938803531851,0.7271262755817186
9685.070317326,-2.2502778344643963,0.4680938803531851,0.7271262755817186
9685.081172558,-2.2502778344643963,0.4680938803531851,0.7271262755817186
9685.081996374,-2.250458654714549,0.47139724831664076,0.7342976020136146
9685.082743244,-2.250458654714549,0.47139724831664076,0.7342976020136146
9685.084179106,-2.250458654714549,0.47139724831664076,0.7342976020136146
9685.091263055,-2.250458654714549,0.47139724831664076,0.7342976020136146
9685.099782164,-2.250458654714549,0.47139724831664076,0.7342976020136146
9685.110803469,-2.250458654714549,0.47139724831664076,0.7342976020136146
9685.121527884,-2.250458654714549,0.47139724831664076,0.7342976020136146
9685.131955748,-2.250458654714549,0.47139724831664076,0.7342976020136146
9685.133229634,-2.2462946340221626,0.47517001682224674,0.7379864142694738
9685.142844042,-2.2462946340221626,0.47517001682224674,0.7379864142694738
9685.153184521,-2.2462946340221626,0.47517001682224674,0.7379864142694738
9685.161121391,-2.2462946340221626,0.47517001682224674,0.7379864142694738
9685.169977817,-2.2462946340221626,0.47517001682224674,0.7379864142694738
9685.181304018,-2.2462946340221626,0.47517001682224674,0.7379864142694738
9685.185639774,-2.2419737404340316,0.47910887212235553,0.7403697655954625
9685.186485391,-2.2419737404340316,0.47910887212235553,0.7403697655954625
9685.193966122,-2.2419737404340316,0.47910887212235553,0.7403697655954625
9685.195501812,-2.2419737404340316,0.47910887212235553,0.7403697655954625
9685.200655666,-2.2419737404340316,0.47910887212235553,0.7403697655954625
9685.213467112,-2.2419737404340316,0.47910887212235553,0.7403697655954625
9685.223604918,-2.2419737404340316,0.47910887212235553,0.7403697655954625
9685.231696688,-2.2419737404340316,0.47910887212235553,0.7403697655954625
9685.232329075,-2.235704865597011,0.48485568585345096,0.7435846017160679
9685.243116438,-2.235704865597011,0.48485568585345096,0.7435846017160679
9685.254659799,-2.235704865597011,0.48485568585345096,0.7435846017160679
9685.261387185,-2.235704865597011,0.48485568585345096,0.7435846017160679
9685.271991743,-2.235704865597011,0.48485568585345096,0.7435846017160679
9685.281661956,-2.235704865597011,0.48485568585345096,0.7435846017160679
9685.29076617,-2.235704865597011,0.48485568585345096,0.7435846017160679
9685.291732926,-2.2314775332080834,0.4887467946468639,0.7444294379511144
9685.293461661,-2.2314775332080834,0.4887467946468639,0.7444294379511144
9685.294008274,-2.2314775332080834,0.4887467946468639,0.7444294379511144
9685.302706231,-2.2314775332080834,0.4887467946468639,0.7444294379511144
9685.312430206,-2.2314775332080834,0.4887467946468639,0.7444294379511144
9685.321330195,-2.2314775332080834,0.4887467946468639,0.7444294379511144
9685.333807529,-2.2314775332080834,0.4887467946468639,0.7444294379511144
9685.337177764,-2.225305381344461,0.49444920076524196,0.7472901032724646
9685.340843458,-2.225305381344461,0.49444920076524196,0.7472901032724646
9685.351393212,-2.225305381344461,0.49444920076524196,0.7472901032724646
9685.362284381,-2.225305381344461,0.49444920076524196,0.7472901032724646
9685.371219046,-2.225305381344461,0.49444920076524196,0.7472901032724646
9685.381925015,-2.225305381344461,0.49444920076524196,0.7472901032724646
9685.384760921,-2.221257977066196,0.4981993819403428,0.7473084615030551
9685.385298276,-2.221257977066196,0.4981993819403428,0.7473084615030551
9685.389265509,-2.221257977066196,0.4981993819403428,0.7473084615030551
9685.391965488,-2.221257977066196,0.4981993819403428,0.7473084615030551
9685.401127671,-2.221257977066196,0.4981993819403428,0.7473084615030551
9685.412695459,-2.221257977066196,0.4981993819403428,0.7473084615030551
9685.421961028,-2.221257977066196,0.4981993819403428,0.7473084615030551
9685.431467652,-2.221257977066196,0.4981993819403428,0.7473084615030551
9685.434069236,-2.217227622838052,0.5019307236047134,0.7464776919641759
9685.442973693,-2.217227622838052,0.5019307236047134,0.7464776919641759
9685.452474446,-2.217227622838052,0.5019307236047134,0.7464776919641759
9685.459376549,-2.217227622838052,0.5019307236047134,0.7464776919641759
9685.472569308,-2.217227622838052,0.5019307236047134,0.7464776919641759
9685.480160865,-2.217227622838052,0.5019307236047134,0.7464776919641759
9685.487981856,-2.213095807475299,0.5057387352028617,0.7427993701257969
9685.489055694,-2.213095807475299,0.5057387352028617,0.7427993701257969
9685.494255735,-2.213095807475299,0.5057387352028617,0.7427993701257969
9685.496860104,-2.213095807475299,0.5057387352028617,0.7427993701257969
9685.505676444,-2.213095807475299,0.5057387352028617,0.7427993701257969
9685.512327616,-2.213095807475299,0.5057387352028617,0.7427993701257969
9685.520691482,-2.213095807475299,0.5057387352028617,0.7427993701257969
9685.529371305,-2.206997500172449,0.5113345071402304,0.7421028302469519
9685.535756424,-2.206997500172449,0.5113345071402304,0.7421028302469519
9685.541883436,-2.206997500172449,0.5113345071402304,0.7421028302469519
9685.55168132,-2.206997500172449,0.5113345071402304,0.7421028302469519
9685.563584611,-2.206997500172449,0.5113345071402304,0.7421028302469519
9685.572483197,-2.206997500172449,0.5113345071402304,0.7421028302469519
9685.582544118,-2.206997500172449,0.5113345071402304,0.7421028302469519
9685.584802985,-2.206997500172449,0.5113345071402304,0.7421028302469519
9685.585686543,-2.206997500172449,0.5113345071402304,0.7421028302469519
9685.586331652,-2.202848991463592,0.5151243258715226,0.7383857653894687
9685.594268111,-2.202848991463592,0.5151243258715226,0.7383857653894687
9685.60274496,-2.202848991463592,0.5151243258715226,0.7383857653894687
9685.610033866,-2.202848991463592,0.5151243258715226,0.7383857653894687
9685.620930055,-2.202848991463592,0.5151243258715226,0.7383857653894687
9685.635076021,-2.202848991463592,0.5151243258715226,0.7383857653894687
9685.637158164,-2.1988054485402553,0.518803868409964,0.7382173226633337
9685.646010112,-2.1988054485402553,0.518803868409964,0.7382173226633337
9685.656099677,-2.1988054485402553,0.518803868409964,0.7382173226633337
9685.66416552,-2.1988054485402553,0.518803868409964,0.7382173226633337
9685.672608636,-2.1988054485402553,0.518803868409964,0.7382173226633337
9685.680504478,-2.1988054485402553,0.518803868409964,0.7382173226633337
9685.681480451,-2.1926553179438275,0.5243803836645687,0.7348258183756139
9685.682324075,-2.1926553179438275,0.5243803836645687,0.7348258183756139
9685.683220047,-2.1926553179438275,0.5243803836645687,0.7348258183756139
9685.691020469,-2.1926553179438275,0.5243803836645687,0.7348258183756139
9685.701998963,-2.1926553179438275,0.5243803836645687,0.7348258183756139
9685.710872171,-2.1926553179438275,0.5243803836645687,0.7348258183756139
9685.721697867,-2.1926553179438275,0.5243803836645687,0.7348258183756139
9685.732234176,-2.1926553179438275,0.5243803836645687,0.7348258183756139
9685.733074563,-2.1886147981651214,0.5280255668820654,0.7331852601328159
9685.743100198,-2.1886147981651214,0.5280255668820654,0.7331852601328159
9685.753760177,-2.1886147981651214,0.5280255668820654,0.7331852601328159
9685.763951708,-2.1886147981651214,0.5280255668820654,0.7331852601328159
9685.769764997,-2.1886147981651214,0.5280255668820654,0.7331852601328159
9685.781792833,-2.1886147981651214,0.5280255668820654,0.7331852601328159
9685.791150126,-2.1886147981651214,0.5280255668820654,0.7331852601328159
9685.79254463,-2.1886147981651214,0.5280255668820654,0.7331852601328159
9685.792969312,-2.1844364238964884,0.5317824324632039,0.7314736531534457
9685.793303823,-2.1844364238964884,0.5317824324632039,0.7314736531534457
9685.801135254,-2.1844364238964884,0.5317824324632039,0.7314736531534457
9685.81649929,-2.1844364238964884,0.5317824324632039,0.7314736531534457
9685.821736833,-2.1844364238964884,0.5317824324632039,0.7314736531534457
9685.832583197,-2.1844364238964884,0.5317824324632039,0.7314736531534457
9685.837066965,-2.178335136633128,0.5372619540870642,0.7320470498361854
9685.843292413,-2.178335136633128,0.5372619540870642,0.7320470498361854
9685.853925355,-2.178335136633128,0.5372619540870642,0.7320470498361854
9685.861047696,-2.178335136633128,0.5372619540870642,0.7320470498361854
9685.869880194,-2.178335136633128,0.5372619540870642,0.7320470498361854
9685.882041575,-2.178335136633128,0.5372619540870642,0.7320470498361854
9685.883753829,-2.1743450559018216,0.5408496787723661,0.7326556132593421
9685.884530616,-2.1743450559018216,0.5408496787723661,0.7326556132593421
9685.884985656,-2.1743450559018216,0.5408496787723661,0.7326556132593421
9685.892901195,-2.1743450559018216,0.5408496787723661,0.7326556132593421
9685.901180301,-2.1743450559018216,0.5408496787723661,0.7326556132593421
9685.913411121,-2.1743450559018216,0.5408496787723661,0.7326556132593421
9685.923585587,-2.1743450559018216,0.5408496787723661,0.7326556132593421
9685.931398128,-2.1743450559018216,0.5408496787723661,0.7326556132593421
9685.938320826,-2.170207383062432,0.5445760974728683,0.7336455271997716
9685.942888743,-2.170207383062432,0.5445760974728683,0.7336455271997716
9685.951904941,-2.170207383062432,0.5445760974728683,0.7336455271997716
9685.961591856,-2.170207383062432,0.5445760974728683,0.7336455271997716
9685.972216321,-2.170207383062432,0.5445760974728683,0.7336455271997716
9685.981245571,-2.170207383062432,0.5445760974728683,0.7336455271997716
9685.982924645,-2.170207383062432,0.5445760974728683,0.7336455271997716
9685.983587287,-2.164079977603787,0.5501022702840618,0.7340579913416174
9685.989289897,-2.164079977603787,0.5501022702840618,0.7340579913416174
9685.997079468,-2.164079977603787,0.5501022702840618,0.7340579913416174
9686.004046557,-2.164079977603787,0.5501022702840618,0.7340579913416174
9686.01253623,-2.164079977603787,0.5501022702840618,0.7340579913416174
9686.020526441,-2.164079977603787,0.5501022702840618,0.7340579913416174
9686.028382318,-2.1599301701712235,0.5538530234527191,0.7358048842706943
9686.03584955,-2.1599301701712235,0.5538530234527191,0.7358048842706943
9686.045138804,-2.1599301701712235,0.5538530234527191,0.7358048842706943
9686.050830474,-2.1599301701712235,0.5538530234527191,0.7358048842706943
9686.061527376,-2.1599301701712235,0.5538530234527191,0.7358048842706943
9686.070997953,-2.1599301701712235,0.5538530234527191,0.7358048842706943
9686.081601479,-2.1599301701712235,0.5538530234527191,0.7358048842706943
9686.091717634,-2.1599301701712235,0.5538530234527191,0.7358048842706943
9686.092127629,-2.1599301701712235,0.5538530234527191,0.7358048842706943
9686.09403477,-2.1599301701712235,0.5538530234527191,0.7358048842706943
9686.095071268,-2.155633652936909,0.5577434298265778,0.7358630584039954
9686.102966389,-2.155633652936909,0.5577434298265778,0.7358630584039954
9686.112122601,-2.155633652936909,0.5577434298265778,0.7358630584039954
9686.121801852,-2.155633652936909,0.5577434298265778,0.7358630584039954
9686.132961598,-2.155633652936909,0.5577434298265778,0.7358630584039954
9686.134642573,-2.149128822416986,0.5636446923373781,0.7377080605783726
9686.141101431,-2.149128822416986,0.5636446923373781,0.7377080605783726
9686.153461455,-2.149128822416986,0.5636446923373781,0.7377080605783726
9686.159565563,-2.149128822416986,0.5636446923373781,0.7377080605783726
9686.175031012,-2.149128822416986,0.5636446923373781,0.7377080605783726
9686.183853454,-2.149128822416986,0.5636446923373781,0.7377080605783726
9686.18442328,-2.149128822416986,0.5636446923373781,0.7377080605783726
9686.185229122,-2.149128822416986,0.5636446923373781,0.7377080605783726
9686.185832642,-2.144826681215277,0.5675665481145006,0.740672199563053
9686.196602852,-2.144826681215277,0.5675665481145006,0.740672199563053
9686.202845309,-2.144826681215277,0.5675665481145006,0.740672199563053
9686.211347089,-2.144826681215277,0.5675665481145006,0.740672199563053
9686.222489493,-2.144826681215277,0.5675665481145006,0.740672199563053
9686.232565392,-2.144826681215277,0.5675665481145006,0.740672199563053
9686.238982251,-2.14053633485566,0.5715013034779903,0.7437131093302037
9686.243816882,-2.14053633485566,0.5715013034779903,0.7437131093302037
9686.252744623,-2.14053633485566,0.5715013034779903,0.7437131093302037
9686.260591743,-2.14053633485566,0.5715013034779903,0.7437131093302037
9686.271448277,-2.14053633485566,0.5715013034779903,0.7437131093302037
9686.284893721,-2.14053633485566,0.5715013034779903,0.7437131093302037
9686.28638653,-2.14053633485566,0.5715013034779903,0.7437131093302037
9686.287136526,-2.134036321000098,0.5774828833133571,0.7440591738977698
9686.289075769,-2.134036321000098,0.5774828833133571,0.7440591738977698
9686.295380847,-2.134036321000098,0.5774828833133571,0.7440591738977698
9686.30190612,-2.134036321000098,0.5774828833133571,0.7440591738977698
9686.313025641,-2.134036321000098,0.5774828833133571,0.7440591738977698
9686.324714684,-2.134036321000098,0.5774828833133571,0.7440591738977698
9686.33440593,-2.134036321000098,0.5774828833133571,0.7440591738977698
9686.335012386,-2.1298140024582595,0.5813794321581551,0.746530144051578
9686.344287282,-2.1298140024582595,0.5813794321581551,0.746530144051578
9686.351767797,-2.1298140024582595,0.5813794321581551,0.746530144051578
9686.361931803,-2.1298140024582595,0.5813794321581551,0.746530144051578
9686.370919631,-2.1298140024582595,0.5813794321581551,0.746530144051578
9686.381644295,-2.1298140024582595,0.5813794321581551,0.746530144051578
9686.393979482,-2.1298140024582595,0.5813794321581551,0.746530144051578
9686.396326474,-2.1298140024582595,0.5813794321581551,0.746530144051578
9686.39722937,-2.1298140024582595,0.5813794321581551,0.746530144051578
9686.398265196,-2.1256753497651815,0.5852173332948759,0.7488929913797642
9686.403561639,-2.1256753497651815,0.5852173332948759,0.7488929913797642
9686.412223438,-2.1256753497651815,0.5852173332948759,0.7488929913797642
9686.423003948,-2.1256753497651815,0.5852173332948759,0.7488929913797642
9686.430672621,-2.119578801320522,0.5908896009423426,0.7498320029535558
9686.433181019,-2.119578801320522,0.5908896009423426,0.7498320029535558
9686.445232406,-2.119578801320522,0.5908896009423426,0.7498320029535558
9686.454396918,-2.119578801320522,0.5908896009423426,0.7498320029535558
9686.460978047,-2.119578801320522,0.5908896009423426,0.7498320029535558
9686.473908227,-2.119578801320522,0.5908896009423426,0.7498320029535558
9686.482175701,-2.119578801320522,0.5908896009423426,0.7498320029535558
9686.48295354,-2.119578801320522,0.5908896009423426,0.7498320029535558
9686.483257254,-2.115878170101874,0.5943436655552172,0.7520671771326328
9686.491653431,-2.115878170101874,0.5943436655552172,0.7520671771326328
9686.500568028,-2.115878170101874,0.5943436655552172,0.7520671771326328
9686.512607936,-2.115878170101874,0.5943436655552172,0.7520671771326328
9686.524271695,-2.115878170101874,0.5943436655552172,0.7520671771326328
9686.531989511,-2.115878170101874,0.5943436655552172,0.7520671771326328
9686.538089311,-2.1119283970052347,0.5980500954579876,0.7551829503336215
9686.538869645,-2.1119283970052347,0.5980500954579876,0.7551829503336215
9686.543806318,-2.1119283970052347,0.5980500954579876,0.7551829503336215
9686.557159167,-2.1119283970052347,0.5980500954579876,0.7551829503336215
9686.560919686,-2.1119283970052347,0.5980500954579876,0.7551829503336215
9686.572073805,-2.1119283970052347,0.5980500954579876,0.7551829503336215
9686.580946883,-2.1119283970052347,0.5980500954579876,0.7551829503336215
9686.583417629,-2.105846198093945,0.6037747400174678,0.7550645755090979
9686.584029344,-2.105846198093945,0.6037747400174678,0.7550645755090979
9686.58581704,-2.105846198093945,0.6037747400174678,0.7550645755090979
9686.59544814,-2.105846198093945,0.6037747400174678,0.7550645755090979
9686.601830801,-2.105846198093945,0.6037747400174678,0.7550645755090979
9686.611453595,-2.105846198093945,0.6037747400174678,0.7550645755090979
9686.622539525,-2.105846198093945,0.6037747400174678,0.7550645755090979
9686.626998096,-2.1017448361072693,0.6076524662975724,0.7596909688272739
9686.634648945,-2.1017448361072693,0.6076524662975724,0.7596909688272739
9686.644516441,-2.1017448361072693,0.6076524662975724,0.7596909688272739
9686.652649582,-2.1017448361072693,0.6076524662975724,0.7596909688272739
9686.662897005,-2.1017448361072693,0.6076524662975724,0.7596909688272739
9686.670969601,-2.1017448361072693,0.6076524662975724,0.7596909688272739
9686.684638266,-2.1017448361072693,0.6076524662975724,0.7596909688272739
9686.69026325,-2.0973939423708914,0.6117820325678115,0.7589201615610386
9686.692215667,-2.0973939423708914,0.6117820325678115,0.7589201615610386
9686.692827964,-2.0973939423708914,0.6117820325678115,0.7589201615610386
9686.693910428,-2.0973939423708914,0.6117820325678115,0.7589201615610386
9686.701330762,-2.0973939423708914,0.6117820325678115,0.7589201615610386
9686.709940012,-2.0973939423708914,0.6117820325678115,0.7589201615610386
9686.722708667,-2.0973939423708914,0.6117820325678115,0.7589201615610386
9686.729076714,-2.0915235795998965,0.6173623049069329,0.761218993500736
9686.733141411,-2.0915235795998965,0.6173623049069329,0.761218993500736
9686.740314658,-2.0915235795998965,0.6173623049069329,0.761218993500736
9686.751695562,-2.0915235795998965,0.6173623049069329,0.761218993500736
9686.760916197,-2.0915235795998965,0.6173623049069329,0.761218993500736
9686.770910833,-2.0915235795998965,0.6173623049069329,0.761218993500736
9686.781129983,-2.0915235795998965,0.6173623049069329,0.761218993500736
9686.793834607,-2.0915235795998965,0.6173623049069329,0.761218993500736
9686.794512127,-2.0915235795998965,0.6173623049069329,0.761218993500736
9686.79574256,-2.087580046003428,0.6211121987113963,0.7592489407816198
9686.796343696,-2.087580046003428,0.6211121987113963,0.7592489407816198
9686.800594223,-2.087580046003428,0.6211121987113963,0.7592489407816198
9686.81265405,-2.087580046003428,0.6211121987113963,0.7592489407816198
9686.821886376,-2.087580046003428,0.6211121987113963,0.7592489407816198
9686.832863187,-2.087580046003428,0.6211121987113963,0.7592489407816198
9686.833754089,-2.0817290514424007,0.6266761090251282,0.7612580941477088
9686.84264479,-2.0817290514424007,0.6266761090251282,0.7612580941477088
9686.853268845,-2.0817290514424007,0.6266761090251282,0.7612580941477088
9686.859891232,-2.0817290514424007,0.6266761090251282,0.7612580941477088
9686.870899423,-2.0817290514424007,0.6266761090251282,0.7612580941477088
9686.880917673,-2.0817290514424007,0.6266761090251282,0.7612580941477088
9686.885939548,-2.077718777349249,0.6305027260185692,0.762676923111942
9686.886820271,-2.077718777349249,0.6305027260185692,0.762676923111942
9686.892268621,-2.077718777349249,0.6305027260185692,0.762676923111942
9686.90264585,-2.077718777349249,0.6305027260185692,0.762676923111942
9686.913678386,-2.077718777349249,0.6305027260185692,0.762676923111942
9686.924158519,-2.077718777349249,0.6305027260185692,0.762676923111942
9686.93255697,-2.077718777349249,0.6305027260185692,0.762676923111942
9686.939687818,-2.077718777349249,0.6305027260185692,0.762676923111942
9686.941396796,-2.077718777349249,0.6305027260185692,0.762676923111942
9686.942052504,-2.0737212818050463,0.634342690248972,0.7679252312937048
9686.953298022,-2.0737212818050463,0.634342690248972,0.7679252312937048
9686.960091222,-2.0737212818050463,0.634342690248972,0.7679252312937048
9686.969886852,-2.0737212818050463,0.634342690248972,0.7679252312937048
9686.981828776,-2.0737212818050463,0.634342690248972,0.7679252312937048
9686.984074708,-2.0680750367008667,0.6398274301791229,0.7738541053095128
9686.988038364,-2.0680750367008667,0.6398274301791229,0.7738541053095128
9686.99149411,-2.0680750367008667,0.6398274301791229,0.7738541053095128
9686.992006719,-2.0680750367008667,0.6398274301791229,0.7738541053095128
9687.002972789,-2.0680750367008667,0.6398274301791229,0.7738541053095128
9687.013283322,-2.0680750367008667,0.6398274301791229,0.7738541053095128
9687.020360114,-2.0680750367008667,0.6398274301791229,0.7738541053095128
9687.031882699,-2.0680750367008667,0.6398274301791229,0.7738541053095128
9687.032367574,-2.0644639064660955,0.6433749606150552,0.7791740582742954
9687.042850663,-2.0644639064660955,0.6433749606150552,0.7791740582742954
9687.051764929,-2.0644639064660955,0.6433749606150552,0.7791740582742954
9687.060606835,-2.0644639064660955,0.6433749606150552,0.7791740582742954
9687.071057996,-2.0644639064660955,0.6433749606150552,0.7791740582742954
9687.082283307,-2.0644639064660955,0.6433749606150552,0.7791740582742954
9687.091749211,-2.060884092638006,0.6469540899397047,0.7914310382166172
9687.095376311,-2.060884092638006,0.6469540899397047,0.7914310382166172
9687.095812174,-2.060884092638006,0.6469540899397047,0.7914310382166172
9687.096322889,-2.060884092638006,0.6469540899397047,0.7914310382166172
9687.10185999,-2.060884092638006,0.6469540899397047,0.7914310382166172
9687.110852453,-2.060884092638006,0.6469540899397047,0.7914310382166172
9687.121913834,-2.060884092638006,0.6469540899397047,0.7914310382166172
9687.130497966,-2.060884092638006,0.6469540899397047,0.7914310382166172
9687.132276805,-2.0558254929133923,0.6521320827317951,0.8026909516611364
9687.142724337,-2.0558254929133923,0.6521320827317951,0.8026909516611364
9687.151862675,-2.0558254929133923,0.6521320827317951,0.8026909516611364
9687.159676302,-2.0558254929133923,0.6521320827317951,0.8026909516611364
9687.173141182,-2.0558254929133923,0.6521320827317951,0.8026909516611364
9687.179919975,-2.0558254929133923,0.6521320827317951,0.8026909516611364
9687.182567906,-2.052714912354178,0.655391229284339,0.8147444413461947
9687.183170904,-2.052714912354178,0.655391229284339,0.8147444413461947
9687.185034855,-2.052714912354178,0.655391229284339,0.8147444413461947
9687.190667593,-2.052714912354178,0.655391229284339,0.8147444413461947
9687.202684205,-2.052714912354178,0.655391229284339,0.8147444413461947
9687.212604715,-2.052714912354178,0.655391229284339,0.8147444413461947
9687.221930828,-2.052714912354178,0.655391229284339,0.8147444413461947
9687.231811479,-2.052714912354178,0.655391229284339,0.8147444413461947
9687.232541207,-2.0496831756095775,0.658655084878586,0.8297586129465367
9687.240616758,-2.0496831756095775,0.658655084878586,0.8297586129465367
9687.253268733,-2.0496831756095775,0.658655084878586,0.8297586129465367
9687.260989785,-2.0496831756095775,0.658655084878586,0.8297586129465367
9687.270906595,-2.0496831756095775,0.658655084878586,0.8297586129465367
9687.281476577,-2.0496831756095775,0.658655084878586,0.8297586129465367
9687.286965924,-2.0467603227499676,0.6618814379365541,0.8396696732797889
9687.287930947,-2.0467603227499676,0.6618814379365541,0.8396696732797889
9687.293886014,-2.0467603227499676,0.6618814379365541,0.8396696732797889
9687.300833472,-2.0467603227499676,0.6618814379365541,0.8396696732797889
9687.311015893,-2.0467603227499676,0.6618814379365541,0.8396696732797889
9687.321286633,-2.0467603227499676,0.6618814379365541,0.8396696732797889
9687.331250618,-2.0467603227499676,0.6618814379365541,0.8396696732797889
9687.332234988,-2.0467603227499676,0.6618814379365541,0.8396696732797889
9687.332709343,-2.0422709197911506,0.6669326945448237,0.8487716601648592
9687.340795799,-2.0422709197911506,0.6669326945448237,0.8487716601648592
9687.35394536,-2.0422709197911506,0.6669326945448237,0.8487716601648592
9687.361011258,-2.0422709197911506,0.6669326945448237,0.8487716601648592
9687.371303657,-2.0422709197911506,0.6669326945448237,0.8487716601648592
9687.381178216,-2.0422709197911506,0.6669326945448237,0.8487716601648592
9687.390720778,-2.039264122004028,0.670389119598667,0.8609349416055945
9687.394753094,-2.039264122004028,0.670389119598667,0.8609349416055945
9687.395092865,-2.039264122004028,0.670389119598667,0.8609349416055945
9687.395712856,-2.039264122004028,0.670389119598667,0.8609349416055945
9687.401384227,-2.039264122004028,0.670389119598667,0.8609349416055945
9687.411014084,-2.039264122004028,0.670389119598667,0.8609349416055945
9687.421261899,-2.039264122004028,0.670389119598667,0.8609349416055945
9687.43134423,-2.039264122004028,0.670389119598667,0.8609349416055945
9687.435679277,-2.0337512530994726,0.6766527358756464,0.8610956598740767
9687.443516279,-2.0337512530994726,0.6766527358756464,0.8610956598740767
9687.451381273,-2.0337512530994726,0.6766527358756464,0.8610956598740767
9687.461557372,-2.0337512530994726,0.6766527358756464,0.8610956598740767
9687.474716414,-2.0337512530994726,0.6766527358756464,0.8610956598740767
9687.483234351,-2.0337512530994726,0.6766527358756464,0.8610956598740767
9687.483645057,-2.0293388883565613,0.6814354002224956,0.8590979586860276
9687.487579848,-2.0293388883565613,0.6814354002224956,0.8590979586860276
9687.49089533,-2.0293388883565613,0.6814354002224956,0.8590979586860276
9687.492590993,-2.0293388883565613,0.6814354002224956,0.8590979586860276
9687.502952702,-2.0293388883565613,0.6814354002224956,0.8590979586860276
9687.512820469,-2.0293388883565613,0.6814354002224956,0.8590979586860276
9687.52017039,-2.0293388883565613,0.6814354002224956,0.8590979586860276
9687.531443941,-2.0293388883565613,0.6814354002224956,0.8590979586860276
9687.539325887,-2.026077842640033,0.6852740461939599,0.8740521680137251
9687.541896552,-2.026077842640033,0.6852740461939599,0.8740521680137251
9687.550381016,-2.026077842640033,0.6852740461939599,0.8740521680137251
9687.559905224,-2.026077842640033,0.6852740461939599,0.8740521680137251
9687.57102264,-2.026077842640033,0.6852740461939599,0.8740521680137251
9687.581546726,-2.026077842640033,0.6852740461939599,0.8740521680137251
9687.586366118,-2.021521156952075,0.6908007178161006,0.8885474215766527
9687.589419445,-2.021521156952075,0.6908007178161006,0.8885474215766527
9687.591802636,-2.021521156952075,0.6908007178161006,0.8885474215766527
9687.595979665,-2.021521156952075,0.6908007178161006,0.8885474215766527
9687.602498506,-2.021521156952075,0.6908007178161006,0.8885474215766527
9687.617185221,-2.021521156952075,0.6908007178161006,0.8885474215766527
9687.621515239,-2.021521156952075,0.6908007178161006,0.8885474215766527
9687.63171381,-2.0186296746061747,0.6944192003963234,0.9046772729179006
9687.633568272,-2.0186296746061747,0.6944192003963234,0.9046772729179006
9687.646358211,-2.0186296746061747,0.6944192003963234,0.9046772729179006
9687.651923091,-2.0186296746061747,0.6944192003963234,0.9046772729179006
9687.660279373,-2.0186296746061747,0.6944192003963234,0.9046772729179006
9687.670244633,-2.0186296746061747,0.6944192003963234,0.9046772729179006
9687.681413778,-2.0186296746061747,0.6944192003963234,0.9046772729179006
9687.694907352,-2.0186296746061747,0.6944192003963234,0.9046772729179006
9687.697980005,-2.0157508207357795,0.6981441789301439,0.9209830771705244
9687.698848334,-2.0157508207357795,0.6981441789301439,0.9209830771705244
9687.703136724,-2.0157508207357795,0.6981441789301439,0.9209830771705244
9687.712657595,-2.0157508207357795,0.6981441789301439,0.9209830771705244
9687.725125783,-2.0157508207357795,0.6981441789301439,0.9209830771705244
9687.730003672,-2.0157508207357795,0.6981441789301439,0.9209830771705244
9687.738631851,-2.011393583031107,0.7039247948241274,0.9287942658683395
9687.741572414,-2.011393583031107,0.7039247948241274,0.9287942658683395
9687.74660022,-2.011393583031107,0.7039247948241274,0.9287942658683395
9687.751590625,-2.011393583031107,0.7039247948241274,0.9287942658683395
9687.760974397,-2.011393583031107,0.7039247948241274,0.9287942658683395
9687.77267739,-2.011393583031107,0.7039247948241274,0.9287942658683395
9687.780378765,-2.011393583031107,0.7039247948241274,0.9287942658683395
9687.781978566,-2.008163771832645,0.7082729725759425,0.9350485812446212
9687.782783787,-2.008163771832645,0.7082729725759425,0.9350485812446212
9687.792043415,-2.008163771832645,0.7082729725759425,0.9350485812446212
9687.80352175,-2.008163771832645,0.7082729725759425,0.9350485812446212
9687.811852754,-2.008163771832645,0.7082729725759425,0.9350485812446212
9687.822590467,-2.008163771832645,0.7082729725759425,0.9350485812446212
9687.836667904,-2.008163771832645,0.7082729725759425,0.9350485812446212
9687.837139254,-2.008163771832645,0.7082729725759425,0.9350485812446212
9687.838858401,-2.0049717649643317,0.7126176098359767,0.9392695437690355
9687.842498766,-2.0049717649643317,0.7126176098359767,0.9392695437690355
9687.851730511,-2.0049717649643317,0.7126176098359767,0.9392695437690355
9687.862482959,-2.0049717649643317,0.7126176098359767,0.9392695437690355
9687.870429246,-2.0049717649643317,0.7126176098359767,0.9392695437690355
9687.88581293,-2.0049717649643317,0.7126176098359767,0.9392695437690355
9687.886825282,-2.001615067933877,0.7172181012805139,0.9416389476081468
9687.888061216,-2.001615067933877,0.7172181012805139,0.9416389476081468
9687.88866156,-2.001615067933877,0.7172181012805139,0.9416389476081468
9687.892861399,-2.001615067933877,0.7172181012805139,0.9416389476081468
9687.901291734,-2.001615067933877,0.7172181012805139,0.9416389476081468
9687.9119215,-2.001615067933877,0.7172181012805139,0.9416389476081468
9687.922009762,-2.001615067933877,0.7172181012805139,0.9416389476081468
9687.930479659,-1.9966703363929068,0.724012402138901,0.9417024861594775
9687.935651757,-1.9966703363929068,0.724012402138901,0.9417024861594775
9687.941115285,-1.9966703363929068,0.724012402138901,0.9417024861594775
9687.952876638,-1.9966703363929068,0.724012402138901,0.9417024861594775
9687.962621563,-1.9966703363929068,0.724012402138901,0.9417024861594775
9687.970384574,-1.9966703363929068,0.724012402138901,0.9417024861594775
9687.981737826,-1.9966703363929068,0.724012402138901,0.9417024861594775
9687.989697386,-1.9933808831580246,0.7285366201348731,0.9425541173240282
9687.990078586,-1.9933808831580246,0.7285366201348731,0.9425541173240282
9687.99412474,-1.9933808831580246,0.7285366201348731,0.9425541173240282
9687.995039588,-1.9933808831580246,0.7285366201348731,0.9425541173240282
9688.002523793,-1.9933808831580246,0.7285366201348731,0.9425541173240282
9688.011583524,-1.9933808831580246,0.7285366201348731,0.9425541173240282
9688.020190008,-1.9933808831580246,0.7285366201348731,0.9425541173240282
9688.031120091,-1.9933808831580246,0.7285366201348731,0.9425541173240282
9688.034523368,-1.9882618295045256,0.735579700516847,0.9420379411002732
9688.04272778,-1.9882618295045256,0.735579700516847,0.9420379411002732
9688.054605255,-1.9882618295045256,0.735579700516847,0.9420379411002732
9688.063760386,-1.9882618295045256,0.735579700516847,0.9420379411002732
9688.074733149,-1.9882618295045256,0.735579700516847,0.9420379411002732
9688.084167738,-1.9847949166740997,0.7403504156964358,0.9427021752616499
9688.086589121,-1.9847949166740997,0.7403504156964358,0.9427021752616499
9688.086982263,-1.9847949166740997,0.7403504156964358,0.9427021752616499
9688.087717131,-1.9847949166740997,0.7403504156964358,0.9427021752616499
9688.093863579,-1.9847949166740997,0.7403504156964358,0.9427021752616499
9688.106224131,-1.9847949166740997,0.7403504156964358,0.9427021752616499
9688.112383867,-1.9847949166740997,0.7403504156964358,0.9427021752616499
9688.122130595,-1.9847949166740997,0.7403504156964358,0.9427021752616499
9688.131905606,-1.9847949166740997,0.7403504156964358,0.9427021752616499
9688.140659189,-1.9847949166740997,0.7403504156964358,0.9427021752616499
9688.141006364,-1.9814919934839532,0.7448961333431348,0.9421768199226002
9688.151781274,-1.9814919934839532,0.7448961333431348,0.9421768199226002
9688.160702753,-1.9814919934839532,0.7448961333431348,0.9421768199226002
9688.17197892,-1.9814919934839532,0.7448961333431348,0.9421768199226002
9688.180197171,-1.9814919934839532,0.7448961333431348,0.9421768199226002
9688.18667733,-1.9814919934839532,0.7448961333431348,0.9421768199226002
9688.18749825,-1.9762870758548314,0.7520645439677776,0.9433701049110037
9688.1925444,-1.9762870758548314,0.7520645439677776,0.9433701049110037
9688.203066252,-1.9762870758548314,0.7520645439677776,0.9433701049110037
9688.210046976,-1.9762870758548314,0.7520645439677776,0.9433701049110037
9688.224422185,-1.9762870758548314,0.7520645439677776,0.9433701049110037
9688.229377704,-1.9728676364702875,0.756775892601812,0.942573786856804
9688.234886809,-1.9728676364702875,0.756775892601812,0.942573786856804
9688.235507461,-1.9728676364702875,0.756775892601812,0.942573786856804
9688.243313634,-1.9728676364702875,0.756775892601812,0.942573786856804
9688.251687209,-1.9728676364702875,0.756775892601812,0.942573786856804
9688.261555065,-1.9728676364702875,0.756775892601812,0.942573786856804
9688.270947805,-1.9728676364702875,0.756775892601812,0.942573786856804
9688.280072157,-1.9728676364702875,0.756775892601812,0.942573786856804
9688.290089897,-1.96949649179702,0.7614284671966525,0.9449582110663988
9688.296182484,-1.96949649179702,0.7614284671966525,0.9449582110663988
9688.296738774,-1.96949649179702,0.7614284671966525,0.9449582110663988
9688.297851005,-1.96949649179702,0.7614284671966525,0.9449582110663988
9688.304210806,-1.96949649179702,0.7614284671966525,0.9449582110663988
9688.313968565,-1.96949649179702,0.7614284671966525,0.9449582110663988
9688.323986204,-1.96949649179702,0.7614284671966525,0.9449582110663988
9688.332050064,-1.96949649179702,0.7614284671966525,0.9449582110663988
9688.333687737,-1.9647636144599399,0.7680011736828718,0.9484823952933884
9688.342576184,-1.9647636144599399,0.7680011736828718,0.9484823952933884
9688.352159273,-1.9647636144599399,0.7680011736828718,0.9484823952933884
9688.360839186,-1.9647636144599399,0.7680011736828718,0.9484823952933884
9688.374000052,-1.9647636144599399,0.7680011736828718,0.9484823952933884
9688.38370601,-1.9647636144599399,0.7680011736828718,0.9484823952933884
9688.384762435,-1.9647636144599399,0.7680011736828718,0.9484823952933884
9688.385192487,-1.9647636144599399,0.7680011736828718,0.9484823952933884
9688.385915152,-1.9617122649297536,0.77229133905105,0.9566468011161422
9688.391024815,-1.9617122649297536,0.77229133905105,0.9566468011161422
9688.403955036,-1.9617122649297536,0.77229133905105,0.9566468011161422
9688.411826732,-1.9617122649297536,0.77229133905105,0.9566468011161422
9688.423989633,-1.9617122649297536,0.77229133905105,0.9566468011161422
9688.438950719,-1.9617122649297536,0.77229133905105,0.9566468011161422
9688.439876247,-1.9589334033726802,0.776247193228389,0.9601848136207201
9688.441615362,-1.9589334033726802,0.776247193228389,0.9601848136207201
9688.450577998,-1.9589334033726802,0.776247193228389,0.9601848136207201
9688.460969504,-1.9589334033726802,0.776247193228389,0.9601848136207201
9688.471733223,-1.9589334033726802,0.776247193228389,0.9601848136207201
9688.48255947,-1.9589334033726802,0.776247193228389,0.9601848136207201
9688.484129675,-1.9589334033726802,0.776247193228389,0.9601848136207201
9688.485140274,-1.9542816558729403,0.7829084609764689,0.9622024308463673
9688.489794013,-1.9542816558729403,0.7829084609764689,0.9622024308463673
9688.491213283,-1.9542816558729403,0.7829084609764689,0.9622024308463673
9688.501777816,-1.9542816558729403,0.7829084609764689,0.9622024308463673
9688.511442539,-1.9542816558729403,0.7829084609764689,0.9622024308463673
9688.524119581,-1.9542816558729403,0.7829084609764689,0.9622024308463673
9688.534057781,-1.9542816558729403,0.7829084609764689,0.9622024308463673
9688.534996253,-1.9512460798726465,0.7872716133430306,0.9636813412925344
9688.542807395,-1.9512460798726465,0.7872716133430306,0.9636813412925344
9688.552768468,-1.9512460798726465,0.7872716133430306,0.9636813412925344
9688.562812047,-1.9512460798726465,0.7872716133430306,0.9636813412925344
9688.571279398,-1.9512460798726465,0.7872716133430306,0.9636813412925344
9688.58085861,-1.9512460798726465,0.7872716133430306,0.9636813412925344
9688.58659293,-1.9512460798726465,0.7872716133430306,0.9636813412925344
9688.58706957,-1.9480430896404388,0.7918882900802411,0.9648233662864305
9688.591620071,-1.9480430896404388,0.7918882900802411,0.9648233662864305
9688.603317286,-1.9480430896404388,0.7918882900802411,0.9648233662864305
9688.612236821,-1.9480430896404388,0.7918882900802411,0.9648233662864305
9688.625886871,-1.9480430896404388,0.7918882900802411,0.9648233662864305
9688.629855617,-1.9480430896404388,0.7918882900802411,0.9648233662864305
9688.631875111,-1.9480430896404388,0.7918882900802411,0.9648233662864305
9688.632498137,-1.9432348422534367,0.7988106936182682,0.9625946294089891
9688.646861134,-1.9432348422534367,0.7988106936182682,0.9625946294089891
9688.649807225,-1.9432348422534367,0.7988106936182682,0.9625946294089891
9688.662643941,-1.9432348422534367,0.7988106936182682,0.9625946294089891
9688.671343231,-1.9432348422534367,0.7988106936182682,0.9625946294089891
9688.681472131,-1.9432348422534367,0.7988106936182682,0.9625946294089891
9688.691227735,-1.9432348422534367,0.7988106936182682,0.9625946294089891
9688.694593923,-1.9432348422534367,0.7988106936182682,0.9625946294089891
9688.694982537,-1.9432348422534367,0.7988106936182682,0.9625946294089891
9688.695924155,-1.940194940539394,0.8031708332715772,0.9613056193610765
9688.699842836,-1.940194940539394,0.8031708332715772,0.9613056193610765
9688.713045972,-1.940194940539394,0.8031708332715772,0.9613056193610765
9688.722880185,-1.940194940539394,0.8031708332715772,0.9613056193610765
9688.733854892,-1.940194940539394,0.8031708332715772,0.9613056193610765
9688.735716598,-1.9354779894092515,0.8099100472428133,0.958934427382622
9688.743949243,-1.9354779894092515,0.8099100472428133,0.958934427382622
9688.752583764,-1.9354779894092515,0.8099100472428133,0.958934427382622
9688.764104271,-1.9354779894092515,0.8099100472428133,0.958934427382622
9688.772408014,-1.9354779894092515,0.8099100472428133,0.958934427382622
9688.780946841,-1.9354779894092515,0.8099100472428133,0.958934427382622
9688.782041789,-1.9354779894092515,0.8099100472428133,0.958934427382622
9688.782907153,-1.9324658512339985,0.8141969359344567,0.9576674710532763
9688.784721851,-1.9324658512339985,0.8141969359344567,0.9576674710532763
9688.792244518,-1.9324658512339985,0.8141969359344567,0.9576674710532763
9688.80292028,-1.9324658512339985,0.8141969359344567,0.9576674710532763
9688.815919952,-1.9324658512339985,0.8141969359344567,0.9576674710532763
9688.820293301,-1.9324658512339985,0.8141969359344567,0.9576674710532763
9688.830630665,-1.9324658512339985,0.8141969359344567,0.9576674710532763
9688.842384814,-1.9324658512339985,0.8141969359344567,0.9576674710532763
9688.843359735,-1.9293665603592571,0.8186081916335042,0.959004999282036
9688.851183341,-1.9293665603592571,0.8186081916335042,0.959004999282036
9688.860965826,-1.9293665603592571,0.8186081916335042,0.959004999282036
9688.874066719,-1.9293665603592571,0.8186081916335042,0.959004999282036
9688.881924068,-1.9293665603592571,0.8186081916335042,0.959004999282036
9688.887213638,-1.9244970438701055,0.8237093092257503,0.9610955906531881
9688.888387385,-1.9244970438701055,0.8237093092257503,0.9610955906531881
9688.890805031,-1.9244970438701055,0.8237093092257503,0.9610955906531881
9688.896091064,-1.9244970438701055,0.8237093092257503,0.9610955906531881
9688.900121146,-1.9244970438701055,0.8237093092257503,0.9610955906531881
9688.91062835,-1.9244970438701055,0.8237093092257503,0.9610955906531881
9688.924501381,-1.9244970438701055,0.8237093092257503,0.9610955906531881
9688.93047891,-1.9244970438701055,0.8237093092257503,0.9610955906531881
9688.93144797,-1.9193054146240662,0.8223971095535736,0.964870940869888
9688.94081428,-1.9193054146240662,0.8223971095535736,0.964870940869888
9688.951169344,-1.9193054146240662,0.8223971095535736,0.964870940869888
9688.96123651,-1.9193054146240662,0.8223971095535736,0.964870940869888
9688.9736688,-1.9193054146240662,0.8223971095535736,0.964870940869888
9688.98113473,-1.9193054146240662,0.8223971095535736,0.964870940869888
9688.990180775,-1.9138270894361802,0.8202648351377094,0.9659988566345272
9688.99411794,-1.9138270894361802,0.8202648351377094,0.9659988566345272
9688.99486454,-1.9138270894361802,0.8202648351377094,0.9659988566345272
9688.995470294,-1.9138270894361802,0.8202648351377094,0.9659988566345272
9689.001676034,-1.9138270894361802,0.8202648351377094,0.9659988566345272
9689.012369861,-1.9138270894361802,0.8202648351377094,0.9659988566345272
9689.022564085,-1.9138270894361802,0.8202648351377094,0.9659988566345272
9689.028029616,-1.9094088876957378,0.8266876303065607,0.9704842253631648
9689.032726928,-1.9094088876957378,0.8266876303065607,0.9704842253631648
9689.041076788,-1.9094088876957378,0.8266876303065607,0.9704842253631648
9689.051620211,-1.9094088876957378,0.8266876303065607,0.9704842253631648
9689.062434725,-1.9094088876957378,0.8266876303065607,0.9704842253631648
9689.07172473,-1.9094088876957378,0.8266876303065607,0.9704842253631648
9689.079882558,-1.9065889761969794,0.8308305025895987,0.9758448286956842
9689.08041306,-1.9065889761969794,0.8308305025895987,0.9758448286956842
9689.082388982,-1.9065889761969794,0.8308305025895987,0.9758448286956842
9689.08271661,-1.9065889761969794,0.8308305025895987,0.9758448286956842
9689.094152749,-1.9065889761969794,0.8308305025895987,0.9758448286956842
9689.101278657,-1.9065889761969794,0.8308305025895987,0.9758448286956842
9689.112617802,-1.9065889761969794,0.8308305025895987,0.9758448286956842
9689.120824802,-1.9065889761969794,0.8308305025895987,0.9758448286956842
9689.134074235,-1.9065889761969794,0.8308305025895987,0.9758448286956842
9689.138027211,-1.9034317733919794,0.8355091777970972,0.9785136862701471
9689.148429697,-1.9034317733919794,0.8355091777970972,0.9785136862701471
9689.152853612,-1.9034317733919794,0.8355091777970972,0.9785136862701471
9689.162439887,-1.9034317733919794,0.8355091777970972,0.9785136862701471
9689.170014042,-1.9034317733919794,0.8355091777970972,0.9785136862701471
9689.182115607,-1.9034317733919794,0.8355091777970972,0.9785136862701471
9689.18420834,-1.9034317733919794,0.8355091777970972,0.9785136862701471
9689.184461397,-1.9034317733919794,0.8355091777970972,0.9785136862701471
9689.185196977,-1.8987518029593522,0.8424884880005685,0.9817076607650812
9689.191194461,-1.8987518029593522,0.8424884880005685,0.9817076607650812
9689.203601666,-1.8987518029593522,0.8424884880005685,0.9817076607650812
9689.21839211,-1.8987518029593522,0.8424884880005685,0.9817076607650812
9689.223121101,-1.8987518029593522,0.8424884880005685,0.9817076607650812
9689.234194856,-1.8987518029593522,0.8424884880005685,0.9817076607650812
9689.235024482,-1.8954994113019008,0.8473775843447345,0.9858652039474544
9689.243584198,-1.8954994113019008,0.8473775843447345,0.9858652039474544
9689.251705787,-1.8954994113019008,0.8473775843447345,0.9858652039474544
9689.264287279,-1.8954994113019008,0.8473775843447345,0.9858652039474544
9689.27032407,-1.8954994113019008,0.8473775843447345,0.9858652039474544
9689.281027575,-1.8954994113019008,0.8473775843447345,0.9858652039474544
9689.285528665,-1.8925541509323116,0.851832577854058,0.987429706663519
9689.286136664,-1.8925541509323116,0.851832577854058,0.987429706663519
9689.291608799,-1.8925541509323116,0.851832577854058,0.987429706663519
9689.291923473,-1.8925541509323116,0.851832577854058,0.987429706663519
9689.305043271,-1.8925541509323116,0.851832577854058,0.987429706663519
9689.316752946,-1.8925541509323116,0.851832577854058,0.987429706663519
9689.322698993,-1.8925541509323116,0.851832577854058,0.987429706663519
9689.331883993,-1.8925541509323116,0.851832577854058,0.987429706663519
9689.335413098,-1.8877178712642895,0.8591638886704789,0.9878703041976985
9689.344479932,-1.8877178712642895,0.8591638886704789,0.9878703041976985
9689.353497553,-1.8877178712642895,0.8591638886704789,0.9878703041976985
9689.361795855,-1.8877178712642895,0.8591638886704789,0.9878703041976985
9689.372297499,-1.8877178712642895,0.8591638886704789,0.9878703041976985
9689.387431411,-1.8877178712642895,0.8591638886704789,0.9878703041976985
9689.391134004,-1.8877178712642895,0.8591638886704789,0.9878703041976985
9689.393472441,-1.8877178712642895,0.8591638886704789,0.9878703041976985
9689.393803155,-1.8847804121369534,0.8636240298888728,0.9889248295730646
9689.401647129,-1.8847804121369534,0.8636240298888728,0.9889248295730646
9689.418678796,-1.8847804121369534,0.8636240298888728,0.9889248295730646
9689.425393998,-1.8847804121369534,0.8636240298888728,0.9889248295730646
9689.432360335,-1.879986622216865,0.8709227054144763,0.9903826399749812
9689.440393487,-1.879986622216865,0.8709227054144763,0.9903826399749812
9689.443458135,-1.879986622216865,0.8709227054144763,0.9903826399749812
9689.443987705,-1.879986622216865,0.8709227054144763,0.9903826399749812
9689.453209281,-1.879986622216865,0.8709227054144763,0.9903826399749812
9689.461456918,-1.879986622216865,0.8709227054144763,0.9903826399749812
9689.473107842,-1.879986622216865,0.8709227054144763,0.9903826399749812
9689.490576784,-1.879986622216865,0.8709227054144763,0.9903826399749812
9689.492302493,-1.879986622216865,0.8709227054144763,0.9903826399749812
9689.495776815,-1.879986622216865,0.8709227054144763,0.9903826399749812
9689.496360868,-1.8768352419260528,0.8757268566434998,0.9900884314483698
9689.502851556,-1.8768352419260528,0.8757268566434998,0.9900884314483698
9689.51272287,-1.8768352419260528,0.8757268566434998,0.9900884314483698
9689.522686427,-1.8768352419260528,0.8757268566434998,0.9900884314483698
9689.534111064,-1.8768352419260528,0.8757268566434998,0.9900884314483698
9689.534871219,-1.8768352419260528,0.8757268566434998,0.9900884314483698
9689.536066757,-1.8735724126322557,0.8807000631914121,0.990226952642828
9689.546201999,-1.8735724126322557,0.8807000631914121,0.990226952642828
9689.552819166,-1.8735724126322557,0.8807000631914121,0.990226952642828
9689.561959259,-1.8735724126322557,0.8807000631914121,0.990226952642828
9689.571155337,-1.8735724126322557,0.8807000631914121,0.990226952642828
9689.582214313,-1.8735724126322557,0.8807000631914121,0.990226952642828
9689.586620164,-1.8703493336691823,0.8856085330704874,0.9893132134384213
9689.588947289,-1.8703493336691823,0.8856085330704874,0.9893132134384213
9689.594628969,-1.8703493336691823,0.8856085330704874,0.9893132134384213
9689.595169059,-1.8703493336691823,0.8856085330704874,0.9893132134384213
9689.604349758,-1.8703493336691823,0.8856085330704874,0.9893132134384213
9689.611263365,-1.8703493336691823,0.8856085330704874,0.9893132134384213
9689.623176445,-1.8703493336691823,0.8856085330704874,0.9893132134384213
9689.627528314,-1.8654265171296929,0.8930949990047657,0.9889335318512018
9689.636765606,-1.8654265171296929,0.8930949990047657,0.9889335318512018
9689.646504352,-1.8654265171296929,0.8930949990047657,0.9889335318512018
9689.655242055,-1.8654265171296929,0.8930949990047657,0.9889335318512018
9689.65964511,-1.8654265171296929,0.8930949990047657,0.9889335318512018
9689.674565239,-1.8654265171296929,0.8930949990047657,0.9889335318512018
9689.680634933,-1.8654265171296929,0.8930949990047657,0.9889335318512018
9689.691669793,-1.8654265171296929,0.8930949990047657,0.9889335318512018
9689.695451415,-1.8654265171296929,0.8930949990047657,0.9889335318512018
9689.696479797,-1.8623779756990244,0.8977244364503084,0.987987129301458
9689.697191391,-1.8623779756990244,0.8977244364503084,0.987987129301458
9689.704681006,-1.8623779756990244,0.8977244364503084,0.987987129301458
9689.715770981,-1.8623779756990244,0.8977244364503084,0.987987129301458
9689.723414637,-1.8623779756990244,0.8977244364503084,0.987987129301458
9689.733122031,-1.8623779756990244,0.8977244364503084,0.987987129301458
9689.734344009,-1.85769541666256,0.9048236125047643,0.9874281569427547
9689.741045636,-1.85769541666256,0.9048236125047643,0.9874281569427547
9689.753084112,-1.85769541666256,0.9048236125047643,0.9874281569427547
9689.76156057,-1.85769541666256,0.9048236125047643,0.9874281569427547
9689.771243057,-1.85769541666256,0.9048236125047643,0.9874281569427547
9689.780998181,-1.85769541666256,0.9048236125047643,0.9874281569427547
9689.790142371,-1.85769541666256,0.9048236125047643,0.9874281569427547
9689.792638135,-1.85769541666256,0.9048236125047643,0.9874281569427547
9689.793151704,-1.8546801641442052,0.9093840428480126,0.9857793732589777
9689.804620785,-1.8546801641442052,0.9093840428480126,0.9857793732589777
9689.812827956,-1.8546801641442052,0.9093840428480126,0.9857793732589777
9689.823048118,-1.8546801641442052,0.9093840428480126,0.9857793732589777
9689.836039894,-1.8546801641442052,0.9093840428480126,0.9857793732589777
9689.837034843,-1.8546801641442052,0.9093840428480126,0.9857793732589777
9689.837786533,-1.8500608722942722,0.9163733417200028,0.9878011628097586
9689.847059316,-1.8500608722942722,0.9163733417200028,0.9878011628097586
9689.853418426,-1.8500608722942722,0.9163733417200028,0.9878011628097586
9689.866138529,-1.8500608722942722,0.9163733417200028,0.9878011628097586
9689.870739218,-1.8500608722942722,0.9163733417200028,0.9878011628097586
9689.885174778,-1.8500608722942722,0.9163733417200028,0.9878011628097586
9689.886362672,-1.8500608722942722,0.9163733417200028,0.9878011628097586
9689.888148705,-1.8468995278143132,0.9211709419375788,0.9885189219421443
9689.892330877,-1.8468995278143132,0.9211709419375788,0.9885189219421443
9689.900234133,-1.8468995278143132,0.9211709419375788,0.9885189219421443
9689.916108543,-1.8468995278143132,0.9211709419375788,0.9885189219421443
9689.925977773,-1.8468995278143132,0.9211709419375788,0.9885189219421443
9689.932518636,-1.8468995278143132,0.9211709419375788,0.9885189219421443
9689.938876053,-1.8440808172497614,0.925527245643595,1.0044880791610773
9689.941011155,-1.8440808172497614,0.925527245643595,1.0044880791610773
9689.941430697,-1.8440808172497614,0.925527245643595,1.0044880791610773
9689.953050834,-1.8440808172497614,0.925527245643595,1.0044880791610773
9689.961359155,-1.8440808172497614,0.925527245643595,1.0044880791610773
9689.970789696,-1.8440808172497614,0.925527245643595,1.0044880791610773
9689.980687619,-1.8440808172497614,0.925527245643595,1.0044880791610773
9689.983320351,-1.8440808172497614,0.925527245643595,1.0044880791610773
9689.985479199,-1.8404700451730855,0.9313591316881055,1.0283515139526422
9689.996654695,-1.8404700451730855,0.9313591316881055,1.0283515139526422
9689.999960779,-1.8404700451730855,0.9313591316881055,1.0283515139526422
9690.010673017,-1.8404700451730855,0.9313591316881055,1.0283515139526422
9690.022651894,-1.8404700451730855,0.9313591316881055,1.0283515139526422
9690.0292739,-1.8384395710557306,0.934833748678498,1.0555407687133846
9690.03473802,-1.8384395710557306,0.934833748678498,1.0555407687133846
9690.035642838,-1.8384395710557306,0.934833748678498,1.0555407687133846
9690.045467624,-1.8384395710557306,0.934833748678498,1.0555407687133846
9690.052505854,-1.8384395710557306,0.934833748678498,1.0555407687133846
9690.062846666,-1.8384395710557306,0.934833748678498,1.0555407687133846
9690.071731095,-1.8384395710557306,0.934833748678498,1.0555407687133846
9690.082314644,-1.8384395710557306,0.934833748678498,1.0555407687133846
9690.087573897,-1.8384395710557306,0.934833748678498,1.0555407687133846
9690.088680396,-1.8360410071869289,0.939118334284835,1.065360991567999
9690.094323524,-1.8360410071869289,0.939118334284835,1.065360991567999
9690.096235385,-1.8360410071869289,0.939118334284835,1.065360991567999
9690.100215803,-1.8360410071869289,0.939118334284835,1.065360991567999
9690.112182293,-1.8360410071869289,0.939118334284835,1.065360991567999
9690.121742659,-1.8360410071869289,0.939118334284835,1.065360991567999
9690.129176208,-1.8322575771300589,0.9460210955354247,1.0734591170257626
9690.13687602,-1.8322575771300589,0.9460210955354247,1.0734591170257626
9690.14226067,-1.8322575771300589,0.9460210955354247,1.0734591170257626
9690.153756391,-1.8322575771300589,0.9460210955354247,1.0734591170257626
9690.16252939,-1.8322575771300589,0.9460210955354247,1.0734591170257626
9690.171479814,-1.8322575771300589,0.9460210955354247,1.0734591170257626
9690.18314238,-1.8322575771300589,0.9460210955354247,1.0734591170257626
9690.187795227,-1.8296515766365338,0.9508559096216472,1.0794046803421078
9690.190092406,-1.8296515766365338,0.9508559096216472,1.0794046803421078
9690.190384628,-1.8296515766365338,0.9508559096216472,1.0794046803421078
9690.19397572,-1.8296515766365338,0.9508559096216472,1.0794046803421078
9690.201633102,-1.8296515766365338,0.9508559096216472,1.0794046803421078
9690.21152794,-1.8296515766365338,0.9508559096216472,1.0794046803421078
9690.220593872,-1.8296515766365338,0.9508559096216472,1.0794046803421078
9690.232064996,-1.8296515766365338,0.9508559096216472,1.0794046803421078
9690.235250863,-1.8256682883252795,0.9583124254756089,1.080920664877325
9690.241159082,-1.8256682883252795,0.9583124254756089,1.080920664877325
9690.253971429,-1.8256682883252795,0.9583124254756089,1.080920664877325
9690.260337382,-1.8256682883252795,0.9583124254756089,1.080920664877325
9690.272865914,-1.8256682883252795,0.9583124254756089,1.080920664877325
9690.282611009,-1.8256682883252795,0.9583124254756089,1.080920664877325
9690.290128076,-1.8256682883252795,0.9583124254756089,1.080920664877325
9690.290837937,-1.8228772369121664,0.963564936339759,1.0838095828002983
9690.291236149,-1.8228772369121664,0.963564936339759,1.0838095828002983
9690.303744432,-1.8228772369121664,0.963564936339759,1.0838095828002983
9690.314036249,-1.8228772369121664,0.963564936339759,1.0838095828002983
9690.324725157,-1.8228772369121664,0.963564936339759,1.0838095828002983
9690.33403013,-1.8228772369121664,0.963564936339759,1.0838095828002983
9690.335538128,-1.818969833320626,0.9709471376443626,1.0841582699722345
9690.339057776,-1.818969833320626,0.9709471376443626,1.0841582699722345
9690.34176067,-1.818969833320626,0.9709471376443626,1.0841582699722345
9690.353653982,-1.818969833320626,0.9709471376443626,1.0841582699722345
9690.36354327,-1.818969833320626,0.9709471376443626,1.0841582699722345
9690.369417844,-1.818969833320626,0.9709471376443626,1.0841582699722345
9690.386134215,-1.818969833320626,0.9709471376443626,1.0841582699722345
9690.38657632,-1.8162530252029676,0.9760957612767346,1.086348502249151
9690.387760226,-1.8162530252029676,0.9760957612767346,1.086348502249151
9690.392145388,-1.8162530252029676,0.9760957612767346,1.086348502249151
9690.403792896,-1.8162530252029676,0.9760957612767346,1.086348502249151
9690.412205745,-1.8162530252029676,0.9760957612767346,1.086348502249151
9690.421477776,-1.8162530252029676,0.9760957612767346,1.086348502249151
9690.43129695,-1.8137015149938476,0.9809595521309288,1.0889885111755429
9690.434760191,-1.8137015149938476,0.9809595521309288,1.0889885111755429
9690.438855957,-1.8137015149938476,0.9809595521309288,1.0889885111755429
9690.444873722,-1.8137015149938476,0.9809595521309288,1.0889885111755429
9690.453865444,-1.8137015149938476,0.9809595521309288,1.0889885111755429
9690.46086323,-1.8137015149938476,0.9809595521309288,1.0889885111755429
9690.47156919,-1.8137015149938476,0.9809595521309288,1.0889885111755429
9690.482868821,-1.8137015149938476,0.9809595521309288,1.0889885111755429
9690.486603835,-1.8109399218695863,0.9862846997628333,1.095779268354803
9690.48896782,-1.8109399218695863,0.9862846997628333,1.095779268354803
9690.49137177,-1.8109399218695863,0.9862846997628333,1.095779268354803
9690.500942054,-1.8109399218695863,0.9862846997628333,1.095779268354803
9690.510644068,-1.8109399218695863,0.9862846997628333,1.095779268354803
9690.521687164,-1.8109399218695863,0.9862846997628333,1.095779268354803
9690.5304375,-1.8070221370927644,0.9939468070465532,1.100489108175665
9690.535758129,-1.8070221370927644,0.9939468070465532,1.100489108175665
9690.537028027,-1.8070221370927644,0.9939468070465532,1.100489108175665
9690.541602096,-1.8070221370927644,0.9939468070465532,1.100489108175665
9690.554072838,-1.8070221370927644,0.9939468070465532,1.100489108175665
9690.561114337,-1.8070221370927644,0.9939468070465532,1.100489108175665
9690.57126622,-1.8070221370927644,0.9939468070465532,1.100489108175665
9690.581968573,-1.8070221370927644,0.9939468070465532,1.100489108175665
9690.591247604,-1.8070221370927644,0.9939468070465532,1.100489108175665
9690.592338465,-1.8070221370927644,0.9939468070465532,1.100489108175665
9690.59295886,-1.8043053804487572,0.9993516851937857,1.1095744057601986
9690.593565486,-1.8043053804487572,0.9993516851937857,1.1095744057601986
9690.603994792,-1.8043053804487572,0.9993516851937857,1.1095744057601986
9690.610740142,-1.8043053804487572,0.9993516851937857,1.1095744057601986
9690.623156792,-1.8043053804487572,0.9993516851937857,1.1095744057601986
9690.630230111,-1.8043053804487572,0.9993516851937857,1.1095744057601986
9690.633388125,-1.8002929567863681,1.007476109349641,1.1145522280639708
9690.641525794,-1.8002929567863681,1.007476109349641,1.1145522280639708
9690.653523613,-1.8002929567863681,1.007476109349641,1.1145522280639708
9690.662003809,-1.8002929567863681,1.007476109349641,1.1145522280639708
9690.669548468,-1.8002929567863681,1.007476109349641,1.1145522280639708
9690.696893082,-1.8002929567863681,1.007476109349641,1.1145522280639708
9690.697332762,-1.7976137880156022,1.0129842814107748,1.1216251536315969
9690.706196893,-1.7976137880156022,1.0129842814107748,1.1216251536315969
9690.706842292,-1.7976137880156022,1.0129842814107748,1.1216251536315969
9690.720927283,-1.7976137880156022,1.0129842814107748,1.1216251536315969
9690.729501186,-1.7976137880156022,1.0129842814107748,1.1216251536315969
9690.734800264,-1.7976137880156022,1.0129842814107748,1.1216251536315969
9690.735388134,-1.7949869884627287,1.0184334463521407,1.1215891524261528
9690.737160792,-1.7949869884627287,1.0184334463521407,1.1215891524261528
9690.74527154,-1.7949869884627287,1.0184334463521407,1.1215891524261528
9690.748597853,-1.7949869884627287,1.0184334463521407,1.1215891524261528
9690.754284062,-1.7949869884627287,1.0184334463521407,1.1215891524261528
9690.764264701,-1.7949869884627287,1.0184334463521407,1.1215891524261528
9690.77199454,-1.7949869884627287,1.0184334463521407,1.1215891524261528
9690.783252623,-1.7949869884627287,1.0184334463521407,1.1215891524261528
9690.785685507,-1.7949869884627287,1.0184334463521407,1.1215891524261528
9690.788891953,-1.792350456760445,1.0239621537363455,1.1300407334274345
9690.799550423,-1.792350456760445,1.0239621537363455,1.1300407334274345
9690.807297114,-1.792350456760445,1.0239621537363455,1.1300407334274345
9690.822351826,-1.792350456760445,1.0239621537363455,1.1300407334274345
9690.832098985,-1.792350456760445,1.0239621537363455,1.1300407334274345
9690.833177852,-1.7884759851953176,1.0322371837865998,1.1357605143493705
9690.840912671,-1.7884759851953176,1.0322371837865998,1.1357605143493705
9690.852527366,-1.7884759851953176,1.0322371837865998,1.1357605143493705
9690.854528305,-1.7884759851953176,1.0322371837865998,1.1357605143493705
9690.856049138,-1.7884759851953176,1.0322371837865998,1.1357605143493705
9690.862126295,-1.7884759851953176,1.0322371837865998,1.1357605143493705
9690.874267946,-1.7884759851953176,1.0322371837865998,1.1357605143493705
9690.882779361,-1.7884759851953176,1.0322371837865998,1.1357605143493705
9690.890667719,-1.7858328187502852,1.0380142119981197,1.1476349516815245
9690.892125993,-1.7858328187502852,1.0380142119981197,1.1476349516815245
9690.895738415,-1.7858328187502852,1.0380142119981197,1.1476349516815245
9690.898885509,-1.7858328187502852,1.0380142119981197,1.1476349516815245
9690.902709121,-1.7858328187502852,1.0380142119981197,1.1476349516815245
9690.91247263,-1.7858328187502852,1.0380142119981197,1.1476349516815245
9690.925276893,-1.7858328187502852,1.0380142119981197,1.1476349516815245
9690.943951913,-1.7858328187502852,1.0380142119981197,1.1476349516815245
9690.944766,-1.7822467216968618,1.0460592642462048,1.1553265734619191
9690.954059542,-1.7822467216968618,1.0460592642462048,1.1553265734619191
9690.958608273,-1.7822467216968618,1.0460592642462048,1.1553265734619191
9690.959961359,-1.7822467216968618,1.0460592642462048,1.1553265734619191
9690.970709057,-1.7822467216968618,1.0460592642462048,1.1553265734619191
9690.981585579,-1.7822467216968618,1.0460592642462048,1.1553265734619191
9690.984040445,-1.7798443368137498,1.051555821419467,1.1621657296127375
9690.984874981,-1.7798443368137498,1.051555821419467,1.1621657296127375
9690.991136427,-1.7798443368137498,1.051555821419467,1.1621657296127375
9691.001552015,-1.7798443368137498,1.051555821419467,1.1621657296127375
9691.012646661,-1.7798443368137498,1.051555821419467,1.1621657296127375
9691.023333915,-1.7798443368137498,1.051555821419467,1.1621657296127375
9691.032505437,-1.7798443368137498,1.051555821419467,1.1621657296127375
9691.038939829,-1.77747340196714,1.057093561165036,1.1703703089660704
9691.043550687,-1.77747340196714,1.057093561165036,1.1703703089660704
9691.043988524,-1.77747340196714,1.057093561165036,1.1703703089660704
9691.051313178,-1.77747340196714,1.057093561165036,1.1703703089660704
9691.060493647,-1.77747340196714,1.057093561165036,1.1703703089660704
9691.071586186,-1.77747340196714,1.057093561165036,1.1703703089660704
9691.086929083,-1.77747340196714,1.057093561165036,1.1703703089660704
9691.089326871,-1.7738766629784273,1.0656579873814238,1.1760298891967824
9691.090616116,-1.7738766629784273,1.0656579873814238,1.1760298891967824
9691.09087771,-1.7738766629784273,1.0656579873814238,1.1760298891967824
9691.102537692,-1.7738766629784273,1.0656579873814238,1.1760298891967824
9691.113860346,-1.7738766629784273,1.0656579873814238,1.1760298891967824
9691.125333815,-1.7738766629784273,1.0656579873814238,1.1760298891967824
9691.130674421,-1.7716864526050302,1.0709422886139912,1.1797184630340634
9691.132244867,-1.7716864526050302,1.0709422886139912,1.1797184630340634
9691.13550303,-1.7716864526050302,1.0709422886139912,1.1797184630340634
9691.142921301,-1.7716864526050302,1.0709422886139912,1.1797184630340634
9691.152679761,-1.7716864526050302,1.0709422886139912,1.1797184630340634
9691.160675562,-1.7716864526050302,1.0709422886139912,1.1797184630340634
9691.172671528,-1.7716864526050302,1.0709422886139912,1.1797184630340634
9691.180612716,-1.7716864526050302,1.0709422886139912,1.1797184630340634
9691.190614746,-1.7694209296723342,1.0764966562401908,1.187309949011236
9691.195606042,-1.7694209296723342,1.0764966562401908,1.187309949011236
9691.196134971,-1.7694209296723342,1.0764966562401908,1.187309949011236
9691.197157523,-1.7694209296723342,1.0764966562401908,1.187309949011236
9691.199035479,-1.7694209296723342,1.0764966562401908,1.187309949011236
9691.212070127,-1.7694209296723342,1.0764966562401908,1.187309949011236
9691.219726828,-1.7694209296723342,1.0764966562401908,1.187309949011236
9691.232116106,-1.7694209296723342,1.0764966562401908,1.187309949011236
9691.233709455,-1.7660729891756761,1.0848349292367967,1.1906594916290338
9691.240004684,-1.7660729891756761,1.0848349292367967,1.1906594916290338
9691.251999659,-1.7660729891756761,1.0848349292367967,1.1906594916290338
9691.262302687,-1.7660729891756761,1.0848349292367967,1.1906594916290338
9691.271906625,-1.7660729891756761,1.0848349292367967,1.1906594916290338
9691.280986774,-1.7660729891756761,1.0848349292367967,1.1906594916290338
9691.290743521,-1.7637949746033001,1.090602469096101,1.1986050291961727
9691.293775678,-1.7637949746033001,1.090602469096101,1.1986050291961727
9691.294355102,-1.7637949746033001,1.090602469096101,1.1986050291961727
9691.303017642,-1.7637949746033001,1.090602469096101,1.1986050291961727
9691.314152061,-1.7637949746033001,1.090602469096101,1.1986050291961727
9691.322801837,-1.7637949746033001,1.090602469096101,1.1986050291961727
9691.330807156,-1.7637949746033001,1.090602469096101,1.1986050291961727
9691.338034145,-1.7597526297906794,1.096317817772162,1.2008591030741234
9691.341919673,-1.7597526297906794,1.096317817772162,1.2008591030741234
9691.344164353,-1.7597526297906794,1.096317817772162,1.2008591030741234
9691.353170272,-1.7597526297906794,1.096317817772162,1.2008591030741234
9691.361743263,-1.7597526297906794,1.096317817772162,1.2008591030741234
9691.372530566,-1.7597526297906794,1.096317817772162,1.2008591030741234
9691.385946984,-1.7597526297906794,1.096317817772162,1.2008591030741234
9691.387254343,-1.7541178039559946,1.1048951808388516,1.206579999535533
9691.387890194,-1.7541178039559946,1.1048951808388516,1.206579999535533
9691.392774509,-1.7541178039559946,1.1048951808388516,1.206579999535533
9691.400182811,-1.7541178039559946,1.1048951808388516,1.206579999535533
9691.413231094,-1.7541178039559946,1.1048951808388516,1.206579999535533
9691.420586365,-1.7541178039559946,1.1048951808388516,1.206579999535533
9691.430647847,-1.7517923810360063,1.1104677647987855,1.2123003937428583
9691.432313844,-1.7517923810360063,1.1104677647987855,1.2123003937428583
9691.437049618,-1.7517923810360063,1.1104677647987855,1.2123003937428583
9691.445353441,-1.7517923810360063,1.1104677647987855,1.2123003937428583
9691.453725011,-1.7517923810360063,1.1104677647987855,1.2123003937428583
9691.462511826,-1.7517923810360063,1.1104677647987855,1.2123003937428583
9691.469356544,-1.7517923810360063,1.1104677647987855,1.2123003937428583
9691.480626859,-1.7517923810360063,1.1104677647987855,1.2123003937428583
9691.489000674,-1.7496250289638429,1.1163317934623036,1.221234057111084
9691.489610626,-1.7496250289638429,1.1163317934623036,1.221234057111084
9691.490945086,-1.7496250289638429,1.1163317934623036,1.221234057111084
9691.500449917,-1.7496250289638429,1.1163317934623036,1.221234057111084
9691.513728796,-1.7496250289638429,1.1163317934623036,1.221234057111084
9691.523311204,-1.7496250289638429,1.1163317934623036,1.221234057111084
9691.532517691,-1.7496250289638429,1.1163317934623036,1.221234057111084
9691.533182487,-1.7496250289638429,1.1163317934623036,1.221234057111084
9691.533923897,-1.7465908140936115,1.1247085627820292,1.225323531789123
9691.542335283,-1.7465908140936115,1.1247085627820292,1.225323531789123
9691.554322221,-1.7465908140936115,1.1247085627820292,1.225323531789123
9691.562016323,-1.7465908140936115,1.1247085627820292,1.225323531789123
9691.572908094,-1.7465908140936115,1.1247085627820292,1.225323531789123
9691.58093862,-1.7465908140936115,1.1247085627820292,1.225323531789123
9691.582114561,-1.7465908140936115,1.1247085627820292,1.225323531789123
9691.583025772,-1.7445922024850362,1.1302838595580598,1.2278570868199463
9691.59492216,-1.7445922024850362,1.1302838595580598,1.2278570868199463
9691.601809978,-1.7445922024850362,1.1302838595580598,1.2278570868199463
9691.611253033,-1.7445922024850362,1.1302838595580598,1.2278570868199463
9691.619663397,-1.7445922024850362,1.1302838595580598,1.2278570868199463
9691.631733773,-1.7445922024850362,1.1302838595580598,1.2278570868199463
9691.637912432,-1.7426365782213553,1.1357938719187037,1.2316298224156488
9691.641957923,-1.7426365782213553,1.1357938719187037,1.2316298224156488
9691.642565821,-1.7426365782213553,1.1357938719187037,1.2316298224156488
9691.652321726,-1.7426365782213553,1.1357938719187037,1.2316298224156488
9691.66244223,-1.7426365782213553,1.1357938719187037,1.2316298224156488
9691.670167006,-1.7426365782213553,1.1357938719187037,1.2316298224156488
9691.680519451,-1.7426365782213553,1.1357938719187037,1.2316298224156488
9691.682883185,-1.7397355710940101,1.1440569173491966,1.234685871762573
9691.68346794,-1.7397355710940101,1.1440569173491966,1.234685871762573
9691.690243356,-1.7397355710940101,1.1440569173491966,1.234685871762573
9691.701678833,-1.7397355710940101,1.1440569173491966,1.234685871762573
9691.710163818,-1.7397355710940101,1.1440569173491966,1.234685871762573
9691.72172358,-1.7397355710940101,1.1440569173491966,1.234685871762573
9691.734850341,-1.7397355710940101,1.1440569173491966,1.234685871762573
9691.740725618,-1.737914328533129,1.1492922178612144,1.2373416163151847
9691.741375415,-1.737914328533129,1.1492922178612144,1.2373416163151847
9691.744792579,-1.737914328533129,1.1492922178612144,1.2373416163151847
9691.752159071,-1.737914328533129,1.1492922178612144,1.2373416163151847
9691.764310721,-1.737914328533129,1.1492922178612144,1.2373416163151847
9691.773755969,-1.737914328533129,1.1492922178612144,1.2373416163151847
9691.78450503,-1.737914328533129,1.1492922178612144,1.2373416163151847
9691.786001447,-1.7351508178818382,1.1573083145027163,1.240279410046875
9691.786741174,-1.7351508178818382,1.1573083145027163,1.240279410046875
9691.790470517,-1.7351508178818382,1.1573083145027163,1.240279410046875
9691.806991208,-1.7351508178818382,1.1573083145027163,1.240279410046875
9691.811541221,-1.7351508178818382,1.1573083145027163,1.240279410046875
9691.82067414,-1.7351508178818382,1.1573083145027163,1.240279410046875
9691.830918588,-1.7351508178818382,1.1573083145027163,1.240279410046875
9691.833464576,-1.7331939440414246,1.1630323095430612,1.2424820400899044
9691.840452755,-1.7331939440414246,1.1630323095430612,1.2424820400899044
9691.844507492,-1.7331939440414246,1.1630323095430612,1.2424820400899044
9691.851054698,-1.7331939440414246,1.1630323095430612,1.2424820400899044
9691.862652512,-1.7331939440414246,1.1630323095430612,1.2424820400899044
9691.871150401,-1.7331939440414246,1.1630323095430612,1.2424820400899044
9691.882979732,-1.7331939440414246,1.1630323095430612,1.2424820400899044
9691.891621273,-1.731273811915782,1.1687153269199149,1.247451160115539
9691.892536031,-1.731273811915782,1.1687153269199149,1.247451160115539
9691.89593,-1.731273811915782,1.1687153269199149,1.247451160115539
9691.904298115,-1.731273811915782,1.1687153269199149,1.247451160115539
9691.910298016,-1.731273811915782,1.1687153269199149,1.247451160115539
9691.920114186,-1.731273811915782,1.1687153269199149,1.247451160115539
9691.932179602,-1.731273811915782,1.1687153269199149,1.247451160115539
9691.933770447,-1.731273811915782,1.1687153269199149,1.247451160115539
9691.934172927,-1.7285383634722973,1.1769280041855332,1.2511030174916389
9691.94059727,-1.7285383634722973,1.1769280041855332,1.2511030174916389
9691.9513459,-1.7285383634722973,1.1769280041855332,1.2511030174916389
9691.960975096,-1.7285383634722973,1.1769280041855332,1.2511030174916389
9691.971188125,-1.7285383634722973,1.1769280041855332,1.2511030174916389
9691.980590482,-1.7285383634722973,1.1769280041855332,1.2511030174916389
9691.983652996,-1.7266633386970396,1.1826527029224705,1.2574481703465565
9691.984212142,-1.7266633386970396,1.1826527029224705,1.2574481703465565
9691.992559637,-1.7266633386970396,1.1826527029224705,1.2574481703465565
9692.00144579,-1.7266633386970396,1.1826527029224705,1.2574481703465565
9692.010433975,-1.7266633386970396,1.1826527029224705,1.2574481703465565
9692.021386681,-1.7266633386970396,1.1826527029224705,1.2574481703465565
9692.032493427,-1.7266633386970396,1.1826527029224705,1.2574481703465565
9692.039997941,-1.7248574730649635,1.1882667974369419,1.2617168165867916
9692.042505236,-1.7248574730649635,1.1882667974369419,1.2617168165867916
9692.044352935,-1.7248574730649635,1.1882667974369419,1.2617168165867916
9692.053688226,-1.7248574730649635,1.1882667974369419,1.2617168165867916
9692.065076425,-1.7248574730649635,1.1882667974369419,1.2617168165867916
9692.071574667,-1.7248574730649635,1.1882667974369419,1.2617168165867916
9692.086742714,-1.7248574730649635,1.1882667974369419,1.2617168165867916
9692.08768289,-1.7248574730649635,1.1882667974369419,1.2617168165867916
9692.088168617,-1.7221246718667755,1.1969326465838628,1.268912050885498
9692.09609122,-1.7221246718667755,1.1969326465838628,1.268912050885498
9692.102595323,-1.7221246718667755,1.1969326465838628,1.268912050885498
9692.111519989,-1.7221246718667755,1.1969326465838628,1.268912050885498
9692.122834458,-1.7221246718667755,1.1969326465838628,1.268912050885498
9692.130065885,-1.7204393743249704,1.2023459695404295,1.2690542675679315
9692.132690202,-1.7204393743249704,1.2023459695404295,1.2690542675679315
9692.133162824,-1.7204393743249704,1.2023459695404295,1.2690542675679315
9692.141853858,-1.7204393743249704,1.2023459695404295,1.2690542675679315
9692.153627905,-1.7204393743249704,1.2023459695404295,1.2690542675679315
9692.161705851,-1.7204393743249704,1.2023459695404295,1.2690542675679315
9692.171482683,-1.7204393743249704,1.2023459695404295,1.2690542675679315
9692.181038864,-1.7204393743249704,1.2023459695404295,1.2690542675679315
9692.190794499,-1.7204393743249704,1.2023459695404295,1.2690542675679315
9692.191845143,-1.718662485312303,1.2081548422417545,1.2788309790318604
9692.192507564,-1.718662485312303,1.2081548422417545,1.2788309790318604
9692.201482204,-1.718662485312303,1.2081548422417545,1.2788309790318604
9692.211205558,-1.718662485312303,1.2081548422417545,1.2788309790318604
9692.222069445,-1.718662485312303,1.2081548422417545,1.2788309790318604
9692.229849729,-1.716015561762251,1.2170587584300987,1.2848493792241205
9692.232854194,-1.716015561762251,1.2170587584300987,1.2848493792241205
9692.233695052,-1.716015561762251,1.2170587584300987,1.2848493792241205
9692.241495334,-1.716015561762251,1.2170587584300987,1.2848493792241205
9692.25308399,-1.716015561762251,1.2170587584300987,1.2848493792241205
9692.259872371,-1.716015561762251,1.2170587584300987,1.2848493792241205
9692.274920712,-1.716015561762251,1.2170587584300987,1.2848493792241205
9692.281782201,-1.716015561762251,1.2170587584300987,1.2848493792241205
9692.283312451,-1.7143241143467598,1.2228930829209173,1.2923886515324703
9692.283773382,-1.7143241143467598,1.2228930829209173,1.2923886515324703
9692.295890907,-1.7143241143467598,1.2228930829209173,1.2923886515324703
9692.300419399,-1.7143241143467598,1.2228930829209173,1.2923886515324703
9692.31106775,-1.7143241143467598,1.2228930829209173,1.2923886515324703
9692.32562846,-1.7143241143467598,1.2228930829209173,1.2923886515324703
9692.334943483,-1.7143241143467598,1.2228930829209173,1.2923886515324703
9692.340828417,-1.7127021657876367,1.2286682778749514,1.3016153313344112
9692.350109966,-1.7127021657876367,1.2286682778749514,1.3016153313344112
9692.351195406,-1.7127021657876367,1.2286682778749514,1.3016153313344112
9692.354985094,-1.7127021657876367,1.2286682778749514,1.3016153313344112
9692.365920486,-1.7127021657876367,1.2286682778749514,1.3016153313344112
9692.371908756,-1.7127021657876367,1.2286682778749514,1.3016153313344112
9692.383705956,-1.7127021657876367,1.2286682778749514,1.3016153313344112
9692.384738947,-1.71026531362503,1.2376319645777811,1.3090913035100094
9692.387380526,-1.71026531362503,1.2376319645777811,1.3090913035100094
9692.394381899,-1.71026531362503,1.2376319645777811,1.3090913035100094
9692.40510448,-1.71026531362503,1.2376319645777811,1.3090913035100094
9692.414165954,-1.71026531362503,1.2376319645777811,1.3090913035100094
9692.423745947,-1.71026531362503,1.2376319645777811,1.3090913035100094
9692.431870822,-1.7087170259080031,1.2434535364172268,1.3126219250386353
9692.435662863,-1.7087170259080031,1.2434535364172268,1.3126219250386353
9692.439307086,-1.7087170259080031,1.2434535364172268,1.3126219250386353
9692.444831139,-1.7087170259080031,1.2434535364172268,1.3126219250386353
9692.453796942,-1.7087170259080031,1.2434535364172268,1.3126219250386353
9692.463021554,-1.7087170259080031,1.2434535364172268,1.3126219250386353
9692.470321651,-1.7087170259080031,1.2434535364172268,1.3126219250386353
9692.48214961,-1.7087170259080031,1.2434535364172268,1.3126219250386353
9692.48559109,-1.7073114000709024,1.2488677092132894,1.3209471441929923
9692.486084351,-1.7073114000709024,1.2488677092132894,1.3209471441929923
9692.491958796,-1.7073114000709024,1.2488677092132894,1.3209471441929923
9692.501175953,-1.7073114000709024,1.2488677092132894,1.3209471441929923
9692.510164008,-1.7073114000709024,1.2488677092132894,1.3209471441929923
9692.520742217,-1.7073114000709024,1.2488677092132894,1.3209471441929923
9692.533162013,-1.7073114000709024,1.2488677092132894,1.3209471441929923
9692.53414033,-1.7051045746823335,1.2575777852083343,1.3243597485249623
9692.537427138,-1.7051045746823335,1.2575777852083343,1.3243597485249623
9692.540755554,-1.7051045746823335,1.2575777852083343,1.3243597485249623
9692.55307963,-1.7051045746823335,1.2575777852083343,1.3243597485249623
9692.560493953,-1.7051045746823335,1.2575777852083343,1.3243597485249623
9692.571180075,-1.7051045746823335,1.2575777852083343,1.3243597485249623
9692.582694401,-1.7051045746823335,1.2575777852083343,1.3243597485249623
9692.595314355,-1.7051045746823335,1.2575777852083343,1.3243597485249623
9692.596147459,-1.7037184167387043,1.263205741165326,1.334248874348938
9692.596770025,-1.7037184167387043,1.263205741165326,1.334248874348938
9692.602556283,-1.7037184167387043,1.263205741165326,1.334248874348938
9692.61303869,-1.7037184167387043,1.263205741165326,1.334248874348938
9692.621867505,-1.7037184167387043,1.263205741165326,1.334248874348938
9692.630658858,-1.7037184167387043,1.263205741165326,1.334248874348938
9692.631604444,-1.701569878054637,1.2722168524665574,1.3392197825139156
9692.637817458,-1.701569878054637,1.2722168524665574,1.3392197825139156
9692.642972394,-1.701569878054637,1.2722168524665574,1.3392197825139156
9692.652965507,-1.701569878054637,1.2722168524665574,1.3392197825139156
9692.66272565,-1.701569878054637,1.2722168524665574,1.3392197825139156
9692.672191885,-1.701569878054637,1.2722168524665574,1.3392197825139156
9692.681864186,-1.701569878054637,1.2722168524665574,1.3392197825139156
9692.684341825,-1.700142215205822,1.2783813643328799,1.3472096659367665
9692.68564697,-1.700142215205822,1.2783813643328799,1.3472096659367665
9692.692970631,-1.700142215205822,1.2783813643328799,1.3472096659367665
9692.70556115,-1.700142215205822,1.2783813643328799,1.3472096659367665
9692.715881401,-1.700142215205822,1.2783813643328799,1.3472096659367665
9692.72002662,-1.700142215205822,1.2783813643328799,1.3472096659367665
9692.733568385,-1.700142215205822,1.2783813643328799,1.3472096659367665
9692.738364764,-1.6988441844880673,1.2841600751543794,1.352472040814697
9692.743721481,-1.6988441844880673,1.2841600751543794,1.352472040814697
9692.753878934,-1.6988441844880673,1.2841600751543794,1.352472040814697
9692.757679502,-1.6988441844880673,1.2841600751543794,1.352472040814697
9692.76277753,-1.6988441844880673,1.2841600751543794,1.352472040814697
9692.769950227,-1.6988441844880673,1.2841600751543794,1.352472040814697
9692.782750382,-1.6988441844880673,1.2841600751543794,1.352472040814697
9692.788739292,-1.6988441844880673,1.2841600751543794,1.352472040814697
9692.789940621,-1.6969536393236895,1.2928147338646274,1.358992192906677
9692.796894835,-1.6969536393236895,1.2928147338646274,1.358992192906677
9692.804090966,-1.6969536393236895,1.2928147338646274,1.358992192906677
9692.814596487,-1.6969536393236895,1.2928147338646274,1.358992192906677
9692.82401722,-1.6969536393236895,1.2928147338646274,1.358992192906677
9692.829196792,-1.6957015767750683,1.2987071215734312,1.3638523556416617
9692.831297379,-1.6957015767750683,1.2987071215734312,1.3638523556416617
9692.833183922,-1.6957015767750683,1.2987071215734312,1.3638523556416617
9692.843967588,-1.6957015767750683,1.2987071215734312,1.3638523556416617
9692.854014904,-1.6957015767750683,1.2987071215734312,1.3638523556416617
9692.863424245,-1.6957015767750683,1.2987071215734312,1.3638523556416617
9692.871722517,-1.6957015767750683,1.2987071215734312,1.3638523556416617
9692.883986409,-1.6957015767750683,1.2987071215734312,1.3638523556416617
9692.889171542,-1.6944722378984163,1.3046559922687726,1.370175693196593
9692.895844915,-1.6944722378984163,1.3046559922687726,1.370175693196593
9692.896429409,-1.6944722378984163,1.3046559922687726,1.370175693196593
9692.90314901,-1.6944722378984163,1.3046559922687726,1.370175693196593
9692.910575426,-1.6944722378984163,1.3046559922687726,1.370175693196593
9692.923102094,-1.6944722378984163,1.3046559922687726,1.370175693196593
9692.930595676,-1.6927379913800424,1.3132658766075893,1.3738860823338608
9692.934741176,-1.6927379913800424,1.3132658766075893,1.3738860823338608
9692.936663486,-1.6927379913800424,1.3132658766075893,1.3738860823338608
9692.941777725,-1.6927379913800424,1.3132658766075893,1.3738860823338608
9692.952859955,-1.6927379913800424,1.3132658766075893,1.3738860823338608
9692.961271058,-1.6927379913800424,1.3132658766075893,1.3738860823338608
9692.971660793,-1.6927379913800424,1.3132658766075893,1.3738860823338608
9692.981210259,-1.6927379913800424,1.3132658766075893,1.3738860823338608
9692.985821397,-1.6927379913800424,1.3132658766075893,1.3738860823338608
9692.986287588,-1.6916294671127003,1.3188776530593878,1.377657387418091
9692.991940905,-1.6916294671127003,1.3188776530593878,1.377657387418091
9693.002454531,-1.6916294671127003,1.3188776530593878,1.377657387418091
9693.011712606,-1.6916294671127003,1.3188776530593878,1.377657387418091
9693.021840153,-1.6916294671127003,1.3188776530593878,1.377657387418091
9693.030163994,-1.6916294671127003,1.3188776530593878,1.377657387418091
9693.038490159,-1.6904966816166747,1.3247167998625309,1.380698774022399
9693.039506398,-1.6904966816166747,1.3247167998625309,1.380698774022399
9693.045084313,-1.6904966816166747,1.3247167998625309,1.380698774022399
9693.050907841,-1.6904966816166747,1.3247167998625309,1.380698774022399
9693.061624251,-1.6904966816166747,1.3247167998625309,1.380698774022399
9693.070816431,-1.6904966816166747,1.3247167998625309,1.380698774022399
9693.084902845,-1.6904966816166747,1.3247167998625309,1.380698774022399
9693.086704247,-1.6888270757913009,1.3334940878974333,1.384947512311279
9693.08719264,-1.6888270757913009,1.3334940878974333,1.384947512311279
9693.090770437,-1.6888270757913009,1.3334940878974333,1.384947512311279
9693.102047355,-1.6888270757913009,1.3334940878974333,1.384947512311279
9693.111206643,-1.6888270757913009,1.3334940878974333,1.384947512311279
9693.121394164,-1.6888270757913009,1.3334940878974333,1.384947512311279
9693.129199044,-1.6849582701259764,1.3375127749283537,1.3872625832527177
9693.131610869,-1.6849582701259764,1.3375127749283537,1.3872625832527177
9693.135904419,-1.6849582701259764,1.3375127749283537,1.3872625832527177
9693.140928096,-1.6849582701259764,1.3375127749283537,1.3872625832527177
9693.153413166,-1.6849582701259764,1.3375127749283537,1.3872625832527177
9693.162503183,-1.6849582701259764,1.3375127749283537,1.3872625832527177
9693.170613611,-1.6849582701259764,1.3375127749283537,1.3872625832527177
9693.181807382,-1.6849582701259764,1.3375127749283537,1.3872625832527177
9693.193586478,-1.6849582701259764,1.3375127749283537,1.3872625832527177
9693.194982154,-1.6786598764631413,1.3402399236816236,1.3927154624966822
9693.196238196,-1.6786598764631413,1.3402399236816236,1.3927154624966822
9693.201331325,-1.6786598764631413,1.3402399236816236,1.3927154624966822
9693.211734343,-1.6786598764631413,1.3402399236816236,1.3927154624966822
9693.221753775,-1.6786598764631413,1.3402399236816236,1.3927154624966822
9693.228611377,-1.6754485927728742,1.3478484984959695,1.395002436479374
9693.232639875,-1.6754485927728742,1.3478484984959695,1.395002436479374
9693.234940751,-1.6754485927728742,1.3478484984959695,1.395002436479374
9693.23981177,-1.6754485927728742,1.3478484984959695,1.395002436479374
9693.25643415,-1.6754485927728742,1.3478484984959695,1.395002436479374
9693.261658651,-1.6754485927728742,1.3478484984959695,1.395002436479374
9693.270204971,-1.6754485927728742,1.3478484984959695,1.395002436479374
9693.283452341,-1.6754485927728742,1.3478484984959695,1.395002436479374
9693.289902142,-1.6754485927728742,1.3478484984959695,1.395002436479374
9693.291911157,-1.6754485927728742,1.3478484984959695,1.395002436479374
9693.292662495,-1.67447368481964,1.3534079486245245,1.3993993519151655
9693.300544772,-1.67447368481964,1.3534079486245245,1.3993993519151655
9693.313810797,-1.67447368481964,1.3534079486245245,1.3993993519151655
9693.320748349,-1.67447368481964,1.3534079486245245,1.3993993519151655
9693.332363215,-1.67447368481964,1.3534079486245245,1.3993993519151655
9693.342180897,-1.67447368481964,1.3534079486245245,1.3993993519151655
9693.352182587,-1.67447368481964,1.3534079486245245,1.3993993519151655
9693.360152398,-1.6730352061086955,1.3617898003757962,1.402268242677493
9693.362525961,-1.6730352061086955,1.3617898003757962,1.402268242677493
9693.366105211,-1.6730352061086955,1.3617898003757962,1.402268242677493
9693.372731205,-1.6730352061086955,1.3617898003757962,1.402268242677493
9693.381919599,-1.6730352061086955,1.3617898003757962,1.402268242677493
9693.386486313,-1.6720229246134157,1.3678307598138009,1.4072701452577556
9693.38880368,-1.6720229246134157,1.3678307598138009,1.4072701452577556
9693.392929973,-1.6720229246134157,1.3678307598138009,1.4072701452577556
9693.400927938,-1.6720229246134157,1.3678307598138009,1.4072701452577556
9693.416345356,-1.6720229246134157,1.3678307598138009,1.4072701452577556
9693.423527471,-1.6720229246134157,1.3678307598138009,1.4072701452577556
9693.433689964,-1.6720229246134157,1.3678307598138009,1.4072701452577556
9693.439756892,-1.671071559776434,1.3737021943332026,1.4130491731965975
9693.443380586,-1.671071559776434,1.3737021943332026,1.4130491731965975
9693.444574651,-1.671071559776434,1.3737021943332026,1.4130491731965975
9693.45382415,-1.671071559776434,1.3737021943332026,1.4130491731965975
9693.460039939,-1.671071559776434,1.3737021943332026,1.4130491731965975
9693.471103875,-1.671071559776434,1.3737021943332026,1.4130491731965975
9693.482355144,-1.671071559776434,1.3737021943332026,1.4130491731965975
9693.484419032,-1.6697127625148354,1.3824561047971777,1.4205578087175328
9693.485795672,-1.6697127625148354,1.3824561047971777,1.4205578087175328
9693.491770957,-1.6697127625148354,1.3824561047971777,1.4205578087175328
9693.503030803,-1.6697127625148354,1.3824561047971777,1.4205578087175328
9693.511697391,-1.6697127625148354,1.3824561047971777,1.4205578087175328
9693.522668521,-1.6697127625148354,1.3824561047971777,1.4205578087175328
9693.53077411,-1.6688161161525918,1.3885153068946805,1.4272053955400439
9693.533481132,-1.6688161161525918,1.3885153068946805,1.4272053955400439
9693.53576718,-1.6688161161525918,1.3885153068946805,1.4272053955400439
9693.542463136,-1.6688161161525918,1.3885153068946805,1.4272053955400439
9693.552387008,-1.6688161161525918,1.3885153068946805,1.4272053955400439
9693.561610237,-1.6688161161525918,1.3885153068946805,1.4272053955400439
9693.572765425,-1.6688161161525918,1.3885153068946805,1.4272053955400439
9693.581309873,-1.6688161161525918,1.3885153068946805,1.4272053955400439
9693.588284154,-1.6688161161525918,1.3885153068946805,1.4272053955400439
9693.589276058,-1.6679783150273477,1.394531819663559,1.4376661299074138
9693.590867593,-1.6679783150273477,1.394531819663559,1.4376661299074138
9693.602272173,-1.6679783150273477,1.394531819663559,1.4376661299074138
9693.613148604,-1.6679783150273477,1.394531819663559,1.4376661299074138
9693.622032152,-1.6679783150273477,1.394531819663559,1.4376661299074138
9693.628933586,-1.6668481181370467,1.4031905575170298,1.444340598424717
9693.635489347,-1.6668481181370467,1.4031905575170298,1.444340598424717
9693.637492951,-1.6668481181370467,1.4031905575170298,1.444340598424717
9693.642373158,-1.6668481181370467,1.4031905575170298,1.444340598424717
9693.651841901,-1.6668481181370467,1.4031905575170298,1.444340598424717
9693.661891798,-1.6668481181370467,1.4031905575170298,1.444340598424717
9693.671752054,-1.6668481181370467,1.4031905575170298,1.444340598424717
9693.680940657,-1.6668481181370467,1.4031905575170298,1.444340598424717
9693.694583684,-1.6668481181370467,1.4031905575170298,1.444340598424717
9693.695637565,-1.6668481181370467,1.4031905575170298,1.444340598424717
9693.696545209,-1.6661358485262956,1.4090192783507636,1.4540578244531595
9693.702009539,-1.6661358485262956,1.4090192783507636,1.4540578244531595
9693.710808587,-1.6661358485262956,1.4090192783507636,1.4540578244531595
9693.721360887,-1.6661358485262956,1.4090192783507636,1.4540578244531595
9693.72928376,-1.665097782257556,1.4180463245037256,1.4585504053438156
9693.732295698,-1.665097782257556,1.4180463245037256,1.4585504053438156
9693.732926089,-1.665097782257556,1.4180463245037256,1.4585504053438156
9693.742834311,-1.665097782257556,1.4180463245037256,1.4585504053438156
9693.751773133,-1.665097782257556,1.4180463245037256,1.4585504053438156
9693.762095349,-1.665097782257556,1.4180463245037256,1.4585504053438156
9693.773243333,-1.665097782257556,1.4180463245037256,1.4585504053438156
9693.784861926,-1.665097782257556,1.4180463245037256,1.4585504053438156
9693.785719686,-1.6644889769740423,1.423606756787849,1.4649333475435222
9693.786167923,-1.6644889769740423,1.423606756787849,1.4649333475435222
9693.795754709,-1.6644889769740423,1.423606756787849,1.4649333475435222
9693.800848118,-1.6644889769740423,1.423606756787849,1.4649333475435222
9693.811898518,-1.6644889769740423,1.423606756787849,1.4649333475435222
9693.823192288,-1.6644889769740423,1.423606756787849,1.4649333475435222
9693.83288303,-1.6644889769740423,1.423606756787849,1.4649333475435222
9693.841516385,-1.6644889769740423,1.423606756787849,1.4649333475435222
9693.847174021,-1.6644889769740423,1.423606756787849,1.4649333475435222
9693.847817416,-1.6638612794114063,1.4297251394570338,1.4721905110681495
9693.851092522,-1.6638612794114063,1.4297251394570338,1.4721905110681495
9693.86245978,-1.6638612794114063,1.4297251394570338,1.4721905110681495
9693.872030034,-1.6638612794114063,1.4297251394570338,1.4721905110681495
9693.884157629,-1.6638612794114063,1.4297251394570338,1.4721905110681495
9693.885145164,-1.6638612794114063,1.4297251394570338,1.4721905110681495
9693.886326315,-1.6630645687116916,1.438065008039801,1.4789194582307779
9693.890082386,-1.6630645687116916,1.438065008039801,1.4789194582307779
9693.901639876,-1.6630645687116916,1.438065008039801,1.4789194582307779
9693.914296961,-1.6630645687116916,1.438065008039801,1.4789194582307779
9693.92080921,-1.6630645687116916,1.438065008039801,1.4789194582307779
9693.930920196,-1.6630645687116916,1.438065008039801,1.4789194582307779
9693.937500824,-1.6625544357360686,1.443914886577273,1.4887052296007117
9693.938770502,-1.6625544357360686,1.443914886577273,1.4887052296007117
9693.945374345,-1.6625544357360686,1.443914886577273,1.4887052296007117
9693.951775985,-1.6625544357360686,1.443914886577273,1.4887052296007117
9693.962243945,-1.6625544357360686,1.443914886577273,1.4887052296007117
9693.971885915,-1.6625544357360686,1.443914886577273,1.4887052296007117
9693.982667988,-1.6625544357360686,1.443914886577273,1.4887052296007117
9693.98368588,-1.6625544357360686,1.443914886577273,1.4887052296007117
9693.984053635,-1.6618524323339794,1.452821937721351,1.4955839036310157
9693.992624332,-1.6618524323339794,1.452821937721351,1.4955839036310157
9694.001609542,-1.6618524323339794,1.452821937721351,1.4955839036310157
9694.009913936,-1.6618524323339794,1.452821937721351,1.4955839036310157
9694.024813225,-1.6618524323339794,1.452821937721351,1.4955839036310157
9694.027656936,-1.6614435668122383,1.4584513924226779,1.501003992399021
9694.030506037,-1.6614435668122383,1.4584513924226779,1.501003992399021
9694.032757789,-1.6614435668122383,1.4584513924226779,1.501003992399021
9694.041522693,-1.6614435668122383,1.4584513924226779,1.501003992399021
9694.052159551,-1.6614435668122383,1.4584513924226779,1.501003992399021
9694.061706563,-1.6614435668122383,1.4584513924226779,1.501003992399021
9694.071994563,-1.6614435668122383,1.4584513924226779,1.501003992399021
9694.083089617,-1.6614435668122383,1.4584513924226779,1.501003992399021
9694.087378337,-1.661030579948483,1.4647402074795108,1.5094368575418433
9694.090897914,-1.661030579948483,1.4647402074795108,1.5094368575418433
9694.092534455,-1.661030579948483,1.4647402074795108,1.5094368575418433
9694.10072828,-1.661030579948483,1.4647402074795108,1.5094368575418433
9694.110217522,-1.661030579948483,1.4647402074795108,1.5094368575418433
9694.120767998,-1.661030579948483,1.4647402074795108,1.5094368575418433
9694.127875501,-1.6605010772878357,1.4736591757938469,1.513558697541996
9694.133322809,-1.6605010772878357,1.4736591757938469,1.513558697541996
9694.137325148,-1.6605010772878357,1.4736591757938469,1.513558697541996
9694.141419951,-1.6605010772878357,1.4736591757938469,1.513558697541996
9694.152560391,-1.6605010772878357,1.4736591757938469,1.513558697541996
9694.160365542,-1.6605010772878357,1.4736591757938469,1.513558697541996
9694.170894327,-1.6605010772878357,1.4736591757938469,1.513558697541996
9694.182699292,-1.6605010772878357,1.4736591757938469,1.513558697541996
9694.183320204,-1.6605010772878357,1.4736591757938469,1.513558697541996
9694.18403272,-1.660168010540795,1.4797499513275203,1.5187751768434488
9694.192655325,-1.660168010540795,1.4797499513275203,1.5187751768434488
9694.202135871,-1.660168010540795,1.4797499513275203,1.5187751768434488
9694.2104165,-1.660168010540795,1.4797499513275203,1.5187751768434488
9694.222635588,-1.660168010540795,1.4797499513275203,1.5187751768434488
9694.231710657,-1.660168010540795,1.4797499513275203,1.5187751768434488
9694.233156427,-1.6598825741974732,1.48558974829052,1.5251396416032754
9694.235354529,-1.6598825741974732,1.48558974829052,1.5251396416032754
9694.245286516,-1.6598825741974732,1.48558974829052,1.5251396416032754
9694.250395075,-1.6598825741974732,1.48558974829052,1.5251396416032754
9694.263619551,-1.6598825741974732,1.48558974829052,1.5251396416032754
9694.271557293,-1.6598825741974732,1.48558974829052,1.5251396416032754
9694.281671845,-1.6598825741974732,1.48558974829052,1.5251396416032754
9694.283713791,-1.659505534901295,1.4943644597207288,1.5305681346261937
9694.28429047,-1.659505534901295,1.4943644597207288,1.5305681346261937
9694.292291932,-1.659505534901295,1.4943644597207288,1.5305681346261937
9694.304294831,-1.659505534901295,1.4943644597207288,1.5305681346261937
9694.311214359,-1.659505534901295,1.4943644597207288,1.5305681346261937
9694.321867419,-1.659505534901295,1.4943644597207288,1.5305681346261937
9694.328689674,-1.6592746414432193,1.5004346347457636,1.5349864481294593
9694.336129865,-1.6592746414432193,1.5004346347457636,1.5349864481294593
9694.337030537,-1.6592746414432193,1.5004346347457636,1.5349864481294593
9694.3426449,-1.6592746414432193,1.5004346347457636,1.5349864481294593
9694.354084535,-1.6592746414432193,1.5004346347457636,1.5349864481294593
9694.360680242,-1.6592746414432193,1.5004346347457636,1.5349864481294593
9694.372501789,-1.6592746414432193,1.5004346347457636,1.5349864481294593
9694.382504059,-1.6592746414432193,1.5004346347457636,1.5349864481294593
9694.390895167,-1.6590781425113743,1.5065060204848941,1.54189927562122
9694.393838406,-1.6590781425113743,1.5065060204848941,1.54189927562122
9694.394150906,-1.6590781425113743,1.5065060204848941,1.54189927562122
9694.402608259,-1.6590781425113743,1.5065060204848941,1.54189927562122
9694.413459923,-1.6590781425113743,1.5065060204848941,1.54189927562122
9694.421771561,-1.6590781425113743,1.5065060204848941,1.54189927562122
9694.428358111,-1.6588303423608508,1.5154119353284141,1.5440592883432356
9694.431732914,-1.6588303423608508,1.5154119353284141,1.5440592883432356
9694.432103705,-1.6588303423608508,1.5154119353284141,1.5440592883432356
9694.444747224,-1.6588303423608508,1.5154119353284141,1.5440592883432356
9694.452170453,-1.6588303423608508,1.5154119353284141,1.5440592883432356
9694.461225656,-1.6588303423608508,1.5154119353284141,1.5440592883432356
9694.472371886,-1.6588303423608508,1.5154119353284141,1.5440592883432356
9694.485548041,-1.6588303423608508,1.5154119353284141,1.5440592883432356
9694.485904935,-1.6588303423608508,1.5154119353284141,1.5440592883432356
9694.491903174,-1.658678344526919,1.5212820470151263,1.5457579015100444
9694.496383475,-1.658678344526919,1.5212820470151263,1.5457579015100444
9694.503272215,-1.658678344526919,1.5212820470151263,1.5457579015100444
9694.518948913,-1.658678344526919,1.5212820470151263,1.5457579015100444
9694.528125053,-1.658678344526919,1.5212820470151263,1.5457579015100444
9694.53860721,-1.658678344526919,1.5212820470151263,1.5457579015100444
9694.542263525,-1.658535221356156,1.5271776999608584,1.547292184671207
9694.557380656,-1.658535221356156,1.5271776999608584,1.547292184671207
9694.557809606,-1.658535221356156,1.5271776999608584,1.547292184671207
9694.562954773,-1.658535221356156,1.5271776999608584,1.547292184671207
9694.572238798,-1.658535221356156,1.5271776999608584,1.547292184671207
9694.579866023,-1.658535221356156,1.5271776999608584,1.547292184671207
9694.582407021,-1.658535221356156,1.5271776999608584,1.547292184671207
9694.582862632,-1.6583316698824888,1.5359834665117358,1.5480772970521886
9694.587742017,-1.6583316698824888,1.5359834665117358,1.5480772970521886
9694.590010261,-1.6583316698824888,1.5359834665117358,1.5480772970521886
9694.605040758,-1.6583316698824888,1.5359834665117358,1.5480772970521886
9694.618520226,-1.6583316698824888,1.5359834665117358,1.5480772970521886
9694.63327391,-1.6583316698824888,1.5359834665117358,1.5480772970521886
9694.637314131,-1.6583316698824888,1.5359834665117358,1.5480772970521886
9694.637691042,-1.658203475513801,1.5418035127194414,1.549469780763432
9694.641351586,-1.658203475513801,1.5418035127194414,1.549469780763432
9694.643500955,-1.658203475513801,1.5418035127194414,1.549469780763432
9694.652980529,-1.658203475513801,1.5418035127194414,1.549469780763432
9694.662846492,-1.658203475513801,1.5418035127194414,1.549469780763432
9694.671644177,-1.658203475513801,1.5418035127194414,1.549469780763432
9694.680786744,-1.658203475513801,1.5418035127194414,1.549469780763432
9694.692762702,-1.658096328687349,1.54742146342064,1.5539830444658234
9694.693450511,-1.658096328687349,1.54742146342064,1.5539830444658234
9694.700011523,-1.658096328687349,1.54742146342064,1.5539830444658234
9694.701380328,-1.658096328687349,1.54742146342064,1.5539830444658234
9694.717853289,-1.658096328687349,1.54742146342064,1.5539830444658234
9694.723717835,-1.658096328687349,1.54742146342064,1.5539830444658234
9694.726656715,-1.657968235753937,1.5562792775194927,1.558689606031223
9694.7345593,-1.657968235753937,1.5562792775194927,1.558689606031223
9694.73519424,-1.657968235753937,1.5562792775194927,1.558689606031223
9694.745531282,-1.657968235753937,1.5562792775194927,1.558689606031223
9694.758600295,-1.657968235753937,1.5562792775194927,1.558689606031223
9694.761252414,-1.657968235753937,1.5562792775194927,1.558689606031223
9694.772393325,-1.657968235753937,1.5562792775194927,1.558689606031223
9694.7799787,-1.657968235753937,1.5562792775194927,1.558689606031223
9694.795057699,-1.657968235753937,1.5562792775194927,1.558689606031223
9694.795684623,-1.6579153391400667,1.5622017419095078,1.565040480932041
9694.796411095,-1.6579153391400667,1.5622017419095078,1.565040480932041
9694.800358461,-1.6579153391400667,1.5622017419095078,1.565040480932041
9694.814489369,-1.6579153391400667,1.5622017419095078,1.565040480932041
9694.820317496,-1.6579153391400667,1.5622017419095078,1.565040480932041
9694.831310835,-1.6579153391400667,1.5622017419095078,1.565040480932041
9694.834854491,-1.6579153391400667,1.5622017419095078,1.565040480932041
9694.841017941,-1.6579153391400667,1.5622017419095078,1.565040480932041
9694.841602605,-1.6578961806772092,1.5713895010844772,1.5723817466104475
9694.85266054,-1.6578961806772092,1.5713895010844772,1.5723817466104475
9694.862088676,-1.6578961806772092,1.5713895010844772,1.5723817466104475
9694.871174375,-1.6578961806772092,1.5713895010844772,1.5723817466104475
9694.881625864,-1.6578961806772092,1.5713895010844772,1.5723817466104475
9694.883379596,-1.6579213731630997,1.5776411898571157,1.5772702811563453
9694.884189876,-1.6579213731630997,1.5776411898571157,1.5772702811563453
9694.894154877,-1.6579213731630997,1.5776411898571157,1.5772702811563453
9694.901025382,-1.6579213731630997,1.5776411898571157,1.5772702811563453
9694.911878209,-1.6579213731630997,1.5776411898571157,1.5772702811563453
9694.922722099,-1.6579213731630997,1.5776411898571157,1.5772702811563453
9694.928857597,-1.6579801118160828,1.5837407824525456,1.5835816381776773
9694.938547868,-1.6579801118160828,1.5837407824525456,1.5835816381776773
9694.940234524,-1.6579801118160828,1.5837407824525456,1.5835816381776773
9694.941938612,-1.6579801118160828,1.5837407824525456,1.5835816381776773
9694.952048255,-1.6579801118160828,1.5837407824525456,1.5835816381776773
9694.960865478,-1.6579801118160828,1.5837407824525456,1.5835816381776773
9694.97164132,-1.6579801118160828,1.5837407824525456,1.5835816381776773
9694.982890565,-1.6579801118160828,1.5837407824525456,1.5835816381776773
9694.988393989,-1.658078048814084,1.5900423823536107,1.5890917299592937
9694.991644979,-1.658078048814084,1.5900423823536107,1.5890917299592937
9694.99249782,-1.658078048814084,1.5900423823536107,1.5890917299592937
9695.004328323,-1.658078048814084,1.5900423823536107,1.5890917299592937
9695.011637447,-1.658078048814084,1.5900423823536107,1.5890917299592937
9695.022531903,-1.658078048814084,1.5900423823536107,1.5890917299592937
9695.030170389,-1.6597469688930584,1.5988632850060562,1.59749457023534
9695.034412641,-1.6597469688930584,1.5988632850060562,1.59749457023534
9695.035198716,-1.6597469688930584,1.5988632850060562,1.59749457023534
9695.040147052,-1.6597469688930584,1.5988632850060562,1.59749457023534
9695.051557882,-1.6597469688930584,1.5988632850060562,1.59749457023534
9695.060294743,-1.6597469688930584,1.5988632850060562,1.59749457023534
9695.071008187,-1.6597469688930584,1.5988632850060562,1.59749457023534
9695.083150298,-1.6597469688930584,1.5988632850060562,1.59749457023534
9695.091097905,-1.6597469688930584,1.5988632850060562,1.59749457023534
9695.092067897,-1.6597469688930584,1.5988632850060562,1.59749457023534
9695.092457834,-1.6664035408440765,1.6040067555098774,1.622933873803792
9695.104673378,-1.6664035408440765,1.6040067555098774,1.622933873803792
9695.112556085,-1.6664035408440765,1.6040067555098774,1.622933873803792
9695.125691353,-1.6664035408440765,1.6040067555098774,1.622933873803792
9695.131293082,-1.6714775794867316,1.6124182867243742,1.6380063125339728
9695.133865691,-1.6714775794867316,1.6124182867243742,1.6380063125339728
9695.134884465,-1.6714775794867316,1.6124182867243742,1.6380063125339728
9695.142341608,-1.6714775794867316,1.6124182867243742,1.6380063125339728
9695.152804259,-1.6714775794867316,1.6124182867243742,1.6380063125339728
9695.161856044,-1.6714775794867316,1.6124182867243742,1.6380063125339728
9695.170691501,-1.6714775794867316,1.6124182867243742,1.6380063125339728
9695.180432838,-1.6714775794867316,1.6124182867243742,1.6380063125339728
9695.18371653,-1.6718767735815065,1.6180991828297628,1.6438948342052684
9695.18458473,-1.6718767735815065,1.6180991828297628,1.6438948342052684
9695.191007731,-1.6718767735815065,1.6180991828297628,1.6438948342052684
9695.203382893,-1.6718767735815065,1.6180991828297628,1.6438948342052684
9695.209675928,-1.6718767735815065,1.6180991828297628,1.6438948342052684
9695.221314288,-1.6718767735815065,1.6180991828297628,1.6438948342052684
9695.23351447,-1.6718767735815065,1.6180991828297628,1.6438948342052684
9695.23910597,-1.672370506009512,1.6244329504369912,1.6532879897800667
9695.241690271,-1.672370506009512,1.6244329504369912,1.6532879897800667
9695.242560645,-1.672370506009512,1.6244329504369912,1.6532879897800667
9695.25072255,-1.672370506009512,1.6244329504369912,1.6532879897800667
9695.262888917,-1.672370506009512,1.6244329504369912,1.6532879897800667
9695.273142262,-1.672370506009512,1.6244329504369912,1.6532879897800667
9695.281363569,-1.672370506009512,1.6244329504369912,1.6532879897800667
9695.284937309,-1.6731497545813385,1.6335368190599946,1.6590790578571541
9695.285639585,-1.6731497545813385,1.6335368190599946,1.6590790578571541
9695.291426394,-1.6731497545813385,1.6335368190599946,1.6590790578571541
9695.300173334,-1.6731497545813385,1.6335368190599946,1.6590790578571541
9695.311793159,-1.6731497545813385,1.6335368190599946,1.6590790578571541
9695.323181324,-1.6731497545813385,1.6335368190599946,1.6590790578571541
9695.328198002,-1.6737018995145188,1.6395354046857307,1.6660880276409376
9695.339704172,-1.6737018995145188,1.6395354046857307,1.6660880276409376
9695.342035385,-1.6737018995145188,1.6395354046857307,1.6660880276409376
9695.342631201,-1.6737018995145188,1.6395354046857307,1.6660880276409376
9695.354313594,-1.6737018995145188,1.6395354046857307,1.6660880276409376
9695.362784082,-1.6737018995145188,1.6395354046857307,1.6660880276409376
9695.374772233,-1.6737018995145188,1.6395354046857307,1.6660880276409376
9695.382762754,-1.6737018995145188,1.6395354046857307,1.6660880276409376
9695.392500525,-1.6737018995145188,1.6395354046857307,1.6660880276409376
9695.393835015,-1.6743195605060195,1.6457056851753193,1.6750450560299142
9695.394614537,-1.6743195605060195,1.6457056851753193,1.6750450560299142
9695.402024021,-1.6743195605060195,1.6457056851753193,1.6750450560299142
9695.412785586,-1.6743195605060195,1.6457056851753193,1.6750450560299142
9695.421489043,-1.6743195605060195,1.6457056851753193,1.6750450560299142
9695.434589435,-1.675285789257099,1.6546897912776404,1.680821342155097
9695.436301779,-1.675285789257099,1.6546897912776404,1.680821342155097
9695.437648212,-1.675285789257099,1.6546897912776404,1.680821342155097
9695.447228045,-1.675285789257099,1.6546897912776404,1.680821342155097
9695.453486725,-1.675285789257099,1.6546897912776404,1.680821342155097
9695.46255442,-1.675285789257099,1.6546897912776404,1.680821342155097
9695.471885734,-1.675285789257099,1.6546897912776404,1.680821342155097
9695.483093231,-1.675285789257099,1.6546897912776404,1.680821342155097
9695.485092476,-1.675285789257099,1.6546897912776404,1.680821342155097
9695.485710934,-1.6759375259454585,1.660551057965616,1.6822491714206917
9695.492077489,-1.6759375259454585,1.660551057965616,1.6822491714206917
9695.500909098,-1.6759375259454585,1.660551057965616,1.6822491714206917
9695.51102839,-1.6759375259454585,1.660551057965616,1.6822491714206917
9695.526847416,-1.6759375259454585,1.660551057965616,1.6822491714206917
9695.533522533,-1.6759375259454585,1.660551057965616,1.6822491714206917
9695.536391261,-1.6765942048304585,1.6661824934911726,1.6915139385906441
9695.537860996,-1.6765942048304585,1.6661824934911726,1.6915139385906441
9695.542840291,-1.6765942048304585,1.6661824934911726,1.6915139385906441
9695.55300598,-1.6765942048304585,1.6661824934911726,1.6915139385906441
9695.56490906,-1.6765942048304585,1.6661824934911726,1.6915139385906441
9695.570957924,-1.6765942048304585,1.6661824934911726,1.6915139385906441
9695.582316998,-1.6765942048304585,1.6661824934911726,1.6915139385906441
9695.583697976,-1.6777150823874487,1.6751741254349848,1.6981149145809393
9695.585143115,-1.6777150823874487,1.6751741254349848,1.6981149145809393
9695.594145237,-1.6777150823874487,1.6751741254349848,1.6981149145809393
9695.604420322,-1.6777150823874487,1.6751741254349848,1.6981149145809393
9695.612015036,-1.6777150823874487,1.6751741254349848,1.6981149145809393
9695.624093218,-1.6777150823874487,1.6751741254349848,1.6981149145809393
9695.628660253,-1.6785167434533697,1.6812976813850202,1.7038257548061604
9695.634294965,-1.6785167434533697,1.6812976813850202,1.7038257548061604
9695.634866143,-1.6785167434533697,1.6812976813850202,1.7038257548061604
9695.644754699,-1.6785167434533697,1.6812976813850202,1.7038257548061604
9695.653906033,-1.6785167434533697,1.6812976813850202,1.7038257548061604
9695.661528569,-1.6785167434533697,1.6812976813850202,1.7038257548061604
9695.676288034,-1.6785167434533697,1.6812976813850202,1.7038257548061604
9695.681947191,-1.6785167434533697,1.6812976813850202,1.7038257548061604
9695.690828055,-1.6785167434533697,1.6812976813850202,1.7038257548061604
9695.691563133,-1.6793393207568421,1.6872396474287936,1.7128887006489022
9695.691899217,-1.6793393207568421,1.6872396474287936,1.7128887006489022
9695.703471804,-1.6793393207568421,1.6872396474287936,1.7128887006489022
9695.717712369,-1.6793393207568421,1.6872396474287936,1.7128887006489022
9695.722266851,-1.6793393207568421,1.6872396474287936,1.7128887006489022
9695.730138267,-1.6805999853584175,1.6959826561907536,1.7151122519222486
9695.730720136,-1.6805999853584175,1.6959826561907536,1.7151122519222486
9695.732526227,-1.6805999853584175,1.6959826561907536,1.7151122519222486
9695.746254304,-1.6805999853584175,1.6959826561907536,1.7151122519222486
9695.750586786,-1.6805999853584175,1.6959826561907536,1.7151122519222486
9695.762299277,-1.6805999853584175,1.6959826561907536,1.7151122519222486
9695.774894825,-1.6805999853584175,1.6959826561907536,1.7151122519222486
9695.784688021,-1.6805999853584175,1.6959826561907536,1.7151122519222486
9695.789840121,-1.6805999853584175,1.6959826561907536,1.7151122519222486
9695.790797249,-1.6805999853584175,1.6959826561907536,1.7151122519222486
9695.791450222,-1.6814231977367498,1.701617747837363,1.716601712390541
9695.802467329,-1.6814231977367498,1.701617747837363,1.716601712390541
9695.816415923,-1.6814231977367498,1.701617747837363,1.716601712390541
9695.824675743,-1.6814231977367498,1.701617747837363,1.716601712390541
9695.8402625,-1.6814231977367498,1.701617747837363,1.716601712390541
9695.841124668,-1.6814231977367498,1.701617747837363,1.716601712390541
9695.841764347,-1.682741201688009,1.7105058504312554,1.7194224425998912
9695.851655337,-1.682741201688009,1.7105058504312554,1.7194224425998912
9695.853278382,-1.682741201688009,1.7105058504312554,1.7194224425998912
9695.861582756,-1.682741201688009,1.7105058504312554,1.7194224425998912
9695.87100453,-1.682741201688009,1.7105058504312554,1.7194224425998912
9695.88530578,-1.682741201688009,1.7105058504312554,1.7194224425998912
9695.888104746,-1.682741201688009,1.7105058504312554,1.7194224425998912
9695.888844664,-1.683606172137347,1.7162882831889208,1.71914009539759
9695.895494192,-1.683606172137347,1.7162882831889208,1.71914009539759
9695.90381119,-1.683606172137347,1.7162882831889208,1.71914009539759
9695.91005424,-1.683606172137347,1.7162882831889208,1.71914009539759
9695.921490339,-1.683606172137347,1.7162882831889208,1.71914009539759
9695.931210778,-1.683606172137347,1.7162882831889208,1.71914009539759
9695.937056268,-1.6844340885467464,1.7217947418763462,1.720924241229652
9695.942772754,-1.6844340885467464,1.7217947418763462,1.720924241229652
9695.945546152,-1.6844340885467464,1.7217947418763462,1.720924241229652
9695.951825631,-1.6844340885467464,1.7217947418763462,1.720924241229652
9695.962286358,-1.6844340885467464,1.7217947418763462,1.720924241229652
9695.971848387,-1.6844340885467464,1.7217947418763462,1.720924241229652
9695.980887158,-1.6844340885467464,1.7217947418763462,1.720924241229652
9695.985766403,-1.6844340885467464,1.7217947418763462,1.720924241229652
9695.986535375,-1.6857012345948907,1.7301274037901997,1.7224955388752206
9695.99296586,-1.6857012345948907,1.7301274037901997,1.7224955388752206
9696.001800342,-1.6857012345948907,1.7301274037901997,1.7224955388752206
9696.012391738,-1.6857012345948907,1.7301274037901997,1.7224955388752206
9696.021416462,-1.6857012345948907,1.7301274037901997,1.7224955388752206
9696.031344523,-1.6866198241357528,1.7360552859702842,1.726573211833595
9696.032319975,-1.6866198241357528,1.7360552859702842,1.726573211833595
9696.036541418,-1.6866198241357528,1.7360552859702842,1.726573211833595
9696.042332415,-1.6866198241357528,1.7360552859702842,1.726573211833595
9696.05319459,-1.6866198241357528,1.7360552859702842,1.726573211833595
9696.062656309,-1.6866198241357528,1.7360552859702842,1.726573211833595
9696.070980371,-1.6866198241357528,1.7360552859702842,1.726573211833595
9696.082382472,-1.6866198241357528,1.7360552859702842,1.726573211833595
9696.091848443,-1.6866198241357528,1.7360552859702842,1.726573211833595
9696.092995719,-1.6866198241357528,1.7360552859702842,1.726573211833595
9696.095471505,-1.6875069477614706,1.741603786866581,1.7321062514034498
9696.101834181,-1.6875069477614706,1.741603786866581,1.7321062514034498
9696.113118043,-1.6875069477614706,1.741603786866581,1.7321062514034498
9696.124837977,-1.6875069477614706,1.741603786866581,1.7321062514034498
9696.129220181,-1.6890130318647532,1.7506929416678527,1.7379047700611343
9696.131410297,-1.6890130318647532,1.7506929416678527,1.7379047700611343
9696.131888189,-1.6890130318647532,1.7506929416678527,1.7379047700611343
9696.142404914,-1.6890130318647532,1.7506929416678527,1.7379047700611343
9696.154074705,-1.6890130318647532,1.7506929416678527,1.7379047700611343
9696.161745342,-1.6890130318647532,1.7506929416678527,1.7379047700611343
9696.170857341,-1.6890130318647532,1.7506929416678527,1.7379047700611343
9696.183542258,-1.6890130318647532,1.7506929416678527,1.7379047700611343
9696.192614903,-1.6890130318647532,1.7506929416678527,1.7379047700611343
9696.193475729,-1.69001435473725,1.7565303841735884,1.7434502670017469
9696.194023042,-1.69001435473725,1.7565303841735884,1.7434502670017469
9696.205303938,-1.69001435473725,1.7565303841735884,1.7434502670017469
9696.213105342,-1.69001435473725,1.7565303841735884,1.7434502670017469
9696.22345589,-1.69001435473725,1.7565303841735884,1.7434502670017469
9696.233752897,-1.69001435473725,1.7565303841735884,1.7434502670017469
9696.235901715,-1.691565056254606,1.7652780516018376,1.749037666007637
9696.236616485,-1.691565056254606,1.7652780516018376,1.749037666007637
9696.243780836,-1.691565056254606,1.7652780516018376,1.749037666007637
9696.253971012,-1.691565056254606,1.7652780516018376,1.749037666007637
9696.259984488,-1.691565056254606,1.7652780516018376,1.749037666007637
9696.272796907,-1.691565056254606,1.7652780516018376,1.749037666007637
9696.281474195,-1.691565056254606,1.7652780516018376,1.749037666007637
9696.282203122,-1.6926601040498488,1.771304557644599,1.7520433494297247
9696.282905558,-1.6926601040498488,1.771304557644599,1.7520433494297247
9696.291671985,-1.6926601040498488,1.771304557644599,1.7520433494297247
9696.303878208,-1.6926601040498488,1.771304557644599,1.7520433494297247
9696.311899777,-1.6926601040498488,1.771304557644599,1.7520433494297247
9696.322094251,-1.6926601040498488,1.771304557644599,1.7520433494297247
9696.330961388,-1.6926601040498488,1.771304557644599,1.7520433494297247
9696.338944595,-1.6937342108939308,1.7770775645771684,1.7574559876171332
9696.341952215,-1.6937342108939308,1.7770775645771684,1.7574559876171332
9696.343451978,-1.6937342108939308,1.7770775645771684,1.7574559876171332
9696.356304972,-1.6937342108939308,1.7770775645771684,1.7574559876171332
9696.360348439,-1.6937342108939308,1.7770775645771684,1.7574559876171332
9696.372211734,-1.6937342108939308,1.7770775645771684,1.7574559876171332
9696.386047084,-1.6937342108939308,1.7770775645771684,1.7574559876171332
9696.386911396,-1.6954514422920437,1.7861807212651228,1.7570372053829415
9696.389970764,-1.6954514422920437,1.7861807212651228,1.7570372053829415
9696.393359314,-1.6954514422920437,1.7861807212651228,1.7570372053829415
9696.401382266,-1.6954514422920437,1.7861807212651228,1.7570372053829415
9696.4128956,-1.6954514422920437,1.7861807212651228,1.7570372053829415
9696.42293984,-1.6954514422920437,1.7861807212651228,1.7570372053829415
9696.43381017,-1.6954514422920437,1.7861807212651228,1.7570372053829415
9696.434309894,-1.6965871281007046,1.7921224122864725,1.7622765132633436
9696.436974997,-1.6965871281007046,1.7921224122864725,1.7622765132633436
9696.441978467,-1.6965871281007046,1.7921224122864725,1.7622765132633436
9696.455954081,-1.6965871281007046,1.7921224122864725,1.7622765132633436
9696.459725003,-1.6965871281007046,1.7921224122864725,1.7622765132633436
9696.470935326,-1.6965871281007046,1.7921224122864725,1.7622765132633436
9696.482648638,-1.6965871281007046,1.7921224122864725,1.7622765132633436
9696.490958572,-1.6965871281007046,1.7921224122864725,1.7622765132633436
9696.493199655,-1.697777037852863,1.7981567080613288,1.7687027284351573
9696.493972124,-1.697777037852863,1.7981567080613288,1.7687027284351573
9696.504446686,-1.697777037852863,1.7981567080613288,1.7687027284351573
9696.513876485,-1.697777037852863,1.7981567080613288,1.7687027284351573
9696.525041923,-1.697777037852863,1.7981567080613288,1.7687027284351573
9696.528707075,-1.6995951114598928,1.8070853342581399,1.7746434637752757
9696.53197652,-1.6995951114598928,1.8070853342581399,1.7746434637752757
9696.535594883,-1.6995951114598928,1.8070853342581399,1.7746434637752757
9696.540679075,-1.6995951114598928,1.8070853342581399,1.7746434637752757
9696.552296697,-1.6995951114598928,1.8070853342581399,1.7746434637752757
9696.563290059,-1.6995951114598928,1.8070853342581399,1.7746434637752757
9696.572152267,-1.6995951114598928,1.8070853342581399,1.7746434637752757
9696.581024112,-1.6995951114598928,1.8070853342581399,1.7746434637752757
9696.592450673,-1.6995951114598928,1.8070853342581399,1.7746434637752757
9696.59331751,-1.7008057978573783,1.8128571144294099,1.780473096057533
9696.59470458,-1.7008057978573783,1.8128571144294099,1.780473096057533
9696.603329068,-1.7008057978573783,1.8128571144294099,1.780473096057533
9696.615548276,-1.7008057978573783,1.8128571144294099,1.780473096057533
9696.621932062,-1.7008057978573783,1.8128571144294099,1.780473096057533
9696.630872237,-1.7027695231396438,1.8219361953732427,1.7871395179477918
9696.634279682,-1.7027695231396438,1.8219361953732427,1.7871395179477918
9696.634886719,-1.7027695231396438,1.8219361953732427,1.7871395179477918
9696.643088569,-1.7027695231396438,1.8219361953732427,1.7871395179477918
9696.652820119,-1.7027695231396438,1.8219361953732427,1.7871395179477918
9696.663284232,-1.7027695231396438,1.8219361953732427,1.7871395179477918
9696.671441447,-1.7027695231396438,1.8219361953732427,1.7871395179477918
9696.680457285,-1.7027695231396438,1.8219361953732427,1.7871395179477918
9696.688092826,-1.7027695231396438,1.8219361953732427,1.7871395179477918
9696.689537464,-1.7040563367749355,1.827717414377119,1.7924827167240365
9696.690982293,-1.7040563367749355,1.827717414377119,1.7924827167240365
9696.705628494,-1.7040563367749355,1.827717414377119,1.7924827167240365
9696.711940074,-1.7040563367749355,1.827717414377119,1.7924827167240365
9696.721241742,-1.7040563367749355,1.827717414377119,1.7924827167240365
9696.733856807,-1.7040563367749355,1.827717414377119,1.7924827167240365
9696.736773876,-1.7054056746459407,1.833588290022744,1.800934953376412
9696.739452084,-1.7054056746459407,1.833588290022744,1.800934953376412
9696.740795451,-1.7054056746459407,1.833588290022744,1.800934953376412
9696.75363474,-1.7054056746459407,1.833588290022744,1.800934953376412
9696.761723657,-1.7054056746459407,1.833588290022744,1.800934953376412
9696.77054637,-1.7054056746459407,1.833588290022744,1.800934953376412
9696.780736596,-1.7054056746459407,1.833588290022744,1.800934953376412
9696.783664154,-1.7074113199321026,1.8420350032989552,1.8069166371074903
9696.78457242,-1.7074113199321026,1.8420350032989552,1.8069166371074903
9696.790095771,-1.7074113199321026,1.8420350032989552,1.8069166371074903
9696.803150937,-1.7074113199321026,1.8420350032989552,1.8069166371074903
9696.810989451,-1.7074113199321026,1.8420350032989552,1.8069166371074903
9696.82145133,-1.7074113199321026,1.8420350032989552,1.8069166371074903
9696.829939712,-1.7074113199321026,1.8420350032989552,1.8069166371074903
9696.832391983,-1.709068034671771,1.848285587122832,1.8130143639602738
9696.839284811,-1.709068034671771,1.848285587122832,1.8130143639602738
9696.841911712,-1.709068034671771,1.848285587122832,1.8130143639602738
9696.853750912,-1.709068034671771,1.848285587122832,1.8130143639602738
9696.860798543,-1.709068034671771,1.848285587122832,1.8130143639602738
9696.872792935,-1.709068034671771,1.848285587122832,1.8130143639602738
9696.880121246,-1.709068034671771,1.848285587122832,1.8130143639602738
9696.89015204,-1.717904407395124,1.867310788933593,1.8205082255034286
9696.894182592,-1.717904407395124,1.867310788933593,1.8205082255034286
9696.894643864,-1.717904407395124,1.867310788933593,1.8205082255034286
9696.902040753,-1.717904407395124,1.867310788933593,1.8205082255034286
9696.910204472,-1.717904407395124,1.867310788933593,1.8205082255034286
9696.922378013,-1.717904407395124,1.867310788933593,1.8205082255034286
9696.928334312,-1.7251139048712847,1.8847453226376447,1.8275285749647576
9696.933379581,-1.7251139048712847,1.8847453226376447,1.8275285749647576
9696.93496767,-1.7251139048712847,1.8847453226376447,1.8275285749647576
9696.942054104,-1.7251139048712847,1.8847453226376447,1.8275285749647576
9696.954838699,-1.7251139048712847,1.8847453226376447,1.8275285749647576
9696.961309811,-1.7251139048712847,1.8847453226376447,1.8275285749647576
9696.971627357,-1.7251139048712847,1.8847453226376447,1.8275285749647576
9696.980706554,-1.7251139048712847,1.8847453226376447,1.8275285749647576
9696.983391314,-1.72668201088002,1.8906401952914809,1.8340459852430784
9696.984623281,-1.72668201088002,1.8906401952914809,1.8340459852430784
9696.99237944,-1.72668201088002,1.8906401952914809,1.8340459852430784
9697.003697285,-1.72668201088002,1.8906401952914809,1.8340459852430784
9697.014723299,-1.72668201088002,1.8906401952914809,1.8340459852430784
9697.024707335,-1.72668201088002,1.8906401952914809,1.8340459852430784
9697.031359018,-1.72668201088002,1.8906401952914809,1.8340459852430784
9697.034751114,-1.7283223387370064,1.8966466701883482,1.8407320170614678
9697.038758853,-1.7283223387370064,1.8966466701883482,1.8407320170614678
9697.041040242,-1.7283223387370064,1.8966466701883482,1.8407320170614678
9697.055784408,-1.7283223387370064,1.8966466701883482,1.8407320170614678
9697.062140793,-1.7283223387370064,1.8966466701883482,1.8407320170614678
9697.07127808,-1.7283223387370064,1.8966466701883482,1.8407320170614678
9697.08154508,-1.7283223387370064,1.8966466701883482,1.8407320170614678
9697.083855173,-1.730687785568003,1.905131221976199,1.8446417241308652
9697.084795289,-1.730687785568003,1.905131221976199,1.8446417241308652
9697.09124006,-1.730687785568003,1.905131221976199,1.8446417241308652
9697.102527057,-1.730687785568003,1.905131221976199,1.8446417241308652
9697.113237936,-1.730687785568003,1.905131221976199,1.8446417241308652
9697.121036725,-1.730687785568003,1.905131221976199,1.8446417241308652
9697.131111954,-1.730687785568003,1.905131221976199,1.8446417241308652
9697.133439339,-1.7323250081058816,1.9109021054654927,1.8498310833189455
9697.142865833,-1.7323250081058816,1.9109021054654927,1.8498310833189455
9697.153420146,-1.7323250081058816,1.9109021054654927,1.8498310833189455
9697.162001853,-1.7323250081058816,1.9109021054654927,1.8498310833189455
9697.17392394,-1.7323250081058816,1.9109021054654927,1.8498310833189455
9697.180217506,-1.7323250081058816,1.9109021054654927,1.8498310833189455
9697.190478725,-1.7323250081058816,1.9109021054654927,1.8498310833189455
9697.190855517,-1.7338518870620556,1.9162043673310543,1.8525246768209895
9697.191683521,-1.7338518870620556,1.9162043673310543,1.8525246768209895
9697.196135369,-1.7338518870620556,1.9162043673310543,1.8525246768209895
9697.20231005,-1.7338518870620556,1.9162043673310543,1.8525246768209895
9697.217382647,-1.7338518870620556,1.9162043673310543,1.8525246768209895
9697.220839195,-1.7338518870620556,1.9162043673310543,1.8525246768209895
9697.228954612,-1.7363036833412842,1.9246116532869653,1.8565841107580625
9697.232465914,-1.7363036833412842,1.9246116532869653,1.8565841107580625
9697.24111591,-1.7363036833412842,1.9246116532869653,1.8565841107580625
9697.258455438,-1.7363036833412842,1.9246116532869653,1.8565841107580625
9697.260817028,-1.7363036833412842,1.9246116532869653,1.8565841107580625
9697.270014279,-1.7363036833412842,1.9246116532869653,1.8565841107580625
9697.282724163,-1.7363036833412842,1.9246116532869653,1.8565841107580625
9697.292005933,-1.7363036833412842,1.9246116532869653,1.8565841107580625
9697.292788661,-1.7363036833412842,1.9246116532869653,1.8565841107580625
9697.293336556,-1.7363036833412842,1.9246116532869653,1.8565841107580625
9697.293638726,-1.7378855043046237,1.9299769951679164,1.8584077744696095
9697.303148384,-1.7378855043046237,1.9299769951679164,1.8584077744696095
9697.313374169,-1.7378855043046237,1.9299769951679164,1.8584077744696095
9697.323692968,-1.7378855043046237,1.9299769951679164,1.8584077744696095
9697.334097037,-1.7378855043046237,1.9299769951679164,1.8584077744696095
9697.336209787,-1.7403068332292078,1.9381294074502482,1.8606034307692019
9697.343675417,-1.7403068332292078,1.9381294074502482,1.8606034307692019
9697.35169302,-1.7403068332292078,1.9381294074502482,1.8606034307692019
9697.361507896,-1.7403068332292078,1.9381294074502482,1.8606034307692019
9697.370769758,-1.7403068332292078,1.9381294074502482,1.8606034307692019
9697.383135322,-1.7403068332292078,1.9381294074502482,1.8606034307692019
9697.386921082,-1.7420535978530995,1.9439738315799886,1.861841836473699
9697.387912504,-1.7420535978530995,1.9439738315799886,1.861841836473699
9697.394382744,-1.7420535978530995,1.9439738315799886,1.861841836473699
9697.396960102,-1.7420535978530995,1.9439738315799886,1.861841836473699
9697.403612716,-1.7420535978530995,1.9439738315799886,1.861841836473699
9697.415685828,-1.7420535978530995,1.9439738315799886,1.861841836473699
9697.42181288,-1.7420535978530995,1.9439738315799886,1.861841836473699
9697.431890012,-1.7420535978530995,1.9439738315799886,1.861841836473699
9697.436438633,-1.7437817822167179,1.9496916943189504,1.8667775778982596
9697.442188442,-1.7437817822167179,1.9496916943189504,1.8667775778982596
9697.455856285,-1.7437817822167179,1.9496916943189504,1.8667775778982596
9697.467631073,-1.7437817822167179,1.9496916943189504,1.8667775778982596
9697.471753108,-1.7437817822167179,1.9496916943189504,1.8667775778982596
9697.483778921,-1.7437817822167179,1.9496916943189504,1.8667775778982596
9697.48880347,-1.7437817822167179,1.9496916943189504,1.8667775778982596
9697.489635952,-1.746444659296593,1.9583792848642902,1.8696613102171378
9697.491792365,-1.746444659296593,1.9583792848642902,1.8696613102171378
9697.492315764,-1.746444659296593,1.9583792848642902,1.8696613102171378
9697.504922293,-1.746444659296593,1.9583792848642902,1.8696613102171378
9697.51335215,-1.746444659296593,1.9583792848642902,1.8696613102171378
9697.524037013,-1.746444659296593,1.9583792848642902,1.8696613102171378
9697.531155578,-1.746444659296593,1.9583792848642902,1.8696613102171378
9697.536371819,-1.7481347258058784,1.9638176312747104,1.8745445399496508
9697.541914527,-1.7481347258058784,1.9638176312747104,1.8745445399496508
9697.55310926,-1.7481347258058784,1.9638176312747104,1.8745445399496508
9697.562726123,-1.7481347258058784,1.9638176312747104,1.8745445399496508
9697.573548202,-1.7481347258058784,1.9638176312747104,1.8745445399496508
9697.582293549,-1.7481347258058784,1.9638176312747104,1.8745445399496508
9697.588857926,-1.7500211522334546,1.9697779704013554,1.8800914077970945
9697.589732999,-1.7500211522334546,1.9697779704013554,1.8800914077970945
9697.592290418,-1.7500211522334546,1.9697779704013554,1.8800914077970945
9697.594342444,-1.7500211522334546,1.9697779704013554,1.8800914077970945
9697.600796243,-1.7500211522334546,1.9697779704013554,1.8800914077970945
9697.612885085,-1.7500211522334546,1.9697779704013554,1.8800914077970945
9697.621409373,-1.7500211522334546,1.9697779704013554,1.8800914077970945
9697.630183876,-1.7526947597415958,1.9780641947808162,1.8857236294958544
9697.633519863,-1.7526947597415958,1.9780641947808162,1.8857236294958544
9697.643066787,-1.7526947597415958,1.9780641947808162,1.8857236294958544
9697.654522763,-1.7526947597415958,1.9780641947808162,1.8857236294958544
9697.662130721,-1.7526947597415958,1.9780641947808162,1.8857236294958544
9697.673059612,-1.7526947597415958,1.9780641947808162,1.8857236294958544
9697.681684942,-1.7526947597415958,1.9780641947808162,1.8857236294958544
9697.693303565,-1.7526947597415958,1.9780641947808162,1.8857236294958544
9697.697080989,-1.7526947597415958,1.9780641947808162,1.8857236294958544
9697.698273592,-1.7544995209486858,1.9834922421260064,1.8978483467314198
9697.698763998,-1.7544995209486858,1.9834922421260064,1.8978483467314198
9697.701071276,-1.7544995209486858,1.9834922421260064,1.8978483467314198
9697.713794375,-1.7544995209486858,1.9834922421260064,1.8978483467314198
9697.723705273,-1.7544995209486858,1.9834922421260064,1.8978483467314198
9697.729606829,-1.7573588417536614,1.99187684485623,1.9010501294348197
9697.734623554,-1.7573588417536614,1.99187684485623,1.9010501294348197
9697.741259507,-1.7573588417536614,1.99187684485623,1.9010501294348197
9697.752947872,-1.7573588417536614,1.99187684485623,1.9010501294348197
9697.7626156,-1.7573588417536614,1.99187684485623,1.9010501294348197
9697.771268563,-1.7573588417536614,1.99187684485623,1.9010501294348197
9697.782360117,-1.7573588417536614,1.99187684485623,1.9010501294348197
9697.786519413,-1.7593394427716442,1.9975926732351046,1.9076700597021532
9697.787156937,-1.7593394427716442,1.9975926732351046,1.9076700597021532
9697.787569596,-1.7593394427716442,1.9975926732351046,1.9076700597021532
9697.793339747,-1.7593394427716442,1.9975926732351046,1.9076700597021532
9697.802239234,-1.7593394427716442,1.9975926732351046,1.9076700597021532
9697.81213789,-1.7593394427716442,1.9975926732351046,1.9076700597021532
9697.825195972,-1.7593394427716442,1.9975926732351046,1.9076700597021532
9697.832410527,-1.7593394427716442,1.9975926732351046,1.9076700597021532
9697.837694046,-1.761455142405262,2.003529302584238,1.9186181216452072
9697.841586828,-1.761455142405262,2.003529302584238,1.9186181216452072
9697.852304339,-1.761455142405262,2.003529302584238,1.9186181216452072
9697.86275695,-1.761455142405262,2.003529302584238,1.9186181216452072
9697.869787679,-1.761455142405262,2.003529302584238,1.9186181216452072
9697.881030162,-1.761455142405262,2.003529302584238,1.9186181216452072
9697.881981899,-1.764624296386026,2.0121532082394586,1.9273060350630238
9697.884771738,-1.764624296386026,2.0121532082394586,1.9273060350630238
9697.88634556,-1.764624296386026,2.0121532082394586,1.9273060350630238
9697.893512686,-1.764624296386026,2.0121532082394586,1.9273060350630238
9697.903149276,-1.764624296386026,2.0121532082394586,1.9273060350630238
9697.912568425,-1.764624296386026,2.0121532082394586,1.9273060350630238
9697.922932249,-1.764624296386026,2.0121532082394586,1.9273060350630238
9697.931894385,-1.764624296386026,2.0121532082394586,1.9273060350630238
9697.932631898,-1.7665670787193977,2.0172634792176165,1.9408813505384885
9697.942418732,-1.7665670787193977,2.0172634792176165,1.9408813505384885
9697.954817067,-1.7665670787193977,2.0172634792176165,1.9408813505384885
9697.964505666,-1.7665670787193977,2.0172634792176165,1.9408813505384885
9697.970620665,-1.7665670787193977,2.0172634792176165,1.9408813505384885
9697.981016839,-1.7665670787193977,2.0172634792176165,1.9408813505384885
9697.990750883,-1.7665670787193977,2.0172634792176165,1.9408813505384885
9697.992018337,-1.7686067918782022,2.022335839900263,1.965381809971089
9697.992550842,-1.7686067918782022,2.022335839900263,1.965381809971089
9697.992873532,-1.7686067918782022,2.022335839900263,1.965381809971089
9698.000865636,-1.7686067918782022,2.022335839900263,1.965381809971089
9698.014734069,-1.7686067918782022,2.022335839900263,1.965381809971089
9698.023555058,-1.7686067918782022,2.022335839900263,1.965381809971089
9698.028588952,-1.7715640269885196,2.029247002366498,1.9848471074316452
9698.032224301,-1.7715640269885196,2.029247002366498,1.9848471074316452
9698.041873171,-1.7715640269885196,2.029247002366498,1.9848471074316452
9698.054569523,-1.7715640269885196,2.029247002366498,1.9848471074316452
9698.059583603,-1.7715640269885196,2.029247002366498,1.9848471074316452
9698.070912238,-1.7715640269885196,2.029247002366498,1.9848471074316452
9698.085755962,-1.7715640269885196,2.029247002366498,1.9848471074316452
9698.089631278,-1.7735059151334187,2.0335634002191165,2.0022642402861073
9698.091142092,-1.7735059151334187,2.0335634002191165,2.0022642402861073
9698.092950237,-1.7735059151334187,2.0335634002191165,2.0022642402861073
9698.105530469,-1.7735059151334187,2.0335634002191165,2.0022642402861073
9698.107447129,-1.7735059151334187,2.0335634002191165,2.0022642402861073
9698.111806993,-1.7735059151334187,2.0335634002191165,2.0022642402861073
9698.12082785,-1.7735059151334187,2.0335634002191165,2.0022642402861073
9698.131658415,-1.7735059151334187,2.0335634002191165,2.0022642402861073
9698.135886571,-1.775533241791797,2.0378403344727154,2.024615475437398
9698.141793907,-1.775533241791797,2.0378403344727154,2.024615475437398
9698.15332241,-1.775533241791797,2.0378403344727154,2.024615475437398
9698.160424113,-1.775533241791797,2.0378403344727154,2.024615475437398
9698.17120832,-1.775533241791797,2.0378403344727154,2.024615475437398
9698.182998177,-1.775533241791797,2.0378403344727154,2.024615475437398
9698.183753103,-1.779091288735025,2.0450035136219538,2.0390068977091267
9698.185847368,-1.779091288735025,2.0450035136219538,2.0390068977091267
9698.187051763,-1.779091288735025,2.0450035136219538,2.0390068977091267
9698.192415021,-1.779091288735025,2.0450035136219538,2.0390068977091267
9698.202430177,-1.779091288735025,2.0450035136219538,2.0390068977091267
9698.211534739,-1.779091288735025,2.0450035136219538,2.0390068977091267
9698.223153796,-1.779091288735025,2.0450035136219538,2.0390068977091267
9698.229808264,-1.781588304926769,2.049838601098867,2.05600629141068
9698.234675035,-1.781588304926769,2.049838601098867,2.05600629141068
9698.244787093,-1.781588304926769,2.049838601098867,2.05600629141068
9698.252910976,-1.781588304926769,2.049838601098867,2.05600629141068
9698.261013269,-1.781588304926769,2.049838601098867,2.05600629141068
9698.273518606,-1.781588304926769,2.049838601098867,2.05600629141068
9698.287505192,-1.781588304926769,2.049838601098867,2.05600629141068
9698.292773642,-1.7841053157580151,2.0544625506354723,2.0825644223902193
9698.294237327,-1.7841053157580151,2.0544625506354723,2.0825644223902193
9698.302952807,-1.7841053157580151,2.0544625506354723,2.0825644223902193
9698.303968315,-1.7841053157580151,2.0544625506354723,2.0825644223902193
9698.306033506,-1.7841053157580151,2.0544625506354723,2.0825644223902193
9698.31414769,-1.7841053157580151,2.0544625506354723,2.0825644223902193
9698.326904503,-1.7841053157580151,2.0544625506354723,2.0825644223902193
9698.332063577,-1.7880568646321526,2.0613872785728673,2.0961359529707386
9698.338861826,-1.7880568646321526,2.0613872785728673,2.0961359529707386
9698.347317746,-1.7880568646321526,2.0613872785728673,2.0961359529707386
9698.358081401,-1.7880568646321526,2.0613872785728673,2.0961359529707386
9698.370353752,-1.7880568646321526,2.0613872785728673,2.0961359529707386
9698.373864593,-1.7880568646321526,2.0613872785728673,2.0961359529707386
9698.382983465,-1.7880568646321526,2.0613872785728673,2.0961359529707386
9698.39398866,-1.7880568646321526,2.0613872785728673,2.0961359529707386
9698.396719488,-1.7880568646321526,2.0613872785728673,2.0961359529707386
9698.404621191,-1.7880568646321526,2.0613872785728673,2.0961359529707386
9698.405328667,-1.7906555396321835,2.065790367171711,2.111812212965245
9698.407030872,-1.7906555396321835,2.065790367171711,2.111812212965245
9698.416564497,-1.7906555396321835,2.065790367171711,2.111812212965245
9698.428301223,-1.7906555396321835,2.065790367171711,2.111812212965245
9698.438955987,-1.7906555396321835,2.065790367171711,2.111812212965245
9698.443035922,-1.7947952130820934,2.072604301368616,2.1216570525381515
9698.45387342,-1.7947952130820934,2.072604301368616,2.1216570525381515
9698.45916858,-1.7947952130820934,2.072604301368616,2.1216570525381515
9698.460713739,-1.7947952130820934,2.072604301368616,2.1216570525381515
9698.471855161,-1.7947952130820934,2.072604301368616,2.1216570525381515
9698.482128463,-1.7947952130820934,2.072604301368616,2.1216570525381515
9698.485746527,-1.7947952130820934,2.072604301368616,2.1216570525381515
9698.486755903,-1.7947952130820934,2.072604301368616,2.1216570525381515
9698.487695247,-1.792242676008524,2.0764004062071844,2.126897151801286
9698.495087699,-1.792242676008524,2.0764004062071844,2.126897151801286
9698.501136953,-1.792242676008524,2.0764004062071844,2.126897151801286
9698.514852236,-1.792242676008524,2.0764004062071844,2.126897151801286
9698.522752537,-1.792242676008524,2.0764004062071844,2.126897151801286
9698.532640893,-1.792242676008524,2.0764004062071844,2.126897151801286
9698.538368991,-1.7894056660242401,2.080343622235766,2.1361892398451037
9698.5409048,-1.7894056660242401,2.080343622235766,2.1361892398451037
9698.557034293,-1.7894056660242401,2.080343622235766,2.1361892398451037
9698.563582129,-1.7894056660242401,2.080343622235766,2.1361892398451037
9698.577791435,-1.7894056660242401,2.080343622235766,2.1361892398451037
9698.581125212,-1.7894056660242401,2.080343622235766,2.1361892398451037
9698.588223838,-1.7894056660242401,2.080343622235766,2.1361892398451037
9698.588849079,-1.7928488187514497,2.087220924403947,2.140943039623226
9698.591872118,-1.7928488187514497,2.087220924403947,2.140943039623226
9698.593254479,-1.7928488187514497,2.087220924403947,2.140943039623226
9698.602020786,-1.7928488187514497,2.087220924403947,2.140943039623226
9698.611668366,-1.7928488187514497,2.087220924403947,2.140943039623226
9698.622561579,-1.7928488187514497,2.087220924403947,2.140943039623226
9698.632943066,-1.7958817809552936,2.091920944758117,2.146789510217632
9698.636925888,-1.7958817809552936,2.091920944758117,2.146789510217632
9698.642682641,-1.7958817809552936,2.091920944758117,2.146789510217632
9698.657167557,-1.7958817809552936,2.091920944758117,2.146789510217632
9698.661171129,-1.7958817809552936,2.091920944758117,2.146789510217632
9698.672858382,-1.7958817809552936,2.091920944758117,2.146789510217632
9698.681992232,-1.7958817809552936,2.091920944758117,2.146789510217632
9698.692704103,-1.7958817809552936,2.091920944758117,2.146789510217632
9698.700455352,-1.7958817809552936,2.091920944758117,2.146789510217632
9698.701147399,-1.7958817809552936,2.091920944758117,2.146789510217632
9698.703025987,-1.7958817809552936,2.091920944758117,2.146789510217632
9698.703581296,-1.7990423094075594,2.0967190825918047,2.1597355496558803
9698.712101768,-1.7990423094075594,2.0967190825918047,2.1597355496558803
9698.720699045,-1.7990423094075594,2.0967190825918047,2.1597355496558803
9698.730618339,-1.7990423094075594,2.0967190825918047,2.1597355496558803
9698.731439319,-1.8034198762092863,2.103139030047004,2.178765047756161
9698.740938079,-1.8034198762092863,2.103139030047004,2.178765047756161
9698.755040013,-1.8034198762092863,2.103139030047004,2.178765047756161
9698.760866967,-1.8034198762092863,2.103139030047004,2.178765047756161
9698.771663278,-1.8034198762092863,2.103139030047004,2.178765047756161
9698.782204356,-1.8034198762092863,2.103139030047004,2.178765047756161
9698.78460528,-1.8061108335755498,2.106909021398848,2.20266123530003
9698.785143196,-1.8061108335755498,2.106909021398848,2.20266123530003
9698.793801849,-1.8061108335755498,2.106909021398848,2.20266123530003
9698.795310849,-1.8061108335755498,2.106909021398848,2.20266123530003
9698.800889224,-1.8061108335755498,2.106909021398848,2.20266123530003
9698.812838703,-1.8061108335755498,2.106909021398848,2.20266123530003
9698.82674168,-1.8061108335755498,2.106909021398848,2.20266123530003
9698.827783097,-1.8087971213026635,2.1104626166594,2.2335090678605694
9698.832583914,-1.8087971213026635,2.1104626166594,2.2335090678605694
9698.844934399,-1.8087971213026635,2.1104626166594,2.2335090678605694
9698.853489807,-1.8087971213026635,2.1104626166594,2.2335090678605694
9698.862256785,-1.8087971213026635,2.1104626166594,2.2335090678605694
9698.873323456,-1.8087971213026635,2.1104626166594,2.2335090678605694
9698.884236226,-1.8087971213026635,2.1104626166594,2.2335090678605694
9698.887862976,-1.8087971213026635,2.1104626166594,2.2335090678605694
9698.888829431,-1.8087971213026635,2.1104626166594,2.2335090678605694
9698.889351487,-1.8117189811061054,2.1140239354279107,2.282248799172367
9698.894667587,-1.8117189811061054,2.1140239354279107,2.282248799172367
9698.899701796,-1.8117189811061054,2.1140239354279107,2.282248799172367
9698.910778945,-1.8117189811061054,2.1140239354279107,2.282248799172367
9698.92156675,-1.8117189811061054,2.1140239354279107,2.282248799172367
9698.928193977,-1.8169786035941573,2.1199821239104817,2.3057549339208263
9698.932443662,-1.8169786035941573,2.1199821239104817,2.3057549339208263
9698.943046387,-1.8169786035941573,2.1199821239104817,2.3057549339208263
9698.954995745,-1.8169786035941573,2.1199821239104817,2.3057549339208263
9698.960819414,-1.8169786035941573,2.1199821239104817,2.3057549339208263
9698.971251005,-1.8169786035941573,2.1199821239104817,2.3057549339208263
9698.980820298,-1.8169786035941573,2.1199821239104817,2.3057549339208263
9698.992037543,-1.820986436038711,2.1242738128149083,2.3382576074871677
9698.996995296,-1.820986436038711,2.1242738128149083,2.3382576074871677
9698.997577726,-1.820986436038711,2.1242738128149083,2.3382576074871677
9698.998369201,-1.820986436038711,2.1242738128149083,2.3382576074871677
9699.002730238,-1.820986436038711,2.1242738128149083,2.3382576074871677
9699.011398188,-1.820986436038711,2.1242738128149083,2.3382576074871677
9699.021208286,-1.820986436038711,2.1242738128149083,2.3382576074871677
9699.033185075,-1.8278485876182604,2.131228114286339,2.360792417493786
9699.035487033,-1.8278485876182604,2.131228114286339,2.360792417493786
9699.041838569,-1.8278485876182604,2.131228114286339,2.360792417493786
9699.051971125,-1.8278485876182604,2.131228114286339,2.360792417493786
9699.061815317,-1.8278485876182604,2.131228114286339,2.360792417493786
9699.073554017,-1.8278485876182604,2.131228114286339,2.360792417493786
9699.081239993,-1.8278485876182604,2.131228114286339,2.360792417493786
9699.082622254,-1.8328106113833555,2.136073144875581,2.3754544150504726
9699.083330842,-1.8328106113833555,2.136073144875581,2.3754544150504726
9699.086066288,-1.8328106113833555,2.136073144875581,2.3754544150504726
9699.091349456,-1.8328106113833555,2.136073144875581,2.3754544150504726
9699.101021213,-1.8328106113833555,2.136073144875581,2.3754544150504726
9699.112701062,-1.8328106113833555,2.136073144875581,2.3754544150504726
9699.120604809,-1.8328106113833555,2.136073144875581,2.3754544150504726
9699.130461705,-1.8328106113833555,2.136073144875581,2.3754544150504726
9699.140216779,-1.8377657055030745,2.1407056077211495,2.4042112607929362
9699.146162568,-1.8377657055030745,2.1407056077211495,2.4042112607929362
9699.150769789,-1.8377657055030745,2.1407056077211495,2.4042112607929362
9699.16065538,-1.8377657055030745,2.1407056077211495,2.4042112607929362
9699.172974465,-1.8377657055030745,2.1407056077211495,2.4042112607929362
9699.182407371,-1.8377657055030745,2.1407056077211495,2.4042112607929362
9699.192564554,-1.8377657055030745,2.1407056077211495,2.4042112607929362
9699.192955432,-1.842702218176938,2.147971389388583,2.4142977287702716
9699.195697681,-1.842702218176938,2.147971389388583,2.4142977287702716
9699.196938875,-1.842702218176938,2.147971389388583,2.4142977287702716
9699.203580459,-1.842702218176938,2.147971389388583,2.4142977287702716
9699.212341996,-1.842702218176938,2.147971389388583,2.4142977287702716
9699.221360359,-1.842702218176938,2.147971389388583,2.4142977287702716
9699.229909826,-1.842702218176938,2.147971389388583,2.4142977287702716
9699.231331631,-1.8452338848494052,2.1531662213297396,2.4249846431630617
9699.243135234,-1.8452338848494052,2.1531662213297396,2.4249846431630617
9699.251878276,-1.8452338848494052,2.1531662213297396,2.4249846431630617
9699.260878845,-1.8452338848494052,2.1531662213297396,2.4249846431630617
9699.271913094,-1.8452338848494052,2.1531662213297396,2.4249846431630617
9699.281176529,-1.8452338848494052,2.1531662213297396,2.4249846431630617
9699.293472221,-1.8452338848494052,2.1531662213297396,2.4249846431630617
9699.293947699,-1.8452338848494052,2.1531662213297396,2.4249846431630617
9699.294725438,-1.8492009668080254,2.157684635315342,2.441797306323536
9699.302099826,-1.8492009668080254,2.157684635315342,2.441797306323536
9699.305896897,-1.8492009668080254,2.157684635315342,2.441797306323536
9699.310686613,-1.8492009668080254,2.157684635315342,2.441797306323536
9699.322779381,-1.8492009668080254,2.157684635315342,2.441797306323536
9699.331902231,-1.8492009668080254,2.157684635315342,2.441797306323536
9699.33235145,-1.8574642200849307,2.164532167419771,2.4574251909205875
9699.341759919,-1.8574642200849307,2.164532167419771,2.4574251909205875
9699.3556861,-1.8574642200849307,2.164532167419771,2.4574251909205875
9699.361963886,-1.8574642200849307,2.164532167419771,2.4574251909205875
9699.371672523,-1.8574642200849307,2.164532167419771,2.4574251909205875
9699.382789969,-1.8574642200849307,2.164532167419771,2.4574251909205875
9699.391714013,-1.8574642200849307,2.164532167419771,2.4574251909205875
9699.394103256,-1.8627745652643706,2.1687527010147134,2.4826655190834965
9699.395050174,-1.8627745652643706,2.1687527010147134,2.4826655190834965
9699.396766906,-1.8627745652643706,2.1687527010147134,2.4826655190834965
9699.40302201,-1.8627745652643706,2.1687527010147134,2.4826655190834965
9699.414879755,-1.8627745652643706,2.1687527010147134,2.4826655190834965
9699.421803051,-1.8627745652643706,2.1687527010147134,2.4826655190834965
9699.434839842,-1.8627745652643706,2.1687527010147134,2.4826655190834965
9699.438371382,-1.8712558711076321,2.175203553876358,2.5000226971158948
9699.443535131,-1.8712558711076321,2.175203553876358,2.5000226971158948
9699.455265989,-1.8712558711076321,2.175203553876358,2.5000226971158948
9699.461059332,-1.8712558711076321,2.175203553876358,2.5000226971158948
9699.469979879,-1.8712558711076321,2.175203553876358,2.5000226971158948
9699.481360292,-1.8712558711076321,2.175203553876358,2.5000226971158948
9699.483582279,-1.8712558711076321,2.175203553876358,2.5000226971158948
9699.48412339,-1.8767518207593465,2.179265145432015,2.5102949429700336
9699.492003974,-1.8767518207593465,2.179265145432015,2.5102949429700336
9699.492487697,-1.8767518207593465,2.179265145432015,2.5102949429700336
9699.500052344,-1.8767518207593465,2.179265145432015,2.5102949429700336
9699.512900109,-1.8767518207593465,2.179265145432015,2.5102949429700336
9699.523323745,-1.8767518207593465,2.179265145432015,2.5102949429700336
9699.530931404,-1.8767518207593465,2.179265145432015,2.5102949429700336
9699.541268998,-1.882746376125323,2.183544697567279,2.532893664057013
9699.545667796,-1.882746376125323,2.183544697567279,2.532893664057013
9699.556968649,-1.882746376125323,2.183544697567279,2.532893664057013
9699.560219288,-1.882746376125323,2.183544697567279,2.532893664057013
9699.571511224,-1.882746376125323,2.183544697567279,2.532893664057013
9699.580893143,-1.882746376125323,2.183544697567279,2.532893664057013
9699.584532517,-1.8923154526753478,2.189324084236909,2.538165434248979
9699.589372157,-1.8923154526753478,2.189324084236909,2.538165434248979
9699.591227832,-1.8923154526753478,2.189324084236909,2.538165434248979
9699.591633348,-1.8923154526753478,2.189324084236909,2.538165434248979
9699.601614889,-1.8923154526753478,2.189324084236909,2.538165434248979
9699.613654237,-1.8923154526753478,2.189324084236909,2.538165434248979
9699.623162274,-1.8923154526753478,2.189324084236909,2.538165434248979
9699.634026322,-1.8923154526753478,2.189324084236909,2.538165434248979
9699.634619021,-1.8986140357494397,2.1927531125019506,2.5481816670550312
9699.646628793,-1.8986140357494397,2.1927531125019506,2.5481816670550312
9699.653498879,-1.8986140357494397,2.1927531125019506,2.5481816670550312
9699.660365527,-1.8986140357494397,2.1927531125019506,2.5481816670550312
9699.673729437,-1.8986140357494397,2.1927531125019506,2.5481816670550312
9699.687997293,-1.8986140357494397,2.1927531125019506,2.5481816670550312
9699.691640394,-1.8986140357494397,2.1927531125019506,2.5481816670550312
9699.693824128,-1.8986140357494397,2.1927531125019506,2.5481816670550312
9699.694708799,-1.9047492255798597,2.1964820095444195,2.5668864975203927
9699.698828279,-1.9047492255798597,2.1964820095444195,2.5668864975203927
9699.70086188,-1.9047492255798597,2.1964820095444195,2.5668864975203927
9699.711716029,-1.9047492255798597,2.1964820095444195,2.5668864975203927
9699.721838026,-1.9047492255798597,2.1964820095444195,2.5668864975203927
9699.730457665,-1.9135975605898539,2.20214236418756,2.578086150669044
9699.733672146,-1.9135975605898539,2.20214236418756,2.578086150669044
9699.744202334,-1.9135975605898539,2.20214236418756,2.578086150669044
9699.752900552,-1.9135975605898539,2.20214236418756,2.578086150669044
9699.761557511,-1.9135975605898539,2.20214236418756,2.578086150669044
9699.771539043,-1.9135975605898539,2.20214236418756,2.578086150669044
9699.783045835,-1.9135975605898539,2.20214236418756,2.578086150669044
9699.790988576,-1.9135975605898539,2.20214236418756,2.578086150669044
9699.793139157,-1.9197324307240446,2.2059369140624994,2.5972448716391976
9699.793779768,-1.9197324307240446,2.2059369140624994,2.5972448716391976
9699.801384099,-1.9197324307240446,2.2059369140624994,2.5972448716391976
9699.802762222,-1.9197324307240446,2.2059369140624994,2.5972448716391976
9699.812568312,-1.9197324307240446,2.2059369140624994,2.5972448716391976
9699.820739594,-1.9197324307240446,2.2059369140624994,2.5972448716391976
9699.830591341,-1.9197324307240446,2.2059369140624994,2.5972448716391976
9699.83610305,-1.9284937768344852,2.2111602299731086,2.6107324937810357
9699.841621903,-1.9284937768344852,2.2111602299731086,2.6107324937810357
9699.852523913,-1.9284937768344852,2.2111602299731086,2.6107324937810357
9699.861036249,-1.9284937768344852,2.2111602299731086,2.6107324937810357
9699.869441745,-1.9284937768344852,2.2111602299731086,2.6107324937810357
9699.880876771,-1.9284937768344852,2.2111602299731086,2.6107324937810357
9699.881694666,-1.9345377202850584,2.2146632918839093,2.621885863923019
9699.882082459,-1.9345377202850584,2.2146632918839093,2.621885863923019
9699.884702887,-1.9345377202850584,2.2146632918839093,2.621885863923019
9699.893286058,-1.9345377202850584,2.2146632918839093,2.621885863923019
9699.903029509,-1.9345377202850584,2.2146632918839093,2.621885863923019
9699.912524883,-1.9345377202850584,2.2146632918839093,2.621885863923019
9699.920779312,-1.9345377202850584,2.2146632918839093,2.621885863923019
9699.929977544,-1.9406446913243929,2.218107107901959,2.634371174358314
9699.936755816,-1.9406446913243929,2.218107107901959,2.634371174358314
9699.940323013,-1.9406446913243929,2.218107107901959,2.634371174358314
9699.953436449,-1.9406446913243929,2.218107107901959,2.634371174358314
9699.961965788,-1.9406446913243929,2.218107107901959,2.634371174358314
9699.97202182,-1.9406446913243929,2.218107107901959,2.634371174358314
9699.981216716,-1.9406446913243929,2.218107107901959,2.634371174358314
9699.986917142,-1.94651640672089,2.2212965225217625,2.6536257544984276
9699.98937317,-1.94651640672089,2.2212965225217625,2.6536257544984276
9699.991250616,-1.94651640672089,2.2212965225217625,2.6536257544984276
9699.992195421,-1.94651640672089,2.2212965225217625,2.6536257544984276
9699.999825641,-1.94651640672089,2.2212965225217625,2.6536257544984276
9700.012995855,-1.94651640672089,2.2212965225217625,2.6536257544984276
9700.019851954,-1.94651640672089,2.2212965225217625,2.6536257544984276
9700.031210806,-1.94651640672089,2.2212965225217625,2.6536257544984276
9700.031505002,-1.9557260719550407,2.226133677584502,2.6623113433350976
9700.041137935,-1.9557260719550407,2.226133677584502,2.6623113433350976
9700.05442026,-1.9557260719550407,2.226133677584502,2.6623113433350976
9700.061180708,-1.9557260719550407,2.226133677584502,2.6623113433350976
9700.07217879,-1.9557260719550407,2.226133677584502,2.6623113433350976
9700.082828493,-1.9557260719550407,2.226133677584502,2.6623113433350976
9700.092959146,-1.9557260719550407,2.226133677584502,2.6623113433350976
9700.094477444,-1.9557260719550407,2.226133677584502,2.6623113433350976
9700.095209777,-1.9618045496885521,2.2292010538179263,2.6861860434045255
9700.096043651,-1.9618045496885521,2.2292010538179263,2.6861860434045255
9700.102955756,-1.9618045496885521,2.2292010538179263,2.6861860434045255
9700.110377793,-1.9618045496885521,2.2292010538179263,2.6861860434045255
9700.121468449,-1.9618045496885521,2.2292010538179263,2.6861860434045255
9700.13279423,-1.9618045496885521,2.2292010538179263,2.6861860434045255
9700.134482578,-1.9714358769488682,2.2338188063509055,2.7028513828744347
9700.141530129,-1.9714358769488682,2.2338188063509055,2.7028513828744347
9700.152495418,-1.9714358769488682,2.2338188063509055,2.7028513828744347
9700.161698429,-1.9714358769488682,2.2338188063509055,2.7028513828744347
9700.169831449,-1.9714358769488682,2.2338188063509055,2.7028513828744347
9700.182019578,-1.9714358769488682,2.2338188063509055,2.7028513828744347
9700.19154611,-1.9714358769488682,2.2338188063509055,2.7028513828744347
9700.192910707,-1.9755903159219093,2.2352834202685297,2.7233003111478524
9700.193407926,-1.9755903159219093,2.2352834202685297,2.7233003111478524
9700.201015194,-1.9755903159219093,2.2352834202685297,2.7233003111478524
9700.207272752,-1.9755903159219093,2.2352834202685297,2.7233003111478524
9700.215297778,-1.9755903159219093,2.2352834202685297,2.7233003111478524
9700.221350319,-1.9755903159219093,2.2352834202685297,2.7233003111478524
9700.231607501,-1.9755903159219093,2.2352834202685297,2.7233003111478524
9700.232858995,-1.9819808505423535,2.2374543787015786,2.7338008107428027
9700.240477884,-1.9819808505423535,2.2374543787015786,2.7338008107428027
9700.252327043,-1.9819808505423535,2.2374543787015786,2.7338008107428027
9700.261991445,-1.9819808505423535,2.2374543787015786,2.7338008107428027
9700.271157387,-1.9819808505423535,2.2374543787015786,2.7338008107428027
9700.28182839,-1.9819808505423535,2.2374543787015786,2.7338008107428027
9700.282857083,-1.987031768054698,2.2393470739403014,2.744852411680138
9700.283558488,-1.987031768054698,2.2393470739403014,2.744852411680138
9700.286344019,-1.987031768054698,2.2393470739403014,2.744852411680138
9700.291689835,-1.987031768054698,2.2393470739403014,2.744852411680138
9700.300297212,-1.987031768054698,2.2393470739403014,2.744852411680138
9700.311863055,-1.987031768054698,2.2393470739403014,2.744852411680138
9700.323782766,-1.987031768054698,2.2393470739403014,2.744852411680138
9700.331838831,-1.987031768054698,2.2393470739403014,2.744852411680138
9700.340623142,-1.993783506580745,2.242094893369191,2.765315490894234
9700.342651272,-1.993783506580745,2.242094893369191,2.765315490894234
9700.351877717,-1.993783506580745,2.242094893369191,2.765315490894234
9700.360803084,-1.993783506580745,2.242094893369191,2.765315490894234
9700.370787441,-1.993783506580745,2.242094893369191,2.765315490894234
9700.381600213,-1.993783506580745,2.242094893369191,2.765315490894234
9700.385207305,-2.003695632604675,2.2459363824808927,2.778406459026253
9700.388608288,-2.003695632604675,2.2459363824808927,2.778406459026253
9700.395085869,-2.003695632604675,2.2459363824808927,2.778406459026253
9700.396408567,-2.003695632604675,2.2459363824808927,2.778406459026253
9700.401691578,-2.003695632604675,2.2459363824808927,2.778406459026253
9700.416725241,-2.003695632604675,2.2459363824808927,2.778406459026253
9700.423289228,-2.003695632604675,2.2459363824808927,2.778406459026253
9700.429399258,-2.01066836836562,2.2485353291240027,2.7912210404204485
9700.432020027,-2.01066836836562,2.2485353291240027,2.7912210404204485
9700.44408306,-2.01066836836562,2.2485353291240027,2.7912210404204485
9700.452784704,-2.01066836836562,2.2485353291240027,2.7912210404204485
9700.46273669,-2.01066836836562,2.2485353291240027,2.7912210404204485
9700.471275546,-2.01066836836562,2.2485353291240027,2.7912210404204485
9700.481543459,-2.01066836836562,2.2485353291240027,2.7912210404204485
9700.489738546,-2.0175076609195735,2.2509832260507427,2.8045441388415453
9700.490417508,-2.0175076609195735,2.2509832260507427,2.8045441388415453
9700.493359435,-2.0175076609195735,2.2509832260507427,2.8045441388415453
9700.504794301,-2.0175076609195735,2.2509832260507427,2.8045441388415453
9700.50532846,-2.0175076609195735,2.2509832260507427,2.8045441388415453
9700.511670057,-2.0175076609195735,2.2509832260507427,2.8045441388415453
9700.521592006,-2.0175076609195735,2.2509832260507427,2.8045441388415453
9700.529249688,-2.02779779082005,2.254528063101474,2.815127420358574
9700.531644091,-2.02779779082005,2.254528063101474,2.815127420358574
9700.544060651,-2.02779779082005,2.254528063101474,2.815127420358574
9700.551723169,-2.02779779082005,2.254528063101474,2.815127420358574
9700.561119328,-2.02779779082005,2.254528063101474,2.815127420358574
9700.573657448,-2.02779779082005,2.254528063101474,2.815127420358574
9700.58095989,-2.02779779082005,2.254528063101474,2.815127420358574
9700.590589617,-2.02779779082005,2.254528063101474,2.815127420358574
9700.594220545,-2.0344310595022597,2.256719054149893,2.8300156473445055
9700.594957096,-2.0344310595022597,2.256719054149893,2.8300156473445055
9700.595484672,-2.0344310595022597,2.256719054149893,2.8300156473445055
9700.601179247,-2.0344310595022597,2.256719054149893,2.8300156473445055
9700.610672867,-2.0344310595022597,2.256719054149893,2.8300156473445055
9700.62360989,-2.0344310595022597,2.256719054149893,2.8300156473445055
9700.634545334,-2.0344310595022597,2.256719054149893,2.8300156473445055
9700.63542238,-2.0447144675564664,2.259961066158693,2.8423635243701098
9700.642091696,-2.0447144675564664,2.259961066158693,2.8423635243701098
9700.65209553,-2.0447144675564664,2.259961066158693,2.8423635243701098
9700.664762713,-2.0447144675564664,2.259961066158693,2.8423635243701098
9700.66974896,-2.0447144675564664,2.259961066158693,2.8423635243701098
9700.681765095,-2.0447144675564664,2.259961066158693,2.8423635243701098
9700.683292549,-2.052003796779312,2.26217634821581,2.8507461427973864
9700.684088041,-2.052003796779312,2.26217634821581,2.8507461427973864
9700.692996096,-2.052003796779312,2.26217634821581,2.8507461427973864
9700.694301501,-2.052003796779312,2.26217634821581,2.8507461427973864
9700.705310714,-2.052003796779312,2.26217634821581,2.8507461427973864
9700.711865553,-2.052003796779312,2.26217634821581,2.8507461427973864
9700.72815069,-2.052003796779312,2.26217634821581,2.8507461427973864
9700.734537963,-2.052003796779312,2.26217634821581,2.8507461427973864
9700.735972172,-2.05897701827119,2.2642116133159145,2.864478576116478
9700.741798436,-2.05897701827119,2.2642116133159145,2.864478576116478
9700.753077407,-2.05897701827119,2.2642116133159145,2.864478576116478
9700.765439024,-2.05897701827119,2.2642116133159145,2.864478576116478
9700.772097776,-2.05897701827119,2.2642116133159145,2.864478576116478
9700.782626495,-2.05897701827119,2.2642116133159145,2.864478576116478
9700.785457451,-2.05897701827119,2.2642116133159145,2.864478576116478
9700.786507494,-2.0696029589517573,2.267189993010354,2.872145461969292
9700.787100715,-2.0696029589517573,2.267189993010354,2.872145461969292
9700.7962636,-2.0696029589517573,2.267189993010354,2.872145461969292
9700.802126142,-2.0696029589517573,2.267189993010354,2.872145461969292
9700.81482703,-2.0696029589517573,2.267189993010354,2.872145461969292
9700.822824834,-2.0696029589517573,2.267189993010354,2.872145461969292
9700.83267598,-2.0767104862242625,2.269121913449915,2.880237537555611
9700.841275481,-2.0767104862242625,2.269121913449915,2.880237537555611
9700.844348435,-2.0767104862242625,2.269121913449915,2.880237537555611
9700.853947554,-2.0767104862242625,2.269121913449915,2.880237537555611
9700.860222104,-2.0767104862242625,2.269121913449915,2.880237537555611
9700.870912224,-2.0767104862242625,2.269121913449915,2.880237537555611
9700.885004368,-2.0767104862242625,2.269121913449915,2.880237537555611
9700.8864031,-2.0792417205788385,2.270781912919043,2.886460366203732
9700.88795932,-2.0792417205788385,2.270781912919043,2.886460366203732
9700.889049916,-2.0792417205788385,2.270781912919043,2.886460366203732
9700.894241604,-2.0792417205788385,2.270781912919043,2.886460366203732
9700.901597497,-2.0792417205788385,2.270781912919043,2.886460366203732
9700.91088133,-2.0792417205788385,2.270781912919043,2.886460366203732
9700.924502205,-2.0792417205788385,2.270781912919043,2.886460366203732
9700.935054254,-2.0792417205788385,2.270781912919043,2.886460366203732
9700.936385158,-2.0827879279905845,2.2731747547467003,2.8847145538867958
9700.942789433,-2.0827879279905845,2.2731747547467003,2.8847145538867958
9700.957544841,-2.0827879279905845,2.2731747547467003,2.8847145538867958
9700.959483261,-2.0827879279905845,2.2731747547467003,2.8847145538867958
9700.97400633,-2.0827879279905845,2.2731747547467003,2.8847145538867958
9700.981177163,-2.0827879279905845,2.2731747547467003,2.8847145538867958
9700.991914332,-2.0827879279905845,2.2731747547467003,2.8847145538867958
9700.993984011,-2.084895308867031,2.274652467452297,2.894593353875934
9700.994766859,-2.084895308867031,2.274652467452297,2.894593353875934
9701.001228964,-2.084895308867031,2.274652467452297,2.894593353875934
9701.012669838,-2.084895308867031,2.274652467452297,2.894593353875934
9701.01847743,-2.084895308867031,2.274652467452297,2.894593353875934
9701.02503765,-2.084895308867031,2.274652467452297,2.894593353875934
9701.036504165,-2.084895308867031,2.274652467452297,2.894593353875934
9701.0370891,-2.0960526436820124,2.2774016758658266,2.9054098683679688
9701.041988183,-2.0960526436820124,2.2774016758658266,2.9054098683679688
9701.056483469,-2.0960526436820124,2.2774016758658266,2.9054098683679688
9701.060965604,-2.0960526436820124,2.2774016758658266,2.9054098683679688
9701.072071239,-2.0960526436820124,2.2774016758658266,2.9054098683679688
9701.084905688,-2.0960526436820124,2.2774016758658266,2.9054098683679688
9701.08722558,-2.103464150777005,2.2791655799710675,2.9104781705225093
9701.089599704,-2.103464150777005,2.2791655799710675,2.9104781705225093
9701.09209667,-2.103464150777005,2.2791655799710675,2.9104781705225093
9701.092789128,-2.103464150777005,2.2791655799710675,2.9104781705225093
9701.103441776,-2.103464150777005,2.2791655799710675,2.9104781705225093
9701.119956376,-2.103464150777005,2.2791655799710675,2.9104781705225093
9701.123923829,-2.103464150777005,2.2791655799710675,2.9104781705225093
9701.13494784,-2.1111603816444164,2.2809346473324985,2.920833404668628
9701.141904117,-2.1111603816444164,2.2809346473324985,2.920833404668628
9701.146333403,-2.1111603816444164,2.2809346473324985,2.920833404668628
9701.155843374,-2.1111603816444164,2.2809346473324985,2.920833404668628
9701.16538256,-2.1111603816444164,2.2809346473324985,2.920833404668628
9701.171124835,-2.1111603816444164,2.2809346473324985,2.920833404668628
9701.183148533,-2.1111603816444164,2.2809346473324985,2.920833404668628
9701.19184665,-2.1111603816444164,2.2809346473324985,2.920833404668628
9701.194559354,-2.1111603816444164,2.2809346473324985,2.920833404668628
9701.195755713,-2.118554376072172,2.2825476831352467,2.9327725726450073
9701.197623381,-2.118554376072172,2.2825476831352467,2.9327725726450073
9701.20702663,-2.118554376072172,2.2825476831352467,2.9327725726450073
9701.211644181,-2.118554376072172,2.2825476831352467,2.9327725726450073
9701.222229052,-2.118554376072172,2.2825476831352467,2.9327725726450073
9701.228000031,-2.129779634791539,2.284883658645014,2.9400693732584107
9701.235335505,-2.129779634791539,2.284883658645014,2.9400693732584107
9701.244353517,-2.129779634791539,2.284883658645014,2.9400693732584107
9701.251696555,-2.129779634791539,2.284883658645014,2.9400693732584107
9701.261151883,-2.129779634791539,2.284883658645014,2.9400693732584107
9701.272649047,-2.129779634791539,2.284883658645014,2.9400693732584107
9701.281653162,-2.129779634791539,2.284883658645014,2.9400693732584107
9701.293007416,-2.129779634791539,2.284883658645014,2.9400693732584107
9701.29676364,-2.129779634791539,2.284883658645014,2.9400693732584107
9701.297241843,-2.1374521474679558,2.2864004390712225,2.952768738874255
9701.299635314,-2.1374521474679558,2.2864004390712225,2.952768738874255
9701.303670615,-2.1374521474679558,2.2864004390712225,2.952768738874255
9701.311392329,-2.1374521474679558,2.2864004390712225,2.952768738874255
9701.324382753,-2.1374521474679558,2.2864004390712225,2.952768738874255
9701.335149697,-2.1374521474679558,2.2864004390712225,2.952768738874255
9701.335810465,-2.148772206908477,2.2885177143898847,2.9606143790567505
9701.343559577,-2.148772206908477,2.2885177143898847,2.9606143790567505
9701.352728156,-2.148772206908477,2.2885177143898847,2.9606143790567505
9701.36025917,-2.148772206908477,2.2885177143898847,2.9606143790567505
9701.373314186,-2.148772206908477,2.2885177143898847,2.9606143790567505
9701.38339256,-2.148772206908477,2.2885177143898847,2.9606143790567505
9701.384904325,-2.148772206908477,2.2885177143898847,2.9606143790567505
9701.389599924,-2.148772206908477,2.2885177143898847,2.9606143790567505
9701.391817873,-2.148772206908477,2.2885177143898847,2.9606143790567505
9701.393099503,-2.1560493604368913,2.289808367255774,2.9715078431451905
9701.406030365,-2.1560493604368913,2.289808367255774,2.9715078431451905
9701.414109373,-2.1560493604368913,2.289808367255774,2.9715078431451905
9701.421889106,-2.1560493604368913,2.289808367255774,2.9715078431451905
9701.438163432,-2.1560493604368913,2.289808367255774,2.9715078431451905
9701.440716584,-2.1637167741329764,2.2910691541704424,2.985725458272754
9701.444173002,-2.1637167741329764,2.2910691541704424,2.985725458272754
9701.451909784,-2.1637167741329764,2.2910691541704424,2.985725458272754
9701.461679806,-2.1637167741329764,2.2910691541704424,2.985725458272754
9701.47217096,-2.1637167741329764,2.2910691541704424,2.985725458272754
9701.480003352,-2.1637167741329764,2.2910691541704424,2.985725458272754
9701.482748286,-2.174627443060769,2.29272404525425,2.9964017230356323
9701.496706298,-2.174627443060769,2.29272404525425,2.9964017230356323
9701.501275217,-2.174627443060769,2.29272404525425,2.9964017230356323
9701.507178276,-2.174627443060769,2.29272404525425,2.9964017230356323
9701.508356802,-2.174627443060769,2.29272404525425,2.9964017230356323
9701.511310941,-2.174627443060769,2.29272404525425,2.9964017230356323
9701.522378824,-2.174627443060769,2.29272404525425,2.9964017230356323
9701.536951707,-2.174627443060769,2.29272404525425,2.9964017230356323
9701.537660746,-2.1822715717039767,2.2938019977411224,3.0065969783151734
9701.544078116,-2.1822715717039767,2.2938019977411224,3.0065969783151734
9701.555108227,-2.1822715717039767,2.2938019977411224,3.0065969783151734
9701.56217297,-2.1822715717039767,2.2938019977411224,3.0065969783151734
9701.575348604,-2.1822715717039767,2.2938019977411224,3.0065969783151734
9701.584521729,-2.1822715717039767,2.2938019977411224,3.0065969783151734
9701.594266904,-2.1822715717039767,2.2938019977411224,3.0065969783151734
9701.595360128,-2.1822715717039767,2.2938019977411224,3.0065969783151734
9701.596317967,-2.1894023416255655,2.294709103959722,3.023527260431109
9701.598635234,-2.1894023416255655,2.294709103959722,3.023527260431109
9701.606480551,-2.1894023416255655,2.294709103959722,3.023527260431109
9701.613452408,-2.1894023416255655,2.294709103959722,3.023527260431109
9701.620192378,-2.1894023416255655,2.294709103959722,3.023527260431109
9701.630595175,-2.2002937500007147,2.2959291285275842,3.0365537959421265
9701.635125761,-2.2002937500007147,2.2959291285275842,3.0365537959421265
9701.644000863,-2.2002937500007147,2.2959291285275842,3.0365537959421265
9701.654759793,-2.2002937500007147,2.2959291285275842,3.0365537959421265
9701.663890297,-2.2002937500007147,2.2959291285275842,3.0365537959421265
9701.676475726,-2.2002937500007147,2.2959291285275842,3.0365537959421265
9701.681514853,-2.2002937500007147,2.2959291285275842,3.0365537959421265
9701.682998064,-2.2076235815931544,2.296652197916142,3.0499728280389893
9701.683988985,-2.2076235815931544,2.296652197916142,3.0499728280389893
9701.685270376,-2.2076235815931544,2.296652197916142,3.0499728280389893
9701.69130343,-2.2076235815931544,2.296652197916142,3.0499728280389893
9701.703428139,-2.2076235815931544,2.296652197916142,3.0499728280389893
9701.71350479,-2.2076235815931544,2.296652197916142,3.0499728280389893
9701.725259441,-2.2076235815931544,2.296652197916142,3.0499728280389893
9701.73076584,-2.2076235815931544,2.296652197916142,3.0499728280389893
9701.737857714,-2.2147111743179955,2.2972445503892445,3.0664480882967102
9701.743181068,-2.2147111743179955,2.2972445503892445,3.0664480882967102
9701.755257456,-2.2147111743179955,2.2972445503892445,3.0664480882967102
9701.76062364,-2.2147111743179955,2.2972445503892445,3.0664480882967102
9701.771325883,-2.2147111743179955,2.2972445503892445,3.0664480882967102
9701.783363778,-2.2147111743179955,2.2972445503892445,3.0664480882967102
9701.783849505,-2.225997481844063,2.2980338987074935,3.0770874577844727
9701.78526061,-2.225997481844063,2.2980338987074935,3.0770874577844727
9701.791906773,-2.225997481844063,2.2980338987074935,3.0770874577844727
9701.792395386,-2.225997481844063,2.2980338987074935,3.0770874577844727
9701.803679096,-2.225997481844063,2.2980338987074935,3.0770874577844727
9701.816640345,-2.225997481844063,2.2980338987074935,3.0770874577844727
9701.825210641,-2.225997481844063,2.2980338987074935,3.0770874577844727
9701.830549284,-2.232970270339283,2.298459240670569,3.0842483002031433
9701.837199013,-2.232970270339283,2.298459240670569,3.0842483002031433
9701.84395397,-2.232970270339283,2.298459240670569,3.0842483002031433
9701.852810908,-2.232970270339283,2.298459240670569,3.0842483002031433
9701.861947013,-2.232970270339283,2.298459240670569,3.0842483002031433
9701.872308882,-2.232970270339283,2.298459240670569,3.0842483002031433
9701.883206624,-2.232970270339283,2.298459240670569,3.0842483002031433
9701.889746145,-2.2391624334676803,2.2974695085874584,3.0995001460319074
9701.893975553,-2.2391624334676803,2.2974695085874584,3.0995001460319074
9701.895275838,-2.2391624334676803,2.2974695085874584,3.0995001460319074
9701.896147926,-2.2391624334676803,2.2974695085874584,3.0995001460319074
9701.902521774,-2.2391624334676803,2.2974695085874584,3.0995001460319074
9701.914419704,-2.2391624334676803,2.2974695085874584,3.0995001460319074
9701.925660764,-2.2391624334676803,2.2974695085874584,3.0995001460319074
9701.928246057,-2.2474790734105357,2.295052398001186,3.1026431144030173
9701.933586263,-2.2474790734105357,2.295052398001186,3.1026431144030173
9701.946345059,-2.2474790734105357,2.295052398001186,3.1026431144030173
9701.955030994,-2.2474790734105357,2.295052398001186,3.1026431144030173
9701.960736279,-2.2474790734105357,2.295052398001186,3.1026431144030173
9701.97509632,-2.2474790734105357,2.295052398001186,3.1026431144030173
9701.981478774,-2.2474790734105357,2.295052398001186,3.1026431144030173
9701.995966506,-2.2474790734105357,2.295052398001186,3.1026431144030173
9702.000859017,-2.2474790734105357,2.295052398001186,3.1026431144030173
9702.001470592,-2.2474790734105357,2.295052398001186,3.1026431144030173
9702.003929576,-2.2474790734105357,2.295052398001186,3.1026431144030173
9702.006054078,-2.251856107206854,2.292670915452088,3.1136087874066045
9702.012235783,-2.251856107206854,2.292670915452088,3.1136087874066045
9702.023008659,-2.251856107206854,2.292670915452088,3.1136087874066045
9702.032290609,-2.2628379588165024,2.292927037505036,3.12294037138335
9702.035388901,-2.2628379588165024,2.292927037505036,3.12294037138335
9702.044028217,-2.2628379588165024,2.292927037505036,3.12294037138335
9702.057528765,-2.2628379588165024,2.292927037505036,3.12294037138335
9702.060890454,-2.2628379588165024,2.292927037505036,3.12294037138335
9702.07463919,-2.2628379588165024,2.292927037505036,3.12294037138335
9702.082070044,-2.2628379588165024,2.292927037505036,3.12294037138335
9702.08432343,-2.270405059293756,2.2930367118674395,3.131259808887165
9702.088581743,-2.270405059293756,2.2930367118674395,3.131259808887165
9702.092099006,-2.270405059293756,2.2930367118674395,3.131259808887165
9702.092663421,-2.270405059293756,2.2930367118674395,3.131259808887165
9702.104088499,-2.270405059293756,2.2930367118674395,3.131259808887165
9702.111007136,-2.270405059293756,2.2930367118674395,3.131259808887165
9702.124015634,-2.270405059293756,2.2930367118674395,3.131259808887165
9702.13439166,-2.270405059293756,2.2930367118674395,3.131259808887165
9702.138948847,-2.278150018161179,2.2930782072354714,3.1412101486813238
9702.142864542,-2.278150018161179,2.2930782072354714,3.1412101486813238
9702.152530197,-2.278150018161179,2.2930782072354714,3.1412101486813238
9702.162361164,-2.278150018161179,2.2930782072354714,3.1412101486813238
9702.17316029,-2.278150018161179,2.2930782072354714,3.1412101486813238
9702.183759839,-2.278150018161179,2.2930782072354714,3.1412101486813238
9702.185644318,-2.278150018161179,2.2930782072354714,3.1412101486813238
9702.187199745,-2.2893625674996483,2.2930346197639335,-3.133435422227358
9702.196983884,-2.2893625674996483,2.2930346197639335,-3.133435422227358
9702.198968753,-2.2893625674996483,2.2930346197639335,-3.133435422227358
9702.201451993,-2.2893625674996483,2.2930346197639335,-3.133435422227358
9702.210064589,-2.2893625674996483,2.2930346197639335,-3.133435422227358
9702.222215247,-2.2893625674996483,2.2930346197639335,-3.133435422227358
9702.230692848,-2.2968794277188813,2.292955761809945,-3.1287690341925374
9702.233337633,-2.2968794277188813,2.292955761809945,-3.1287690341925374
9702.245190559,-2.2968794277188813,2.292955761809945,-3.1287690341925374
9702.252812564,-2.2968794277188813,2.292955761809945,-3.1287690341925374
9702.261318168,-2.2968794277188813,2.292955761809945,-3.1287690341925374
9702.270496021,-2.2968794277188813,2.292955761809945,-3.1287690341925374
9702.282521162,-2.2968794277188813,2.292955761809945,-3.1287690341925374
9702.290481496,-2.3047494665830937,2.2927978246273373,-3.1142853439306966
9702.292293739,-2.3047494665830937,2.2927978246273373,-3.1142853439306966
9702.295299977,-2.3047494665830937,2.2927978246273373,-3.1142853439306966
9702.295755467,-2.3047494665830937,2.2927978246273373,-3.1142853439306966
9702.303675254,-2.3047494665830937,2.2927978246273373,-3.1142853439306966
9702.311775683,-2.3047494665830937,2.2927978246273373,-3.1142853439306966
9702.322947943,-2.3047494665830937,2.2927978246273373,-3.1142853439306966
9702.32966,-2.315500940031913,2.292451753961872,-3.1045457661604634
9702.333543675,-2.315500940031913,2.292451753961872,-3.1045457661604634
9702.347035776,-2.315500940031913,2.292451753961872,-3.1045457661604634
9702.352117404,-2.315500940031913,2.292451753961872,-3.1045457661604634
9702.364899053,-2.315500940031913,2.292451753961872,-3.1045457661604634
9702.375670276,-2.315500940031913,2.292451753961872,-3.1045457661604634
9702.383978578,-2.315500940031913,2.292451753961872,-3.1045457661604634
9702.393536569,-2.315500940031913,2.292451753961872,-3.1045457661604634
9702.400334708,-2.315500940031913,2.292451753961872,-3.1045457661604634
9702.406352594,-2.315500940031913,2.292451753961872,-3.1045457661604634
9702.40716062,-2.323085939464962,2.2920988239760223,-3.0856466234183064
9702.414587587,-2.323085939464962,2.2920988239760223,-3.0856466234183064
9702.420671838,-2.323085939464962,2.2920988239760223,-3.0856466234183064
9702.424742997,-2.323085939464962,2.2920988239760223,-3.0856466234183064
9702.435547292,-2.323085939464962,2.2920988239760223,-3.0856466234183064
9702.439651073,-2.323085939464962,2.2920988239760223,-3.0856466234183064
9702.441492561,-2.334176016421603,2.2914109213572784,-3.073640102193331
9702.447960676,-2.334176016421603,2.2914109213572784,-3.073640102193331
9702.457168807,-2.334176016421603,2.2914109213572784,-3.073640102193331
9702.469197716,-2.334176016421603,2.2914109213572784,-3.073640102193331
9702.475612781,-2.334176016421603,2.2914109213572784,-3.073640102193331
9702.481337804,-2.334176016421603,2.2914109213572784,-3.073640102193331
9702.487279866,-2.341775393744366,2.2908712368032114,-3.067749375150179
9702.493199386,-2.341775393744366,2.2908712368032114,-3.067749375150179
9702.493818525,-2.341775393744366,2.2908712368032114,-3.067749375150179
9702.506751661,-2.341775393744366,2.2908712368032114,-3.067749375150179
9702.514361924,-2.341775393744366,2.2908712368032114,-3.067749375150179
9702.525353012,-2.341775393744366,2.2908712368032114,-3.067749375150179
9702.540917378,-2.341775393744366,2.2908712368032114,-3.067749375150179
9702.547887452,-2.341775393744366,2.2908712368032114,-3.067749375150179
9702.548578477,-2.349242542614199,2.290261975120886,-3.0526120603537312
9702.549327942,-2.349242542614199,2.290261975120886,-3.0526120603537312
9702.554184585,-2.349242542614199,2.290261975120886,-3.0526120603537312
9702.561718029,-2.349242542614199,2.290261975120886,-3.0526120603537312
9702.583389469,-2.349242542614199,2.290261975120886,-3.0526120603537312
9702.593047923,-2.349242542614199,2.290261975120886,-3.0526120603537312
9702.593813479,-2.349242542614199,2.290261975120886,-3.0526120603537312
9702.606889554,-2.349242542614199,2.290261975120886,-3.0526120603537312
9702.607801547,-2.3595744376298136,2.2892914132787614,-3.043246144101595
9702.611076121,-2.3595744376298136,2.2892914132787614,-3.043246144101595
9702.611808585,-2.3595744376298136,2.2892914132787614,-3.043246144101595
9702.618935755,-2.3595744376298136,2.2892914132787614,-3.043246144101595
9702.623852822,-2.3595744376298136,2.2892914132787614,-3.043246144101595
9702.629576749,-2.3669506743727435,2.2885241787302584,-3.0326558292364827
9702.634408374,-2.3669506743727435,2.2885241787302584,-3.0326558292364827
9702.643579378,-2.3669506743727435,2.2885241787302584,-3.0326558292364827
9702.651854537,-2.3669506743727435,2.2885241787302584,-3.0326558292364827
9702.663796561,-2.3669506743727435,2.2885241787302584,-3.0326558292364827
9702.677872184,-2.3669506743727435,2.2885241787302584,-3.0326558292364827
9702.684531962,-2.3669506743727435,2.2885241787302584,-3.0326558292364827
9702.69396606,-2.3669506743727435,2.2885241787302584,-3.0326558292364827
9702.699606102,-2.3669506743727435,2.2885241787302584,-3.0326558292364827
9702.699996419,-2.3669506743727435,2.2885241787302584,-3.0326558292364827
9702.700713343,-2.3745922492264993,2.287623693389887,-3.015930825517153
9702.703477323,-2.3745922492264993,2.287623693389887,-3.015930825517153
9702.719658403,-2.3745922492264993,2.287623693389887,-3.015930825517153
9702.730213528,-2.3745922492264993,2.287623693389887,-3.015930825517153
9702.736920565,-2.3745922492264993,2.287623693389887,-3.015930825517153
9702.73757936,-2.385935136824674,2.2861329402513175,-3.0058999002432576
9702.743022319,-2.385935136824674,2.2861329402513175,-3.0058999002432576
9702.753963984,-2.385935136824674,2.2861329402513175,-3.0058999002432576
9702.763872407,-2.385935136824674,2.2861329402513175,-3.0058999002432576
9702.769489924,-2.385935136824674,2.2861329402513175,-3.0058999002432576
9702.781398505,-2.385935136824674,2.2861329402513175,-3.0058999002432576
9702.793906531,-2.385935136824674,2.2861329402513175,-3.0058999002432576
9702.794350199,-2.385935136824674,2.2861329402513175,-3.0058999002432576
9702.795073485,-2.385935136824674,2.2861329402513175,-3.0058999002432576
9702.795956282,-2.3931673775608084,2.2864212836835707,-2.992723800912557
9702.801827201,-2.3931673775608084,2.2864212836835707,-2.992723800912557
9702.811861401,-2.3931673775608084,2.2864212836835707,-2.992723800912557
9702.822549167,-2.3931673775608084,2.2864212836835707,-2.992723800912557
9702.830919004,-2.3931673775608084,2.2864212836835707,-2.992723800912557
9702.832150199,-2.4042067061320216,2.2895713295291853,-2.982696544592942
9702.841769998,-2.4042067061320216,2.2895713295291853,-2.982696544592942
9702.855367147,-2.4042067061320216,2.2895713295291853,-2.982696544592942
9702.861638111,-2.4042067061320216,2.2895713295291853,-2.982696544592942
9702.87274624,-2.4042067061320216,2.2895713295291853,-2.982696544592942
9702.885111634,-2.4042067061320216,2.2895713295291853,-2.982696544592942
9702.886944051,-2.4042067061320216,2.2895713295291853,-2.982696544592942
9702.888358065,-2.4042067061320216,2.2895713295291853,-2.982696544592942
9702.890248195,-2.4114614929485074,2.292204642050953,-2.975708215256498
9702.893993458,-2.4114614929485074,2.292204642050953,-2.975708215256498
9702.904563431,-2.4114614929485074,2.292204642050953,-2.975708215256498
9702.911778477,-2.4114614929485074,2.292204642050953,-2.975708215256498
9702.921881378,-2.4114614929485074,2.292204642050953,-2.975708215256498
9702.932781454,-2.4114614929485074,2.292204642050953,-2.975708215256498
9702.939019296,-2.41856743148312,2.290963321037234,-2.961591570397184
9702.943562987,-2.41856743148312,2.290963321037234,-2.961591570397184
9702.955093584,-2.41856743148312,2.290963321037234,-2.961591570397184
9702.962618826,-2.41856743148312,2.290963321037234,-2.961591570397184
9702.97145774,-2.41856743148312,2.290963321037234,-2.961591570397184
9702.983349338,-2.41856743148312,2.290963321037234,-2.961591570397184
9702.989372094,-2.41856743148312,2.290963321037234,-2.961591570397184
9702.990439369,-2.429640910393775,2.2889044408246506,-2.953934102078245
9703.00315288,-2.429640910393775,2.2889044408246506,-2.953934102078245
9703.003734909,-2.429640910393775,2.2889044408246506,-2.953934102078245
9703.007872574,-2.429640910393775,2.2889044408246506,-2.953934102078245
9703.013560367,-2.429640910393775,2.2889044408246506,-2.953934102078245
9703.03279311,-2.429640910393775,2.2889044408246506,-2.953934102078245
9703.036191448,-2.429640910393775,2.2889044408246506,-2.953934102078245
9703.036973595,-2.4367459571983003,2.2875190345902547,-2.944105772991941
9703.044339427,-2.4367459571983003,2.2875190345902547,-2.944105772991941
9703.053999932,-2.4367459571983003,2.2875190345902547,-2.944105772991941
9703.064416375,-2.4367459571983003,2.2875190345902547,-2.944105772991941
9703.06984134,-2.4367459571983003,2.2875190345902547,-2.944105772991941
9703.08476707,-2.4367459571983003,2.2875190345902547,-2.944105772991941
9703.086828423,-2.4367459571983003,2.2875190345902547,-2.944105772991941
9703.0898518,-2.4441577814022524,2.285990015274372,-2.9321981954772927
9703.094534998,-2.4441577814022524,2.285990015274372,-2.9321981954772927
9703.094988174,-2.4441577814022524,2.285990015274372,-2.9321981954772927
9703.101813765,-2.4441577814022524,2.285990015274372,-2.9321981954772927
9703.115147036,-2.4441577814022524,2.285990015274372,-2.9321981954772927
9703.124223238,-2.4441577814022524,2.285990015274372,-2.9321981954772927
9703.129921349,-2.4544718765678795,2.2837499041667986,-2.9232515382965065
9703.136385307,-2.4544718765678795,2.2837499041667986,-2.9232515382965065
9703.144502458,-2.4544718765678795,2.2837499041667986,-2.9232515382965065
9703.150653655,-2.4544718765678795,2.2837499041667986,-2.9232515382965065
9703.161751895,-2.4544718765678795,2.2837499041667986,-2.9232515382965065
9703.171388422,-2.4544718765678795,2.2837499041667986,-2.9232515382965065
9703.182689369,-2.4544718765678795,2.2837499041667986,-2.9232515382965065
9703.193134385,-2.461924106755273,2.2820492099718446,-2.9111931610305763
9703.194169951,-2.461924106755273,2.2820492099718446,-2.9111931610305763
9703.202439098,-2.461924106755273,2.2820492099718446,-2.9111931610305763
9703.204474993,-2.461924106755273,2.2820492099718446,-2.9111931610305763
9703.204961412,-2.461924106755273,2.2820492099718446,-2.9111931610305763
9703.213985014,-2.461924106755273,2.2820492099718446,-2.9111931610305763
9703.222026392,-2.461924106755273,2.2820492099718446,-2.9111931610305763
9703.234735785,-2.461924106755273,2.2820492099718446,-2.9111931610305763
9703.236198377,-2.472441543880109,2.2795614202882635,-2.907451300640867
9703.241660393,-2.472441543880109,2.2795614202882635,-2.907451300640867
9703.255882313,-2.472441543880109,2.2795614202882635,-2.907451300640867
9703.261956855,-2.472441543880109,2.2795614202882635,-2.907451300640867
9703.271853523,-2.472441543880109,2.2795614202882635,-2.907451300640867
9703.285464723,-2.472441543880109,2.2795614202882635,-2.907451300640867
9703.29179593,-2.472441543880109,2.2795614202882635,-2.907451300640867
9703.292975909,-2.472441543880109,2.2795614202882635,-2.907451300640867
9703.29383963,-2.4798395217961966,2.2777416076977204,-2.8933360862930275
9703.305475586,-2.4798395217961966,2.2777416076977204,-2.8933360862930275
9703.306813633,-2.4798395217961966,2.2777416076977204,-2.8933360862930275
9703.31562235,-2.4798395217961966,2.2777416076977204,-2.8933360862930275
9703.323936452,-2.4798395217961966,2.2777416076977204,-2.8933360862930275
9703.335733873,-2.4798395217961966,2.2777416076977204,-2.8933360862930275
9703.336927427,-2.490622127340036,2.2749556520062097,-2.8841585207183815
9703.345143224,-2.490622127340036,2.2749556520062097,-2.8841585207183815
9703.353701928,-2.490622127340036,2.2749556520062097,-2.8841585207183815
9703.364550777,-2.490622127340036,2.2749556520062097,-2.8841585207183815
9703.370715921,-2.490622127340036,2.2749556520062097,-2.8841585207183815
9703.381427171,-2.490622127340036,2.2749556520062097,-2.8841585207183815
9703.383535242,-2.497465553896488,2.2731136500657967,-2.8731624174316384
9703.384220226,-2.497465553896488,2.2731136500657967,-2.8731624174316384
9703.39367892,-2.497465553896488,2.2731136500657967,-2.8731624174316384
9703.398646959,-2.497465553896488,2.2731136500657967,-2.8731624174316384
9703.406996091,-2.497465553896488,2.2731136500657967,-2.8731624174316384
9703.410957993,-2.497465553896488,2.2731136500657967,-2.8731624174316384
9703.424259933,-2.497465553896488,2.2731136500657967,-2.8731624174316384
9703.433583415,-2.497465553896488,2.2731136500657967,-2.8731624174316384
9703.444597186,-2.504597125433044,2.271079392275063,-2.8542881298263527
9703.447055378,-2.504597125433044,2.271079392275063,-2.8542881298263527
9703.457283425,-2.504597125433044,2.271079392275063,-2.8542881298263527
9703.460525609,-2.504597125433044,2.271079392275063,-2.8542881298263527
9703.475433073,-2.504597125433044,2.271079392275063,-2.8542881298263527
9703.482002861,-2.504597125433044,2.271079392275063,-2.8542881298263527
9703.483079395,-2.515281939189985,2.2678505717191486,-2.841971664448545
9703.484982278,-2.515281939189985,2.2678505717191486,-2.841971664448545
9703.486568234,-2.515281939189985,2.2678505717191486,-2.841971664448545
9703.492286834,-2.515281939189985,2.2678505717191486,-2.841971664448545
9703.500505827,-2.515281939189985,2.2678505717191486,-2.841971664448545
9703.512013541,-2.515281939189985,2.2678505717191486,-2.841971664448545
9703.52382582,-2.515281939189985,2.2678505717191486,-2.841971664448545
9703.533628273,-2.515281939189985,2.2678505717191486,-2.841971664448545
9703.535303777,-2.5224035088150387,2.2656068816138943,-2.8307909059722878
9703.543359812,-2.5224035088150387,2.2656068816138943,-2.8307909059722878
9703.556945471,-2.5224035088150387,2.2656068816138943,-2.8307909059722878
9703.563024141,-2.5224035088150387,2.2656068816138943,-2.8307909059722878
9703.570945932,-2.5224035088150387,2.2656068816138943,-2.8307909059722878
9703.584926837,-2.5224035088150387,2.2656068816138943,-2.8307909059722878
9703.593434505,-2.528766519970648,2.2634854693332103,-2.8087777185638405
9703.598722612,-2.528766519970648,2.2634854693332103,-2.8087777185638405
9703.599814885,-2.528766519970648,2.2634854693332103,-2.8087777185638405
9703.602087968,-2.528766519970648,2.2634854693332103,-2.8087777185638405
9703.605152206,-2.528766519970648,2.2634854693332103,-2.8087777185638405
9703.61320413,-2.528766519970648,2.2634854693332103,-2.8087777185638405
9703.622901147,-2.528766519970648,2.2634854693332103,-2.8087777185638405
9703.631097567,-2.528766519970648,2.2634854693332103,-2.8087777185638405
9703.632469418,-2.538711644371305,2.2599509032331992,-2.7914405155380226
9703.648298864,-2.538711644371305,2.2599509032331992,-2.7914405155380226
9703.654924755,-2.538711644371305,2.2599509032331992,-2.7914405155380226
9703.661302654,-2.538711644371305,2.2599509032331992,-2.7914405155380226
9703.672039001,-2.538711644371305,2.2599509032331992,-2.7914405155380226
9703.681953075,-2.538711644371305,2.2599509032331992,-2.7914405155380226
9703.684028675,-2.538711644371305,2.2599509032331992,-2.7914405155380226
9703.684367174,-2.5455852964281465,2.2573760320917207,-2.774904637356565
9703.685822392,-2.5455852964281465,2.2573760320917207,-2.774904637356565
9703.692773701,-2.5455852964281465,2.2573760320917207,-2.774904637356565
9703.703013631,-2.5455852964281465,2.2573760320917207,-2.774904637356565
9703.711525055,-2.5455852964281465,2.2573760320917207,-2.774904637356565
9703.722707335,-2.5455852964281465,2.2573760320917207,-2.774904637356565
9703.734568216,-2.5455852964281465,2.2573760320917207,-2.774904637356565
9703.739008622,-2.552150331829428,2.254774560254457,-2.7537216234405495
9703.741119278,-2.552150331829428,2.254774560254457,-2.7537216234405495
9703.757218674,-2.552150331829428,2.254774560254457,-2.7537216234405495
9703.764404405,-2.552150331829428,2.254774560254457,-2.7537216234405495
9703.775989365,-2.552150331829428,2.254774560254457,-2.7537216234405495
9703.782074317,-2.561372994158335,2.2520821063518133,-2.738349175518034
9703.785381503,-2.561372994158335,2.2520821063518133,-2.738349175518034
9703.785984181,-2.561372994158335,2.2520821063518133,-2.738349175518034
9703.790147935,-2.561372994158335,2.2520821063518133,-2.738349175518034
9703.795682167,-2.561372994158335,2.2520821063518133,-2.738349175518034
9703.804145231,-2.561372994158335,2.2520821063518133,-2.738349175518034
9703.8135537,-2.561372994158335,2.2520821063518133,-2.738349175518034
9703.822279199,-2.561372994158335,2.2520821063518133,-2.738349175518034
9703.832767257,-2.561372994158335,2.2520821063518133,-2.738349175518034
9703.833721459,-2.5637946425859957,2.264513802717914,-2.7376198623775667
9703.844955577,-2.5637946425859957,2.264513802717914,-2.7376198623775667
9703.854640348,-2.5637946425859957,2.264513802717914,-2.7376198623775667
9703.860642744,-2.5637946425859957,2.264513802717914,-2.7376198623775667
9703.87377704,-2.5637946425859957,2.264513802717914,-2.7376198623775667
9703.880617559,-2.5637946425859957,2.264513802717914,-2.7376198623775667
9703.89296054,-2.5637946425859957,2.264513802717914,-2.7376198623775667
9703.893727018,-2.5637946425859957,2.264513802717914,-2.7376198623775667
9703.895160255,-2.5666125361171863,2.273551658406891,-2.724289510755174
9703.89621642,-2.5666125361171863,2.273551658406891,-2.724289510755174
9703.90415868,-2.5666125361171863,2.273551658406891,-2.724289510755174
9703.912422797,-2.5666125361171863,2.273551658406891,-2.724289510755174
9703.920846857,-2.5666125361171863,2.273551658406891,-2.724289510755174
9703.929873766,-2.5757856073814898,2.269388336197632,-2.7067714672371075
9703.936377689,-2.5757856073814898,2.269388336197632,-2.7067714672371075
9703.943183904,-2.5757856073814898,2.269388336197632,-2.7067714672371075
9703.953127955,-2.5757856073814898,2.269388336197632,-2.7067714672371075
9703.961838696,-2.5757856073814898,2.269388336197632,-2.7067714672371075
9703.973299621,-2.5757856073814898,2.269388336197632,-2.7067714672371075
9703.98255932,-2.5757856073814898,2.269388336197632,-2.7067714672371075
9703.994455043,-2.5757856073814898,2.269388336197632,-2.7067714672371075
9703.995458138,-2.5815355167654066,2.2666276907650933,-2.6811791401191876
9703.997257125,-2.5815355167654066,2.2666276907650933,-2.6811791401191876
9704.005273068,-2.5815355167654066,2.2666276907650933,-2.6811791401191876
9704.007236405,-2.5815355167654066,2.2666276907650933,-2.6811791401191876
9704.013732925,-2.5815355167654066,2.2666276907650933,-2.6811791401191876
9704.025291595,-2.5815355167654066,2.2666276907650933,-2.6811791401191876
9704.03182764,-2.5815355167654066,2.2666276907650933,-2.6811791401191876
9704.032903982,-2.5901757287412353,2.2622322118478957,-2.6608021002098248
9704.048460603,-2.5901757287412353,2.2622322118478957,-2.6608021002098248
9704.053629806,-2.5901757287412353,2.2622322118478957,-2.6608021002098248
9704.061016166,-2.5901757287412353,2.2622322118478957,-2.6608021002098248
9704.072687889,-2.5901757287412353,2.2622322118478957,-2.6608021002098248
9704.084567726,-2.5901757287412353,2.2622322118478957,-2.6608021002098248
9704.085715624,-2.5901757287412353,2.2622322118478957,-2.6608021002098248
9704.086759195,-2.5961133923575703,2.259058471658696,-2.640637372045152
9704.089359426,-2.5961133923575703,2.259058471658696,-2.640637372045152
9704.096076091,-2.5961133923575703,2.259058471658696,-2.640637372045152
9704.104188713,-2.5961133923575703,2.259058471658696,-2.640637372045152
9704.116000391,-2.5961133923575703,2.259058471658696,-2.640637372045152
9704.125203973,-2.5961133923575703,2.259058471658696,-2.640637372045152
9704.134153616,-2.5961133923575703,2.259058471658696,-2.640637372045152
9704.14491516,-2.601682825870194,2.2558981631211927,-2.6102825146003887
9704.151107425,-2.601682825870194,2.2558981631211927,-2.6102825146003887
9704.155174276,-2.601682825870194,2.2558981631211927,-2.6102825146003887
9704.164044478,-2.601682825870194,2.2558981631211927,-2.6102825146003887
9704.175184728,-2.601682825870194,2.2558981631211927,-2.6102825146003887
9704.181635181,-2.601682825870194,2.2558981631211927,-2.6102825146003887
9704.183433798,-2.6095249180257323,2.251159764766689,-2.5858602266594097
9704.184223409,-2.6095249180257323,2.251159764766689,-2.5858602266594097
9704.185165358,-2.6095249180257323,2.251159764766689,-2.5858602266594097
9704.193168613,-2.6095249180257323,2.251159764766689,-2.5858602266594097
9704.203151568,-2.6095249180257323,2.251159764766689,-2.5858602266594097
9704.213877906,-2.6095249180257323,2.251159764766689,-2.5858602266594097
9704.235715168,-2.6095249180257323,2.251159764766689,-2.5858602266594097
9704.239079242,-2.6095249180257323,2.251159764766689,-2.5858602266594097
9704.243425771,-2.614494412435734,2.2479843383059617,-2.5601411800666978
9704.245959035,-2.614494412435734,2.2479843383059617,-2.5601411800666978
9704.25553477,-2.614494412435734,2.2479843383059617,-2.5601411800666978
9704.265252524,-2.614494412435734,2.2479843383059617,-2.5601411800666978
9704.271787676,-2.614494412435734,2.2479843383059617,-2.5601411800666978
9704.281651926,-2.614494412435734,2.2479843383059617,-2.5601411800666978
9704.290978741,-2.6196420619076646,2.2444814650454457,-2.5280343036934063
9704.298069323,-2.6196420619076646,2.2444814650454457,-2.5280343036934063
9704.298788381,-2.6196420619076646,2.2444814650454457,-2.5280343036934063
9704.299805752,-2.6196420619076646,2.2444814650454457,-2.5280343036934063
9704.305959194,-2.6196420619076646,2.2444814650454457,-2.5280343036934063
9704.314605243,-2.6196420619076646,2.2444814650454457,-2.5280343036934063
9704.324194404,-2.6196420619076646,2.2444814650454457,-2.5280343036934063
9704.329829947,-2.626859266443809,2.239257607964888,-2.502100561170213
9704.333528803,-2.626859266443809,2.239257607964888,-2.502100561170213
9704.343792077,-2.626859266443809,2.239257607964888,-2.502100561170213
9704.355609806,-2.626859266443809,2.239257607964888,-2.502100561170213
9704.363838788,-2.626859266443809,2.239257607964888,-2.502100561170213
9704.37259223,-2.626859266443809,2.239257607964888,-2.502100561170213
9704.383312096,-2.626859266443809,2.239257607964888,-2.502100561170213
9704.398565864,-2.626859266443809,2.239257607964888,-2.502100561170213
9704.399758236,-2.6332911695593224,2.2347360286503846,-2.4583109631349744
9704.405524266,-2.6332911695593224,2.2347360286503846,-2.4583109631349744
9704.411432926,-2.6332911695593224,2.2347360286503846,-2.4583109631349744
9704.421371887,-2.6332911695593224,2.2347360286503846,-2.4583109631349744
9704.423002316,-2.6332911695593224,2.2347360286503846,-2.4583109631349744
9704.428255968,-2.6332911695593224,2.2347360286503846,-2.4583109631349744
9704.437486621,-2.6332911695593224,2.2347360286503846,-2.4583109631349744
9704.438713228,-2.646805390955347,2.2255415554176405,-2.4356518791103063
9704.446085442,-2.646805390955347,2.2255415554176405,-2.4356518791103063
9704.454022732,-2.646805390955347,2.2255415554176405,-2.4356518791103063
9704.463135323,-2.646805390955347,2.2255415554176405,-2.4356518791103063
9704.472933187,-2.646805390955347,2.2255415554176405,-2.4356518791103063
9704.485215695,-2.646805390955347,2.2255415554176405,-2.4356518791103063
9704.487426721,-2.656359671325903,2.219038020039051,-2.4110662276018493
9704.492661076,-2.656359671325903,2.219038020039051,-2.4110662276018493
9704.497887367,-2.656359671325903,2.219038020039051,-2.4110662276018493
9704.499920586,-2.656359671325903,2.219038020039051,-2.4110662276018493
9704.502867662,-2.656359671325903,2.219038020039051,-2.4110662276018493
9704.513841208,-2.656359671325903,2.219038020039051,-2.4110662276018493
9704.523128147,-2.656359671325903,2.219038020039051,-2.4110662276018493
9704.534659215,-2.656359671325903,2.219038020039051,-2.4110662276018493
9704.543385877,-2.656359671325903,2.219038020039051,-2.4110662276018493
9704.547644449,-2.6604818432427395,2.2151824228171915,-2.3681272799242374
9704.552941624,-2.6604818432427395,2.2151824228171915,-2.3681272799242374
9704.563933183,-2.6604818432427395,2.2151824228171915,-2.3681272799242374
9704.573763529,-2.6604818432427395,2.2151824228171915,-2.3681272799242374
9704.585902144,-2.6604818432427395,2.2151824228171915,-2.3681272799242374
9704.587024313,-2.6604818432427395,2.2151824228171915,-2.3681272799242374
9704.588169136,-2.6604818432427395,2.2151824228171915,-2.3681272799242374
9704.590359402,-2.66638336745188,2.20927169435635,-2.3427032763231628
9704.592856218,-2.66638336745188,2.20927169435635,-2.3427032763231628
9704.603806308,-2.66638336745188,2.20927169435635,-2.3427032763231628
9704.614987335,-2.66638336745188,2.20927169435635,-2.3427032763231628
9704.622799597,-2.66638336745188,2.20927169435635,-2.3427032763231628
9704.632296596,-2.669843962214295,2.2056119257912803,-2.313755446122968
9704.635246438,-2.669843962214295,2.2056119257912803,-2.313755446122968
9704.641012437,-2.669843962214295,2.2056119257912803,-2.313755446122968
9704.652935526,-2.669843962214295,2.2056119257912803,-2.313755446122968
9704.66212964,-2.669843962214295,2.2056119257912803,-2.313755446122968
9704.670879134,-2.669843962214295,2.2056119257912803,-2.313755446122968
9704.683959989,-2.669843962214295,2.2056119257912803,-2.313755446122968
9704.686209087,-2.669843962214295,2.2056119257912803,-2.313755446122968
9704.687164812,-2.673445595671856,2.201532538924531,-2.27439516131767
9704.690990477,-2.673445595671856,2.201532538924531,-2.27439516131767
9704.696725158,-2.673445595671856,2.201532538924531,-2.27439516131767
9704.7067336,-2.673445595671856,2.201532538924531,-2.27439516131767
9704.711404943,-2.673445595671856,2.201532538924531,-2.27439516131767
9704.725374013,-2.673445595671856,2.201532538924531,-2.27439516131767
9704.735114151,-2.673445595671856,2.201532538924531,-2.27439516131767
9704.737700345,-2.6782497441802295,2.195717838709201,-2.2482336098421447
9704.74551281,-2.6782497441802295,2.195717838709201,-2.2482336098421447
9704.754853762,-2.6782497441802295,2.195717838709201,-2.2482336098421447
9704.76645863,-2.6782497441802295,2.195717838709201,-2.2482336098421447
9704.774175624,-2.6782497441802295,2.195717838709201,-2.2482336098421447
9704.782367876,-2.6782497441802295,2.195717838709201,-2.2482336098421447
9704.793372009,-2.6782497441802295,2.195717838709201,-2.2482336098421447
9704.795896908,-2.6782065675262032,2.1962902789222873,-2.2154398691630983
9704.797001874,-2.6782065675262032,2.1962902789222873,-2.2154398691630983
9704.807534116,-2.6782065675262032,2.1962902789222873,-2.2154398691630983
9704.808641859,-2.6782065675262032,2.1962902789222873,-2.2154398691630983
9704.813147578,-2.6782065675262032,2.1962902789222873,-2.2154398691630983
9704.820937831,-2.6782065675262032,2.1962902789222873,-2.2154398691630983
9704.829873967,-2.677792550680397,2.197260756202338,-2.1985592662578433
9704.837930594,-2.677792550680397,2.197260756202338,-2.1985592662578433
9704.845098081,-2.677792550680397,2.197260756202338,-2.1985592662578433
9704.855914729,-2.677792550680397,2.197260756202338,-2.1985592662578433
9704.862536676,-2.677792550680397,2.197260756202338,-2.1985592662578433
9704.874377699,-2.677792550680397,2.197260756202338,-2.1985592662578433
9704.886064311,-2.677792550680397,2.197260756202338,-2.1985592662578433
9704.886673321,-2.677792550680397,2.197260756202338,-2.1985592662578433
9704.887508929,-2.675331726780586,2.2008094755926324,-2.1813716900243203
9704.888135112,-2.675331726780586,2.2008094755926324,-2.1813716900243203
9704.89918963,-2.675331726780586,2.2008094755926324,-2.1813716900243203
9704.901898616,-2.675331726780586,2.2008094755926324,-2.1813716900243203
9704.912893782,-2.675331726780586,2.2008094755926324,-2.1813716900243203
9704.92217979,-2.675331726780586,2.2008094755926324,-2.1813716900243203
9704.932495983,-2.675331726780586,2.2008094755926324,-2.1813716900243203
9704.935651062,-2.677548045062898,2.197541704870116,-2.1521592152013223
9704.942316,-2.677548045062898,2.197541704870116,-2.1521592152013223
9704.951061547,-2.677548045062898,2.197541704870116,-2.1521592152013223
9704.961193302,-2.677548045062898,2.197541704870116,-2.1521592152013223
9704.973030058,-2.677548045062898,2.197541704870116,-2.1521592152013223
9704.981395046,-2.6806448937125786,2.1927322985203452,-2.133604646910612
9704.986744168,-2.6806448937125786,2.1927322985203452,-2.133604646910612
9704.988331336,-2.6806448937125786,2.1927322985203452,-2.133604646910612
9704.992134128,-2.6806448937125786,2.1927322985203452,-2.133604646910612
9704.992869537,-2.6806448937125786,2.1927322985203452,-2.133604646910612
9705.00371516,-2.6806448937125786,2.1927322985203452,-2.133604646910612
9705.01303402,-2.6806448937125786,2.1927322985203452,-2.133604646910612
9705.023092818,-2.6806448937125786,2.1927322985203452,-2.133604646910612
9705.030812808,-2.68257136621299,2.1896085240080616,-2.113223911513273
9705.036766192,-2.68257136621299,2.1896085240080616,-2.113223911513273
9705.041280197,-2.68257136621299,2.1896085240080616,-2.113223911513273
9705.054058751,-2.68257136621299,2.1896085240080616,-2.113223911513273
9705.062734386,-2.68257136621299,2.1896085240080616,-2.113223911513273
9705.075853764,-2.68257136621299,2.1896085240080616,-2.113223911513273
9705.082181745,-2.68257136621299,2.1896085240080616,-2.113223911513273
9705.086609033,-2.6842503204291894,2.1867200184137223,-2.081411362875883
9705.089624529,-2.6842503204291894,2.1867200184137223,-2.081411362875883
9705.092524479,-2.6842503204291894,2.1867200184137223,-2.081411362875883
9705.094010114,-2.6842503204291894,2.1867200184137223,-2.081411362875883
9705.104282195,-2.6842503204291894,2.1867200184137223,-2.081411362875883
9705.111962079,-2.6842503204291894,2.1867200184137223,-2.081411362875883
9705.121957927,-2.6842503204291894,2.1867200184137223,-2.081411362875883
9705.128663933,-2.686560272880123,2.1825020931952586,-2.0622577679051792
9705.136682307,-2.686560272880123,2.1825020931952586,-2.0622577679051792
9705.146845271,-2.686560272880123,2.1825020931952586,-2.0622577679051792
9705.15459109,-2.686560272880123,2.1825020931952586,-2.0622577679051792
9705.161662906,-2.686560272880123,2.1825020931952586,-2.0622577679051792
9705.169618701,-2.686560272880123,2.1825020931952586,-2.0622577679051792
9705.182396884,-2.686560272880123,2.1825020931952586,-2.0622577679051792
9705.192255884,-2.686560272880123,2.1825020931952586,-2.0622577679051792
9705.193623668,-2.690021816944069,2.17824263276001,-2.0347486181921264
9705.194810219,-2.690021816944069,2.17824263276001,-2.0347486181921264
9705.202295455,-2.690021816944069,2.17824263276001,-2.0347486181921264
9705.204785338,-2.690021816944069,2.17824263276001,-2.0347486181921264
9705.213259472,-2.690021816944069,2.17824263276001,-2.0347486181921264
9705.22517711,-2.690021816944069,2.17824263276001,-2.0347486181921264
9705.232500892,-2.6992137396613907,2.1684348638326485,-2.008519943180386
9705.239093444,-2.6992137396613907,2.1684348638326485,-2.008519943180386
9705.242402283,-2.6992137396613907,2.1684348638326485,-2.008519943180386
9705.257365583,-2.6992137396613907,2.1684348638326485,-2.008519943180386
9705.261821108,-2.6992137396613907,2.1684348638326485,-2.008519943180386
9705.272899701,-2.6992137396613907,2.1684348638326485,-2.008519943180386
9705.286977309,-2.6992137396613907,2.1684348638326485,-2.008519943180386
9705.289937069,-2.6992137396613907,2.1684348638326485,-2.008519943180386
9705.292263052,-2.705982961801359,2.1612215591269166,-1.9845383409533024
9705.296969711,-2.705982961801359,2.1612215591269166,-1.9845383409533024
9705.301960727,-2.705982961801359,2.1612215591269166,-1.9845383409533024
9705.303802706,-2.705982961801359,2.1612215591269166,-1.9845383409533024
9705.313089735,-2.705982961801359,2.1612215591269166,-1.9845383409533024
9705.322963403,-2.705982961801359,2.1612215591269166,-1.9845383409533024
9705.334045123,-2.705982961801359,2.1612215591269166,-1.9845383409533024
9705.334765453,-2.706983596058671,2.158896685038996,-1.9699316267046443
9705.342202349,-2.706983596058671,2.158896685038996,-1.9699316267046443
9705.354964702,-2.706983596058671,2.158896685038996,-1.9699316267046443
9705.366899473,-2.706983596058671,2.158896685038996,-1.9699316267046443
9705.370946376,-2.706983596058671,2.158896685038996,-1.9699316267046443
9705.383727855,-2.706983596058671,2.158896685038996,-1.9699316267046443
9705.389897558,-2.706983596058671,2.158896685038996,-1.9699316267046443
9705.392765845,-2.706983596058671,2.158896685038996,-1.9699316267046443
9705.395574309,-2.7079362503866267,2.156579084418737,-1.9516560081514829
9705.396953053,-2.7079362503866267,2.156579084418737,-1.9516560081514829
9705.40296657,-2.7079362503866267,2.156579084418737,-1.9516560081514829
9705.415141875,-2.7079362503866267,2.156579084418737,-1.9516560081514829
9705.421859091,-2.7079362503866267,2.156579084418737,-1.9516560081514829
9705.430745505,-2.709271018807443,2.153187548712414,-1.9398191217455376
9705.434624551,-2.709271018807443,2.153187548712414,-1.9398191217455376
9705.447783994,-2.709271018807443,2.153187548712414,-1.9398191217455376
9705.455252419,-2.709271018807443,2.153187548712414,-1.9398191217455376
9705.465591726,-2.709271018807443,2.153187548712414,-1.9398191217455376
9705.471313392,-2.709271018807443,2.153187548712414,-1.9398191217455376
9705.484577804,-2.709271018807443,2.153187548712414,-1.9398191217455376
9705.497223307,-2.709271018807443,2.153187548712414,-1.9398191217455376
9705.498599045,-2.709271018807443,2.153187548712414,-1.9398191217455376
9705.500948803,-2.709271018807443,2.153187548712414,-1.9398191217455376
9705.501685404,-2.7101662624748375,2.1508200928590613,-1.924825215724419
9705.506898389,-2.7101662624748375,2.1508200928590613,-1.924825215724419
9705.513076167,-2.7101662624748375,2.1508200928590613,-1.924825215724419
9705.520056601,-2.7101662624748375,2.1508200928590613,-1.924825215724419
9705.534916766,-2.7101662624748375,2.1508200928590613,-1.924825215724419
9705.537699672,-2.71138699400236,2.147466557955347,-1.914975309756708
9705.541988412,-2.71138699400236,2.147466557955347,-1.914975309756708
9705.55247646,-2.71138699400236,2.147466557955347,-1.914975309756708
9705.561600833,-2.71138699400236,2.147466557955347,-1.914975309756708
9705.574553114,-2.71138699400236,2.147466557955347,-1.914975309756708
9705.583043309,-2.71138699400236,2.147466557955347,-1.914975309756708
9705.584146112,-2.71138699400236,2.147466557955347,-1.914975309756708
9705.584805407,-2.712205582280956,2.14515190704369,-1.9064721111330494
9705.587818598,-2.712205582280956,2.14515190704369,-1.9064721111330494
9705.596849033,-2.712205582280956,2.14515190704369,-1.9064721111330494
9705.604906621,-2.712205582280956,2.14515190704369,-1.9064721111330494
9705.615185504,-2.712205582280956,2.14515190704369,-1.9064721111330494
9705.624021259,-2.712205582280956,2.14515190704369,-1.9064721111330494
9705.633415264,-2.712205582280956,2.14515190704369,-1.9064721111330494
9705.638599355,-2.7129320015636758,2.1430195956353173,-1.8918024543795104
9705.645208056,-2.7129320015636758,2.1430195956353173,-1.8918024543795104
9705.652420347,-2.7129320015636758,2.1430195956353173,-1.8918024543795104
9705.660078501,-2.7129320015636758,2.1430195956353173,-1.8918024543795104
9705.672416222,-2.7129320015636758,2.1430195956353173,-1.8918024543795104
9705.693258657,-2.7129320015636758,2.1430195956353173,-1.8918024543795104
9705.694070941,-2.7129320015636758,2.1430195956353173,-1.8918024543795104
9705.701723293,-2.7129320015636758,2.1430195956353173,-1.8918024543795104
9705.704986466,-2.7129320015636758,2.1430195956353173,-1.8918024543795104
9705.707216497,-2.7129320015636758,2.1430195956353173,-1.8918024543795104
9705.711337601,-2.7148897092263007,2.139126783636295,-1.880664040407072
9705.717809955,-2.7148897092263007,2.139126783636295,-1.880664040407072
9705.727075023,-2.7148897092263007,2.139126783636295,-1.880664040407072
9705.737163266,-2.7148897092263007,2.139126783636295,-1.880664040407072
9705.737771435,-2.7186293913048463,2.1341714627343094,-1.8666992871596881
9705.747872302,-2.7186293913048463,2.1341714627343094,-1.8666992871596881
9705.758223371,-2.7186293913048463,2.1341714627343094,-1.8666992871596881
9705.765680104,-2.7186293913048463,2.1341714627343094,-1.8666992871596881
9705.77381092,-2.7186293913048463,2.1341714627343094,-1.8666992871596881
9705.785773964,-2.7186293913048463,2.1341714627343094,-1.8666992871596881
9705.806788282,-2.7186293913048463,2.1341714627343094,-1.8666992871596881
9705.808275491,-2.7186293913048463,2.1341714627343094,-1.8666992871596881
9705.824378714,-2.7186293913048463,2.1341714627343094,-1.8666992871596881
9705.82519721,-2.7186293913048463,2.1341714627343094,-1.8666992871596881
9705.836023157,-2.7186293913048463,2.1341714627343094,-1.8666992871596881
9705.837779964,-2.7216891418795983,2.1297927065610467,-1.8502531139121623
9705.841380455,-2.7216891418795983,2.1297927065610467,-1.8502531139121623
9705.846199686,-2.7224059769519027,2.1272598799405427,-1.8429493991599661
9705.857030221,-2.7224059769519027,2.1272598799405427,-1.8429493991599661
9705.867349751,-2.7224059769519027,2.1272598799405427,-1.8429493991599661
9705.875498071,-2.7224059769519027,2.1272598799405427,-1.8429493991599661
9705.889599533,-2.7224059769519027,2.1272598799405427,-1.8429493991599661
9705.898268846,-2.7224059769519027,2.1272598799405427,-1.8429493991599661
9705.901482696,-2.7224059769519027,2.1272598799405427,-1.8429493991599661
9705.903730481,-2.7224059769519027,2.1272598799405427,-1.8429493991599661
9705.904823806,-2.7224059769519027,2.1272598799405427,-1.8429493991599661
9705.906432194,-2.7224059769519027,2.1272598799405427,-1.8429493991599661
9705.90685904,-2.7228883442369596,2.125502509149155,-1.8344130603538134
9705.908031474,-2.7228883442369596,2.125502509149155,-1.8344130603538134
9705.91003587,-2.7228883442369596,2.125502509149155,-1.8344130603538134
9705.921741978,-2.7228883442369596,2.125502509149155,-1.8344130603538134
9705.931696839,-2.7228883442369596,2.125502509149155,-1.8344130603538134
9705.94044443,-2.7233418261398246,2.1237636088503513,-1.817389020131646
9705.943227867,-2.7233418261398246,2.1237636088503513,-1.817389020131646
9705.953796538,-2.7233418261398246,2.1237636088503513,-1.817389020131646
9705.96100438,-2.7233418261398246,2.1237636088503513,-1.817389020131646
9705.979817652,-2.7233418261398246,2.1237636088503513,-1.817389020131646
9705.991181985,-2.7233418261398246,2.1237636088503513,-1.817389020131646
9706.006028304,-2.7233418261398246,2.1237636088503513,-1.817389020131646
9706.006993818,-2.7233418261398246,2.1237636088503513,-1.817389020131646
9706.009849771,-2.7233418261398246,2.1237636088503513,-1.817389020131646
9706.010651866,-2.7233418261398246,2.1237636088503513,-1.817389020131646
9706.017623032,-2.7233418261398246,2.1237636088503513,-1.817389020131646
9706.018165868,-2.723966931016554,2.1212065974887198,-1.8037324039207079
9706.024829944,-2.723966931016554,2.1212065974887198,-1.8037324039207079
9706.029997413,-2.7243445910951523,2.1195533689127326,-1.7870287982688533
9706.034722327,-2.7243445910951523,2.1195533689127326,-1.7870287982688533
9706.043579174,-2.7243445910951523,2.1195533689127326,-1.7870287982688533
9706.053922619,-2.7243445910951523,2.1195533689127326,-1.7870287982688533
9706.059996661,-2.7243445910951523,2.1195533689127326,-1.7870287982688533
9706.07386859,-2.7243445910951523,2.1195533689127326,-1.7870287982688533
9706.082198622,-2.7243445910951523,2.1195533689127326,-1.7870287982688533
9706.089950343,-2.7243445910951523,2.1195533689127326,-1.7870287982688533
9706.090837278,-2.724702338991043,2.1178181145857353,-1.7611956683860397
9706.095770294,-2.724702338991043,2.1178181145857353,-1.7611956683860397
9706.098225391,-2.724702338991043,2.1178181145857353,-1.7611956683860397
9706.101436402,-2.724702338991043,2.1178181145857353,-1.7611956683860397
9706.116589975,-2.724702338991043,2.1178181145857353,-1.7611956683860397
9706.122831994,-2.724702338991043,2.1178181145857353,-1.7611956683860397
9706.134602835,-2.724702338991043,2.1178181145857353,-1.7611956683860397
9706.136352679,-2.725169777539059,2.115279094202506,-1.7445235339866263
9706.144672192,-2.725169777539059,2.115279094202506,-1.7445235339866263
9706.154819847,-2.725169777539059,2.115279094202506,-1.7445235339866263
9706.165709334,-2.725169777539059,2.115279094202506,-1.7445235339866263
9706.170653922,-2.725169777539059,2.115279094202506,-1.7445235339866263
9706.182026731,-2.725169777539059,2.115279094202506,-1.7445235339866263
9706.191417336,-2.725169777539059,2.115279094202506,-1.7445235339866263
9706.194397582,-2.725169777539059,2.115279094202506,-1.7445235339866263
9706.196130485,-2.7254365532855123,2.11363002820678,-1.7178378192649455
9706.198722931,-2.7254365532855123,2.11363002820678,-1.7178378192649455
9706.203035175,-2.7254365532855123,2.11363002820678,-1.7178378192649455
9706.216970327,-2.7254365532855123,2.11363002820678,-1.7178378192649455
9706.223980797,-2.7254365532855123,2.11363002820678,-1.7178378192649455
9706.235396193,-2.7254365532855123,2.11363002820678,-1.7178378192649455
9706.237178399,-2.7257894553817845,2.111098124703147,-1.700734624074517
9706.245622691,-2.7257894553817845,2.111098124703147,-1.700734624074517
9706.252824663,-2.7257894553817845,2.111098124703147,-1.700734624074517
9706.262314816,-2.7257894553817845,2.111098124703147,-1.700734624074517
9706.271925697,-2.7257894553817845,2.111098124703147,-1.700734624074517
9706.282565011,-2.7257894553817845,2.111098124703147,-1.700734624074517
9706.285526985,-2.7257894553817845,2.111098124703147,-1.700734624074517
9706.286591546,-2.725976406670972,2.1095655332420633,-1.683626183675347
9706.289926293,-2.725976406670972,2.1095655332420633,-1.683626183675347
9706.290454912,-2.725976406670972,2.1095655332420633,-1.683626183675347
9706.300764423,-2.725976406670972,2.1095655332420633,-1.683626183675347
9706.314927893,-2.725976406670972,2.1095655332420633,-1.683626183675347
9706.327874644,-2.725976406670972,2.1095655332420633,-1.683626183675347
9706.332604748,-2.725976406670972,2.1095655332420633,-1.683626183675347
9706.339497406,-2.726127000313295,2.108079815394217,-1.6599981872306449
9706.342355193,-2.726127000313295,2.108079815394217,-1.6599981872306449
9706.352423719,-2.726127000313295,2.108079815394217,-1.6599981872306449
9706.362352611,-2.726127000313295,2.108079815394217,-1.6599981872306449
9706.371033035,-2.726127000313295,2.108079815394217,-1.6599981872306449
9706.384373771,-2.726127000313295,2.108079815394217,-1.6599981872306449
9706.385581722,-2.726127000313295,2.108079815394217,-1.6599981872306449
9706.386461083,-2.726285299558312,2.1061373320290273,-1.6442215530143347
9706.387640019,-2.726285299558312,2.1061373320290273,-1.6442215530143347
9706.401087156,-2.726285299558312,2.1061373320290273,-1.6442215530143347
9706.405533233,-2.726285299558312,2.1061373320290273,-1.6442215530143347
9706.411670464,-2.726285299558312,2.1061373320290273,-1.6442215530143347
9706.422906485,-2.726285299558312,2.1061373320290273,-1.6442215530143347
9706.435681392,-2.726285299558312,2.1061373320290273,-1.6442215530143347
9706.436442349,-2.7263668692369167,2.1048997937288694,-1.6290063945518118
9706.443009028,-2.7263668692369167,2.1048997937288694,-1.6290063945518118
9706.454991642,-2.7263668692369167,2.1048997937288694,-1.6290063945518118
9706.461333189,-2.7263668692369167,2.1048997937288694,-1.6290063945518118
9706.472202346,-2.7263668692369167,2.1048997937288694,-1.6290063945518118
9706.488744438,-2.7263668692369167,2.1048997937288694,-1.6290063945518118
9706.495089041,-2.7263668692369167,2.1048997937288694,-1.6290063945518118
9706.495938205,-2.7263668692369167,2.1048997937288694,-1.6290063945518118
9706.497324984,-2.72662028559827,2.1029134357549677,-1.6065643512543741
9706.49825984,-2.72662028559827,2.1029134357549677,-1.6065643512543741
9706.504760197,-2.72662028559827,2.1029134357549677,-1.6065643512543741
9706.51512048,-2.72662028559827,2.1029134357549677,-1.6065643512543741
9706.521371589,-2.72662028559827,2.1029134357549677,-1.6065643512543741
9706.534327568,-2.72662028559827,2.1029134357549677,-1.6065643512543741
9706.535389274,-2.727291139991744,2.0983868642514665,-1.5874307391326348
9706.546849027,-2.727291139991744,2.0983868642514665,-1.5874307391326348
9706.552333876,-2.727291139991744,2.0983868642514665,-1.5874307391326348
9706.56079192,-2.727291139991744,2.0983868642514665,-1.5874307391326348
9706.57208064,-2.727291139991744,2.0983868642514665,-1.5874307391326348
9706.583037911,-2.727291139991744,2.0983868642514665,-1.5874307391326348
9706.592393694,-2.727291139991744,2.0983868642514665,-1.5874307391326348
9706.599763202,-2.7277504157488996,2.0940245200396337,-1.568178628009828
9706.604927656,-2.7277504157488996,2.0940245200396337,-1.568178628009828
9706.605686116,-2.7277504157488996,2.0940245200396337,-1.568178628009828
9706.608626789,-2.7277504157488996,2.0940245200396337,-1.568178628009828
9706.617524186,-2.7277504157488996,2.0940245200396337,-1.568178628009828
9706.623367743,-2.7277504157488996,2.0940245200396337,-1.568178628009828
9706.635770898,-2.7277504157488996,2.0940245200396337,-1.568178628009828
9706.637128442,-2.727748981410624,2.0935183083444544,-1.5677470903816542
9706.641303938,-2.727748981410624,2.0935183083444544,-1.5677470903816542
9706.655745913,-2.727748981410624,2.0935183083444544,-1.5677470903816542
9706.663260586,-2.727748981410624,2.0935183083444544,-1.5677470903816542
9706.673285169,-2.727748981410624,2.0935183083444544,-1.5677470903816542
9706.684022918,-2.727748981410624,2.0935183083444544,-1.5677470903816542
9706.687748344,-2.7277488753666788,2.0934676870828017,-1.5696558695259415
9706.689064019,-2.7277488753666788,2.0934676870828017,-1.5696558695259415
9706.69293669,-2.7277488753666788,2.0934676870828017,-1.5696558695259415
9706.696627153,-2.7277488753666788,2.0934676870828017,-1.5696558695259415
9706.702123454,-2.7277488753666788,2.0934676870828017,-1.5696558695259415
9706.712326844,-2.7277488753666788,2.0934676870828017,-1.5696558695259415
9706.723843454,-2.7277488753666788,2.0934676870828017,-1.5696558695259415
9706.733241034,-2.7277488753666788,2.0934676870828017,-1.5696558695259415
9706.743846904,-2.7277488753666788,2.0934676870828017,-1.5696558695259415
9706.746884942,-2.727750115525551,2.0932398942813726,-1.5828251581611956
9706.754709459,-2.727750115525551,2.0932398942813726,-1.5828251581611956
9706.763293522,-2.727750115525551,2.0932398942813726,-1.5828251581611956
9706.771971481,-2.727750115525551,2.0932398942813726,-1.5828251581611956
9706.781760088,-2.727750115525551,2.0932398942813726,-1.5828251581611956
9706.783324102,-2.727750115525551,2.0932398942813726,-1.5828251581611956
9706.786763117,-2.7277567425719087,2.0929109221018205,-1.599051449817689
9706.793911158,-2.7277567425719087,2.0929109221018205,-1.599051449817689
9706.8027337,-2.7277567425719087,2.0929109221018205,-1.599051449817689
9706.805752441,-2.7277567425719087,2.0929109221018205,-1.599051449817689
9706.815373642,-2.7277567425719087,2.0929109221018205,-1.599051449817689
9706.822809746,-2.7277567425719087,2.0929109221018205,-1.599051449817689
9706.831990886,-2.7277567425719087,2.0929109221018205,-1.599051449817689
9706.833015381,-2.7277657734321834,2.0926833050068128,-1.621850941700014
9706.847270413,-2.7277657734321834,2.0926833050068128,-1.621850941700014
9706.852562338,-2.7277657734321834,2.0926833050068128,-1.621850941700014
9706.861193609,-2.7277657734321834,2.0926833050068128,-1.621850941700014
9706.877339954,-2.7277657734321834,2.0926833050068128,-1.621850941700014
9706.882107638,-2.7277657734321834,2.0926833050068128,-1.621850941700014
9706.889116325,-2.727777066354416,2.0925318613529442,-1.668603156131777
9706.891218205,-2.727777066354416,2.0925318613529442,-1.668603156131777
9706.891892909,-2.727777066354416,2.0925318613529442,-1.668603156131777
9706.892670568,-2.727777066354416,2.0925318613529442,-1.668603156131777
9706.904349141,-2.727777066354416,2.0925318613529442,-1.668603156131777
9706.911852395,-2.727777066354416,2.0925318613529442,-1.668603156131777
9706.921557254,-2.727777066354416,2.0925318613529442,-1.668603156131777
9706.930183406,-2.7277916435293186,2.0924061502672124,-1.703873847049745
9706.940285726,-2.7277916435293186,2.0924061502672124,-1.703873847049745
9706.942770208,-2.7277916435293186,2.0924061502672124,-1.703873847049745
9706.952474426,-2.7277916435293186,2.0924061502672124,-1.703873847049745
9706.964669337,-2.7277916435293186,2.0924061502672124,-1.703873847049745
9706.971109681,-2.7277916435293186,2.0924061502672124,-1.703873847049745
9706.983229651,-2.7277916435293186,2.0924061502672124,-1.703873847049745
9706.98438864,-2.727787777994924,2.0924311640331825,-1.74436566643146
9706.985117617,-2.727787777994924,2.0924311640331825,-1.74436566643146
9706.994419454,-2.727787777994924,2.0924311640331825,-1.74436566643146
9707.002858092,-2.727787777994924,2.0924311640331825,-1.74436566643146
9707.014635445,-2.727787777994924,2.0924311640331825,-1.74436566643146
9707.024083819,-2.727787777994924,2.0924311640331825,-1.74436566643146
9707.033753552,-2.727787777994924,2.0924311640331825,-1.74436566643146
9707.034816089,-2.7277622022377632,2.0925551061638306,-1.8042192202034322
9707.044111785,-2.7277622022377632,2.0925551061638306,-1.8042192202034322
9707.045057321,-2.7277622022377632,2.0925551061638306,-1.8042192202034322
9707.057850733,-2.7277622022377632,2.0925551061638306,-1.8042192202034322
9707.06251939,-2.7277622022377632,2.0925551061638306,-1.8042192202034322
9707.073378158,-2.7277622022377632,2.0925551061638306,-1.8042192202034322
9707.083567983,-2.7277558513038747,2.0925796071124427,-1.8446325998726205
9707.084204565,-2.7277558513038747,2.0925796071124427,-1.8446325998726205
9707.087680119,-2.7277558513038747,2.0925796071124427,-1.8446325998726205
9707.093008122,-2.7277558513038747,2.0925796071124427,-1.8446325998726205
9707.103869355,-2.7277558513038747,2.0925796071124427,-1.8446325998726205
9707.117796819,-2.7277558513038747,2.0925796071124427,-1.8446325998726205
9707.120873129,-2.7277558513038747,2.0925796071124427,-1.8446325998726205
9707.139976665,-2.7277558513038747,2.0925796071124427,-1.8446325998726205
9707.14470024,-2.7277558513038747,2.0925796071124427,-1.8446325998726205
9707.147418543,-2.727748218517539,2.0926037394852424,-1.9096247892799687
9707.154436608,-2.727748218517539,2.0926037394852424,-1.9096247892799687
9707.155177777,-2.727748218517539,2.0926037394852424,-1.9096247892799687
9707.163132431,-2.727748218517539,2.0926037394852424,-1.9096247892799687
9707.170847222,-2.727748218517539,2.0926037394852424,-1.9096247892799687
9707.183009612,-2.727748218517539,2.0926037394852424,-1.9096247892799687
9707.188198161,-2.7276947577027286,2.092745882552851,-1.9514472227516495
9707.189011227,-2.7276947577027286,2.092745882552851,-1.9514472227516495
9707.194526153,-2.7276947577027286,2.092745882552851,-1.9514472227516495
9707.197591442,-2.7276947577027286,2.092745882552851,-1.9514472227516495
9707.205874315,-2.7276947577027286,2.092745882552851,-1.9514472227516495
9707.214299307,-2.7276947577027286,2.092745882552851,-1.9514472227516495
9707.222251325,-2.7276947577027286,2.092745882552851,-1.9514472227516495
9707.229650069,-2.7276947577027286,2.092745882552851,-1.9930425625267347
9707.234745051,-2.7276947577027286,2.092745882552851,-1.9930425625267347
9707.242299519,-2.7276947577027286,2.092745882552851,-1.9930425625267347
9707.253724196,-2.7276947577027286,2.092745882552851,-1.9930425625267347
9707.260928122,-2.7276947577027286,2.092745882552851,-1.9930425625267347
9707.273683933,-2.7276947577027286,2.092745882552851,-1.9930425625267347
9707.281491178,-2.7276947577027286,2.092745882552851,-1.9930425625267347
9707.288217772,-2.7276947577027286,2.092745882552851,-1.9930425625267347
9707.291795426,-2.7276504821076335,2.092836930700474,-2.053785536808047
9707.29767298,-2.7276504821076335,2.092836930700474,-2.053785536808047
9707.303868741,-2.7276504821076335,2.092836930700474,-2.053785536808047
9707.314591402,-2.7276504821076335,2.092836930700474,-2.053785536808047
9707.326411727,-2.7276504821076335,2.092836930700474,-2.053785536808047
9707.343970579,-2.7276504821076335,2.092836930700474,-2.053785536808047
9707.352490239,-2.7276504821076335,2.092836930700474,-2.053785536808047
9707.354605515,-2.7276504821076335,2.092836930700474,-2.053785536808047
9707.360688834,-2.7276504821076335,2.092836930700474,-2.053785536808047
9707.362935978,-2.7276260504752656,2.0928812659992384,-2.0951281528892833
9707.366904373,-2.7276260504752656,2.0928812659992384,-2.0951281528892833
9707.374114971,-2.7276260504752656,2.0928812659992384,-2.0951281528892833
9707.381469661,-2.7276260504752656,2.0928812659992384,-2.0951281528892833
9707.388212866,-2.7276260504752656,2.0928812659992384,-2.1587066393318493
9707.394448092,-2.7276260504752656,2.0928812659992384,-2.1587066393318493
9707.397699213,-2.7276260504752656,2.0928812659992384,-2.1587066393318493
9707.398611396,-2.7276260504752656,2.0928812659992384,-2.1587066393318493
9707.402652598,-2.7276260504752656,2.0928812659992384,-2.1587066393318493
9707.411173922,-2.7276260504752656,2.0928812659992384,-2.1587066393318493
9707.423834493,-2.7276260504752656,2.0928812659992384,-2.1587066393318493
9707.428858712,-2.727553685105023,2.0929850880792293,-2.2003233175697643
9707.432112187,-2.727553685105023,2.0929850880792293,-2.2003233175697643
9707.443595695,-2.727553685105023,2.0929850880792293,-2.2003233175697643
9707.453814685,-2.727553685105023,2.0929850880792293,-2.2003233175697643
9707.461139819,-2.727553685105023,2.0929850880792293,-2.2003233175697643
9707.470546615,-2.727553685105023,2.0929850880792293,-2.2003233175697643
9707.482302858,-2.727553685105023,2.0929850880792293,-2.2003233175697643
9707.490776452,-2.727553685105023,2.0929850880792293,-2.2003233175697643
9707.49208856,-2.727538173820224,2.0930050888514153,-2.2605569105568253
9707.495115617,-2.727538173820224,2.0930050888514153,-2.2605569105568253
9707.503353907,-2.727538173820224,2.0930050888514153,-2.2605569105568253
9707.504512214,-2.727538173820224,2.0930050888514153,-2.2605569105568253
9707.516801795,-2.727538173820224,2.0930050888514153,-2.2605569105568253
9707.522880966,-2.727538173820224,2.0930050888514153,-2.2605569105568253
9707.53293258,-2.727538173820224,2.0930050888514153,-2.2605569105568253
9707.533777095,-2.7275051730570445,2.093043474695241,-2.301246378940614
9707.54148908,-2.7275051730570445,2.093043474695241,-2.301246378940614
9707.553414192,-2.7275051730570445,2.093043474695241,-2.301246378940614
9707.560266163,-2.7275051730570445,2.093043474695241,-2.301246378940614
9707.571184865,-2.7275051730570445,2.093043474695241,-2.301246378940614
9707.586004804,-2.7275051730570445,2.093043474695241,-2.301246378940614
9707.588947772,-2.7275051730570445,2.093043474695241,-2.301246378940614
9707.590241776,-2.7275051730570445,2.093043474695241,-2.3438772898140265
9707.594348703,-2.7275051730570445,2.093043474695241,-2.3438772898140265
9707.601347752,-2.7275051730570445,2.093043474695241,-2.3438772898140265
9707.617285161,-2.7275051730570445,2.093043474695241,-2.3438772898140265
9707.622196557,-2.7275051730570445,2.093043474695241,-2.3438772898140265
9707.637477808,-2.7275051730570445,2.093043474695241,-2.3438772898140265
9707.638521519,-2.7275051730570445,2.093043474695241,-2.3438772898140265
9707.642485626,-2.7275051730570445,2.093043474695241,-2.3438772898140265
9707.64312862,-2.7306938799019527,2.095936920841668,-2.4069605373389718
9707.653058113,-2.7306938799019527,2.095936920841668,-2.4069605373389718
9707.661543389,-2.7306938799019527,2.095936920841668,-2.4069605373389718
9707.673029883,-2.7306938799019527,2.095936920841668,-2.4069605373389718
9707.685718036,-2.7306938799019527,2.095936920841668,-2.4069605373389718
9707.68709168,-2.7348457345840966,2.0995339410727007,-2.453357640907337
9707.689316582,-2.7348457345840966,2.0995339410727007,-2.453357640907337
9707.693647923,-2.7348457345840966,2.0995339410727007,-2.453357640907337
9707.702760353,-2.7348457345840966,2.0995339410727007,-2.453357640907337
9707.711799104,-2.7348457345840966,2.0995339410727007,-2.453357640907337
9707.723088525,-2.7348457345840966,2.0995339410727007,-2.453357640907337
9707.733629283,-2.7348457345840966,2.0995339410727007,-2.453357640907337
9707.742195872,-2.735200893643804,2.0998771269960734,-2.513564559306853
9707.745326625,-2.735200893643804,2.0998771269960734,-2.513564559306853
9707.752036848,-2.735200893643804,2.0998771269960734,-2.513564559306853
9707.7576825,-2.735200893643804,2.0998771269960734,-2.513564559306853
9707.76194482,-2.735200893643804,2.0998771269960734,-2.513564559306853
9707.775980068,-2.735200893643804,2.0998771269960734,-2.513564559306853
9707.781861025,-2.735200893643804,2.0998771269960734,-2.513564559306853
9707.787012314,-2.7351593201214968,2.0999060089215558,-2.555274697627776
9707.789438576,-2.7351593201214968,2.0999060089215558,-2.555274697627776
9707.798735394,-2.7351593201214968,2.0999060089215558,-2.555274697627776
9707.801765517,-2.7351593201214968,2.0999060089215558,-2.555274697627776
9707.816732855,-2.7351593201214968,2.0999060089215558,-2.555274697627776
9707.825205507,-2.7351593201214968,2.0999060089215558,-2.555274697627776
9707.828705216,-2.735354530446843,2.0984964064334535,-2.5977554915621197
9707.830828256,-2.735354530446843,2.0984964064334535,-2.5977554915621197
9707.833048659,-2.735354530446843,2.0984964064334535,-2.5977554915621197
9707.84730242,-2.735354530446843,2.0984964064334535,-2.5977554915621197
9707.852464579,-2.735354530446843,2.0984964064334535,-2.5977554915621197
9707.86056608,-2.735354530446843,2.0984964064334535,-2.5977554915621197
9707.871376577,-2.735354530446843,2.0984964064334535,-2.5977554915621197
9707.881496019,-2.735354530446843,2.0984964064334535,-2.5977554915621197
9707.891059471,-2.735354530446843,2.0984964064334535,-2.5977554915621197
9707.892603878,-2.735354530446843,2.0984964064334535,-2.5977554915621197
9707.893152544,-2.735354530446843,2.0984964064334535,-2.5977554915621197
9707.893940903,-2.7354851631142743,2.0965744832191135,-2.6626145607508116
9707.900920835,-2.7354851631142743,2.0965744832191135,-2.6626145607508116
9707.910442629,-2.7354851631142743,2.0965744832191135,-2.6626145607508116
9707.921593388,-2.7354851631142743,2.0965744832191135,-2.6626145607508116
9707.93248065,-2.7354851631142743,2.0965744832191135,-2.6626145607508116
9707.933615183,-2.735575948086659,2.0965296704720906,-2.7035189634836607
9707.943405403,-2.735575948086659,2.0965296704720906,-2.7035189634836607
9707.951665554,-2.735575948086659,2.0965296704720906,-2.7035189634836607
9707.962981355,-2.735575948086659,2.0965296704720906,-2.7035189634836607
9707.972966824,-2.735575948086659,2.0965296704720906,-2.7035189634836607
9707.981496784,-2.735575948086659,2.0965296704720906,-2.7035189634836607
9707.983065767,-2.73562219515658,2.0965090857228748,-2.7421166664637027
9707.989789827,-2.73562219515658,2.0965090857228748,-2.7421166664637027
9707.991828737,-2.73562219515658,2.0965090857228748,-2.7421166664637027
9708.00386506,-2.73562219515658,2.0965090857228748,-2.7421166664637027
9708.012558959,-2.73562219515658,2.0965090857228748,-2.7421166664637027
9708.02474787,-2.73562219515658,2.0965090857228748,-2.7421166664637027
9708.032897341,-2.73562219515658,2.0965090857228748,-2.7421166664637027
9708.035213926,-2.7357638366733514,2.0964543098968518,-2.8030540710962706
9708.042885695,-2.7357638366733514,2.0964543098968518,-2.8030540710962706
9708.053214503,-2.7357638366733514,2.0964543098968518,-2.8030540710962706
9708.053751016,-2.7357638366733514,2.0964543098968518,-2.8030540710962706
9708.066729568,-2.7357638366733514,2.0964543098968518,-2.8030540710962706
9708.073509623,-2.7357638366733514,2.0964543098968518,-2.8030540710962706
9708.08247732,-2.7357638366733514,2.0964543098968518,-2.8030540710962706
9708.08473866,-2.7359320560798293,2.096398693868155,-2.8415252930200987
9708.08526267,-2.7359320560798293,2.096398693868155,-2.8415252930200987
9708.093835421,-2.7359320560798293,2.096398693868155,-2.8415252930200987
9708.103728375,-2.7359320560798293,2.096398693868155,-2.8415252930200987
9708.115729351,-2.7359320560798293,2.096398693868155,-2.8415252930200987
9708.125469787,-2.7359320560798293,2.096398693868155,-2.8415252930200987
9708.132165382,-2.7359320560798293,2.096398693868155,-2.8415252930200987
9708.137350024,-2.7412406220491463,2.095369449746101,-2.8922521644466332
9708.142900307,-2.7412406220491463,2.095369449746101,-2.8922521644466332
9708.149477609,-2.7412406220491463,2.095369449746101,-2.8922521644466332
9708.157201984,-2.7412406220491463,2.095369449746101,-2.8922521644466332
9708.161885733,-2.7412406220491463,2.095369449746101,-2.8922521644466332
9708.172159036,-2.7412406220491463,2.095369449746101,-2.8922521644466332
9708.183713437,-2.7412406220491463,2.095369449746101,-2.8922521644466332
9708.189762532,-2.748261614169568,2.0938965245817305,-2.925640291280536
9708.190939155,-2.748261614169568,2.0938965245817305,-2.925640291280536
9708.195483367,-2.748261614169568,2.0938965245817305,-2.925640291280536
9708.204416058,-2.748261614169568,2.0938965245817305,-2.925640291280536
9708.216888865,-2.748261614169568,2.0938965245817305,-2.925640291280536
9708.222821659,-2.748261614169568,2.0938965245817305,-2.925640291280536
9708.240846732,-2.748261614169568,2.0938965245817305,-2.925640291280536
9708.250648103,-2.748261614169568,2.0938965245817305,-2.925640291280536
9708.252760543,-2.748261614169568,2.0938965245817305,-2.925640291280536
9708.257528288,-2.748261614169568,2.0938965245817305,-2.925640291280536
9708.258030496,-2.748681529380427,2.09380548390316,-2.963660157084598
9708.26434936,-2.748681529380427,2.09380548390316,-2.963660157084598
9708.274401335,-2.748681529380427,2.09380548390316,-2.963660157084598
9708.282830674,-2.748681529380427,2.09380548390316,-2.963660157084598
9708.299674015,-2.748681529380427,2.09380548390316,-2.963660157084598
9708.303871183,-2.748681529380427,2.09380548390316,-2.963660157084598
9708.304863437,-2.748856772877624,2.093779395053935,-3.0239519838096043
9708.305731195,-2.748856772877624,2.093779395053935,-3.0239519838096043
9708.317399633,-2.748856772877624,2.093779395053935,-3.0239519838096043
9708.32166564,-2.748856772877624,2.093779395053935,-3.0239519838096043
9708.332997642,-2.748856772877624,2.093779395053935,-3.0239519838096043
9708.33418806,-2.748856772877624,2.093779395053935,-3.0239519838096043
9708.335299108,-2.748982729107942,2.093767115023477,-3.0648587707282444
9708.343938104,-2.748982729107942,2.093767115023477,-3.0648587707282444
9708.353335372,-2.748982729107942,2.093767115023477,-3.0648587707282444
9708.36289125,-2.748982729107942,2.093767115023477,-3.0648587707282444
9708.372283959,-2.748982729107942,2.093767115023477,-3.0648587707282444
9708.381786884,-2.748982729107942,2.093767115023477,-3.0648587707282444
9708.384619684,-2.748982729107942,2.093767115023477,-3.0648587707282444
9708.385577924,-2.7491596073961975,2.0937568689262913,-3.1026010874511143
9708.393345103,-2.7491596073961975,2.0937568689262913,-3.1026010874511143
9708.404624489,-2.7491596073961975,2.0937568689262913,-3.1026010874511143
9708.417823363,-2.7491596073961975,2.0937568689262913,-3.1026010874511143
9708.429860721,-2.7491596073961975,2.0937568689262913,-3.1026010874511143
9708.437754118,-2.7491596073961975,2.0937568689262913,-3.1026010874511143
9708.44193225,-2.7558485122314647,2.0882438158240633,3.13345522579225
9708.446756872,-2.7558485122314647,2.0882438158240633,3.13345522579225
9708.447912013,-2.7558485122314647,2.0882438158240633,3.13345522579225
9708.450749101,-2.7558485122314647,2.0882438158240633,3.13345522579225
9708.46386353,-2.7558485122314647,2.0882438158240633,3.13345522579225
9708.47198229,-2.7558485122314647,2.0882438158240633,3.13345522579225
9708.485761106,-2.7558485122314647,2.0882438158240633,3.13345522579225
9708.486840384,-2.7640011623342744,2.080837733285961,3.1104363039230236
9708.49166177,-2.7640011623342744,2.080837733285961,3.1104363039230236
9708.496829761,-2.7640011623342744,2.080837733285961,3.1104363039230236
9708.504224377,-2.7640011623342744,2.080837733285961,3.1104363039230236
9708.517086288,-2.7640011623342744,2.080837733285961,3.1104363039230236
9708.522419351,-2.7640011623342744,2.080837733285961,3.1104363039230236
9708.528824808,-2.764805486487801,2.080046254043026,3.0780283514396984
9708.533270104,-2.764805486487801,2.080046254043026,3.0780283514396984
9708.5411415,-2.764805486487801,2.080046254043026,3.0780283514396984
9708.550160363,-2.764805486487801,2.080046254043026,3.0780283514396984
9708.552126847,-2.764805486487801,2.080046254043026,3.0780283514396984
9708.566354528,-2.764805486487801,2.080046254043026,3.0780283514396984
9708.572531474,-2.764805486487801,2.080046254043026,3.0780283514396984
9708.584953936,-2.764805486487801,2.080046254043026,3.0780283514396984
9708.590285414,-2.764803818410457,2.080182725295048,3.0359753616021066
9708.595089278,-2.764803818410457,2.080182725295048,3.0359753616021066
9708.599888522,-2.764803818410457,2.080182725295048,3.0359753616021066
9708.601387533,-2.764803818410457,2.080182725295048,3.0359753616021066
9708.605316894,-2.764803818410457,2.080182725295048,3.0359753616021066
9708.615308454,-2.764803818410457,2.080182725295048,3.0359753616021066
9708.624352956,-2.764803818410457,2.080182725295048,3.0359753616021066
9708.631871867,-2.764803818410457,2.080182725295048,3.0359753616021066
9708.632940765,-2.764115690779867,2.0836061122686664,3.0158303877029398
9708.646037961,-2.764115690779867,2.0836061122686664,3.0158303877029398
9708.654822392,-2.764115690779867,2.0836061122686664,3.0158303877029398
9708.661959221,-2.764115690779867,2.0836061122686664,3.0158303877029398
9708.672509386,-2.764115690779867,2.0836061122686664,3.0158303877029398
9708.682202283,-2.764115690779867,2.0836061122686664,3.0158303877029398
9708.683220466,-2.7631065837134487,2.0880716429062947,2.9979673767042856
9708.68449874,-2.7631065837134487,2.0880716429062947,2.9979673767042856
9708.693327595,-2.7631065837134487,2.0880716429062947,2.9979673767042856
9708.703286443,-2.7631065837134487,2.0880716429062947,2.9979673767042856
9708.711884151,-2.7631065837134487,2.0880716429062947,2.9979673767042856
9708.721849692,-2.7631065837134487,2.0880716429062947,2.9979673767042856
9708.735229843,-2.7631065837134487,2.0880716429062947,2.9979673767042856
9708.741217338,-2.7631065837134487,2.0880716429062947,2.9979673767042856
9708.743045574,-2.7627581622511137,2.0893983913337024,2.990653499664943
9708.74917517,-2.7627581622511137,2.0893983913337024,2.990653499664943
9708.753568117,-2.7627581622511137,2.0893983913337024,2.990653499664943
9708.762253761,-2.7627581622511137,2.0893983913337024,2.990653499664943
9708.771272474,-2.7627581622511137,2.0893983913337024,2.990653499664943
9708.782349114,-2.7627581622511137,2.0893983913337024,2.990653499664943
9708.786659625,-2.7627581622511133,2.0893983913337024,2.9884769764563255
9708.787256482,-2.7627581622511133,2.0893983913337024,2.9884769764563255
9708.791058192,-2.7627581622511133,2.0893983913337024,2.9884769764563255
9708.803142745,-2.7627581622511133,2.0893983913337024,2.9884769764563255
9708.810820826,-2.7627581622511133,2.0893983913337024,2.9884769764563255
9708.822871696,-2.7627581622511133,2.0893983913337024,2.9884769764563255
9708.832417966,-2.7627581622511133,2.0893983913337024,2.9884769764563255
9708.833585581,-2.7627081282224912,2.0893907024224347,2.989746734203975
9708.843421407,-2.7627081282224912,2.0893907024224347,2.989746734203975
9708.844942059,-2.7627081282224912,2.0893907024224347,2.989746734203975
9708.852802114,-2.7627081282224912,2.0893907024224347,2.989746734203975
9708.862954718,-2.7627081282224912,2.0893907024224347,2.989746734203975
9708.871867519,-2.7627081282224912,2.0893907024224347,2.989746734203975
9708.881140755,-2.7627081282224912,2.0893907024224347,2.989746734203975
9708.884973704,-2.7626580619181302,2.0893832265583168,2.9969903078695945
9708.886331228,-2.7626580619181302,2.0893832265583168,2.9969903078695945
9708.89676853,-2.7626580619181302,2.0893832265583168,2.9969903078695945
9708.902588933,-2.7626580619181302,2.0893832265583168,2.9969903078695945
9708.914620066,-2.7626580619181302,2.0893832265583168,2.9969903078695945
9708.923058583,-2.7626580619181302,2.0893832265583168,2.9969903078695945
9708.932028033,-2.7637461985726786,2.089821756473928,3.0170417424014904
9708.936147473,-2.7637461985726786,2.089821756473928,3.0170417424014904
9708.939530773,-2.7637461985726786,2.089821756473928,3.0170417424014904
9708.948945584,-2.7637461985726786,2.089821756473928,3.0170417424014904
9708.953657844,-2.7637461985726786,2.089821756473928,3.0170417424014904
9708.961005351,-2.7637461985726786,2.089821756473928,3.0170417424014904
9708.97238328,-2.7637461985726786,2.089821756473928,3.0170417424014904
9708.984534549,-2.7637461985726786,2.089821756473928,3.0170417424014904
9708.990070184,-2.7655260924742042,2.090354233187818,3.0602454152362957
9708.992767368,-2.7655260924742042,2.090354233187818,3.0602454152362957
9708.993300585,-2.7655260924742042,2.090354233187818,3.0602454152362957
9708.995174404,-2.7655260924742042,2.090354233187818,3.0602454152362957
9709.002698665,-2.7655260924742042,2.090354233187818,3.0602454152362957
9709.01542986,-2.7655260924742042,2.090354233187818,3.0602454152362957
9709.020551903,-2.7655260924742042,2.090354233187818,3.0602454152362957
9709.028839455,-2.765551343338304,2.090355972356119,3.085405906702818
9709.033163792,-2.765551343338304,2.090355972356119,3.085405906702818
9709.043320855,-2.765551343338304,2.090355972356119,3.085405906702818
9709.055679306,-2.765551343338304,2.090355972356119,3.085405906702818
9709.059002322,-2.765551343338304,2.090355972356119,3.085405906702818
9709.07224359,-2.765551343338304,2.090355972356119,3.085405906702818
9709.083036203,-2.765551343338304,2.090355972356119,3.085405906702818
9709.093590717,-2.765551343338304,2.090355972356119,3.085405906702818
9709.095695783,-2.765551343338304,2.090355972356119,3.085405906702818
9709.096570755,-2.765551343338304,2.090355972356119,3.127860924269499
9709.100654658,-2.765551343338304,2.090355972356119,3.127860924269499
9709.111744433,-2.765551343338304,2.090355972356119,3.127860924269499
9709.12400588,-2.765551343338304,2.090355972356119,3.127860924269499
9709.132819435,-2.765551343338304,2.090355972356119,3.127860924269499
9709.133939922,-2.765551343338304,2.090355972356119,3.127860924269499
9709.134621569,-2.7656019646595347,2.090355900151959,-3.125008208879784
9709.144664366,-2.7656019646595347,2.090355900151959,-3.125008208879784
9709.155675182,-2.7656019646595347,2.090355900151959,-3.125008208879784
9709.161667028,-2.7656019646595347,2.090355900151959,-3.125008208879784
9709.172292947,-2.7656019646595347,2.090355900151959,-3.125008208879784
9709.190444699,-2.7656019646595347,2.090355900151959,-3.125008208879784
9709.191279195,-2.7656019646595356,2.090355900151959,-3.09652046693261
9709.194615295,-2.7656019646595356,2.090355900151959,-3.09652046693261
9709.196164221,-2.7656019646595356,2.090355900151959,-3.09652046693261
9709.20413269,-2.7656019646595356,2.090355900151959,-3.09652046693261
9709.20998869,-2.7656019646595356,2.090355900151959,-3.09652046693261
9709.223531958,-2.7656019646595356,2.090355900151959,-3.09652046693261
9709.240712617,-2.7656019646595356,2.090355900151959,-3.09652046693261
9709.241499974,-2.7655514600782443,2.090359336813899,-3.050781233438805
9709.244339674,-2.7655514600782443,2.090359336813899,-3.050781233438805
9709.245476344,-2.7655514600782443,2.090359336813899,-3.050781233438805
9709.254558927,-2.7655514600782443,2.090359336813899,-3.050781233438805
9709.26147562,-2.7655514600782443,2.090359336813899,-3.050781233438805
9709.271790592,-2.7655514600782443,2.090359336813899,-3.050781233438805
9709.286267072,-2.7655514600782443,2.090359336813899,-3.050781233438805
9709.287410452,-2.7655514600782443,2.090359336813899,-3.050781233438805
9709.288131634,-2.7655514600782443,2.090359336813899,-3.024472100862816
9709.296973042,-2.7655514600782443,2.090359336813899,-3.024472100862816
9709.302203501,-2.7655514600782443,2.090359336813899,-3.024472100862816
9709.313427208,-2.7655514600782443,2.090359336813899,-3.024472100862816
9709.323383302,-2.7655514600782443,2.090359336813899,-3.024472100862816
9709.327918898,-2.765576555242612,2.090356040820949,-2.9975286556571277
9709.332247262,-2.765576555242612,2.090356040820949,-2.9975286556571277
9709.333837726,-2.765576555242612,2.090356040820949,-2.9975286556571277
9709.351023912,-2.765576555242612,2.090356040820949,-2.9975286556571277
9709.355126202,-2.765576555242612,2.090356040820949,-2.9975286556571277
9709.362338183,-2.765576555242612,2.090356040820949,-2.9975286556571277
9709.370317062,-2.765576555242612,2.090356040820949,-2.9975286556571277
9709.384263873,-2.765576555242612,2.090356040820949,-2.9975286556571277
9709.387316218,-2.7656015243640106,2.09035189669007,-2.956714673170403
9709.389318249,-2.7656015243640106,2.09035189669007,-2.956714673170403
9709.393922575,-2.7656015243640106,2.09035189669007,-2.956714673170403
9709.404828853,-2.7656015243640106,2.09035189669007,-2.956714673170403
9709.415416609,-2.7656015243640106,2.09035189669007,-2.956714673170403
9709.421710957,-2.7656015243640106,2.09035189669007,-2.956714673170403
9709.433541501,-2.7656015243640106,2.09035189669007,-2.956714673170403
9709.43466344,-2.7656015243640106,2.09035189669007,-2.956714673170403
9709.43538395,-2.76562632507832,2.0903468414537825,-2.924311323293999
9709.446838314,-2.76562632507832,2.0903468414537825,-2.924311323293999
9709.453752161,-2.76562632507832,2.0903468414537825,-2.924311323293999
9709.462662109,-2.76562632507832,2.0903468414537825,-2.924311323293999
9709.472679048,-2.76562632507832,2.0903468414537825,-2.924311323293999
9709.487122456,-2.76562632507832,2.0903468414537825,-2.924311323293999
9709.488206714,-2.76562632507832,2.0903468414537825,-2.924311323293999
9709.492866935,-2.7655771873015205,2.090359007072051,-2.873471183904961
9709.498681407,-2.7655771873015205,2.090359007072051,-2.873471183904961
9709.507680162,-2.7655771873015205,2.090359007072051,-2.873471183904961
9709.512217982,-2.7655771873015205,2.090359007072051,-2.873471183904961
9709.513948561,-2.7655771873015205,2.090359007072051,-2.873471183904961
9709.525394788,-2.7655771873015205,2.090359007072051,-2.873471183904961
9709.527007464,-2.7656257494451304,2.0903447157605415,-2.837295575270012
9709.537993743,-2.7656257494451304,2.0903447157605415,-2.837295575270012
9709.543791704,-2.7656257494451304,2.0903447157605415,-2.837295575270012
9709.554004011,-2.7656257494451304,2.0903447157605415,-2.837295575270012
9709.562279631,-2.7656257494451304,2.0903447157605415,-2.837295575270012
9709.571539018,-2.7656257494451304,2.0903447157605415,-2.837295575270012
9709.583091747,-2.7656257494451304,2.0903447157605415,-2.837295575270012
9709.590790527,-2.7656018185061475,2.090352958393833,-2.782474084028557
9709.594823661,-2.7656018185061475,2.090352958393833,-2.782474084028557
9709.595540575,-2.7656018185061475,2.090352958393833,-2.782474084028557
9709.596288558,-2.7656018185061475,2.090352958393833,-2.782474084028557
9709.607493864,-2.7656018185061475,2.090352958393833,-2.782474084028557
9709.612292347,-2.7656018185061475,2.090352958393833,-2.782474084028557
9709.622377864,-2.7656018185061475,2.090352958393833,-2.782474084028557
9709.629255444,-2.7655782841042282,2.0903622730473668,-2.7469696236937793
9709.630941548,-2.7655782841042282,2.0903622730473668,-2.7469696236937793
9709.643842413,-2.7655782841042282,2.0903622730473668,-2.7469696236937793
9709.654574442,-2.7655782841042282,2.0903622730473668,-2.7469696236937793
9709.661387169,-2.7655782841042282,2.0903622730473668,-2.7469696236937793
9709.674526324,-2.7655782841042282,2.0903622730473668,-2.7469696236937793
9709.68222278,-2.7655782841042282,2.0903622730473668,-2.7469696236937793
9709.69122416,-2.7655782841042282,2.0903622730473668,-2.7469696236937793
9709.692922438,-2.7656244828000784,2.09034157995967,-2.6939783526747973
9709.69524263,-2.7656244828000784,2.09034157995967,-2.6939783526747973
9709.704069731,-2.7656244828000784,2.09034157995967,-2.6939783526747973
9709.713062224,-2.7656244828000784,2.09034157995967,-2.6939783526747973
9709.726676467,-2.7656244828000784,2.09034157995967,-2.6939783526747973
9709.739601197,-2.7656244828000784,2.09034157995967,-2.6939783526747973
9709.744798032,-2.7656244828000784,2.09034157995967,-2.6939783526747973
9709.746203156,-2.7656244828000784,2.09034157995967,-2.6939783526747973
9709.746973691,-2.7654661539999488,2.0904210966397656,-2.6583549214690474
9709.755469406,-2.7654661539999488,2.0904210966397656,-2.6583549214690474
9709.765966942,-2.7654661539999488,2.0904210966397656,-2.6583549214690474
9709.772856263,-2.7654661539999488,2.0904210966397656,-2.6583549214690474
9709.782179081,-2.7654661539999488,2.0904210966397656,-2.6583549214690474
9709.784761699,-2.7654661539999488,2.0904210966397656,-2.6583549214690474
9709.785568462,-2.765466153999949,2.0904210966397647,-2.626639647611931
9709.791766588,-2.765466153999949,2.0904210966397647,-2.626639647611931
9709.80271185,-2.765466153999949,2.0904210966397647,-2.626639647611931
9709.811919499,-2.765466153999949,2.0904210966397647,-2.626639647611931
9709.821832441,-2.765466153999949,2.0904210966397647,-2.626639647611931
9709.834085593,-2.765466153999949,2.0904210966397647,-2.626639647611931
9709.8462886,-2.765466153999949,2.0904210966397647,-2.626639647611931
9709.846978884,-2.765466153999949,2.0904210966397647,-2.626639647611931
9709.847708442,-2.7653140554776883,2.090511964405721,-2.5794947577803877
9709.857916872,-2.7653140554776883,2.090511964405721,-2.5794947577803877
9709.860573639,-2.7653140554776883,2.090511964405721,-2.5794947577803877
9709.871734869,-2.7653140554776883,2.090511964405721,-2.5794947577803877
9709.886357586,-2.7653140554776883,2.090511964405721,-2.5794947577803877
9709.887641601,-2.7653140554776883,2.090511964405721,-2.5794947577803877
9709.8883028,-2.7652292556773825,2.090567273422841,-2.547807259687737
9709.898493336,-2.7652292556773825,2.090567273422841,-2.547807259687737
9709.905821046,-2.7652292556773825,2.090567273422841,-2.547807259687737
9709.913806508,-2.7652292556773825,2.090567273422841,-2.547807259687737
9709.923473525,-2.7652292556773825,2.090567273422841,-2.547807259687737
9709.928594727,-2.765077300542419,2.0891060640669217,-2.521470866553935
9709.934657648,-2.765077300542419,2.0891060640669217,-2.521470866553935
9709.935986627,-2.765077300542419,2.0891060640669217,-2.521470866553935
9709.944668434,-2.765077300542419,2.0891060640669217,-2.521470866553935
9709.952959941,-2.765077300542419,2.0891060640669217,-2.521470866553935
9709.961383373,-2.765077300542419,2.0891060640669217,-2.521470866553935
9709.971883905,-2.765077300542419,2.0891060640669217,-2.521470866553935
9709.985581575,-2.765077300542419,2.0891060640669217,-2.521470866553935
9709.987006065,-2.765077300542419,2.0891060640669217,-2.521470866553935
9709.988405999,-2.7648923320133987,2.0871276232238998,-2.481098750956384
9709.992652148,-2.7648923320133987,2.0871276232238998,-2.481098750956384
9710.001116103,-2.7648923320133987,2.0871276232238998,-2.481098750956384
9710.013812452,-2.7648923320133987,2.0871276232238998,-2.481098750956384
9710.021302959,-2.7648923320133987,2.0871276232238998,-2.481098750956384
9710.029148887,-2.7647886705729285,2.087130002807519,-2.4541628508833373
9710.034618918,-2.7647886705729285,2.087130002807519,-2.4541628508833373
9710.036089405,-2.7647886705729285,2.087130002807519,-2.4541628508833373
9710.04267319,-2.7647886705729285,2.087130002807519,-2.4541628508833373
9710.052466346,-2.7647886705729285,2.087130002807519,-2.4541628508833373
9710.061638489,-2.7647886705729285,2.087130002807519,-2.4541628508833373
9710.069972519,-2.7647886705729285,2.087130002807519,-2.4541628508833373
9710.085708839,-2.7647886705729285,2.087130002807519,-2.4541628508833373
9710.091647996,-2.7647886705729285,2.087130002807519,-2.4541628508833373
9710.092579194,-2.764673414545885,2.087228890413515,-2.410802736785742
9710.094354698,-2.764673414545885,2.087228890413515,-2.410802736785742
9710.104076449,-2.764673414545885,2.087228890413515,-2.410802736785742
9710.115644997,-2.764673414545885,2.087228890413515,-2.410802736785742
9710.121896915,-2.764673414545885,2.087228890413515,-2.410802736785742
9710.132881611,-2.764673414545885,2.087228890413515,-2.410802736785742
9710.135741082,-2.7646362614570017,2.0872632731324754,-2.3790016322401493
9710.142660751,-2.7646362614570017,2.0872632731324754,-2.3790016322401493
9710.143939426,-2.7646362614570017,2.0872632731324754,-2.3790016322401493
9710.157426348,-2.7646362614570017,2.0872632731324754,-2.3790016322401493
9710.163625405,-2.7646362614570017,2.0872632731324754,-2.3790016322401493
9710.176269134,-2.7646362614570017,2.0872632731324754,-2.3790016322401493
9710.190518356,-2.7646362614570017,2.0872632731324754,-2.3790016322401493
9710.194732976,-2.7646362614570017,2.0872632731324754,-2.3790016322401493
9710.195998656,-2.7646002638894216,2.0872988638406023,-2.3447538762358158
9710.198050922,-2.7646002638894216,2.0872988638406023,-2.3447538762358158
9710.201356495,-2.7646002638894216,2.0872988638406023,-2.3447538762358158
9710.214675851,-2.7646002638894216,2.0872988638406023,-2.3447538762358158
9710.222844418,-2.7646002638894216,2.0872988638406023,-2.3447538762358158
9710.238053092,-2.7646002638894216,2.0872988638406023,-2.3447538762358158
9710.241018051,-2.7674376530906706,2.0872862295012036,-2.298177438399348
9710.245277396,-2.7674376530906706,2.0872862295012036,-2.298177438399348
9710.246540802,-2.7674376530906706,2.0872862295012036,-2.298177438399348
9710.253656721,-2.7674376530906706,2.0872862295012036,-2.298177438399348
9710.261659786,-2.7674376530906706,2.0872862295012036,-2.298177438399348
9710.272879596,-2.7674376530906706,2.0872862295012036,-2.298177438399348
9710.281912236,-2.7674376530906706,2.0872862295012036,-2.298177438399348
9710.284425893,-2.7710252315946393,2.087106622956531,-2.2718508765973024
9710.285675513,-2.7710252315946393,2.087106622956531,-2.2718508765973024
9710.290200108,-2.7710252315946393,2.087106622956531,-2.2718508765973024
9710.304884301,-2.7710252315946393,2.087106622956531,-2.2718508765973024
9710.313415153,-2.7710252315946393,2.087106622956531,-2.2718508765973024
9710.323603525,-2.7710252315946393,2.087106622956531,-2.2718508765973024
9710.328674012,-2.771298069647486,2.087117795912779,-2.23691433703275
9710.334863291,-2.771298069647486,2.087117795912779,-2.23691433703275
9710.335390176,-2.771298069647486,2.087117795912779,-2.23691433703275
9710.344571466,-2.771298069647486,2.087117795912779,-2.23691433703275
9710.353295272,-2.771298069647486,2.087117795912779,-2.23691433703275
9710.362617218,-2.771298069647486,2.087117795912779,-2.23691433703275
9710.371449619,-2.771298069647486,2.087117795912779,-2.23691433703275
9710.382343093,-2.771298069647486,2.087117795912779,-2.23691433703275
9710.388157274,-2.7713131587053543,2.087097474712598,-2.1820818785366565
9710.394795671,-2.7713131587053543,2.087097474712598,-2.1820818785366565
9710.39581719,-2.7713131587053543,2.087097474712598,-2.1820818785366565
9710.405626417,-2.7713131587053543,2.087097474712598,-2.1820818785366565
9710.409042699,-2.7713131587053543,2.087097474712598,-2.1820818785366565
9710.417503308,-2.7713131587053543,2.087097474712598,-2.1820818785366565
9710.429664326,-2.7713131587053543,2.087097474712598,-2.1820818785366565
9710.433922608,-2.7713131587053543,2.087097474712598,-2.1820818785366565
9710.434587684,-2.7712848823272296,2.087139462446721,-2.1448703411755115
9710.444962298,-2.7712848823272296,2.087139462446721,-2.1448703411755115
9710.457532425,-2.7712848823272296,2.087139462446721,-2.1448703411755115
9710.465021593,-2.7712848823272296,2.087139462446721,-2.1448703411755115
9710.472098378,-2.7712848823272296,2.087139462446721,-2.1448703411755115
9710.483205014,-2.7713249248460485,2.0870749467565046,-2.107671678417638
9710.48742263,-2.7713249248460485,2.0870749467565046,-2.107671678417638
9710.488295168,-2.7713249248460485,2.0870749467565046,-2.107671678417638
9710.491253395,-2.7713249248460485,2.0870749467565046,-2.107671678417638
9710.503381738,-2.7713249248460485,2.0870749467565046,-2.107671678417638
9710.513480133,-2.7713249248460485,2.0870749467565046,-2.107671678417638
9710.522614194,-2.7713249248460485,2.0870749467565046,-2.107671678417638
9710.53148067,-2.7713249248460485,2.0870749467565046,-2.107671678417638
9710.537067832,-2.773733984716417,2.084885337307675,-2.0551918601055363
9710.546779383,-2.773733984716417,2.084885337307675,-2.0551918601055363
9710.547357115,-2.773733984716417,2.084885337307675,-2.0551918601055363
9710.552873754,-2.773733984716417,2.084885337307675,-2.0551918601055363
9710.561308644,-2.773733984716417,2.084885337307675,-2.0551918601055363
9710.574301169,-2.773733984716417,2.084885337307675,-2.0551918601055363
9710.58268858,-2.773733984716417,2.084885337307675,-2.0551918601055363
9710.584012741,-2.77692072960281,2.0818535422722304,-2.025165797095584
9710.587591029,-2.77692072960281,2.0818535422722304,-2.025165797095584
9710.595644342,-2.77692072960281,2.0818535422722304,-2.025165797095584
9710.605257177,-2.77692072960281,2.0818535422722304,-2.025165797095584
9710.617838078,-2.77692072960281,2.0818535422722304,-2.025165797095584
9710.625300392,-2.77692072960281,2.0818535422722304,-2.025165797095584
9710.6334216,-2.77692072960281,2.0818535422722304,-2.025165797095584
9710.646841264,-2.77692072960281,2.0818535422722304,-2.025165797095584
9710.6479456,-2.777208412652051,2.081600098470837,-1.9796711772033135
9710.65549083,-2.777208412652051,2.081600098470837,-1.9796711772033135
9710.656591619,-2.777208412652051,2.081600098470837,-1.9796711772033135
9710.663149555,-2.777208412652051,2.081600098470837,-1.9796711772033135
9710.671436065,-2.777208412652051,2.081600098470837,-1.9796711772033135
9710.684909652,-2.777208412652051,2.081600098470837,-1.9796711772033135
9710.686701185,-2.777237524810152,2.081529968877596,-1.9488655894347584
9710.688172404,-2.777237524810152,2.081529968877596,-1.9488655894347584
9710.693793791,-2.777237524810152,2.081529968877596,-1.9488655894347584
9710.705348423,-2.777237524810152,2.081529968877596,-1.9488655894347584
9710.712561957,-2.777237524810152,2.081529968877596,-1.9488655894347584
9710.723351585,-2.777237524810152,2.081529968877596,-1.9488655894347584
9710.729940957,-2.777237524810152,2.0815299688775957,-1.9190959303923991
9710.738927402,-2.777237524810152,2.0815299688775957,-1.9190959303923991
9710.743347369,-2.777237524810152,2.0815299688775957,-1.9190959303923991
9710.749221022,-2.777237524810152,2.0815299688775957,-1.9190959303923991
9710.753825298,-2.777237524810152,2.0815299688775957,-1.9190959303923991
9710.761707906,-2.777237524810152,2.0815299688775957,-1.9190959303923991
9710.77500541,-2.777237524810152,2.0815299688775957,-1.9190959303923991
9710.781733948,-2.777237524810152,2.0815299688775957,-1.9190959303923991
9710.791691304,-2.77703142098523,2.0816586991251986,-1.8760476944394995
9710.792797914,-2.77703142098523,2.0816586991251986,-1.8760476944394995
9710.800495332,-2.77703142098523,2.0816586991251986,-1.8760476944394995
9710.801204932,-2.77703142098523,2.0816586991251986,-1.8760476944394995
9710.804603661,-2.77703142098523,2.0816586991251986,-1.8760476944394995
9710.813403249,-2.77703142098523,2.0816586991251986,-1.8760476944394995
9710.825519643,-2.77703142098523,2.0816586991251986,-1.8760476944394995
9710.831632849,-2.7737369638652316,2.0847863955559705,-1.8481967997810325
9710.842539137,-2.7737369638652316,2.0847863955559705,-1.8481967997810325
9710.847851019,-2.7737369638652316,2.0847863955559705,-1.8481967997810325
9710.856028494,-2.7737369638652316,2.0847863955559705,-1.8481967997810325
9710.862060125,-2.7737369638652316,2.0847863955559705,-1.8481967997810325
9710.872169989,-2.7737369638652316,2.0847863955559705,-1.8481967997810325
9710.881768457,-2.7737369638652316,2.0847863955559705,-1.8481967997810325
9710.887502096,-2.7737369638652316,2.0847863955559705,-1.8481967997810325
9710.888129681,-2.769190639048908,2.0890171090054954,-1.817110928228711
9710.893640519,-2.769190639048908,2.0890171090054954,-1.817110928228711
9710.904332453,-2.769190639048908,2.0890171090054954,-1.817110928228711
9710.915395347,-2.769190639048908,2.0890171090054954,-1.817110928228711
9710.923448847,-2.769190639048908,2.0890171090054954,-1.817110928228711
9710.934777482,-2.769190639048908,2.0890171090054954,-1.817110928228711
9710.940153846,-2.7688043231283066,2.0890361018968355,-1.7638155209885407
9710.948063905,-2.7688043231283066,2.0890361018968355,-1.7638155209885407
9710.954073946,-2.7688043231283066,2.0890361018968355,-1.7638155209885407
9710.959449118,-2.7688043231283066,2.0890361018968355,-1.7638155209885407
9710.966612056,-2.7688043231283066,2.0890361018968355,-1.7638155209885407
9710.971271025,-2.7688043231283066,2.0890361018968355,-1.7638155209885407
9710.987901434,-2.7688043231283066,2.0890361018968355,-1.7638155209885407
9710.988869559,-2.768909509020724,2.0884378216161377,-1.725847362266618
9710.992431797,-2.768909509020724,2.0884378216161377,-1.725847362266618
9710.998370617,-2.768909509020724,2.0884378216161377,-1.725847362266618
9711.004273485,-2.768909509020724,2.0884378216161377,-1.725847362266618
9711.016697199,-2.768909509020724,2.0884378216161377,-1.725847362266618
9711.032458386,-2.768909509020724,2.0884378216161377,-1.725847362266618
9711.037720765,-2.768909509020724,2.0884378216161377,-1.725847362266618
9711.041061574,-2.76896538608886,2.088036724060223,-1.6925843942032626
9711.048915958,-2.76896538608886,2.088036724060223,-1.6925843942032626
9711.054675967,-2.76896538608886,2.088036724060223,-1.6925843942032626
9711.05979777,-2.76896538608886,2.088036724060223,-1.6925843942032626
9711.061837903,-2.76896538608886,2.088036724060223,-1.6925843942032626
9711.073961347,-2.76896538608886,2.088036724060223,-1.6925843942032626
9711.082707499,-2.76896538608886,2.088036724060223,-1.6925843942032626
9711.086942126,-2.7690101719936067,2.087557910988682,-1.6355360734329991
9711.088182849,-2.7690101719936067,2.087557910988682,-1.6355360734329991
9711.094805697,-2.7690101719936067,2.087557910988682,-1.6355360734329991
9711.105836521,-2.7690101719936067,2.087557910988682,-1.6355360734329991
9711.112201793,-2.7690101719936067,2.087557910988682,-1.6355360734329991
9711.122766866,-2.7690101719936067,2.087557910988682,-1.6355360734329991
9711.131873475,-2.764382762687057,2.0859800096688232,-1.598083078310633
9711.134527859,-2.764382762687057,2.0859800096688232,-1.598083078310633
9711.135036329,-2.764382762687057,2.0859800096688232,-1.598083078310633
9711.142703055,-2.764382762687057,2.0859800096688232,-1.598083078310633
9711.154536087,-2.764382762687057,2.0859800096688232,-1.598083078310633
9711.162859597,-2.764382762687057,2.0859800096688232,-1.598083078310633
9711.176136823,-2.764382762687057,2.0859800096688232,-1.598083078310633
9711.192988349,-2.764382762687057,2.0859800096688232,-1.598083078310633
9711.206642397,-2.764382762687057,2.0859800096688232,-1.598083078310633
9711.207526507,-2.764382762687057,2.0859800096688232,-1.598083078310633
9711.212477417,-2.764382762687057,2.0859800096688232,-1.598083078310633
9711.21317266,-2.7578338629382744,2.0841088474165974,-1.5412027078076784
9711.218759101,-2.7578338629382744,2.0841088474165974,-1.5412027078076784
9711.21969559,-2.7578338629382744,2.0841088474165974,-1.5412027078076784
9711.230644418,-2.7578338629382744,2.0841088474165974,-1.5412027078076784
9711.238364288,-2.7578338629382744,2.0841088474165974,-1.5412027078076784
9711.238976655,-2.7578057055991816,2.0835020438812664,-1.5076510148450326
9711.241321513,-2.7578057055991816,2.0835020438812664,-1.5076510148450326
9711.252042261,-2.7578057055991816,2.0835020438812664,-1.5076510148450326
9711.275909638,-2.7578057055991816,2.0835020438812664,-1.5076510148450326
9711.279203205,-2.7578057055991816,2.0835020438812664,-1.5076510148450326
9711.294311082,-2.7578057055991816,2.0835020438812664,-1.5076510148450326
9711.301316573,-2.7578057055991816,2.0835020438812664,-1.5076510148450326
9711.303880555,-2.75776594497247,2.083048189845181,-1.459174557249208
9711.312561287,-2.75776594497247,2.083048189845181,-1.459174557249208
9711.313307636,-2.75776594497247,2.083048189845181,-1.459174557249208
9711.323838509,-2.75776594497247,2.083048189845181,-1.459174557249208
9711.334459344,-2.75776594497247,2.083048189845181,-1.459174557249208
9711.340871949,-2.75776594497247,2.083048189845181,-1.459174557249208
9711.348120739,-2.75776594497247,2.083048189845181,-1.459174557249208
9711.35486699,-2.75776594497247,2.083048189845181,-1.459174557249208
9711.355562263,-2.7576717627303426,2.082320247371351,-1.425084753553528
9711.361347116,-2.7576717627303426,2.082320247371351,-1.425084753553528
9711.37079393,-2.7576717627303426,2.082320247371351,-1.425084753553528
9711.378959742,-2.7576717627303426,2.082320247371351,-1.425084753553528
9711.388882062,-2.7576717627303426,2.082320247371351,-1.425084753553528
9711.398086536,-2.7576717627303426,2.082320247371351,-1.425084753553528
9711.398939447,-2.7576717627303426,2.082320247371351,-1.425084753553528
9711.399929006,-2.7575065007044577,2.0813727457081517,-1.371144695799012
9711.411189132,-2.7575065007044577,2.0813727457081517,-1.371144695799012
9711.426649021,-2.7575065007044577,2.0813727457081517,-1.371144695799012
9711.434704151,-2.7575065007044577,2.0813727457081517,-1.371144695799012
9711.444694732,-2.7575065007044577,2.0813727457081517,-1.371144695799012
9711.446564751,-2.7574428549533048,2.0745675127382173,-1.3376916540427535
9711.451145483,-2.7574428549533048,2.0745675127382173,-1.3376916540427535
9711.451984918,-2.7574428549533048,2.0745675127382173,-1.3376916540427535
9711.456013306,-2.7574428549533048,2.0745675127382173,-1.3376916540427535
9711.456740009,-2.7574428549533048,2.0745675127382173,-1.3376916540427535
9711.471025812,-2.7574428549533048,2.0745675127382173,-1.3376916540427535
9711.474642633,-2.7574428549533048,2.0745675127382173,-1.3376916540427535
9711.49453894,-2.7574428549533048,2.0745675127382173,-1.3376916540427535
9711.507442768,-2.7574428549533048,2.0745675127382173,-1.3376916540427535
9711.508455951,-2.7574428549533048,2.0745675127382173,-1.3376916540427535
9711.526451442,-2.7574428549533048,2.0745675127382173,-1.3376916540427535
9711.530066539,-2.757336370215058,2.066398638802004,-1.3065908159823307
9711.534951365,-2.757336370215058,2.066398638802004,-1.3065908159823307
9711.536281304,-2.757336370215058,2.066398638802004,-1.3065908159823307
9711.541275298,-2.757336370215058,2.066398638802004,-1.3065908159823307
9711.542415662,-2.756919233967632,2.0643696943385588,-1.2660867712830803
9711.545985825,-2.756919233967632,2.0643696943385588,-1.2660867712830803
9711.548299585,-2.756919233967632,2.0643696943385588,-1.2660867712830803
9711.552764885,-2.756919233967632,2.0643696943385588,-1.2660867712830803
9711.559986978,-2.756919233967632,2.0643696943385588,-1.2660867712830803
9711.573972712,-2.756919233967632,2.0643696943385588,-1.2660867712830803
9711.594897462,-2.756919233967632,2.0643696943385588,-1.2660867712830803
9711.5964269,-2.756919233967632,2.0643696943385588,-1.2660867712830803
9711.608426981,-2.756919233967632,2.0643696943385588,-1.2660867712830803
9711.609948024,-2.7563235062704643,2.0626474461546587,-1.209468557629516
9711.614070212,-2.7563235062704643,2.0626474461546587,-1.209468557629516
9711.618267189,-2.7563235062704643,2.0626474461546587,-1.209468557629516
9711.62548651,-2.7563235062704643,2.0626474461546587,-1.209468557629516
9711.631056904,-2.7554684000224663,2.060508788322019,-1.1713990710114741
9711.636821187,-2.7554684000224663,2.060508788322019,-1.1713990710114741
9711.64514946,-2.7554684000224663,2.060508788322019,-1.1713990710114741
9711.645894777,-2.7554684000224663,2.060508788322019,-1.1713990710114741
9711.656892258,-2.7554684000224663,2.060508788322019,-1.1713990710114741
9711.662014532,-2.7554684000224663,2.060508788322019,-1.1713990710114741
9711.675106735,-2.7554684000224663,2.060508788322019,-1.1713990710114741
9711.689296047,-2.7554684000224663,2.060508788322019,-1.1713990710114741
9711.694894249,-2.7554684000224663,2.060508788322019,-1.1713990710114741
9711.695930507,-2.7554684000224663,2.060508788322019,-1.1713990710114741
9711.696924133,-2.7554684000224663,2.060508788322019,-1.1713990710114741
9711.697611882,-2.7549762723146607,2.0590439385853863,-1.117573510170566
9711.705793554,-2.7549762723146607,2.0590439385853863,-1.117573510170566
9711.711522722,-2.7549762723146607,2.0590439385853863,-1.117573510170566
9711.72378298,-2.7549762723146607,2.0590439385853863,-1.117573510170566
9711.730319833,-2.759091987122602,2.0549114863336007,-1.0828674519133303
9711.739790299,-2.759091987122602,2.0549114863336007,-1.0828674519133303
9711.745801095,-2.759091987122602,2.0549114863336007,-1.0828674519133303
9711.75262411,-2.759091987122602,2.0549114863336007,-1.0828674519133303
9711.764236232,-2.759091987122602,2.0549114863336007,-1.0828674519133303
9711.776491919,-2.759091987122602,2.0549114863336007,-1.0828674519133303
9711.791043288,-2.759091987122602,2.0549114863336007,-1.0828674519133303
9711.797634366,-2.759091987122602,2.0549114863336007,-1.0828674519133303
9711.798289343,-2.759091987122602,2.0549114863336007,-1.0828674519133303
9711.800190974,-2.7654750837513764,2.050330290183257,-1.0382125257579387
9711.801892531,-2.7654750837513764,2.050330290183257,-1.0382125257579387
9711.805722992,-2.7654750837513764,2.050330290183257,-1.0382125257579387
9711.81274617,-2.7654750837513764,2.050330290183257,-1.0382125257579387
9711.822223806,-2.7654750837513764,2.050330290183257,-1.0382125257579387
9711.827105897,-2.76533051611595,2.050092347898385,-1.0114395498363065
9711.834025719,-2.76533051611595,2.050092347898385,-1.0114395498363065
9711.841519202,-2.76533051611595,2.050092347898385,-1.0114395498363065
9711.855157016,-2.76533051611595,2.050092347898385,-1.0114395498363065
9711.864448046,-2.76533051611595,2.050092347898385,-1.0114395498363065
9711.874572557,-2.76533051611595,2.050092347898385,-1.0114395498363065
9711.88426851,-2.76533051611595,2.050092347898385,-1.0114395498363065
9711.891889704,-2.76533051611595,2.050092347898385,-1.0114395498363065
9711.892579036,-2.7652888624701824,2.0500288604870995,-0.968859898957401
9711.893484826,-2.7652888624701824,2.0500288604870995,-0.968859898957401
9711.902964891,-2.7652888624701824,2.0500288604870995,-0.968859898957401
9711.916962547,-2.7652888624701824,2.0500288604870995,-0.968859898957401
9711.924102312,-2.7652888624701824,2.0500288604870995,-0.968859898957401
9711.931142989,-2.7653181459233154,2.050070152166034,-0.939004647645145
9711.940122528,-2.7653181459233154,2.050070152166034,-0.939004647645145
9711.949053425,-2.7653181459233154,2.050070152166034,-0.939004647645145
9711.955574959,-2.7653181459233154,2.050070152166034,-0.939004647645145
9711.958510734,-2.7653181459233154,2.050070152166034,-0.939004647645145
9711.962056724,-2.7653181459233154,2.050070152166034,-0.939004647645145
9711.971826265,-2.7653181459233154,2.050070152166034,-0.939004647645145
9711.983754013,-2.7653181459233154,2.050070152166034,-0.939004647645145
9711.992117428,-2.7653181459233154,2.050070152166034,-0.939004647645145
9711.996318372,-2.7653181459233154,2.050070152166034,-0.939004647645145
9711.99994394,-2.765287335359924,2.050029987099619,-0.8938786863414343
9712.006088241,-2.765287335359924,2.050029987099619,-0.8938786863414343
9712.011600244,-2.765287335359924,2.050029987099619,-0.8938786863414343
9712.022927958,-2.765287335359924,2.050029987099619,-0.8938786863414343
9712.038224999,-2.7663881934182672,2.0507121736117018,-0.8619933498309937
9712.042695933,-2.7663881934182672,2.0507121736117018,-0.8619933498309937
9712.044503316,-2.7663881934182672,2.0507121736117018,-0.8619933498309937
9712.047006424,-2.7663881934182672,2.0507121736117018,-0.8619933498309937
9712.053700366,-2.7663881934182672,2.0507121736117018,-0.8619933498309937
9712.063097845,-2.7663881934182672,2.0507121736117018,-0.8619933498309937
9712.071866496,-2.7663881934182672,2.0507121736117018,-0.8619933498309937
9712.084871778,-2.7663881934182672,2.0507121736117018,-0.8619933498309937
9712.086150463,-2.767755527258318,2.051556182225909,-0.8294458756096116
9712.087472069,-2.767755527258318,2.051556182225909,-0.8294458756096116
9712.096031805,-2.767755527258318,2.051556182225909,-0.8294458756096116
9712.102573049,-2.767755527258318,2.051556182225909,-0.8294458756096116
9712.111643781,-2.767755527258318,2.051556182225909,-0.8294458756096116
9712.123184467,-2.767755527258318,2.051556182225909,-0.8294458756096116
9712.131433747,-2.767755527258318,2.051556182225909,-0.8294458756096116
9712.138092443,-2.7681775226431613,2.051815920079495,-0.7848855406853009
9712.141447349,-2.7681775226431613,2.051815920079495,-0.7848855406853009
9712.142344223,-2.7681775226431613,2.051815920079495,-0.7848855406853009
9712.156332992,-2.7681775226431613,2.051815920079495,-0.7848855406853009
9712.163146471,-2.7681775226431613,2.051815920079495,-0.7848855406853009
9712.172805934,-2.7681775226431613,2.051815920079495,-0.7848855406853009
9712.188358046,-2.7681775226431613,2.051815920079495,-0.7848855406853009
9712.190005508,-2.7681593523228014,2.0517982999120115,-0.7551702410789778
9712.191202598,-2.7681593523228014,2.0517982999120115,-0.7551702410789778
9712.198267732,-2.7681593523228014,2.0517982999120115,-0.7551702410789778
9712.202752402,-2.7681593523228014,2.0517982999120115,-0.7551702410789778
9712.217054854,-2.7681593523228014,2.0517982999120115,-0.7551702410789778
9712.226999726,-2.7681593523228014,2.0517982999120115,-0.7551702410789778
9712.23955606,-2.7681593523228014,2.0517982999120115,-0.7551702410789778
9712.241164348,-2.7681593523228014,2.0517982999120115,-0.7551702410789778
9712.241476738,-2.768178192473351,2.051815201970213,-0.7072838058934101
9712.252245857,-2.768178192473351,2.051815201970213,-0.7072838058934101
9712.256759432,-2.768178192473351,2.051815201970213,-0.7072838058934101
9712.266295823,-2.768178192473351,2.051815201970213,-0.7072838058934101
9712.272252232,-2.768178192473351,2.051815201970213,-0.7072838058934101
9712.283018305,-2.768178192473351,2.051815201970213,-0.7072838058934101
9712.28519705,-2.7681195605303146,2.051766952899204,-0.669831823395241
9712.286343465,-2.7681195605303146,2.051766952899204,-0.669831823395241
9712.295889875,-2.7681195605303146,2.051766952899204,-0.669831823395241
9712.302532691,-2.7681195605303146,2.051766952899204,-0.669831823395241
9712.313689572,-2.7681195605303146,2.051766952899204,-0.669831823395241
9712.323385895,-2.7681195605303146,2.051766952899204,-0.669831823395241
9712.332828499,-2.7609399645854555,2.050567994334374,-0.6369386363130175
9712.344907772,-2.7609399645854555,2.050567994334374,-0.6369386363130175
9712.352753079,-2.7609399645854555,2.050567994334374,-0.6369386363130175
9712.353343514,-2.7609399645854555,2.050567994334374,-0.6369386363130175
9712.357770576,-2.7609399645854555,2.050567994334374,-0.6369386363130175
9712.364066817,-2.7609399645854555,2.050567994334374,-0.6369386363130175
9712.372591567,-2.7609399645854555,2.050567994334374,-0.6369386363130175
9712.385665098,-2.7609399645854555,2.050567994334374,-0.6369386363130175
9712.392877771,-2.7609399645854555,2.050567994334374,-0.6369386363130175
9712.395013494,-2.7609399645854555,2.050567994334374,-0.6369386363130175
9712.395678009,-2.750799306773718,2.048778673670995,-0.5819500802195978
9712.401733416,-2.750799306773718,2.048778673670995,-0.5819500802195978
9712.416404855,-2.750799306773718,2.048778673670995,-0.5819500802195978
9712.423976755,-2.750799306773718,2.048778673670995,-0.5819500802195978
9712.429820923,-2.7508207321569156,2.0487921489742944,-0.5409065602458429
9712.435374682,-2.7508207321569156,2.0487921489742944,-0.5409065602458429
9712.438725881,-2.7508207321569156,2.0487921489742944,-0.5409065602458429
9712.441806029,-2.7508207321569156,2.0487921489742944,-0.5409065602458429
9712.461199626,-2.7508207321569156,2.0487921489742944,-0.5409065602458429
9712.471019693,-2.7508207321569156,2.0487921489742944,-0.5409065602458429
9712.474208345,-2.7508207321569156,2.0487921489742944,-0.5409065602458429
9712.48305309,-2.7508207321569156,2.0487921489742944,-0.5409065602458429
9712.486513255,-2.750864630383445,2.0488173574864326,-0.501632821384759
9712.487415699,-2.750864630383445,2.0488173574864326,-0.501632821384759
9712.498987474,-2.750864630383445,2.0488173574864326,-0.501632821384759
9712.504489776,-2.750864630383445,2.0488173574864326,-0.501632821384759
9712.513945234,-2.750864630383445,2.0488173574864326,-0.501632821384759
9712.522820416,-2.750864630383445,2.0488173574864326,-0.501632821384759
9712.536915544,-2.750864630383445,2.0488173574864326,-0.501632821384759
9712.543074609,-2.750864630383445,2.0488173574864326,-0.501632821384759
9712.543833432,-2.750909738299259,2.0488403313695946,-0.44050182086596
9712.557729256,-2.750909738299259,2.0488403313695946,-0.44050182086596
9712.56068586,-2.750909738299259,2.0488403313695946,-0.44050182086596
9712.562960817,-2.750909738299259,2.0488403313695946,-0.44050182086596
9712.572978694,-2.750909738299259,2.0488403313695946,-0.44050182086596
9712.582576885,-2.750909738299259,2.0488403313695946,-0.44050182086596
9712.58595237,-2.750909738299259,2.0488403313695946,-0.44050182086596
9712.586922201,-2.751048396542218,2.04890227167997,-0.3997308133281184
9712.594874961,-2.751048396542218,2.04890227167997,-0.3997308133281184
9712.605477095,-2.751048396542218,2.04890227167997,-0.3997308133281184
9712.614453478,-2.751048396542218,2.04890227167997,-0.3997308133281184
9712.62397432,-2.751048396542218,2.04890227167997,-0.3997308133281184
9712.630413671,-2.7536312408892485,2.0492764888962927,-0.35910112991438614
9712.636749868,-2.7536312408892485,2.0492764888962927,-0.35910112991438614
9712.643114018,-2.7536312408892485,2.0492764888962927,-0.35910112991438614
9712.652557693,-2.7536312408892485,2.0492764888962927,-0.35910112991438614
9712.657715805,-2.7536312408892485,2.0492764888962927,-0.35910112991438614
9712.661670705,-2.7536312408892485,2.0492764888962927,-0.35910112991438614
9712.672905613,-2.7536312408892485,2.0492764888962927,-0.35910112991438614
9712.68271007,-2.7536312408892485,2.0492764888962927,-0.35910112991438614
9712.688895452,-2.758394025548332,2.0499366878500025,-0.2965745850488338
9712.691699578,-2.758394025548332,2.0499366878500025,-0.2965745850488338
9712.692752296,-2.758394025548332,2.0499366878500025,-0.2965745850488338
9712.703201541,-2.758394025548332,2.0499366878500025,-0.2965745850488338
9712.710406248,-2.758394025548332,2.0499366878500025,-0.2965745850488338
9712.723795436,-2.758394025548332,2.0499366878500025,-0.2965745850488338
9712.73559465,-2.758394025548332,2.0499366878500025,-0.2965745850488338
9712.736346791,-2.759289544108708,2.0500689275551705,-0.25604339773992085
9712.74440132,-2.759289544108708,2.0500689275551705,-0.25604339773992085
9712.748983767,-2.759289544108708,2.0500689275551705,-0.25604339773992085
9712.755805492,-2.759289544108708,2.0500689275551705,-0.25604339773992085
9712.762114363,-2.759289544108708,2.0500689275551705,-0.25604339773992085
9712.772819484,-2.759289544108708,2.0500689275551705,-0.25604339773992085
9712.788565092,-2.759289544108708,2.0500689275551705,-0.25604339773992085
9712.789363821,-2.7593879794290617,2.050092604151493,-0.21604772742131728
9712.794281719,-2.7593879794290617,2.050092604151493,-0.21604772742131728
9712.796783223,-2.7593879794290617,2.050092604151493,-0.21604772742131728
9712.80468664,-2.7593879794290617,2.050092604151493,-0.21604772742131728
9712.815082665,-2.7593879794290617,2.050092604151493,-0.21604772742131728
9712.822941257,-2.7593879794290617,2.050092604151493,-0.21604772742131728
9712.834692871,-2.7593879794290617,2.050092604151493,-0.21604772742131728
9712.840413806,-2.759487467846136,2.050111369768311,-0.15681382353642956
9712.849806575,-2.759487467846136,2.050111369768311,-0.15681382353642956
9712.858803467,-2.759487467846136,2.050111369768311,-0.15681382353642956
9712.863752665,-2.759487467846136,2.050111369768311,-0.15681382353642956
9712.864228924,-2.759487467846136,2.050111369768311,-0.15681382353642956
9712.871116773,-2.759487467846136,2.050111369768311,-0.15681382353642956
9712.882142186,-2.759487467846136,2.050111369768311,-0.15681382353642956
9712.883905155,-2.759612843625634,2.05012859431531,-0.11624356444219135
9712.885157931,-2.759612843625634,2.05012859431531,-0.11624356444219135
9712.897412225,-2.759612843625634,2.05012859431531,-0.11624356444219135
9712.903304694,-2.759612843625634,2.05012859431531,-0.11624356444219135
9712.914415188,-2.759612843625634,2.05012859431531,-0.11624356444219135
9712.924954463,-2.759612843625634,2.05012859431531,-0.11624356444219135
9712.931702377,-2.7629268702169663,2.0496398275439756,-0.07805155832521084
9712.937302243,-2.7629268702169663,2.0496398275439756,-0.07805155832521084
9712.938334733,-2.7629268702169663,2.0496398275439756,-0.07805155832521084
9712.947122991,-2.7629268702169663,2.0496398275439756,-0.07805155832521084
9712.956773477,-2.7629268702169663,2.0496398275439756,-0.07805155832521084
9712.96222315,-2.7629268702169663,2.0496398275439756,-0.07805155832521084
9712.971755353,-2.7629268702169663,2.0496398275439756,-0.07805155832521084
9712.982876086,-2.7629268702169663,2.0496398275439756,-0.07805155832521084
9712.993169637,-2.7629268702169663,2.0496398275439756,-0.07805155832521084
9712.994972882,-2.7689778532147615,2.0486506113589016,-0.022607203090603028
9712.995935731,-2.7689778532147615,2.0486506113589016,-0.022607203090603028
9713.007591064,-2.7689778532147615,2.0486506113589016,-0.022607203090603028
9713.014540448,-2.7689778532147615,2.0486506113589016,-0.022607203090603028
9713.02364821,-2.7689778532147615,2.0486506113589016,-0.022607203090603028
9713.032796507,-2.7689778532147615,2.0486506113589016,-0.022607203090603028
9713.037948488,-2.769764806854393,2.048511369611256,0.018636779100409992
9713.05223523,-2.769764806854393,2.048511369611256,0.018636779100409992
9713.053285744,-2.769764806854393,2.048511369611256,0.018636779100409992
9713.059574291,-2.769764806854393,2.048511369611256,0.018636779100409992
9713.066253255,-2.769764806854393,2.048511369611256,0.018636779100409992
9713.07456337,-2.769764806854393,2.048511369611256,0.018636779100409992
9713.084218154,-2.769764806854393,2.048511369611256,0.018636779100409992
9713.085559959,-2.7697395166860663,2.048512388547057,0.06189926078986312
9713.08719168,-2.7697395166860663,2.048512388547057,0.06189926078986312
9713.091848986,-2.7697395166860663,2.048512388547057,0.06189926078986312
9713.103980899,-2.7697395166860663,2.048512388547057,0.06189926078986312
9713.115938363,-2.7697395166860663,2.048512388547057,0.06189926078986312
9713.122833545,-2.7697395166860663,2.048512388547057,0.06189926078986312
9713.131591245,-2.7697395166860663,2.048512388547057,0.06189926078986312
9713.136599093,-2.7696639113202597,2.0485194246154674,0.12369234970282697
9713.150585569,-2.7696639113202597,2.0485194246154674,0.12369234970282697
9713.153949552,-2.7696639113202597,2.0485194246154674,0.12369234970282697
9713.155380815,-2.7696639113202597,2.0485194246154674,0.12369234970282697
9713.16071537,-2.7696639113202597,2.0485194246154674,0.12369234970282697
9713.173107425,-2.7696639113202597,2.0485194246154674,0.12369234970282697
9713.183350961,-2.7696639113202597,2.0485194246154674,0.12369234970282697
9713.185534545,-2.769588764314825,2.048530315215619,0.164151505739204
9713.186892851,-2.769588764314825,2.048530315215619,0.164151505739204
9713.195721795,-2.769588764314825,2.048530315215619,0.164151505739204
9713.201370323,-2.769588764314825,2.048530315215619,0.164151505739204
9713.213392639,-2.769588764314825,2.048530315215619,0.164151505739204
9713.223340634,-2.769588764314825,2.048530315215619,0.164151505739204
9713.230484018,-2.7724478625062914,2.0511053413957887,0.19872421949654717
9713.23970298,-2.7724478625062914,2.0511053413957887,0.19872421949654717
9713.240792848,-2.7724478625062914,2.0511053413957887,0.19872421949654717
9713.24756588,-2.7724478625062914,2.0511053413957887,0.19872421949654717
9713.256137879,-2.7724478625062914,2.0511053413957887,0.19872421949654717
9713.262607608,-2.7724478625062914,2.0511053413957887,0.19872421949654717
9713.27268987,-2.7724478625062914,2.0511053413957887,0.19872421949654717
9713.281937065,-2.7724478625062914,2.0511053413957887,0.19872421949654717
9713.292784732,-2.7724478625062914,2.0511053413957887,0.19872421949654717
9713.299047651,-2.7724478625062914,2.0511053413957887,0.19872421949654717
9713.299855145,-2.777193673367231,2.055221239760659,0.2486622292470679
9713.30464924,-2.777193673367231,2.055221239760659,0.2486622292470679
9713.316518927,-2.777193673367231,2.055221239760659,0.2486622292470679
9713.3222069,-2.777193673367231,2.055221239760659,0.2486622292470679
9713.331150701,-2.7781189347652324,2.0560939424256364,0.2851870287696598
9713.344308392,-2.7781189347652324,2.0560939424256364,0.2851870287696598
9713.352644446,-2.7781189347652324,2.0560939424256364,0.2851870287696598
9713.355928698,-2.7781189347652324,2.0560939424256364,0.2851870287696598
9713.356787851,-2.7781189347652324,2.0560939424256364,0.2851870287696598
9713.366145945,-2.7781189347652324,2.0560939424256364,0.2851870287696598
9713.371651714,-2.7781189347652324,2.0560939424256364,0.2851870287696598
9713.382077695,-2.7781189347652324,2.0560939424256364,0.2851870287696598
9713.391818902,-2.7781189347652324,2.0560939424256364,0.2851870287696598
9713.392768956,-2.778070831656734,2.0561097099343013,0.3483116854469058
9713.393986826,-2.778070831656734,2.0561097099343013,0.3483116854469058
9713.401242931,-2.778070831656734,2.0561097099343013,0.3483116854469058
9713.411774041,-2.778070831656734,2.0561097099343013,0.3483116854469058
9713.421487897,-2.778070831656734,2.0561097099343013,0.3483116854469058
9713.429154285,-2.778094443847529,2.0561005942725017,0.3885472048560857
9713.431726844,-2.778094443847529,2.0561005942725017,0.3885472048560857
9713.43509218,-2.778094443847529,2.0561005942725017,0.3885472048560857
9713.445796113,-2.778094443847529,2.0561005942725017,0.3885472048560857
9713.455935515,-2.778094443847529,2.0561005942725017,0.3885472048560857
9713.461533688,-2.778094443847529,2.0561005942725017,0.3885472048560857
9713.471265689,-2.778094443847529,2.0561005942725017,0.3885472048560857
9713.483353388,-2.778094443847529,2.0561005942725017,0.3885472048560857
9713.497892093,-2.778094443847529,2.0561005942725017,0.3885472048560857
9713.5070857,-2.778094443847529,2.0561005942725017,0.3885472048560857
9713.507815689,-2.778094443847529,2.0561005942725017,0.3885472048560857
9713.508613045,-2.7780482057453995,2.0561211991575576,0.4498733509818792
9713.516862926,-2.7780482057453995,2.0561211991575576,0.4498733509818792
9713.525119219,-2.7780482057453995,2.0561211991575576,0.4498733509818792
9713.540348408,-2.7780482057453995,2.0561211991575576,0.4498733509818792
9713.54482702,-2.7780482057453995,2.0561211991575576,0.4498733509818792
9713.546127526,-2.7764706212066637,2.051388085998077,0.48847708239208776
9713.548850058,-2.7764706212066637,2.051388085998077,0.48847708239208776
9713.555052021,-2.7764706212066637,2.051388085998077,0.48847708239208776
9713.565039815,-2.7764706212066637,2.051388085998077,0.48847708239208776
9713.57349286,-2.7764706212066637,2.051388085998077,0.48847708239208776
9713.58549089,-2.7764706212066637,2.051388085998077,0.48847708239208776
9713.586009289,-2.7737410693000046,2.0437475014905933,0.5227368236766772
9713.58810696,-2.7737410693000046,2.0437475014905933,0.5227368236766772
9713.594194007,-2.7737410693000046,2.0437475014905933,0.5227368236766772
9713.605892962,-2.7737410693000046,2.0437475014905933,0.5227368236766772
9713.610689621,-2.7737410693000046,2.0437475014905933,0.5227368236766772
9713.622716896,-2.7737410693000046,2.0437475014905933,0.5227368236766772
9713.628904893,-2.772291897300062,2.041727952284552,0.5516955498444841
9713.637060647,-2.772291897300062,2.041727952284552,0.5516955498444841
9713.637945448,-2.772291897300062,2.041727952284552,0.5516955498444841
9713.64322025,-2.772291897300062,2.041727952284552,0.5516955498444841
9713.654023423,-2.772291897300062,2.041727952284552,0.5516955498444841
9713.662683469,-2.772291897300062,2.041727952284552,0.5516955498444841
9713.670524408,-2.772291897300062,2.041727952284552,0.5516955498444841
9713.685614778,-2.772291897300062,2.041727952284552,0.5516955498444841
9713.693477588,-2.772291897300062,2.041727952284552,0.5516955498444841
9713.694772203,-2.772291897300062,2.041727952284552,0.5516955498444841
9713.695542057,-2.771353936951817,2.0423283618942443,0.587104761956911
9713.701234197,-2.771353936951817,2.0423283618942443,0.587104761956911
9713.715424047,-2.771353936951817,2.0423283618942443,0.587104761956911
9713.725527438,-2.771353936951817,2.0423283618942443,0.587104761956911
9713.730149738,-2.769679613030174,2.04384577706795,0.6092367724560773
9713.733669936,-2.769679613030174,2.04384577706795,0.6092367724560773
9713.739796477,-2.769679613030174,2.04384577706795,0.6092367724560773
9713.746092849,-2.769679613030174,2.04384577706795,0.6092367724560773
9713.751963186,-2.769679613030174,2.04384577706795,0.6092367724560773
9713.764510965,-2.769679613030174,2.04384577706795,0.6092367724560773
9713.773503508,-2.769679613030174,2.04384577706795,0.6092367724560773
9713.781740465,-2.769679613030174,2.04384577706795,0.6092367724560773
9713.795771154,-2.769679613030174,2.04384577706795,0.6092367724560773
9713.796878165,-2.7682778818707945,2.045138481172642,0.6378844799369389
9713.797581403,-2.7682778818707945,2.045138481172642,0.6378844799369389
9713.807189499,-2.7682778818707945,2.045138481172642,0.6378844799369389
9713.811220062,-2.7682778818707945,2.045138481172642,0.6378844799369389
9713.823257095,-2.7682778818707945,2.045138481172642,0.6378844799369389
9713.833646437,-2.7682778818707945,2.045138481172642,0.6378844799369389
9713.834588747,-2.766742879141515,2.0462828392167305,0.6442147796720747
9713.841656265,-2.766742879141515,2.0462828392167305,0.6442147796720747
9713.844087096,-2.766742879141515,2.0462828392167305,0.6442147796720747
9713.852570278,-2.766742879141515,2.0462828392167305,0.6442147796720747
9713.860870674,-2.766742879141515,2.0462828392167305,0.6442147796720747
9713.873930249,-2.766742879141515,2.0462828392167305,0.6442147796720747
9713.885760592,-2.766742879141515,2.0462828392167305,0.6442147796720747
9713.89054078,-2.7657908597480207,2.0469961502352603,0.6418412035078291
9713.89691524,-2.7657908597480207,2.0469961502352603,0.6418412035078291
9713.897619089,-2.7657908597480207,2.0469961502352603,0.6418412035078291
9713.901219068,-2.7657908597480207,2.0469961502352603,0.6418412035078291
9713.917380952,-2.7657908597480207,2.0469961502352603,0.6418412035078291
9713.924094872,-2.7657908597480207,2.0469961502352603,0.6418412035078291
9713.932681369,-2.7657908597480207,2.0469961502352603,0.6418412035078291
9713.933212602,-2.764400718821138,2.0514407915762156,0.6284043668585816
9713.937433755,-2.764400718821138,2.0514407915762156,0.6284043668585816
9713.941908626,-2.764400718821138,2.0514407915762156,0.6284043668585816
9713.955335124,-2.764400718821138,2.0514407915762156,0.6284043668585816
9713.962744177,-2.764400718821138,2.0514407915762156,0.6284043668585816
9713.973627622,-2.764400718821138,2.0514407915762156,0.6284043668585816
9713.981822509,-2.764400718821138,2.0514407915762156,0.6284043668585816
9713.989773876,-2.7623552793157655,2.0590020422980464,0.6007702149585674
9713.9911157,-2.7623552793157655,2.0590020422980464,0.6007702149585674
9713.99400619,-2.7623552793157655,2.0590020422980464,0.6007702149585674
9714.003252343,-2.7623552793157655,2.0590020422980464,0.6007702149585674
9714.017591083,-2.7623552793157655,2.0590020422980464,0.6007702149585674
9714.025702953,-2.7623552793157655,2.0590020422980464,0.6007702149585674
9714.027868543,-2.7605965952282734,2.0612640306609116,0.5832124202419788
9714.034976448,-2.7605965952282734,2.0612640306609116,0.5832124202419788
9714.039799186,-2.7605965952282734,2.0612640306609116,0.5832124202419788
9714.042396852,-2.7605965952282734,2.0612640306609116,0.5832124202419788
9714.055259004,-2.7605965952282734,2.0612640306609116,0.5832124202419788
9714.06638652,-2.7605965952282734,2.0612640306609116,0.5832124202419788
9714.072815642,-2.7605965952282734,2.0612640306609116,0.5832124202419788
9714.081410291,-2.7605965952282734,2.0612640306609116,0.5832124202419788
9714.0960269,-2.7605965952282734,2.0612640306609116,0.5832124202419788
9714.098539195,-2.759445523493719,2.062000992941816,0.5557545869518786
9714.099452119,-2.759445523493719,2.062000992941816,0.5557545869518786
9714.10143811,-2.759445523493719,2.062000992941816,0.5557545869518786
9714.11031265,-2.759445523493719,2.062000992941816,0.5557545869518786
9714.123508312,-2.759445523493719,2.062000992941816,0.5557545869518786
9714.13153348,-2.7576704900950633,2.0630765663841157,0.5338048188854725
9714.140824346,-2.7576704900950633,2.0630765663841157,0.5338048188854725
9714.142225422,-2.7576704900950633,2.0630765663841157,0.5338048188854725
9714.145347378,-2.7576704900950633,2.0630765663841157,0.5338048188854725
9714.152849828,-2.7576704900950633,2.0630765663841157,0.5338048188854725
9714.162532085,-2.7576704900950633,2.0630765663841157,0.5338048188854725
9714.174505177,-2.7576704900950633,2.0630765663841157,0.5338048188854725
9714.184809038,-2.7576704900950633,2.0630765663841157,0.5338048188854725
9714.195481604,-2.7576704900950633,2.0630765663841157,0.5338048188854725
9714.198986594,-2.7576704900950633,2.0630765663841157,0.5338048188854725
9714.200111929,-2.7564360569043274,2.063773124367983,0.49366657425656635
9714.203312895,-2.7564360569043274,2.063773124367983,0.49366657425656635
9714.217713312,-2.7564360569043274,2.063773124367983,0.49366657425656635
9714.222717393,-2.7564360569043274,2.063773124367983,0.49366657425656635
9714.235863121,-2.7564360569043274,2.063773124367983,0.49366657425656635
9714.237941516,-2.754729123641085,2.0646600643832587,0.46475832154050184
9714.238897151,-2.754729123641085,2.0646600643832587,0.46475832154050184
9714.239661965,-2.754729123641085,2.0646600643832587,0.46475832154050184
9714.24173483,-2.754729123641085,2.0646600643832587,0.46475832154050184
9714.253353744,-2.754729123641085,2.0646600643832587,0.46475832154050184
9714.266757439,-2.754729123641085,2.0646600643832587,0.46475832154050184
9714.283072312,-2.754729123641085,2.0646600643832587,0.46475832154050184
9714.286130818,-2.754729123641085,2.0646600643832587,0.46475832154050184
9714.287487651,-2.7536123814525495,2.065199547043935,0.43529205014005035
9714.291878173,-2.7536123814525495,2.065199547043935,0.43529205014005035
9714.30619376,-2.7536123814525495,2.065199547043935,0.43529205014005035
9714.31478706,-2.7536123814525495,2.065199547043935,0.43529205014005035
9714.322467014,-2.7536123814525495,2.065199547043935,0.43529205014005035
9714.33812659,-2.7536123814525495,2.065199547043935,0.43529205014005035
9714.349464022,-2.7536123814525495,2.065199547043935,0.43529205014005035
9714.350407193,-2.7536123814525495,2.065199547043935,0.43529205014005035
9714.35125771,-2.752500159265468,2.0656883980145846,0.3929279296566518
9714.354447755,-2.752500159265468,2.0656883980145846,0.3929279296566518
9714.355550587,-2.752500159265468,2.0656883980145846,0.3929279296566518
9714.365195593,-2.752500159265468,2.0656883980145846,0.3929279296566518
9714.372051591,-2.752500159265468,2.0656883980145846,0.3929279296566518
9714.388832385,-2.752500159265468,2.0656883980145846,0.3929279296566518
9714.389778902,-2.7511373053300066,2.066234027293809,0.36870174099698383
9714.39094269,-2.7511373053300066,2.066234027293809,0.36870174099698383
9714.398843793,-2.7511373053300066,2.066234027293809,0.36870174099698383
9714.4017918,-2.7511373053300066,2.066234027293809,0.36870174099698383
9714.412812765,-2.7511373053300066,2.066234027293809,0.36870174099698383
9714.422157283,-2.7511373053300066,2.066234027293809,0.36870174099698383
9714.431917147,-2.750521061066787,2.0664649157056005,0.3482614009548696
9714.43478902,-2.750521061066787,2.0664649157056005,0.3482614009548696
9714.435864071,-2.750521061066787,2.0664649157056005,0.3482614009548696
9714.443090659,-2.750521061066787,2.0664649157056005,0.3482614009548696
9714.452813001,-2.750521061066787,2.0664649157056005,0.3482614009548696
9714.462749698,-2.750521061066787,2.0664649157056005,0.3482614009548696
9714.473427074,-2.750521061066787,2.0664649157056005,0.3482614009548696
9714.481911679,-2.750521061066787,2.0664649157056005,0.3482614009548696
9714.490943276,-2.750091239970577,2.0666159727106037,0.32765559841885883
9714.496115294,-2.750091239970577,2.0666159727106037,0.32765559841885883
9714.498202206,-2.750091239970577,2.0666159727106037,0.32765559841885883
9714.501521655,-2.750091239970577,2.0666159727106037,0.32765559841885883
9714.512030032,-2.750091239970577,2.0666159727106037,0.32765559841885883
9714.523532335,-2.750091239970577,2.0666159727106037,0.32765559841885883
9714.532497267,-2.7498992893689786,2.066680434641789,0.32032828022733056
9714.53760841,-2.7498992893689786,2.066680434641789,0.32032828022733056
9714.538176824,-2.7498992893689786,2.066680434641789,0.32032828022733056
9714.543694885,-2.7498992893689786,2.066680434641789,0.32032828022733056
9714.550876799,-2.7498992893689786,2.066680434641789,0.32032828022733056
9714.563850202,-2.7498992893689786,2.066680434641789,0.32032828022733056
9714.573039858,-2.7498992893689786,2.066680434641789,0.32032828022733056
9714.583896332,-2.7498992893689786,2.066680434641789,0.32032828022733056
9714.585027869,-2.7497551199621215,2.0667281619140354,0.31905989338651014
9714.589490407,-2.7497551199621215,2.0667281619140354,0.31905989338651014
9714.595495869,-2.7497551199621215,2.0667281619140354,0.31905989338651014
9714.602592522,-2.7497551199621215,2.0667281619140354,0.31905989338651014
9714.613200958,-2.7497551199621215,2.0667281619140354,0.31905989338651014
9714.624104851,-2.7497551199621215,2.0667281619140354,0.31905989338651014
9714.634565327,-2.7497551199621215,2.0667281619140354,0.31905989338651014
9714.638252932,-2.7497551199621206,2.0667281619140354,0.31953434635892236
9714.643128801,-2.7497551199621206,2.0667281619140354,0.31953434635892236
9714.643703796,-2.7497551199621206,2.0667281619140354,0.31953434635892236
9714.655040978,-2.7497551199621206,2.0667281619140354,0.31953434635892236
9714.669566873,-2.7497551199621206,2.0667281619140354,0.31953434635892236
9714.672589812,-2.7497551199621206,2.0667281619140354,0.31953434635892236
9714.68516923,-2.7497551199621206,2.0667281619140354,0.31953434635892236
9714.687485735,-2.7498270841379355,2.066703937236601,0.32987932850613916
9714.688503036,-2.7498270841379355,2.066703937236601,0.32987932850613916
9714.701271892,-2.7498270841379355,2.066703937236601,0.32987932850613916
9714.707307451,-2.7498270841379355,2.066703937236601,0.32987932850613916
9714.713393235,-2.7498270841379355,2.066703937236601,0.32987932850613916
9714.725131184,-2.7498270841379355,2.066703937236601,0.32987932850613916
9714.739304121,-2.7498270841379355,2.066703937236601,0.32987932850613916
9714.742194931,-2.749946476035435,2.066661968844741,0.34617356945767724
9714.747087501,-2.749946476035435,2.066661968844741,0.34617356945767724
9714.748295753,-2.749946476035435,2.066661968844741,0.34617356945767724
9714.756642818,-2.749946476035435,2.066661968844741,0.34617356945767724
9714.762642546,-2.749946476035435,2.066661968844741,0.34617356945767724
9714.774547483,-2.749946476035435,2.066661968844741,0.34617356945767724
9714.780927122,-2.749946476035435,2.066661968844741,0.34617356945767724
9714.786356076,-2.749946476035435,2.066661968844741,0.34617356945767724
9714.794577953,-2.7498753413541013,2.0666885307480785,0.3685660808254751
9714.798257573,-2.7498753413541013,2.0666885307480785,0.3685660808254751
9714.813921728,-2.7498753413541013,2.0666885307480785,0.3685660808254751
9714.819380243,-2.7498753413541013,2.0666885307480785,0.3685660808254751
9714.824906654,-2.7498753413541013,2.0666885307480785,0.3685660808254751
9714.837656464,-2.7498753413541013,2.0666885307480785,0.3685660808254751
9714.843443894,-2.7498519317140815,2.0666981546557213,0.41152600933804845
9714.851492322,-2.7498519317140815,2.0666981546557213,0.41152600933804845
9714.85231757,-2.7498519317140815,2.0666981546557213,0.41152600933804845
9714.856650256,-2.7498519317140815,2.0666981546557213,0.41152600933804845
9714.862709921,-2.7498519317140815,2.0666981546557213,0.41152600933804845
9714.871810388,-2.7498519317140815,2.0666981546557213,0.41152600933804845
9714.885506536,-2.7498519317140815,2.0666981546557213,0.41152600933804845
9714.887799115,-2.749897976917038,2.066677122236429,0.44542579342618294
9714.890779985,-2.749897976917038,2.066677122236429,0.44542579342618294
9714.894871973,-2.749897976917038,2.066677122236429,0.44542579342618294
9714.905304246,-2.749897976917038,2.066677122236429,0.44542579342618294
9714.913031721,-2.749897976917038,2.066677122236429,0.44542579342618294
9714.93057324,-2.749897976917038,2.066677122236429,0.44542579342618294
9714.933398566,-2.749897976917038,2.066677122236429,0.44542579342618294
9714.934162559,-2.749897976917038,2.066677122236429,0.44542579342618294
9714.935256916,-2.74976282839206,2.0667463868492244,0.5017809121777091
9714.94774417,-2.74976282839206,2.0667463868492244,0.5017809121777091
9714.956330186,-2.74976282839206,2.0667463868492244,0.5017809121777091
9714.962394118,-2.74976282839206,2.0667463868492244,0.5017809121777091
9714.973573282,-2.74976282839206,2.0667463868492244,0.5017809121777091
9714.984083202,-2.74976282839206,2.0667463868492244,0.5017809121777091
9714.990423717,-2.749696951818676,2.0667841486642837,0.5392111985851796
9714.994281473,-2.749696951818676,2.0667841486642837,0.5392111985851796
9714.99602198,-2.749696951818676,2.0667841486642837,0.5392111985851796
9715.003417097,-2.749696951818676,2.0667841486642837,0.5392111985851796
9715.017140983,-2.749696951818676,2.0667841486642837,0.5392111985851796
9715.022968302,-2.749696951818676,2.0667841486642837,0.5392111985851796
9715.031041035,-2.7496325177925147,2.066824322460098,0.5758103578259023
9715.035381405,-2.7496325177925147,2.066824322460098,0.5758103578259023
9715.042899234,-2.7496325177925147,2.066824322460098,0.5758103578259023
9715.043948686,-2.7496325177925147,2.066824322460098,0.5758103578259023
9715.06165659,-2.7496325177925147,2.066824322460098,0.5758103578259023
9715.065517261,-2.7496325177925147,2.066824322460098,0.5758103578259023
9715.073615185,-2.7496325177925147,2.066824322460098,0.5758103578259023
9715.082123294,-2.7496325177925147,2.066824322460098,0.5758103578259023
9715.098859523,-2.7496325177925147,2.066824322460098,0.5758103578259023
9715.101663418,-2.74959082331102,2.0668530294904124,0.6301341502834827
9715.105054583,-2.74959082331102,2.0668530294904124,0.6301341502834827
9715.10584719,-2.74959082331102,2.0668530294904124,0.6301341502834827
9715.112816162,-2.74959082331102,2.0668530294904124,0.6301341502834827
9715.122698716,-2.74959082331102,2.0668530294904124,0.6301341502834827
9715.133133413,-2.74959082331102,2.0668530294904124,0.6301341502834827
9715.139085946,-2.74959082331102,2.0668530294904124,0.6301341502834827
9715.139892519,-2.7495504460091023,2.066883561389576,0.6647358386684926
9715.142060914,-2.7495504460091023,2.066883561389576,0.6647358386684926
9715.152686051,-2.7495504460091023,2.066883561389576,0.6647358386684926
9715.165973978,-2.7495504460091023,2.066883561389576,0.6647358386684926
9715.173564102,-2.7495504460091023,2.066883561389576,0.6647358386684926
9715.183725995,-2.7495504460091023,2.066883561389576,0.6647358386684926
9715.195002141,-2.7495504460091023,2.066883561389576,0.6647358386684926
9715.196182471,-2.7495114280316564,2.066915812293635,0.7167255132366689
9715.197751915,-2.7495114280316564,2.066915812293635,0.7167255132366689
9715.205912728,-2.7495114280316564,2.066915812293635,0.7167255132366689
9715.212916285,-2.7495114280316564,2.066915812293635,0.7167255132366689
9715.223843132,-2.7495114280316564,2.066915812293635,0.7167255132366689
9715.231524539,-2.749549062122496,2.0668819567389467,0.7484604566265616
9715.236124507,-2.749549062122496,2.0668819567389467,0.7484604566265616
9715.245633306,-2.749549062122496,2.0668819567389467,0.7484604566265616
9715.254016889,-2.749549062122496,2.0668819567389467,0.7484604566265616
9715.258736853,-2.749549062122496,2.0668819567389467,0.7484604566265616
9715.263658699,-2.749549062122496,2.0668819567389467,0.7484604566265616
9715.274062488,-2.749549062122496,2.0668819567389467,0.7484604566265616
9715.282140775,-2.749549062122496,2.0668819567389467,0.7484604566265616
9715.284799667,-2.749549062122496,2.0668819567389467,0.7484604566265616
9715.286240809,-2.7495490621224965,2.0668819567389463,0.7959541528393297
9715.296867395,-2.7495490621224965,2.0668819567389463,0.7959541528393297
9715.301699435,-2.7495490621224965,2.0668819567389463,0.7959541528393297
9715.311752231,-2.7495490621224965,2.0668819567389463,0.7959541528393297
9715.322815054,-2.7495490621224965,2.0668819567389463,0.7959541528393297
9715.332628989,-2.7495490621224965,2.0668819567389463,0.7959541528393297
9715.337964757,-2.7495490621224965,2.0668819567389463,0.8264005630184682
9715.340962328,-2.7495490621224965,2.0668819567389463,0.8264005630184682
9715.348138471,-2.7495490621224965,2.0668819567389463,0.8264005630184682
9715.355635561,-2.7495490621224965,2.0668819567389463,0.8264005630184682
9715.362474156,-2.7495490621224965,2.0668819567389463,0.8264005630184682
9715.37162543,-2.7495490621224965,2.0668819567389463,0.8264005630184682
9715.382777121,-2.7495490621224965,2.0668819567389463,0.8264005630184682
9715.391676529,-2.7495490621224965,2.0668819567389463,0.8264005630184682
9715.402929933,-2.7495490621224965,2.0668819567389463,0.8264005630184682
9715.404231952,-2.7495490621224965,2.0668819567389463,0.8713643996883899
9715.406479386,-2.7495490621224965,2.0668819567389463,0.8713643996883899
9715.410810516,-2.7495490621224965,2.0668819567389463,0.8713643996883899
9715.421103997,-2.7495490621224965,2.0668819567389463,0.8713643996883899
9715.43773105,-2.7495490621224965,2.0668819567389463,0.8713643996883899
9715.444847329,-2.7495650748640577,2.0668623551330976,0.900294229285863
9715.446443324,-2.7495650748640577,2.0668623551330976,0.900294229285863
9715.452280528,-2.7495650748640577,2.0668623551330976,0.900294229285863
9715.45507733,-2.7495650748640577,2.0668623551330976,0.900294229285863
9715.462511932,-2.7495650748640577,2.0668623551330976,0.900294229285863
9715.472201308,-2.7495650748640577,2.0668623551330976,0.900294229285863
9715.483174426,-2.7495650748640577,2.0668623551330976,0.900294229285863
9715.485101265,-2.749595983480917,2.0668222654738257,0.9277019946743521
9715.485959706,-2.749595983480917,2.0668222654738257,0.9277019946743521
9715.49114567,-2.749595983480917,2.0668222654738257,0.9277019946743521
9715.502254741,-2.749595983480917,2.0668222654738257,0.9277019946743521
9715.511608157,-2.749595983480917,2.0668222654738257,0.9277019946743521
9715.523654328,-2.749595983480917,2.0668222654738257,0.9277019946743521
9715.530082538,-2.749595983480917,2.0668222654738257,0.9652801006008656
9715.537862191,-2.749595983480917,2.0668222654738257,0.9652801006008656
9715.541652009,-2.749595983480917,2.0668222654738257,0.9652801006008656
9715.552128004,-2.749595983480917,2.0668222654738257,0.9652801006008656
9715.55432276,-2.749595983480917,2.0668222654738257,0.9652801006008656
9715.566771801,-2.749595983480917,2.0668222654738257,0.9652801006008656
9715.573894774,-2.749595983480917,2.0668222654738257,0.9652801006008656
9715.584368365,-2.749595983480917,2.0668222654738257,0.9652801006008656
9715.586641037,-2.749610132550637,2.066801278938375,0.9899162500072987
9715.58751111,-2.749610132550637,2.066801278938375,0.9899162500072987
9715.595863495,-2.749610132550637,2.066801278938375,0.9899162500072987
9715.609064257,-2.749610132550637,2.066801278938375,0.9899162500072987
9715.616114943,-2.749610132550637,2.066801278938375,0.9899162500072987
9715.624744772,-2.749610132550637,2.066801278938375,0.9899162500072987
9715.633434754,-2.749610132550637,2.066801278938375,0.9899162500072987
9715.643775584,-2.749610132550637,2.066801278938375,0.9899162500072987
9715.654152282,-2.749610132550637,2.066801278938375,0.9899162500072987
9715.655805825,-2.7514527094284,2.0651508699948415,1.0234332442231118
9715.659966433,-2.7514527094284,2.0651508699948415,1.0234332442231118
9715.663112475,-2.7514527094284,2.0651508699948415,1.0234332442231118
9715.675866012,-2.7514527094284,2.0651508699948415,1.0234332442231118
9715.683834742,-2.7514527094284,2.0651508699948415,1.0234332442231118
9715.687029896,-2.756228483524437,2.06087764615899,1.0399428765556877
9715.688056535,-2.756228483524437,2.06087764615899,1.0399428765556877
9715.698139298,-2.756228483524437,2.06087764615899,1.0399428765556877
9715.703513628,-2.756228483524437,2.06087764615899,1.0399428765556877
9715.713337742,-2.756228483524437,2.06087764615899,1.0399428765556877
9715.724205688,-2.756228483524437,2.06087764615899,1.0399428765556877
9715.730025079,-2.7579096899364917,2.059350751153081,1.0607259891032084
9715.730916633,-2.7579096899364917,2.059350751153081,1.0607259891032084
9715.733464475,-2.7579096899364917,2.059350751153081,1.0607259891032084
9715.744731504,-2.7579096899364917,2.059350751153081,1.0607259891032084
9715.755149059,-2.7579096899364917,2.059350751153081,1.0607259891032084
9715.762463043,-2.7579096899364917,2.059350751153081,1.0607259891032084
9715.775795443,-2.7579096899364917,2.059350751153081,1.0607259891032084
9715.781275543,-2.7579096899364917,2.059350751153081,1.0607259891032084
9715.79158829,-2.7579096899364917,2.0593507511530813,1.0924090764521464
9715.797182653,-2.7579096899364917,2.0593507511530813,1.0924090764521464
9715.798031759,-2.7579096899364917,2.0593507511530813,1.0924090764521464
9715.805989218,-2.7579096899364917,2.0593507511530813,1.0924090764521464
9715.81150239,-2.7579096899364917,2.0593507511530813,1.0924090764521464
9715.823366578,-2.7579096899364917,2.0593507511530813,1.0924090764521464
9715.8293262,-2.757898271570487,2.0593733399060774,1.1131252667902813
9715.837031897,-2.757898271570487,2.0593733399060774,1.1131252667902813
9715.842549628,-2.757898271570487,2.0593733399060774,1.1131252667902813
9715.843421074,-2.757898271570487,2.0593733399060774,1.1131252667902813
9715.863404756,-2.757898271570487,2.0593733399060774,1.1131252667902813
9715.866473952,-2.757898271570487,2.0593733399060774,1.1131252667902813
9715.873014802,-2.757898271570487,2.0593733399060774,1.1131252667902813
9715.88204495,-2.757898271570487,2.0593733399060774,1.1131252667902813
9715.888787364,-2.7578874369998134,2.0593962144098423,1.143770398855101
9715.891014901,-2.7578874369998134,2.0593962144098423,1.143770398855101
9715.8918772,-2.7578874369998134,2.0593962144098423,1.143770398855101
9715.901836509,-2.7578874369998134,2.0593962144098423,1.143770398855101
9715.920287894,-2.7578874369998134,2.0593962144098423,1.143770398855101
9715.924240783,-2.7578874369998134,2.0593962144098423,1.143770398855101
9715.934709184,-2.7578874369998134,2.0593962144098423,1.143770398855101
9715.937333019,-2.759012838888875,2.057221824785056,1.162268071489716
9715.947317386,-2.759012838888875,2.057221824785056,1.162268071489716
9715.95291607,-2.759012838888875,2.057221824785056,1.162268071489716
9715.956861352,-2.759012838888875,2.057221824785056,1.162268071489716
9715.961728684,-2.759012838888875,2.057221824785056,1.162268071489716
9715.974145555,-2.759012838888875,2.057221824785056,1.162268071489716
9715.982336275,-2.759012838888875,2.057221824785056,1.162268071489716
9715.986057069,-2.7618023432507117,2.051817735694139,1.1876045828036788
9715.990047525,-2.7618023432507117,2.051817735694139,1.1876045828036788
9715.995505476,-2.7618023432507117,2.051817735694139,1.1876045828036788
9716.01537892,-2.7618023432507117,2.051817735694139,1.1876045828036788
9716.023355676,-2.7618023432507117,2.051817735694139,1.1876045828036788
9716.030465724,-2.7618023432507117,2.051817735694139,1.1876045828036788
9716.041763862,-2.7618023432507117,2.051817735694139,1.1876045828036788
9716.044959658,-2.7618023432507117,2.051817735694139,1.1876045828036788
9716.04560686,-2.7618023432507117,2.051817735694139,1.1876045828036788
9716.047515234,-2.7631529868006943,2.0491928353597824,1.200782473182675
9716.053429164,-2.7631529868006943,2.0491928353597824,1.200782473182675
9716.064362653,-2.7631529868006943,2.0491928353597824,1.200782473182675
9716.074092176,-2.7631529868006943,2.0491928353597824,1.200782473182675
9716.082467143,-2.763144000308726,2.049216497012435,1.2148807598113984
9716.085357612,-2.763144000308726,2.049216497012435,1.2148807598113984
9716.086000106,-2.763144000308726,2.049216497012435,1.2148807598113984
9716.091504715,-2.763144000308726,2.049216497012435,1.2148807598113984
9716.105216051,-2.763144000308726,2.049216497012435,1.2148807598113984
9716.110860251,-2.763144000308726,2.049216497012435,1.2148807598113984
9716.125248542,-2.763144000308726,2.049216497012435,1.2148807598113984
9716.133890186,-2.763144000308726,2.049216497012435,1.2148807598113984
9716.144156185,-2.763144000308726,2.049216497012435,1.2148807598113984
9716.145333178,-2.763144000308726,2.0492164970124356,1.219937975502011
9716.148395511,-2.763144000308726,2.0492164970124356,1.219937975502011
9716.154345839,-2.763144000308726,2.0492164970124356,1.219937975502011
9716.161564102,-2.763144000308726,2.0492164970124356,1.219937975502011
9716.174445731,-2.763144000308726,2.0492164970124356,1.219937975502011
9716.184097219,-2.763144000308726,2.0492164970124356,1.219937975502011
9716.186557776,-2.7631266682488347,2.0492640587941153,1.2227438045501673
9716.188251575,-2.7631266682488347,2.0492640587941153,1.2227438045501673
9716.195824418,-2.7631266682488347,2.0492640587941153,1.2227438045501673
9716.201378607,-2.7631266682488347,2.0492640587941153,1.2227438045501673
9716.214781401,-2.7631266682488347,2.0492640587941153,1.2227438045501673
9716.226345962,-2.7631266682488347,2.0492640587941153,1.2227438045501673
9716.22831967,-2.7631180457760847,2.0492878555125413,1.2235999656677214
9716.231687009,-2.7631180457760847,2.0492878555125413,1.2235999656677214
9716.236872583,-2.7631180457760847,2.0492878555125413,1.2235999656677214
9716.242857697,-2.7631180457760847,2.0492878555125413,1.2235999656677214
9716.257344618,-2.7631180457760847,2.0492878555125413,1.2235999656677214
9716.2657119,-2.7631180457760847,2.0492878555125413,1.2235999656677214
9716.274418093,-2.7631180457760847,2.0492878555125413,1.2235999656677214
9716.282712809,-2.7631180457760847,2.0492878555125413,1.2235999656677214
9716.285190569,-2.7631094125272555,2.049311648323615,1.2218380523681605
9716.28614429,-2.7631094125272555,2.049311648323615,1.2218380523681605
9716.29187859,-2.7631094125272555,2.049311648323615,1.2218380523681605
9716.30917166,-2.7631094125272555,2.049311648323615,1.2218380523681605
9716.326770448,-2.7631094125272555,2.049311648323615,1.2218380523681605
9716.337164759,-2.7631094125272555,2.049311648323615,1.2218380523681605
9716.338739684,-2.763306326241712,2.0477070250618774,1.2136229783522892
9716.341691629,-2.763306326241712,2.0477070250618774,1.2136229783522892
9716.348117495,-2.763306326241712,2.0477070250618774,1.2136229783522892
9716.349351095,-2.763306326241712,2.0477070250618774,1.2136229783522892
9716.354082891,-2.763306326241712,2.0477070250618774,1.2136229783522892
9716.365090841,-2.763306326241712,2.0477070250618774,1.2136229783522892
9716.376866221,-2.763306326241712,2.0477070250618774,1.2136229783522892
9716.38365362,-2.763306326241712,2.0477070250618774,1.2136229783522892
9716.404800629,-2.763306326241712,2.0477070250618774,1.2136229783522892
9716.405576064,-2.7639015550898742,2.0430504644879557,1.2059056740943253
9716.412626129,-2.7639015550898742,2.0430504644879557,1.2059056740943253
9716.413900345,-2.7639015550898742,2.0430504644879557,1.2059056740943253
9716.421646655,-2.7639015550898742,2.0430504644879557,1.2059056740943253
9716.431204126,-2.7639015550898742,2.0430504644879557,1.2059056740943253
9716.435382788,-2.7639270159791147,2.0418114716826605,1.1875191847015871
9716.441464454,-2.7639270159791147,2.0418114716826605,1.1875191847015871
9716.442174325,-2.7639270159791147,2.0418114716826605,1.1875191847015871
9716.453640681,-2.7639270159791147,2.0418114716826605,1.1875191847015871
9716.463571787,-2.7639270159791147,2.0418114716826605,1.1875191847015871
9716.483729809,-2.7639270159791147,2.0418114716826605,1.1875191847015871
9716.490067318,-2.7639270159791147,2.0418114716826605,1.1875191847015871
9716.496497452,-2.7639270159791147,2.0418114716826605,1.1875191847015871
9716.498909818,-2.7637689148416715,2.042184306131772,1.1519389072586552
9716.506048861,-2.7637689148416715,2.042184306131772,1.1519389072586552
9716.507003144,-2.7637689148416715,2.042184306131772,1.1519389072586552
9716.509831085,-2.7637689148416715,2.042184306131772,1.1519389072586552
9716.520886154,-2.7637689148416715,2.042184306131772,1.1519389072586552
9716.527461262,-2.7637689148416715,2.042184306131772,1.1519389072586552
9716.536859211,-2.7637689148416715,2.042184306131772,1.1519389072586552
9716.53969659,-2.7634826132258934,2.0428048311273956,1.1250893989731332
9716.541394987,-2.7634826132258934,2.0428048311273956,1.1250893989731332
9716.545367139,-2.7634826132258934,2.0428048311273956,1.1250893989731332
9716.547224337,-2.7634826132258934,2.0428048311273956,1.1250893989731332
9716.552227746,-2.7634826132258934,2.0428048311273956,1.1250893989731332
9716.566532373,-2.7634826132258934,2.0428048311273956,1.1250893989731332
9716.572877426,-2.7634826132258934,2.0428048311273956,1.1250893989731332
9716.583971629,-2.7634826132258934,2.0428048311273956,1.1250893989731332
9716.585591879,-2.763302361901577,2.043167475520964,1.0939383426834597
9716.602823604,-2.763302361901577,2.043167475520964,1.0939383426834597
9716.608963881,-2.763302361901577,2.043167475520964,1.0939383426834597
9716.623616955,-2.763302361901577,2.043167475520964,1.0939383426834597
9716.629029428,-2.763302361901577,2.043167475520964,1.0939383426834597
9716.63488679,-2.763302361901577,2.043167475520964,1.0939383426834597
9716.637610414,-2.7630619180299085,2.043612940538941,1.057760588281299
9716.639235503,-2.7630619180299085,2.043612940538941,1.057760588281299
9716.641320851,-2.7630619180299085,2.043612940538941,1.057760588281299
9716.654996169,-2.7630619180299085,2.043612940538941,1.057760588281299
9716.666230387,-2.7630619180299085,2.043612940538941,1.057760588281299
9716.667193766,-2.7630619180299085,2.043612940538941,1.057760588281299
9716.674346866,-2.7630619180299085,2.043612940538941,1.057760588281299
9716.683545128,-2.7630619180299085,2.043612940538941,1.057760588281299
9716.687778413,-2.7630619180299085,2.043612940538941,1.057760588281299
9716.695327721,-2.7627438660756165,2.0441599663445205,1.0305401006866948
9716.701364082,-2.7627438660756165,2.0441599663445205,1.0305401006866948
9716.70761623,-2.7627438660756165,2.0441599663445205,1.0305401006866948
9716.71234453,-2.7627438660756165,2.0441599663445205,1.0305401006866948
9716.724641044,-2.7627438660756165,2.0441599663445205,1.0305401006866948
9716.728161322,-2.762504199414576,2.044547425097283,1.0031421104599494
9716.732035649,-2.762504199414576,2.044547425097283,1.0031421104599494
9716.736124662,-2.762504199414576,2.044547425097283,1.0031421104599494
9716.746725784,-2.762504199414576,2.044547425097283,1.0031421104599494
9716.753863685,-2.762504199414576,2.044547425097283,1.0031421104599494
9716.76478424,-2.762504199414576,2.044547425097283,1.0031421104599494
9716.772822979,-2.762504199414576,2.044547425097283,1.0031421104599494
9716.782775619,-2.762504199414576,2.044547425097283,1.0031421104599494
9716.792457324,-2.762504199414576,2.044547425097283,1.0031421104599494
9716.794163286,-2.7622652044237563,2.044905229105541,0.9606702247787968
9716.795736959,-2.7622652044237563,2.044905229105541,0.9606702247787968
9716.802394182,-2.7622652044237563,2.044905229105541,0.9606702247787968
9716.816076573,-2.7622652044237563,2.044905229105541,0.9606702247787968
9716.827640282,-2.7622652044237563,2.044905229105541,0.9606702247787968
9716.833793083,-2.7622652044237563,2.044905229105541,0.9606702247787968
9716.835047422,-2.7618813239523177,2.0454397403161804,0.9352627912689697
9716.847857606,-2.7618813239523177,2.0454397403161804,0.9352627912689697
9716.850040379,-2.7618813239523177,2.0454397403161804,0.9352627912689697
9716.852569635,-2.7618813239523177,2.0454397403161804,0.9352627912689697
9716.862597294,-2.7618813239523177,2.0454397403161804,0.9352627912689697
9716.878702161,-2.7618813239523177,2.0454397403161804,0.9352627912689697
9716.886575691,-2.7618813239523177,2.0454397403161804,0.9352627912689697
9716.887218655,-2.7616202302440094,2.045781752581229,0.9022799650360598
9716.88826431,-2.7616202302440094,2.045781752581229,0.9022799650360598
9716.894604705,-2.7616202302440094,2.045781752581229,0.9022799650360598
9716.903999218,-2.7616202302440094,2.045781752581229,0.9022799650360598
9716.917653726,-2.7616202302440094,2.045781752581229,0.9022799650360598
9716.923093427,-2.7616202302440094,2.045781752581229,0.9022799650360598
9716.93373106,-2.7616202302440094,2.045781752581229,0.9022799650360598
9716.938842584,-2.761365512386638,2.046096586361565,0.8788367429901612
9716.944864227,-2.761365512386638,2.046096586361565,0.8788367429901612
9716.950675352,-2.761365512386638,2.046096586361565,0.8788367429901612
9716.955102243,-2.761365512386638,2.046096586361565,0.8788367429901612
9716.963918965,-2.761365512386638,2.046096586361565,0.8788367429901612
9716.974035933,-2.761365512386638,2.046096586361565,0.8788367429901612
9716.989684206,-2.761365512386638,2.046096586361565,0.8788367429901612
9716.99059175,-2.760922550973735,2.0466169757081807,0.852361909501697
9716.995548161,-2.760922550973735,2.0466169757081807,0.852361909501697
9716.997314427,-2.760922550973735,2.0466169757081807,0.852361909501697
9717.007607757,-2.760922550973735,2.0466169757081807,0.852361909501697
9717.012106694,-2.760922550973735,2.0466169757081807,0.852361909501697
9717.026000465,-2.760922550973735,2.0466169757081807,0.852361909501697
9717.02982607,-2.7606511936817917,2.046917586280539,0.8206353107620733
9717.034983871,-2.7606511936817917,2.046917586280539,0.8206353107620733
9717.03595235,-2.7606511936817917,2.046917586280539,0.8206353107620733
9717.046963563,-2.7606511936817917,2.046917586280539,0.8206353107620733
9717.051808327,-2.7606511936817917,2.046917586280539,0.8206353107620733
9717.061942466,-2.7606511936817917,2.046917586280539,0.8206353107620733
9717.078742586,-2.7606511936817917,2.046917586280539,0.8206353107620733
9717.083010797,-2.7606511936817917,2.046917586280539,0.8206353107620733
9717.092371786,-2.7606511936817917,2.046917586280539,0.8206353107620733
9717.093813109,-2.760386417749527,2.0471896812007957,0.7774246851135745
9717.095131889,-2.760386417749527,2.0471896812007957,0.7774246851135745
9717.102906823,-2.760386417749527,2.0471896812007957,0.7774246851135745
9717.116027801,-2.760386417749527,2.0471896812007957,0.7774246851135745
9717.123356476,-2.760386417749527,2.0471896812007957,0.7774246851135745
9717.133805109,-2.760386417749527,2.0471896812007957,0.7774246851135745
9717.134437754,-2.759966490221191,2.047592861789992,0.7526853004623905
9717.135106668,-2.759966490221191,2.047592861789992,0.7526853004623905
9717.142285977,-2.759966490221191,2.047592861789992,0.7526853004623905
9717.15371925,-2.759966490221191,2.047592861789992,0.7526853004623905
9717.162029495,-2.759966490221191,2.047592861789992,0.7526853004623905
9717.175010472,-2.759966490221191,2.047592861789992,0.7526853004623905
9717.185491867,-2.759966490221191,2.047592861789992,0.7526853004623905
9717.186706832,-2.759629368499396,2.0478993146219286,0.7228751102615848
9717.190164192,-2.759629368499396,2.0478993146219286,0.7228751102615848
9717.193862994,-2.759629368499396,2.0478993146219286,0.7228751102615848
9717.207675875,-2.759629368499396,2.0478993146219286,0.7228751102615848
9717.215930044,-2.759629368499396,2.0478993146219286,0.7228751102615848
9717.224149264,-2.759629368499396,2.0478993146219286,0.7228751102615848
9717.235947901,-2.759629368499396,2.0478993146219286,0.7228751102615848
9717.237093675,-2.759026748851185,2.047515171991045,0.7045735840682494
9717.246958135,-2.759026748851185,2.047515171991045,0.7045735840682494
9717.247732498,-2.759026748851185,2.047515171991045,0.7045735840682494
9717.251585955,-2.759026748851185,2.047515171991045,0.7045735840682494
9717.262811136,-2.759026748851185,2.047515171991045,0.7045735840682494
9717.27458904,-2.759026748851185,2.047515171991045,0.7045735840682494
9717.281525581,-2.759026748851185,2.047515171991045,0.7045735840682494
9717.285874384,-2.759026748851185,2.047515171991045,0.7045735840682494
9717.290916066,-2.7575133867162136,2.0446457625309757,0.6946687462103684
9717.293646243,-2.7575133867162136,2.0446457625309757,0.6946687462103684
9717.304682576,-2.7575133867162136,2.0446457625309757,0.6946687462103684
9717.311337115,-2.7575133867162136,2.0446457625309757,0.6946687462103684
9717.32505365,-2.7575133867162136,2.0446457625309757,0.6946687462103684
9717.334126986,-2.7575133867162136,2.0446457625309757,0.6946687462103684
9717.344888301,-2.7575133867162136,2.0446457625309757,0.6946687462103684
9717.348687456,-2.7575133867162136,2.0446457625309757,0.6946687462103684
9717.350152593,-2.7563546510325283,2.0426650692529598,0.6728897294711567
9717.358213918,-2.7563546510325283,2.0426650692529598,0.6728897294711567
9717.361988758,-2.7563546510325283,2.0426650692529598,0.6728897294711567
9717.373388738,-2.7563546510325283,2.0426650692529598,0.6728897294711567
9717.391878259,-2.7563546510325283,2.0426650692529598,0.6728897294711567
9717.399078798,-2.7563546510325283,2.0426650692529598,0.6728897294711567
9717.39989001,-2.7559166024819706,2.043008840682732,0.6578920087527728
9717.402248815,-2.7559166024819706,2.043008840682732,0.6578920087527728
9717.402873624,-2.7559166024819706,2.043008840682732,0.6578920087527728
9717.419050828,-2.7559166024819706,2.043008840682732,0.6578920087527728
9717.422130494,-2.7559166024819706,2.043008840682732,0.6578920087527728
9717.429499852,-2.7555943990424785,2.0432541699302433,0.643636485071132
9717.438381356,-2.7555943990424785,2.0432541699302433,0.643636485071132
9717.439433463,-2.7555943990424785,2.0432541699302433,0.643636485071132
9717.44294753,-2.7555943990424785,2.0432541699302433,0.643636485071132
9717.455085414,-2.7555943990424785,2.0432541699302433,0.643636485071132
9717.463054425,-2.7555943990424785,2.0432541699302433,0.643636485071132
9717.472084719,-2.7555943990424785,2.0432541699302433,0.643636485071132
9717.482863557,-2.7555943990424785,2.0432541699302433,0.643636485071132
9717.500398154,-2.7555943990424785,2.0432541699302433,0.643636485071132
9717.507785997,-2.7555943990424785,2.0432541699302433,0.643636485071132
9717.508794151,-2.755268544542555,2.0434946285357953,0.6278295716952778
9717.5157877,-2.755268544542555,2.0434946285357953,0.6278295716952778
9717.516686384,-2.755268544542555,2.0434946285357953,0.6278295716952778
9717.522670909,-2.755268544542555,2.0434946285357953,0.6278295716952778
9717.537960586,-2.755268544542555,2.0434946285357953,0.6278295716952778
9717.539993916,-2.755268544542555,2.0434946285357953,0.6278295716952778
9717.541244989,-2.7550427884304836,2.0436575718081493,0.6225418052386736
9717.543946651,-2.7550427884304836,2.0436575718081493,0.6225418052386736
9717.561028974,-2.7550427884304836,2.0436575718081493,0.6225418052386736
9717.563575183,-2.7550427884304836,2.0436575718081493,0.6225418052386736
9717.57403613,-2.7550427884304836,2.0436575718081493,0.6225418052386736
9717.583924826,-2.7550427884304836,2.0436575718081493,0.6225418052386736
9717.596086376,-2.7550427884304836,2.0436575718081493,0.6225418052386736
9717.596986766,-2.7550427884304836,2.0436575718081493,0.6225418052386736
9717.597761169,-2.754960504907086,2.0437165592244666,0.6213886937808488
9717.602860847,-2.754960504907086,2.0437165592244666,0.6213886937808488
9717.61497567,-2.754960504907086,2.0437165592244666,0.6213886937808488
9717.622312868,-2.754960504907086,2.0437165592244666,0.6213886937808488
9717.62931401,-2.7529536122448572,2.044892993991871,0.6239030033436115
9717.631712981,-2.7529536122448572,2.044892993991871,0.6239030033436115
9717.632992608,-2.7529536122448572,2.044892993991871,0.6239030033436115
9717.646380784,-2.7529536122448572,2.044892993991871,0.6239030033436115
9717.653052982,-2.7529536122448572,2.044892993991871,0.6239030033436115
9717.662000864,-2.7529536122448572,2.044892993991871,0.6239030033436115
9717.675034701,-2.7529536122448572,2.044892993991871,0.6239030033436115
9717.685009931,-2.7529536122448572,2.044892993991871,0.6239030033436115
9717.686066897,-2.7434827641437334,2.0502569642589425,0.6398591069527465
9717.688746394,-2.7434827641437334,2.0502569642589425,0.6398591069527465
9717.696595508,-2.7434827641437334,2.0502569642589425,0.6398591069527465
9717.709223571,-2.7434827641437334,2.0502569642589425,0.6398591069527465
9717.715802737,-2.7434827641437334,2.0502569642589425,0.6398591069527465
9717.725872726,-2.7434827641437334,2.0502569642589425,0.6398591069527465
9717.732358465,-2.737543635280283,2.05349221121013,0.6676210453713272
9717.735260776,-2.737543635280283,2.05349221121013,0.6676210453713272
9717.737902585,-2.737543635280283,2.05349221121013,0.6676210453713272
9717.742920834,-2.737543635280283,2.05349221121013,0.6676210453713272
9717.751929989,-2.737543635280283,2.05349221121013,0.6676210453713272
9717.765042493,-2.737543635280283,2.05349221121013,0.6676210453713272
9717.775304535,-2.737543635280283,2.05349221121013,0.6676210453713272
9717.785770071,-2.737543635280283,2.05349221121013,0.6676210453713272
9717.78932784,-2.737543635280283,2.05349221121013,0.6676210453713272
9717.790230605,-2.7375042266487646,2.0535239835745136,0.6894336035454606
9717.798259268,-2.7375042266487646,2.0535239835745136,0.6894336035454606
9717.803688252,-2.7375042266487646,2.0535239835745136,0.6894336035454606
9717.812723126,-2.7375042266487646,2.0535239835745136,0.6894336035454606
9717.824939057,-2.7375042266487646,2.0535239835745136,0.6894336035454606
9717.830106426,-2.737427046260944,2.0535895067096823,0.7183474590981337
9717.833329083,-2.737427046260944,2.0535895067096823,0.7183474590981337
9717.834469757,-2.737427046260944,2.0535895067096823,0.7183474590981337
9717.844942867,-2.737427046260944,2.0535895067096823,0.7183474590981337
9717.852794587,-2.737427046260944,2.0535895067096823,0.7183474590981337
9717.862024008,-2.737427046260944,2.0535895067096823,0.7183474590981337
9717.874630677,-2.737427046260944,2.0535895067096823,0.7183474590981337
9717.882054698,-2.737427046260944,2.0535895067096823,0.7183474590981337
9717.890814743,-2.737427046260944,2.0535895067096823,0.7183474590981337
9717.896427934,-2.737427046260944,2.0535895067096823,0.7183474590981337
9717.897116325,-2.737370971597881,2.053640705437791,0.7616046955788466
9717.903700009,-2.737370971597881,2.053640705437791,0.7616046955788466
9717.914703941,-2.737370971597881,2.053640705437791,0.7616046955788466
9717.920629429,-2.737370971597881,2.053640705437791,0.7616046955788466
9717.931338187,-2.737370971597881,2.053640705437791,0.7616046955788466
9717.936282525,-2.7373529121928373,2.0536584392679917,0.7910001566613052
9717.946405845,-2.7373529121928373,2.0536584392679917,0.7910001566613052
9717.948184263,-2.7373529121928373,2.0536584392679917,0.7910001566613052
9717.952644978,-2.7373529121928373,2.0536584392679917,0.7910001566613052
9717.962354196,-2.7373529121928373,2.0536584392679917,0.7910001566613052
9717.972696238,-2.7373529121928373,2.0536584392679917,0.7910001566613052
9717.981477443,-2.7373529121928373,2.0536584392679917,0.7910001566613052
9717.985687774,-2.7373529121928373,2.0536584392679917,0.7910001566613052
9717.986303567,-2.7373353907058022,2.053676704763776,0.821370034476552
9717.991937829,-2.7373353907058022,2.053676704763776,0.821370034476552
9718.002523541,-2.7373353907058022,2.053676704763776,0.821370034476552
9718.017778132,-2.7373353907058022,2.053676704763776,0.821370034476552
9718.024092288,-2.7373353907058022,2.053676704763776,0.821370034476552
9718.028756256,-2.737318518349459,2.0536955715185474,0.8609193852150776
9718.034898396,-2.737318518349459,2.0536955715185474,0.8609193852150776
9718.039302253,-2.737318518349459,2.0536955715185474,0.8609193852150776
9718.041528768,-2.737318518349459,2.0536955715185474,0.8609193852150776
9718.05295594,-2.737318518349459,2.0536955715185474,0.8609193852150776
9718.062869904,-2.737318518349459,2.0536955715185474,0.8609193852150776
9718.076758625,-2.737318518349459,2.0536955715185474,0.8609193852150776
9718.081908411,-2.737318518349459,2.0536955715185474,0.8609193852150776
9718.086974319,-2.737318518349459,2.0536955715185474,0.8609193852150776
9718.089593275,-2.737367224795677,2.053637318967579,0.8879055073464251
9718.092395147,-2.737367224795677,2.053637318967579,0.8879055073464251
9718.103411763,-2.737367224795677,2.053637318967579,0.8879055073464251
9718.112050549,-2.737367224795677,2.053637318967579,0.8879055073464251
9718.121111782,-2.737367224795677,2.053637318967579,0.8879055073464251
9718.129858973,-2.737382937477726,2.053617476022562,0.9141810229027604
9718.135303947,-2.737382937477726,2.053617476022562,0.9141810229027604
9718.135884353,-2.737382937477726,2.053617476022562,0.9141810229027604
9718.144414112,-2.737382937477726,2.053617476022562,0.9141810229027604
9718.151013125,-2.737382937477726,2.053617476022562,0.9141810229027604
9718.162185255,-2.737382937477726,2.053617476022562,0.9141810229027604
9718.171562626,-2.737382937477726,2.053617476022562,0.9141810229027604
9718.184403909,-2.737382937477726,2.053617476022562,0.9141810229027604
9718.194841953,-2.737382937477726,2.053617476022562,0.9141810229027604
9718.19604237,-2.737412984752476,2.0535767367950686,0.9564390471184587
9718.200012809,-2.737412984752476,2.0535767367950686,0.9564390471184587
9718.207238846,-2.737412984752476,2.0535767367950686,0.9564390471184587
9718.213634244,-2.737412984752476,2.0535767367950686,0.9564390471184587
9718.222546066,-2.737412984752476,2.0535767367950686,0.9564390471184587
9718.234264548,-2.737412984752476,2.0535767367950686,0.9564390471184587
9718.236518134,-2.7373986376373036,2.053597588440816,0.9798230221474504
9718.241005459,-2.7373986376373036,2.053597588440816,0.9798230221474504
9718.249764441,-2.7373986376373036,2.053597588440816,0.9798230221474504
9718.254855697,-2.7373986376373036,2.053597588440816,0.9798230221474504
9718.26100472,-2.7373986376373036,2.053597588440816,0.9798230221474504
9718.271993264,-2.7373986376373036,2.053597588440816,0.9798230221474504
9718.282318735,-2.7373986376373036,2.053597588440816,0.9798230221474504
9718.283227682,-2.737398637637303,2.0535975884408164,1.0050051501000254
9718.283955536,-2.737398637637303,2.0535975884408164,1.0050051501000254
9718.298894771,-2.737398637637303,2.0535975884408164,1.0050051501000254
9718.305534742,-2.737398637637303,2.0535975884408164,1.0050051501000254
9718.316295725,-2.737398637637303,2.0535975884408164,1.0050051501000254
9718.322752159,-2.737398637637303,2.0535975884408164,1.0050051501000254
9718.332952865,-2.737398637637303,2.0535975884408164,1.0050051501000254
9718.340839971,-2.737385460766768,2.053619198645051,1.0414686491692398
9718.344283454,-2.737385460766768,2.053619198645051,1.0414686491692398
9718.351658273,-2.737385460766768,2.053619198645051,1.0414686491692398
9718.35664452,-2.737385460766768,2.053619198645051,1.0414686491692398
9718.362343083,-2.737385460766768,2.053619198645051,1.0414686491692398
9718.373107062,-2.737385460766768,2.053619198645051,1.0414686491692398
9718.381455288,-2.737385460766768,2.053619198645051,1.0414686491692398
9718.384999121,-2.7373729223317915,2.053641185424999,1.0635770848000379
9718.389722763,-2.7373729223317915,2.053641185424999,1.0635770848000379
9718.39543446,-2.7373729223317915,2.053641185424999,1.0635770848000379
9718.402242137,-2.7373729223317915,2.053641185424999,1.0635770848000379
9718.412121986,-2.7373729223317915,2.053641185424999,1.0635770848000379
9718.42862779,-2.7373729223317915,2.053641185424999,1.0635770848000379
9718.430254343,-2.7373608768530544,2.0536634460917944,1.0860303929055068
9718.433784249,-2.7373608768530544,2.0536634460917944,1.0860303929055068
9718.437699454,-2.7373608768530544,2.0536634460917944,1.0860303929055068
9718.442765532,-2.7373608768530544,2.0536634460917944,1.0860303929055068
9718.454708958,-2.7373608768530544,2.0536634460917944,1.0860303929055068
9718.462092042,-2.7373608768530544,2.0536634460917944,1.0860303929055068
9718.471294913,-2.7373608768530544,2.0536634460917944,1.0860303929055068
9718.484031558,-2.7373608768530544,2.0536634460917944,1.0860303929055068
9718.487644502,-2.7373723150154916,2.053640867356572,1.1177507927620738
9718.488704494,-2.7373723150154916,2.053640867356572,1.1177507927620738
9718.491385828,-2.7373723150154916,2.053640867356572,1.1177507927620738
9718.501408397,-2.7373723150154916,2.053640867356572,1.1177507927620738
9718.515697154,-2.7373723150154916,2.053640867356572,1.1177507927620738
9718.523166,-2.7373723150154916,2.053640867356572,1.1177507927620738
9718.534331828,-2.7373723150154916,2.053640867356572,1.1177507927620738
9718.535543347,-2.7373506339543003,2.053686610716334,1.138623743315968
9718.536541672,-2.7373506339543003,2.053686610716334,1.138623743315968
9718.545786492,-2.7373506339543003,2.053686610716334,1.138623743315968
9718.554048195,-2.7373506339543003,2.053686610716334,1.138623743315968
9718.563600236,-2.7373506339543003,2.053686610716334,1.138623743315968
9718.573656418,-2.7373506339543003,2.053686610716334,1.138623743315968
9718.583744321,-2.7373506339543003,2.053686610716334,1.138623743315968
9718.59497401,-2.7373506339543003,2.053686610716334,1.138623743315968
9718.596135925,-2.737340361234975,2.0537097429899323,1.167118935843739
9718.597932468,-2.737340361234975,2.0537097429899323,1.167118935843739
9718.60553759,-2.737340361234975,2.0537097429899323,1.167118935843739
9718.611304161,-2.737340361234975,2.0537097429899323,1.167118935843739
9718.622736213,-2.737340361234975,2.0537097429899323,1.167118935843739
9718.629948504,-2.7359699583092634,2.054835755087136,1.1870158316829136
9718.632673611,-2.7359699583092634,2.054835755087136,1.1870158316829136
9718.643156589,-2.7359699583092634,2.054835755087136,1.1870158316829136
9718.652659116,-2.7359699583092634,2.054835755087136,1.1870158316829136
9718.65352931,-2.7359699583092634,2.054835755087136,1.1870158316829136
9718.663738491,-2.7359699583092634,2.054835755087136,1.1870158316829136
9718.674747103,-2.7359699583092634,2.054835755087136,1.1870158316829136
9718.684743382,-2.7359699583092634,2.054835755087136,1.1870158316829136
9718.697080543,-2.7359699583092634,2.054835755087136,1.1870158316829136
9718.69860893,-2.7297105949192435,2.0595989926918863,1.223135336854069
9718.702399038,-2.7297105949192435,2.0595989926918863,1.223135336854069
9718.705544448,-2.7297105949192435,2.0595989926918863,1.223135336854069
9718.714130424,-2.7297105949192435,2.0595989926918863,1.223135336854069
9718.724627289,-2.7297105949192435,2.0595989926918863,1.223135336854069
9718.73423239,-2.7297105949192435,2.0595989926918863,1.223135336854069
9718.735367704,-2.725493675065167,2.062600979341803,1.2448971553762616
9718.736870562,-2.725493675065167,2.062600979341803,1.2448971553762616
9718.74130123,-2.725493675065167,2.062600979341803,1.2448971553762616
9718.744644504,-2.725493675065167,2.062600979341803,1.2448971553762616
9718.752858598,-2.725493675065167,2.062600979341803,1.2448971553762616
9718.765147267,-2.725493675065167,2.062600979341803,1.2448971553762616
9718.774569182,-2.725493675065167,2.062600979341803,1.2448971553762616
9718.783306553,-2.725493675065167,2.062600979341803,1.2448971553762616
9718.784677984,-2.7254857399529087,2.0626250140008935,1.258924631686992
9718.792323463,-2.7254857399529087,2.0626250140008935,1.258924631686992
9718.803286669,-2.7254857399529087,2.0626250140008935,1.258924631686992
9718.814348882,-2.7254857399529087,2.0626250140008935,1.258924631686992
9718.821403135,-2.7254857399529087,2.0626250140008935,1.258924631686992
9718.830206431,-2.7254857399529087,2.0626250140008935,1.258924631686992
9718.833304081,-2.7255007831185196,2.06257667947343,1.2792127414663486
9718.834189593,-2.7255007831185196,2.06257667947343,1.2792127414663486
9718.840819115,-2.7255007831185196,2.06257667947343,1.2792127414663486
9718.84528037,-2.7255007831185196,2.06257667947343,1.2792127414663486
9718.851929528,-2.7255007831185196,2.06257667947343,1.2792127414663486
9718.864990867,-2.7255007831185196,2.06257667947343,1.2792127414663486
9718.872926394,-2.7255007831185196,2.06257667947343,1.2792127414663486
9718.882056637,-2.7255007831185196,2.06257667947343,1.2792127414663486
9718.883606886,-2.7255007831185196,2.0625766794734304,1.2924512906988328
9718.884315394,-2.7255007831185196,2.0625766794734304,1.2924512906988328
9718.894695979,-2.7255007831185196,2.0625766794734304,1.2924512906988328
9718.901813331,-2.7255007831185196,2.0625766794734304,1.2924512906988328
9718.918749387,-2.7255007831185196,2.0625766794734304,1.2924512906988328
9718.926244813,-2.7255007831185196,2.0625766794734304,1.2924512906988328
9718.930021356,-2.7255007831185196,2.0625766794734304,1.2924512906988328
9718.94158174,-2.7255007831185196,2.0625766794734304,1.2924512906988328
9718.942822824,-2.725507495142639,2.0625522749743297,1.3123489900549117
9718.947329796,-2.725507495142639,2.0625522749743297,1.3123489900549117
9718.954288989,-2.725507495142639,2.0625522749743297,1.3123489900549117
9718.966627813,-2.725507495142639,2.0625522749743297,1.3123489900549117
9718.970696938,-2.725507495142639,2.0625522749743297,1.3123489900549117
9718.985608861,-2.725507495142639,2.0625522749743297,1.3123489900549117
9718.986856828,-2.7255074951426392,2.0625522749743292,1.3248492761572062
9718.989540316,-2.7255074951426392,2.0625522749743292,1.3248492761572062
9718.9938626,-2.7255074951426392,2.0625522749743292,1.3248492761572062
9719.003908352,-2.7255074951426392,2.0625522749743292,1.3248492761572062
9719.012633121,-2.7255074951426392,2.0625522749743292,1.3248492761572062
9719.022308053,-2.7255074951426392,2.0625522749743292,1.3248492761572062
9719.031941928,-2.7255074951426392,2.0625522749743292,1.3248492761572062
9719.038026209,-2.725101506854842,2.062080167006999,1.3421966790703863
9719.045207943,-2.725101506854842,2.062080167006999,1.3421966790703863
9719.046781345,-2.725101506854842,2.062080167006999,1.3421966790703863
9719.050414135,-2.725101506854842,2.062080167006999,1.3421966790703863
9719.063203871,-2.725101506854842,2.062080167006999,1.3421966790703863
9719.072902999,-2.725101506854842,2.062080167006999,1.3421966790703863
9719.083066775,-2.725101506854842,2.062080167006999,1.3421966790703863
9719.084320803,-2.725101506854842,2.062080167006999,1.3421966790703863
9719.084810398,-2.7232698570690617,2.059774490265571,1.3532016117885113
9719.095642536,-2.7232698570690617,2.059774490265571,1.3532016117885113
9719.10379323,-2.7232698570690617,2.059774490265571,1.3532016117885113
9719.11048084,-2.7232698570690617,2.059774490265571,1.3532016117885113
9719.121422335,-2.7232698570690617,2.059774490265571,1.3532016117885113
9719.127697386,-2.722061043418603,2.0583680028375135,1.36447294139491
9719.136163015,-2.722061043418603,2.0583680028375135,1.36447294139491
9719.139047533,-2.722061043418603,2.0583680028375135,1.36447294139491
9719.144636318,-2.722061043418603,2.0583680028375135,1.36447294139491
9719.151302788,-2.722061043418603,2.0583680028375135,1.36447294139491
9719.161134998,-2.722061043418603,2.0583680028375135,1.36447294139491
9719.172659253,-2.722061043418603,2.0583680028375135,1.36447294139491
9719.184045658,-2.722061043418603,2.0583680028375135,1.36447294139491
9719.195045553,-2.722061043418603,2.0583680028375135,1.36447294139491
9719.196333766,-2.7220660251025595,2.058343187244249,1.3808900871239744
9719.197193139,-2.7220660251025595,2.058343187244249,1.3808900871239744
9719.205616268,-2.7220660251025595,2.058343187244249,1.3808900871239744
9719.21241596,-2.7220660251025595,2.058343187244249,1.3808900871239744
9719.223655267,-2.7220660251025595,2.058343187244249,1.3808900871239744
9719.232209813,-2.7220660251025595,2.058343187244249,1.3808900871239744
9719.233028249,-2.722070683822076,2.0583183089971917,1.3904689111672477
9719.234651665,-2.722070683822076,2.0583183089971917,1.3904689111672477
9719.240546449,-2.722070683822076,2.0583183089971917,1.3904689111672477
9719.252154462,-2.722070683822076,2.0583183089971917,1.3904689111672477
9719.261708897,-2.722070683822076,2.0583183089971917,1.3904689111672477
9719.270959257,-2.722070683822076,2.0583183089971917,1.3904689111672477
9719.283536251,-2.722070683822076,2.0583183089971917,1.3904689111672477
9719.292017489,-2.722070683822076,2.0583183089971917,1.3904689111672477
9719.29585116,-2.7220881334767686,2.058218581352792,1.4046846189461786
9719.297207692,-2.7220881334767686,2.058218581352792,1.4046846189461786
9719.306986791,-2.7220881334767686,2.058218581352792,1.4046846189461786
9719.317867631,-2.7220881334767686,2.058218581352792,1.4046846189461786
9719.32246317,-2.7220881334767686,2.058218581352792,1.4046846189461786
9719.332537708,-2.7220881334767686,2.058218581352792,1.4046846189461786
9719.334449849,-2.7220962951898566,2.0581686222713738,1.4130332031212889
9719.347140958,-2.7220962951898566,2.0581686222713738,1.4130332031212889
9719.353037795,-2.7220962951898566,2.0581686222713738,1.4130332031212889
9719.354828397,-2.7220962951898566,2.0581686222713738,1.4130332031212889
9719.365696002,-2.7220962951898566,2.0581686222713738,1.4130332031212889
9719.37114327,-2.7220962951898566,2.0581686222713738,1.4130332031212889
9719.384618981,-2.7220962951898566,2.0581686222713738,1.4130332031212889
9719.386270911,-2.722092430938118,2.0581936362355275,1.422015146251782
9719.389987961,-2.722092430938118,2.0581936362355275,1.422015146251782
9719.394969439,-2.722092430938118,2.0581936362355275,1.422015146251782
9719.406250906,-2.722092430938118,2.0581936362355275,1.422015146251782
9719.413626442,-2.722092430938118,2.0581936362355275,1.422015146251782
9719.428206051,-2.722092430938118,2.0581936362355275,1.422015146251782
9719.433926545,-2.722092430938118,2.0581936362355275,1.422015146251782
9719.434837195,-2.7220996349079836,2.0581435300862565,1.4339862623177615
9719.441906366,-2.7220996349079836,2.0581435300862565,1.4339862623177615
9719.447279013,-2.7220996349079836,2.0581435300862565,1.4339862623177615
9719.452341805,-2.7220996349079836,2.0581435300862565,1.4339862623177615
9719.462752958,-2.7220996349079836,2.0581435300862565,1.4339862623177615
9719.470430308,-2.7220996349079836,2.0581435300862565,1.4339862623177615
9719.482718265,-2.722102979804217,2.058118441393318,1.4425239124260987
9719.483983214,-2.722102979804217,2.058118441393318,1.4425239124260987
9719.487406099,-2.722102979804217,2.058118441393318,1.4425239124260987
9719.491008503,-2.722102979804217,2.058118441393318,1.4425239124260987
9719.502591088,-2.722102979804217,2.058118441393318,1.4425239124260987
9719.51264153,-2.722102979804217,2.058118441393318,1.4425239124260987
9719.524600165,-2.722102979804217,2.058118441393318,1.4425239124260987
9719.527226045,-2.722099834007332,2.0581435558275363,1.449849680896863
9719.536833781,-2.722099834007332,2.0581435558275363,1.449849680896863
9719.537296505,-2.722099834007332,2.0581435558275363,1.449849680896863
9719.542487038,-2.722099834007332,2.0581435558275363,1.449849680896863
9719.550592346,-2.722099834007332,2.0581435558275363,1.449849680896863
9719.565770221,-2.722099834007332,2.0581435558275363,1.449849680896863
9719.573313217,-2.722099834007332,2.0581435558275363,1.449849680896863
9719.581873013,-2.722099834007332,2.0581435558275363,1.449849680896863
9719.585244351,-2.722099834007332,2.0581435558275363,1.46040423297511
9719.586529518,-2.722099834007332,2.0581435558275363,1.46040423297511
