time,x,y,yaw
15236.565031665,-2.7216783565608846,2.0998254471433735,-1.6363581463456047
15236.566132432,-2.7216783565608846,2.0998254471433735,-1.6363581463456047
15236.569060972,-2.7216783565608846,2.0998254471433735,-1.6363581463456047
15236.582751728,-2.7216783565608846,2.0998254471433735,-1.6363581463456047
15236.591652025,-2.7216783565608846,2.0998254471433735,-1.6363581463456047
15236.600862941,-2.7216783565608846,2.0998254471433735,-1.6363581463456047
15236.611222885,-2.7216783565608846,2.0998254471433735,-1.6363581463456047
15236.620627017,-2.7216783565608846,2.0998254471433735,-1.6363581463456047
15236.62195315,-2.7216783565608846,2.0998254471433735,-1.6363581463456047
15236.622426828,-2.7216783565608846,2.0998254471433735,-1.636373762762535
15236.631021186,-2.7216783565608846,2.0998254471433735,-1.636373762762535
15236.639169084,-2.7216783565608846,2.0998254471433735,-1.636373762762535
15236.650376426,-2.7216783565608846,2.0998254471433735,-1.636373762762535
15236.661326576,-2.7216783565608846,2.0998254471433735,-1.636373762762535
15236.664991395,-2.7216800127923495,2.0998001907037693,-1.6361845776200186
15236.671753019,-2.7216800127923495,2.0998001907037693,-1.6361845776200186
15236.672222047,-2.7216800127923495,2.0998001907037693,-1.6361845776200186
15236.681328927,-2.7216800127923495,2.0998001907037693,-1.6361845776200186
15236.6894518,-2.7216800127923495,2.0998001907037693,-1.6361845776200186
15236.700149494,-2.7216800127923495,2.0998001907037693,-1.6361845776200186
15236.714266598,-2.7216800127923495,2.0998001907037693,-1.6361845776200186
15236.715321818,-2.7217704085921217,2.0984364062116483,-1.6377805515885246
15236.716798116,-2.7217704085921217,2.0984364062116483,-1.6377805515885246
15236.720020904,-2.7217704085921217,2.0984364062116483,-1.6377805515885246
15236.73113131,-2.7217704085921217,2.0984364062116483,-1.6377805515885246
15236.738775707,-2.7217704085921217,2.0984364062116483,-1.6377805515885246
15236.749717613,-2.7217704085921217,2.0984364062116483,-1.6377805515885246
15236.761642974,-2.7217704085921217,2.0984364062116483,-1.6377805515885246
15236.762434023,-2.7219689419100312,2.095532455896013,-1.6403329416870962
15236.766007736,-2.7219689419100312,2.095532455896013,-1.6403329416870962
15236.77828335,-2.7219689419100312,2.095532455896013,-1.6403329416870962
15236.787403484,-2.7219689419100312,2.095532455896013,-1.6403329416870962
15236.790675465,-2.7219689419100312,2.095532455896013,-1.6403329416870962
15236.801040578,-2.7219689419100312,2.095532455896013,-1.6403329416870962
15236.810703621,-2.7219689419100312,2.095532455896013,-1.6403329416870962
15236.820228703,-2.7222967785722987,2.0912421465226623,-1.6537898823380355
15236.8222012,-2.7222967785722987,2.0912421465226623,-1.6537898823380355
15236.824505267,-2.7222967785722987,2.0912421465226623,-1.6537898823380355
15236.831581067,-2.7222967785722987,2.0912421465226623,-1.6537898823380355
15236.840946666,-2.7222967785722987,2.0912421465226623,-1.6537898823380355
15236.850870804,-2.7222967785722987,2.0912421465226623,-1.6537898823380355
15236.861467396,-2.7222967785722987,2.0912421465226623,-1.6537898823380355
15236.862421324,-2.7230116538379603,2.082971077541418,-1.6602358862519155
15236.863650704,-2.7230116538379603,2.082971077541418,-1.6602358862519155
15236.871400371,-2.7230116538379603,2.082971077541418,-1.6602358862519155
15236.880090118,-2.7230116538379603,2.082971077541418,-1.6602358862519155
15236.888886379,-2.7230116538379603,2.082971077541418,-1.6602358862519155
15236.902355826,-2.7230116538379603,2.082971077541418,-1.6602358862519155
15236.912391966,-2.7230116538379603,2.082971077541418,-1.6602358862519155
15236.914298759,-2.7235708604037656,2.0769477261100344,-1.6665055796265489
15236.916046151,-2.7235708604037656,2.0769477261100344,-1.6665055796265489
15236.921024095,-2.7235708604037656,2.0769477261100344,-1.6665055796265489
15236.931018616,-2.7235708604037656,2.0769477261100344,-1.6665055796265489
15236.940403602,-2.7235708604037656,2.0769477261100344,-1.6665055796265489
15236.949426762,-2.7235708604037656,2.0769477261100344,-1.6665055796265489
15236.959079095,-2.7235708604037656,2.0769477261100344,-1.6665055796265489
15236.968913493,-2.7235708604037656,2.0769477261100344,-1.6665055796265489
15236.970637299,-2.7242231054818777,2.0705774265831813,-1.67915285078286
15236.971010076,-2.7242231054818777,2.0705774265831813,-1.67915285078286
15236.97787165,-2.7242231054818777,2.0705774265831813,-1.67915285078286
15236.989786019,-2.7242231054818777,2.0705774265831813,-1.67915285078286
15237.002564116,-2.7242231054818777,2.0705774265831813,-1.67915285078286
15237.015108489,-2.7242231054818777,2.0705774265831813,-1.67915285078286
15237.016141988,-2.7253314593524594,2.060845099389937,-1.6892302080750359
15237.017110203,-2.7253314593524594,2.060845099389937,-1.6892302080750359
15237.019231163,-2.7253314593524594,2.060845099389937,-1.6892302080750359
15237.030123425,-2.7253314593524594,2.060845099389937,-1.6892302080750359
15237.040073792,-2.7253314593524594,2.060845099389937,-1.6892302080750359
15237.048896362,-2.7253314593524594,2.060845099389937,-1.6892302080750359
15237.060880795,-2.7253314593524594,2.060845099389937,-1.6892302080750359
15237.064405755,-2.7261288054504207,2.0543893061911196,-1.698135022795189
15237.066243638,-2.7261288054504207,2.0543893061911196,-1.698135022795189
15237.069202155,-2.7261288054504207,2.0543893061911196,-1.698135022795189
15237.078820743,-2.7261288054504207,2.0543893061911196,-1.698135022795189
15237.088330887,-2.7261288054504207,2.0543893061911196,-1.698135022795189
15237.099589905,-2.7261288054504207,2.0543893061911196,-1.698135022795189
15237.109082955,-2.7261288054504207,2.0543893061911196,-1.698135022795189
15237.119462633,-2.7269565110101484,2.0482692162045084,-1.712314371740807
15237.119960908,-2.7269565110101484,2.0482692162045084,-1.712314371740807
15237.122440236,-2.7269565110101484,2.0482692162045084,-1.712314371740807
15237.129275103,-2.7269565110101484,2.0482692162045084,-1.712314371740807
15237.137670393,-2.7269565110101484,2.0482692162045084,-1.712314371740807
15237.148573596,-2.7269565110101484,2.0482692162045084,-1.712314371740807
15237.158437269,-2.7269565110101484,2.0482692162045084,-1.712314371740807
15237.159383442,-2.728343416901884,2.0388028341298066,-1.7202254578232659
15237.159885263,-2.728343416901884,2.0388028341298066,-1.7202254578232659
15237.168588086,-2.728343416901884,2.0388028341298066,-1.7202254578232659
15237.179716868,-2.728343416901884,2.0388028341298066,-1.7202254578232659
15237.190549667,-2.728343416901884,2.0388028341298066,-1.7202254578232659
15237.198930009,-2.728343416901884,2.0388028341298066,-1.7202254578232659
15237.20947291,-2.728343416901884,2.0388028341298066,-1.7202254578232659
15237.218963716,-2.728343416901884,2.0388028341298066,-1.7202254578232659
15237.221793155,-2.7292863186893976,2.032776274889354,-1.7317662283539659
15237.222261012,-2.7292863186893976,2.032776274889354,-1.7317662283539659
15237.22981962,-2.7292863186893976,2.032776274889354,-1.7317662283539659
15237.238194472,-2.7292863186893976,2.032776274889354,-1.7317662283539659
15237.249062856,-2.7292863186893976,2.032776274889354,-1.7317662283539659
15237.258909069,-2.7292863186893976,2.032776274889354,-1.7317662283539659
15237.26379749,-2.7308756431814207,2.023264773345015,-1.7409572645783318
15237.265932349,-2.7308756431814207,2.023264773345015,-1.7409572645783318
15237.270906195,-2.7308756431814207,2.023264773345015,-1.7409572645783318
15237.281012558,-2.7308756431814207,2.023264773345015,-1.7409572645783318
15237.287853763,-2.7308756431814207,2.023264773345015,-1.7409572645783318
15237.298779549,-2.7308756431814207,2.023264773345015,-1.7409572645783318
15237.313563217,-2.7308756431814207,2.023264773345015,-1.7409572645783318
15237.317050696,-2.7319178176422216,2.0173830688395578,-1.7513734146714108
15237.319465743,-2.7319178176422216,2.0173830688395578,-1.7513734146714108
15237.319889275,-2.7319178176422216,2.0173830688395578,-1.7513734146714108
15237.330212439,-2.7319178176422216,2.0173830688395578,-1.7513734146714108
15237.33841243,-2.7319178176422216,2.0173830688395578,-1.7513734146714108
15237.348426888,-2.7319178176422216,2.0173830688395578,-1.7513734146714108
15237.359152174,-2.7319178176422216,2.0173830688395578,-1.7513734146714108
15237.368831458,-2.7319178176422216,2.0173830688395578,-1.7513734146714108
15237.375680028,-2.733103382470224,2.0111674543246028,-1.7671709105133901
15237.376556569,-2.733103382470224,2.0111674543246028,-1.7671709105133901
15237.378418277,-2.733103382470224,2.0111674543246028,-1.7671709105133901
15237.388330812,-2.733103382470224,2.0111674543246028,-1.7671709105133901
15237.400005849,-2.733103382470224,2.0111674543246028,-1.7671709105133901
15237.408686506,-2.733103382470224,2.0111674543246028,-1.7671709105133901
15237.415860225,-2.7349626029650635,2.0020663979617157,-1.7774487778305896
15237.416846905,-2.7349626029650635,2.0020663979617157,-1.7774487778305896
15237.418605949,-2.7349626029650635,2.0020663979617157,-1.7774487778305896
15237.428760272,-2.7349626029650635,2.0020663979617157,-1.7774487778305896
15237.438348072,-2.7349626029650635,2.0020663979617157,-1.7774487778305896
15237.449845913,-2.7349626029650635,2.0020663979617157,-1.7774487778305896
15237.459563238,-2.7349626029650635,2.0020663979617157,-1.7774487778305896
15237.461397024,-2.736241761504939,1.9960503889734755,-1.783155326521386
15237.461898785,-2.736241761504939,1.9960503889734755,-1.783155326521386
15237.468580748,-2.736241761504939,1.9960503889734755,-1.783155326521386
15237.481075057,-2.736241761504939,1.9960503889734755,-1.783155326521386
15237.489026506,-2.736241761504939,1.9960503889734755,-1.783155326521386
15237.500855283,-2.736241761504939,1.9960503889734755,-1.783155326521386
15237.511945611,-2.736241761504939,1.9960503889734755,-1.783155326521386
15237.524174777,-2.736241761504939,1.9960503889734755,-1.783155326521386
15237.526650659,-2.7375501075805198,1.9901183937635945,-1.792601351416101
15237.52722604,-2.7375501075805198,1.9901183937635945,-1.792601351416101
15237.527768237,-2.7375501075805198,1.9901183937635945,-1.792601351416101
15237.531472317,-2.7375501075805198,1.9901183937635945,-1.792601351416101
15237.539340599,-2.7375501075805198,1.9901183937635945,-1.792601351416101
15237.549312744,-2.7375501075805198,1.9901183937635945,-1.792601351416101
15237.560588837,-2.7375501075805198,1.9901183937635945,-1.792601351416101
15237.566618384,-2.73957984877487,1.9812095328417056,-1.7970117375016101
15237.56910144,-2.73957984877487,1.9812095328417056,-1.7970117375016101
15237.580639656,-2.73957984877487,1.9812095328417056,-1.7970117375016101
15237.593183198,-2.73957984877487,1.9812095328417056,-1.7970117375016101
15237.605898576,-2.73957984877487,1.9812095328417056,-1.7970117375016101
15237.61050869,-2.73957984877487,1.9812095328417056,-1.7970117375016101
15237.612005556,-2.740925592155739,1.9754157591904913,-1.8010351702332392
15237.613624555,-2.740925592155739,1.9754157591904913,-1.8010351702332392
15237.61894637,-2.740925592155739,1.9754157591904913,-1.8010351702332392
15237.628540756,-2.740925592155739,1.9754157591904913,-1.8010351702332392
15237.640071589,-2.740925592155739,1.9754157591904913,-1.8010351702332392
15237.650074546,-2.740925592155739,1.9754157591904913,-1.8010351702332392
15237.657963066,-2.740925592155739,1.9754157591904913,-1.8010351702332392
15237.660949445,-2.7422786950468137,1.9696756964325854,-1.803564076101769
15237.665745084,-2.7422786950468137,1.9696756964325854,-1.803564076101769
15237.671867937,-2.7422786950468137,1.9696756964325854,-1.803564076101769
15237.678804874,-2.7422786950468137,1.9696756964325854,-1.803564076101769
15237.689942642,-2.7422786950468137,1.9696756964325854,-1.803564076101769
15237.70236831,-2.7422786950468137,1.9696756964325854,-1.803564076101769
15237.709762704,-2.7422786950468137,1.9696756964325854,-1.803564076101769
15237.719019817,-2.7422786950468137,1.9696756964325854,-1.803564076101769
15237.720686205,-2.743645924316556,1.9639389820399664,-1.8059586331009763
15237.721650122,-2.743645924316556,1.9639389820399664,-1.8059586331009763
15237.730322989,-2.743645924316556,1.9639389820399664,-1.8059586331009763
15237.738526385,-2.743645924316556,1.9639389820399664,-1.8059586331009763
15237.753919518,-2.743645924316556,1.9639389820399664,-1.8059586331009763
15237.757753213,-2.745708428092327,1.9553497122442103,-1.8069615408539663
15237.761658063,-2.745708428092327,1.9553497122442103,-1.8069615408539663
15237.76267998,-2.745708428092327,1.9553497122442103,-1.8069615408539663
15237.770863349,-2.745708428092327,1.9553497122442103,-1.8069615408539663
15237.777858135,-2.745708428092327,1.9553497122442103,-1.8069615408539663
15237.790437484,-2.745708428092327,1.9553497122442103,-1.8069615408539663
15237.800886797,-2.745708428092327,1.9553497122442103,-1.8069615408539663
15237.812226298,-2.745708428092327,1.9553497122442103,-1.8069615408539663
15237.818833289,-2.745708428092327,1.9553497122442103,-1.8069615408539663
15237.8206438,-2.7471291517230827,1.94946965962419,-1.8087787672638787
15237.821239589,-2.7471291517230827,1.94946965962419,-1.8087787672638787
15237.828097616,-2.7471291517230827,1.94946965962419,-1.8087787672638787
15237.841592087,-2.7471291517230827,1.94946965962419,-1.8087787672638787
15237.850035011,-2.7471291517230827,1.94946965962419,-1.8087787672638787
15237.85905752,-2.7471291517230827,1.94946965962419,-1.8087787672638787
15237.864632896,-2.7492419204248773,1.94073629197203,-1.807531480467309
15237.868954717,-2.7492419204248773,1.94073629197203,-1.807531480467309
15237.874203073,-2.7492419204248773,1.94073629197203,-1.807531480467309
15237.883715631,-2.7492419204248773,1.94073629197203,-1.807531480467309
15237.888837845,-2.7492419204248773,1.94073629197203,-1.807531480467309
15237.902917892,-2.7492419204248773,1.94073629197203,-1.807531480467309
15237.910083973,-2.7492419204248773,1.94073629197203,-1.807531480467309
15237.912223347,-2.7492419204248773,1.94073629197203,-1.807531480467309
15237.913388967,-2.7506784194659333,1.9348079742878443,-1.8095198914170154
15237.919789376,-2.7506784194659333,1.9348079742878443,-1.8095198914170154
15237.930207911,-2.7506784194659333,1.9348079742878443,-1.8095198914170154
15237.939965352,-2.7506784194659333,1.9348079742878443,-1.8095198914170154
15237.948811928,-2.7506784194659333,1.9348079742878443,-1.8095198914170154
15237.958782734,-2.7506784194659333,1.9348079742878443,-1.8095198914170154
15237.964257339,-2.7521138573232293,1.9289314963795197,-1.811226730024804
15237.969036807,-2.7521138573232293,1.9289314963795197,-1.811226730024804
15237.972393118,-2.7521138573232293,1.9289314963795197,-1.811226730024804
15237.980179354,-2.7521138573232293,1.9289314963795197,-1.811226730024804
15237.988312447,-2.7521138573232293,1.9289314963795197,-1.811226730024804
15237.998686528,-2.7521138573232293,1.9289314963795197,-1.811226730024804
15238.013412426,-2.7521138573232293,1.9289314963795197,-1.811226730024804
15238.017751108,-2.7521138573232293,1.9289314963795197,-1.811226730024804
15238.019865585,-2.7521138573232293,1.9289314963795197,-1.811226730024804
15238.020497052,-2.7535605833641004,1.9230838577707146,-1.8154326721787348
15238.02146703,-2.7535605833641004,1.9230838577707146,-1.8154326721787348
15238.028838851,-2.7535605833641004,1.9230838577707146,-1.8154326721787348
15238.039038691,-2.7535605833641004,1.9230838577707146,-1.8154326721787348
15238.049800887,-2.7535605833641004,1.9230838577707146,-1.8154326721787348
15238.060244259,-2.7535605833641004,1.9230838577707146,-1.8154326721787348
15238.06270508,-2.755768817506239,1.914295825369532,-1.8185211464524165
15238.070658335,-2.755768817506239,1.914295825369532,-1.8185211464524165
15238.0779161,-2.755768817506239,1.914295825369532,-1.8185211464524165
15238.087685715,-2.755768817506239,1.914295825369532,-1.8185211464524165
15238.101757954,-2.755768817506239,1.914295825369532,-1.8185211464524165
15238.108636687,-2.755768817506239,1.914295825369532,-1.8185211464524165
15238.120431082,-2.755768817506239,1.914295825369532,-1.8185211464524165
15238.122557171,-2.755768817506239,1.914295825369532,-1.8185211464524165
15238.123057419,-2.7572420823745403,1.9085331585392793,-1.8236626431107417
15238.129644473,-2.7572420823745403,1.9085331585392793,-1.8236626431107417
15238.139196986,-2.7572420823745403,1.9085331585392793,-1.8236626431107417
15238.148389658,-2.7572420823745403,1.9085331585392793,-1.8236626431107417
15238.158583557,-2.7572420823745403,1.9085331585392793,-1.8236626431107417
15238.165367203,-2.7594741630986013,1.899934078572651,-1.825864319479455
15238.168292026,-2.7594741630986013,1.899934078572651,-1.825864319479455
15238.168643592,-2.7594741630986013,1.899934078572651,-1.825864319479455
15238.18093693,-2.7594741630986013,1.899934078572651,-1.825864319479455
15238.189451326,-2.7594741630986013,1.899934078572651,-1.825864319479455
15238.198757242,-2.7594741630986013,1.899934078572651,-1.825864319479455
15238.213707946,-2.7594741630986013,1.899934078572651,-1.825864319479455
15238.217185196,-2.7609897668265306,1.8941562311502849,-1.8287948414444823
15238.217949825,-2.7609897668265306,1.8941562311502849,-1.8287948414444823
15238.219967238,-2.7609897668265306,1.8941562311502849,-1.8287948414444823
15238.22034277,-2.7609897668265306,1.8941562311502849,-1.8287948414444823
15238.229419592,-2.7609897668265306,1.8941562311502849,-1.8287948414444823
15238.241497572,-2.7609897668265306,1.8941562311502849,-1.8287948414444823
15238.251056257,-2.7609897668265306,1.8941562311502849,-1.8287948414444823
15238.260739538,-2.7609897668265306,1.8941562311502849,-1.8287948414444823
15238.268452545,-2.7609897668265306,1.8941562311502849,-1.8287948414444823
15238.275043146,-2.7625265112611928,1.8883316015415414,-1.8287125870346914
15238.279208179,-2.7625265112611928,1.8883316015415414,-1.8287125870346914
15238.288301833,-2.7625265112611928,1.8883316015415414,-1.8287125870346914
15238.301209194,-2.7625265112611928,1.8883316015415414,-1.8287125870346914
15238.313940041,-2.7625265112611928,1.8883316015415414,-1.8287125870346914
15238.318022287,-2.7625265112611928,1.8883316015415414,-1.8287125870346914
15238.320094354,-2.7625265112611928,1.8883316015415414,-1.8287125870346914
15238.320341152,-2.764060214888897,1.8825323475319369,-1.8299728676438218
15238.320849235,-2.764060214888897,1.8825323475319369,-1.8299728676438218
15238.329607754,-2.764060214888897,1.8825323475319369,-1.8299728676438218
15238.340451481,-2.764060214888897,1.8825323475319369,-1.8299728676438218
15238.348267587,-2.764060214888897,1.8825323475319369,-1.8299728676438218
15238.360384029,-2.764060214888897,1.8825323475319369,-1.8299728676438218
15238.362771534,-2.7663738572912653,1.8738238430966594,-1.8309747025132066
15238.368521909,-2.7663738572912653,1.8738238430966594,-1.8309747025132066
15238.378755265,-2.7663738572912653,1.8738238430966594,-1.8309747025132066
15238.390422557,-2.7663738572912653,1.8738238430966594,-1.8309747025132066
15238.399655684,-2.7663738572912653,1.8738238430966594,-1.8309747025132066
15238.415492749,-2.7663738572912653,1.8738238430966594,-1.8309747025132066
15238.417028689,-2.767928891581657,1.8679778750155895,-1.8305798813462146
15238.419843293,-2.767928891581657,1.8679778750155895,-1.8305798813462146
15238.422568418,-2.767928891581657,1.8679778750155895,-1.8305798813462146
15238.423483873,-2.767928891581657,1.8679778750155895,-1.8305798813462146
15238.431546292,-2.767928891581657,1.8679778750155895,-1.8305798813462146
15238.438260567,-2.767928891581657,1.8679778750155895,-1.8305798813462146
15238.451012003,-2.767928891581657,1.8679778750155895,-1.8305798813462146
15238.458582159,-2.767928891581657,1.8679778750155895,-1.8305798813462146
15238.47088766,-2.767928891581657,1.8679778750155895,-1.8305798813462146
15238.472368356,-2.7693981894865844,1.8624495819098628,-1.8305575892090677
15238.479909368,-2.7693981894865844,1.8624495819098628,-1.8305575892090677
15238.490576103,-2.7693981894865844,1.8624495819098628,-1.8305575892090677
15238.499788913,-2.7693981894865844,1.8624495819098628,-1.8305575892090677
15238.511043462,-2.7693981894865844,1.8624495819098628,-1.8305575892090677
15238.516251161,-2.771629511079294,1.854033472623247,-1.82936025110482
15238.517218985,-2.771629511079294,1.854033472623247,-1.82936025110482
15238.521312924,-2.771629511079294,1.854033472623247,-1.82936025110482
15238.522379475,-2.771629511079294,1.854033472623247,-1.82936025110482
15238.531987413,-2.771629511079294,1.854033472623247,-1.82936025110482
15238.541644245,-2.771629511079294,1.854033472623247,-1.82936025110482
15238.54879691,-2.771629511079294,1.854033472623247,-1.82936025110482
15238.55798381,-2.771629511079294,1.854033472623247,-1.82936025110482
15238.57015134,-2.771629511079294,1.854033472623247,-1.82936025110482
15238.575597391,-2.7730059676838876,1.8488471560232371,-1.8310742422699817
15238.582785053,-2.7730059676838876,1.8488471560232371,-1.8310742422699817
15238.59095681,-2.7730059676838876,1.8488471560232371,-1.8310742422699817
15238.598765048,-2.7730059676838876,1.8488471560232371,-1.8310742422699817
15238.612699786,-2.7730059676838876,1.8488471560232371,-1.8310742422699817
15238.615908637,-2.7751215242993856,1.8408716871467115,-1.8290919109940424
15238.616632078,-2.7751215242993856,1.8408716871467115,-1.8290919109940424
15238.622338242,-2.7751215242993856,1.8408716871467115,-1.8290919109940424
15238.625829689,-2.7751215242993856,1.8408716871467115,-1.8290919109940424
15238.631346985,-2.7751215242993856,1.8408716871467115,-1.8290919109940424
15238.639700086,-2.7751215242993856,1.8408716871467115,-1.8290919109940424
15238.649328182,-2.7751215242993856,1.8408716871467115,-1.8290919109940424
15238.660226356,-2.7751215242993856,1.8408716871467115,-1.8290919109940424
15238.660887118,-2.7765338949053873,1.835537781494275,-1.8302017494797602
15238.670039844,-2.7765338949053873,1.835537781494275,-1.8302017494797602
15238.679037647,-2.7765338949053873,1.835537781494275,-1.8302017494797602
15238.688971953,-2.7765338949053873,1.835537781494275,-1.8302017494797602
15238.70140712,-2.7765338949053873,1.835537781494275,-1.8302017494797602
15238.716515362,-2.7765338949053873,1.835537781494275,-1.8302017494797602
15238.717653118,-2.777941198095409,1.8302025366105652,-1.8271920725464723
15238.71811865,-2.777941198095409,1.8302025366105652,-1.8271920725464723
15238.722029342,-2.777941198095409,1.8302025366105652,-1.8271920725464723
15238.725043755,-2.777941198095409,1.8302025366105652,-1.8271920725464723
15238.731640126,-2.777941198095409,1.8302025366105652,-1.8271920725464723
15238.743213649,-2.777941198095409,1.8302025366105652,-1.8271920725464723
15238.749689772,-2.777941198095409,1.8302025366105652,-1.8271920725464723
15238.759755669,-2.777941198095409,1.8302025366105652,-1.8271920725464723
15238.760849869,-2.780047578223556,1.8221722943045262,-1.827454094564904
15238.774665034,-2.780047578223556,1.8221722943045262,-1.827454094564904
15238.780375346,-2.780047578223556,1.8221722943045262,-1.827454094564904
15238.791782922,-2.780047578223556,1.8221722943045262,-1.827454094564904
15238.801595782,-2.780047578223556,1.8221722943045262,-1.827454094564904
15238.811924457,-2.780047578223556,1.8221722943045262,-1.827454094564904
15238.823542475,-2.780047578223556,1.8221722943045262,-1.827454094564904
15238.830908735,-2.780047578223556,1.8221722943045262,-1.827454094564904
15238.833760199,-2.780047578223556,1.8221722943045262,-1.827454094564904
15238.834174494,-2.7814880183757866,1.8166887347485123,-1.8278983875870598
15238.834857849,-2.7814880183757866,1.8166887347485123,-1.8278983875870598
15238.840091898,-2.7814880183757866,1.8166887347485123,-1.8278983875870598
15238.851894255,-2.7814880183757866,1.8166887347485123,-1.8278983875870598
15238.859821619,-2.7814880183757866,1.8166887347485123,-1.8278983875870598
15238.866855489,-2.7836613339367737,1.8085191011016875,-1.8336981579422844
15238.874020157,-2.7836613339367737,1.8085191011016875,-1.8336981579422844
15238.881384444,-2.7836613339367737,1.8085191011016875,-1.8336981579422844
15238.891936481,-2.7836613339367737,1.8085191011016875,-1.8336981579422844
15238.899181912,-2.7836613339367737,1.8085191011016875,-1.8336981579422844
15238.91613422,-2.7836613339367737,1.8085191011016875,-1.8336981579422844
15238.920233599,-2.7836613339367737,1.8085191011016875,-1.8336981579422844
15238.920901194,-2.7851695451678085,1.8029750623526137,-1.8391226574540023
15238.921460544,-2.7851695451678085,1.8029750623526137,-1.8391226574540023
15238.921962665,-2.7851695451678085,1.8029750623526137,-1.8391226574540023
15238.928725673,-2.7851695451678085,1.8029750623526137,-1.8391226574540023
15238.938958055,-2.7851695451678085,1.8029750623526137,-1.8391226574540023
15238.954158181,-2.7851695451678085,1.8029750623526137,-1.8391226574540023
15238.960613074,-2.7851695451678085,1.8029750623526137,-1.8391226574540023
15238.966211344,-2.786737132666185,1.797368633802197,-1.8477554365754023
15238.971061696,-2.786737132666185,1.797368633802197,-1.8477554365754023
15238.984390626,-2.786737132666185,1.797368633802197,-1.8477554365754023
15238.988708459,-2.786737132666185,1.797368633802197,-1.8477554365754023
15239.002139143,-2.786737132666185,1.797368633802197,-1.8477554365754023
15239.012217322,-2.786737132666185,1.797368633802197,-1.8477554365754023
15239.018799443,-2.786737132666185,1.797368633802197,-1.8477554365754023
15239.020401159,-2.786737132666185,1.797368633802197,-1.8477554365754023
15239.020905575,-2.789043765629105,1.791282074005713,-1.8599579675879276
15239.026496934,-2.789043765629105,1.791282074005713,-1.8599579675879276
15239.033876941,-2.789043765629105,1.791282074005713,-1.8599579675879276
15239.040359746,-2.789043765629105,1.791282074005713,-1.8599579675879276
15239.049330514,-2.789043765629105,1.791282074005713,-1.8599579675879276
15239.060693161,-2.789043765629105,1.791282074005713,-1.8599579675879276
15239.066914481,-2.796546041591567,1.7796224507739065,-1.870732523164192
15239.07411094,-2.796546041591567,1.7796224507739065,-1.870732523164192
15239.079391838,-2.796546041591567,1.7796224507739065,-1.870732523164192
15239.092149205,-2.796546041591567,1.7796224507739065,-1.870732523164192
15239.103446876,-2.796546041591567,1.7796224507739065,-1.870732523164192
15239.10994445,-2.796546041591567,1.7796224507739065,-1.870732523164192
15239.11613933,-2.8043527497699183,1.7702264772531207,-1.8836991997563692
15239.117069483,-2.8043527497699183,1.7702264772531207,-1.8836991997563692
15239.12149492,-2.8043527497699183,1.7702264772531207,-1.8836991997563692
15239.129153644,-2.8043527497699183,1.7702264772531207,-1.8836991997563692
15239.140837797,-2.8043527497699183,1.7702264772531207,-1.8836991997563692
15239.151452504,-2.8043527497699183,1.7702264772531207,-1.8836991997563692
15239.159213292,-2.8043527497699183,1.7702264772531207,-1.8836991997563692
15239.169816487,-2.806600037601752,1.7636676207022897,-1.9052925263909368
15239.172624248,-2.806600037601752,1.7636676207022897,-1.9052925263909368
15239.173409516,-2.806600037601752,1.7636676207022897,-1.9052925263909368
15239.180120624,-2.806600037601752,1.7636676207022897,-1.9052925263909368
15239.191974138,-2.806600037601752,1.7636676207022897,-1.9052925263909368
15239.201249657,-2.806600037601752,1.7636676207022897,-1.9052925263909368
15239.211950256,-2.806600037601752,1.7636676207022897,-1.9052925263909368
15239.213258977,-2.8100639949363204,1.7538585941241622,-1.915238515046028
15239.213968732,-2.8100639949363204,1.7538585941241622,-1.915238515046028
15239.220214388,-2.8100639949363204,1.7538585941241622,-1.915238515046028
15239.229589235,-2.8100639949363204,1.7538585941241622,-1.915238515046028
15239.239899144,-2.8100639949363204,1.7538585941241622,-1.915238515046028
15239.250741392,-2.8100639949363204,1.7538585941241622,-1.915238515046028
15239.259290884,-2.8100639949363204,1.7538585941241622,-1.915238515046028
15239.259920748,-2.812559970249052,1.7470636586743562,-1.9304107581643137
15239.263705247,-2.812559970249052,1.7470636586743562,-1.9304107581643137
15239.269640368,-2.812559970249052,1.7470636586743562,-1.9304107581643137
15239.280414377,-2.812559970249052,1.7470636586743562,-1.9304107581643137
15239.290676615,-2.812559970249052,1.7470636586743562,-1.9304107581643137
15239.299051837,-2.812559970249052,1.7470636586743562,-1.9304107581643137
15239.312533006,-2.812559970249052,1.7470636586743562,-1.9304107581643137
15239.319127974,-2.815154041751338,1.7403869621319903,-1.952334300187018
15239.321619416,-2.815154041751338,1.7403869621319903,-1.952334300187018
15239.322165802,-2.815154041751338,1.7403869621319903,-1.952334300187018
15239.322705004,-2.815154041751338,1.7403869621319903,-1.952334300187018
15239.330895666,-2.815154041751338,1.7403869621319903,-1.952334300187018
15239.339274072,-2.815154041751338,1.7403869621319903,-1.952334300187018
15239.351750509,-2.815154041751338,1.7403869621319903,-1.952334300187018
15239.357974475,-2.8192529435894276,1.7303867328893026,-1.9672486936120062
15239.360117787,-2.8192529435894276,1.7303867328893026,-1.9672486936120062
15239.370149398,-2.8192529435894276,1.7303867328893026,-1.9672486936120062
15239.382950338,-2.8192529435894276,1.7303867328893026,-1.9672486936120062
15239.390110086,-2.8192529435894276,1.7303867328893026,-1.9672486936120062
15239.399102919,-2.8192529435894276,1.7303867328893026,-1.9672486936120062
15239.411372492,-2.8192529435894276,1.7303867328893026,-1.9672486936120062
15239.423974001,-2.8192529435894276,1.7303867328893026,-1.9672486936120062
15239.42492876,-2.8220720828775008,1.723801906593016,-1.9833758031395938
15239.427878573,-2.8220720828775008,1.723801906593016,-1.9833758031395938
15239.429472905,-2.8220720828775008,1.723801906593016,-1.9833758031395938
15239.430106335,-2.8220720828775008,1.723801906593016,-1.9833758031395938
15239.43818731,-2.8220720828775008,1.723801906593016,-1.9833758031395938
15239.449587372,-2.8220720828775008,1.723801906593016,-1.9833758031395938
15239.459480173,-2.8220720828775008,1.723801906593016,-1.9833758031395938
15239.466494697,-2.826310576981366,1.7142741361433063,-1.9953541909722345
15239.46891855,-2.826310576981366,1.7142741361433063,-1.9953541909722345
15239.480683857,-2.826310576981366,1.7142741361433063,-1.9953541909722345
15239.488678415,-2.826310576981366,1.7142741361433063,-1.9953541909722345
15239.498906312,-2.826310576981366,1.7142741361433063,-1.9953541909722345
15239.510485676,-2.826310576981366,1.7142741361433063,-1.9953541909722345
15239.520698137,-2.826310576981366,1.7142741361433063,-1.9953541909722345
15239.529586165,-2.826310576981366,1.7142741361433063,-1.9953541909722345
15239.540961523,-2.826310576981366,1.7142741361433063,-1.9953541909722345
15239.549448146,-2.826310576981366,1.7142741361433063,-1.9953541909722345
15239.560411113,-2.826310576981366,1.7142741361433063,-1.9953541909722345
15239.569044054,-2.826310576981366,1.7142741361433063,-1.9953541909722345
15239.572522356,-2.82920727932202,1.7079729365110377,-2.008031383660224
15239.57323715,-2.82920727932202,1.7079729365110377,-2.008031383660224
15239.575445225,-2.832207132229533,1.7016640873514908,-2.021272436287787
15239.575828722,-2.832207132229533,1.7016640873514908,-2.021272436287787
15239.579151178,-2.832207132229533,1.7016640873514908,-2.021272436287787
15239.589713997,-2.832207132229533,1.7016640873514908,-2.021272436287787
15239.601634748,-2.832207132229533,1.7016640873514908,-2.021272436287787
15239.608069653,-2.832207132229533,1.7016640873514908,-2.021272436287787
15239.619283555,-2.83528942625238,1.6954515625175144,-2.041432992127326
15239.620253774,-2.83528942625238,1.6954515625175144,-2.041432992127326
15239.624934415,-2.83528942625238,1.6954515625175144,-2.041432992127326
15239.627041805,-2.83528942625238,1.6954515625175144,-2.041432992127326
15239.630089845,-2.83528942625238,1.6954515625175144,-2.041432992127326
15239.639804916,-2.83528942625238,1.6954515625175144,-2.041432992127326
15239.651598487,-2.83528942625238,1.6954515625175144,-2.041432992127326
15239.662659519,-2.83528942625238,1.6954515625175144,-2.041432992127326
15239.664131008,-2.8400801870730388,1.6862176785251008,-2.057346001770881
15239.672238793,-2.8400801870730388,1.6862176785251008,-2.057346001770881
15239.678997218,-2.8400801870730388,1.6862176785251008,-2.057346001770881
15239.688148404,-2.8400801870730388,1.6862176785251008,-2.057346001770881
15239.698337621,-2.8400801870730388,1.6862176785251008,-2.057346001770881
15239.709998263,-2.8400801870730388,1.6862176785251008,-2.057346001770881
15239.723783709,-2.8400801870730388,1.6862176785251008,-2.057346001770881
15239.725172561,-2.8400801870730388,1.6862176785251008,-2.057346001770881
15239.725894957,-2.8433891962447557,1.6800941039243467,-2.075089350846199
15239.727059717,-2.8433891962447557,1.6800941039243467,-2.075089350846199
15239.728991258,-2.8433891962447557,1.6800941039243467,-2.075089350846199
15239.743041783,-2.8433891962447557,1.6800941039243467,-2.075089350846199
15239.750489691,-2.8433891962447557,1.6800941039243467,-2.075089350846199
15239.760564464,-2.8433891962447557,1.6800941039243467,-2.075089350846199
15239.762851348,-2.8483207474292933,1.671310124692109,-2.089649215844061
15239.77162904,-2.8483207474292933,1.671310124692109,-2.089649215844061
15239.781004371,-2.8483207474292933,1.671310124692109,-2.089649215844061
15239.789792285,-2.8483207474292933,1.671310124692109,-2.089649215844061
15239.800099329,-2.8483207474292933,1.671310124692109,-2.089649215844061
15239.815963223,-2.8483207474292933,1.671310124692109,-2.089649215844061
15239.832304743,-2.8483207474292933,1.671310124692109,-2.089649215844061
15239.832826462,-2.851676277670216,1.665531731825859,-2.10416282763758
15239.839793956,-2.851676277670216,1.665531731825859,-2.10416282763758
15239.843004801,-2.851676277670216,1.665531731825859,-2.10416282763758
15239.850711647,-2.851676277670216,1.665531731825859,-2.10416282763758
15239.851129649,-2.851676277670216,1.665531731825859,-2.10416282763758
15239.85253416,-2.851676277670216,1.665531731825859,-2.10416282763758
15239.861063234,-2.851676277670216,1.665531731825859,-2.10416282763758
15239.868168657,-2.856617125323079,1.6572797551918819,-2.11642541041651
15239.87377913,-2.856617125323079,1.6572797551918819,-2.11642541041651
15239.88082879,-2.856617125323079,1.6572797551918819,-2.11642541041651
15239.904739264,-2.856617125323079,1.6572797551918819,-2.11642541041651
15239.918088305,-2.856617125323079,1.6572797551918819,-2.11642541041651
15239.930019046,-2.856617125323079,1.6572797551918819,-2.11642541041651
15239.930410117,-2.8601625184628574,1.6514967752303686,-2.125121489670661
15239.933414431,-2.8601625184628574,1.6514967752303686,-2.125121489670661
15239.933796074,-2.8601625184628574,1.6514967752303686,-2.125121489670661
15239.935195867,-2.8601625184628574,1.6514967752303686,-2.125121489670661
15239.937658163,-2.8601625184628574,1.6514967752303686,-2.125121489670661
15239.939847592,-2.8601625184628574,1.6514967752303686,-2.125121489670661
15239.949559688,-2.8601625184628574,1.6514967752303686,-2.125121489670661
15239.962977376,-2.8601625184628574,1.6514967752303686,-2.125121489670661
15239.963352578,-2.8638091093624123,1.6456872189102065,-2.1375315343407655
15239.972526464,-2.8638091093624123,1.6456872189102065,-2.1375315343407655
15239.980584846,-2.8638091093624123,1.6456872189102065,-2.1375315343407655
15239.995901644,-2.8638091093624123,1.6456872189102065,-2.1375315343407655
15240.002437249,-2.8638091093624123,1.6456872189102065,-2.1375315343407655
15240.011707317,-2.8638091093624123,1.6456872189102065,-2.1375315343407655
15240.016592165,-2.8638091093624123,1.6456872189102065,-2.1375315343407655
15240.01751302,-2.866608480173806,1.6405628299756505,-2.1538077804699265
15240.028102599,-2.866608480173806,1.6405628299756505,-2.1538077804699265
15240.028878409,-2.866608480173806,1.6405628299756505,-2.1538077804699265
15240.031596711,-2.866608480173806,1.6405628299756505,-2.1538077804699265
15240.03851023,-2.866608480173806,1.6405628299756505,-2.1538077804699265
15240.048651112,-2.866608480173806,1.6405628299756505,-2.1538077804699265
15240.058843358,-2.863792369221646,1.6370527383469131,-2.154547266328242
15240.060851223,-2.863792369221646,1.6370527383469131,-2.154547266328242
15240.07049515,-2.863792369221646,1.6370527383469131,-2.154547266328242
15240.079065362,-2.863792369221646,1.6370527383469131,-2.154547266328242
15240.088407887,-2.863792369221646,1.6370527383469131,-2.154547266328242
15240.100010596,-2.863792369221646,1.6370527383469131,-2.154547266328242
15240.108697249,-2.863792369221646,1.6370527383469131,-2.154547266328242
15240.120888814,-2.863792369221646,1.6370527383469131,-2.154547266328242
15240.124629583,-2.859008502904185,1.6359010374703358,-2.160956149652634
15240.125052304,-2.859008502904185,1.6359010374703358,-2.160956149652634
15240.125303921,-2.859008502904185,1.6359010374703358,-2.160956149652634
15240.133963011,-2.859008502904185,1.6359010374703358,-2.160956149652634
15240.139945829,-2.859008502904185,1.6359010374703358,-2.160956149652634
15240.148735748,-2.859008502904185,1.6359010374703358,-2.160956149652634
15240.160094945,-2.859008502904185,1.6359010374703358,-2.160956149652634
15240.16227695,-2.864643991694382,1.627551201883112,-2.1680288368016822
15240.169624425,-2.864643991694382,1.627551201883112,-2.1680288368016822
15240.181377949,-2.864643991694382,1.627551201883112,-2.1680288368016822
15240.193257663,-2.864643991694382,1.627551201883112,-2.1680288368016822
15240.202009119,-2.864643991694382,1.627551201883112,-2.1680288368016822
15240.210861405,-2.864643991694382,1.627551201883112,-2.1680288368016822
15240.212369202,-2.868427866748976,1.622043779901304,-2.1775274329930885
15240.21286942,-2.868427866748976,1.622043779901304,-2.1775274329930885
15240.217468346,-2.868427866748976,1.622043779901304,-2.1775274329930885
15240.220310282,-2.868427866748976,1.622043779901304,-2.1775274329930885
15240.230797598,-2.868427866748976,1.622043779901304,-2.1775274329930885
15240.241349645,-2.868427866748976,1.622043779901304,-2.1775274329930885
15240.252376873,-2.868427866748976,1.622043779901304,-2.1775274329930885
15240.261715221,-2.868427866748976,1.622043779901304,-2.1775274329930885
15240.264469932,-2.872288319000835,1.6165278589065462,-2.1853486352712252
15240.271301175,-2.872288319000835,1.6165278589065462,-2.1853486352712252
15240.280659664,-2.872288319000835,1.6165278589065462,-2.1853486352712252
15240.290145852,-2.872288319000835,1.6165278589065462,-2.1853486352712252
15240.301451738,-2.872288319000835,1.6165278589065462,-2.1853486352712252
15240.31715095,-2.872288319000835,1.6165278589065462,-2.1853486352712252
15240.319848753,-2.87612197136694,1.6111790501979664,-2.199976449564133
15240.322478848,-2.87612197136694,1.6111790501979664,-2.199976449564133
15240.32289716,-2.87612197136694,1.6111790501979664,-2.199976449564133
15240.323896384,-2.87612197136694,1.6111790501979664,-2.199976449564133
15240.329090929,-2.87612197136694,1.6111790501979664,-2.199976449564133
15240.339219243,-2.87612197136694,1.6111790501979664,-2.199976449564133
15240.348302016,-2.87612197136694,1.6111790501979664,-2.199976449564133
15240.359779799,-2.87612197136694,1.6111790501979664,-2.199976449564133
15240.364753795,-2.8818421509846734,1.603415406780744,-2.2116029315740207
15240.374204376,-2.8818421509846734,1.603415406780744,-2.2116029315740207
15240.378530825,-2.8818421509846734,1.603415406780744,-2.2116029315740207
15240.389213851,-2.8818421509846734,1.603415406780744,-2.2116029315740207
15240.402253523,-2.8818421509846734,1.603415406780744,-2.2116029315740207
15240.409870618,-2.8818421509846734,1.603415406780744,-2.2116029315740207
15240.41805528,-2.8818421509846734,1.603415406780744,-2.2116029315740207
15240.424089756,-2.885666912225339,1.5983745111051901,-2.228140359476242
15240.42522109,-2.885666912225339,1.5983745111051901,-2.228140359476242
15240.428711325,-2.885666912225339,1.5983745111051901,-2.228140359476242
15240.431478058,-2.885666912225339,1.5983745111051901,-2.228140359476242
15240.438553568,-2.885666912225339,1.5983745111051901,-2.228140359476242
15240.449042035,-2.885666912225339,1.5983745111051901,-2.228140359476242
15240.458464882,-2.885666912225339,1.5983745111051901,-2.228140359476242
15240.467997334,-2.891338092878203,1.591113744318533,-2.2396370225698092
15240.47002119,-2.891338092878203,1.591113744318533,-2.2396370225698092
15240.479903281,-2.891338092878203,1.591113744318533,-2.2396370225698092
15240.488476796,-2.891338092878203,1.591113744318533,-2.2396370225698092
15240.499260566,-2.891338092878203,1.591113744318533,-2.2396370225698092
15240.512990617,-2.891338092878203,1.591113744318533,-2.2396370225698092
15240.514572124,-2.895180216010218,1.5863109638160362,-2.2514118009358985
15240.515360919,-2.895180216010218,1.5863109638160362,-2.2514118009358985
15240.516324054,-2.895180216010218,1.5863109638160362,-2.2514118009358985
15240.520694787,-2.895180216010218,1.5863109638160362,-2.2514118009358985
15240.532313707,-2.895180216010218,1.5863109638160362,-2.2514118009358985
15240.539118533,-2.895180216010218,1.5863109638160362,-2.2514118009358985
15240.548648183,-2.895180216010218,1.5863109638160362,-2.2514118009358985
15240.561477807,-2.895180216010218,1.5863109638160362,-2.2514118009358985
15240.566884624,-2.8988479557656817,1.5818228676512116,-2.2604811244756315
15240.575396145,-2.8988479557656817,1.5818228676512116,-2.2604811244756315
15240.580514485,-2.8988479557656817,1.5818228676512116,-2.2604811244756315
15240.590627129,-2.8988479557656817,1.5818228676512116,-2.2604811244756315
15240.600981432,-2.8988479557656817,1.5818228676512116,-2.2604811244756315
15240.608022787,-2.8988479557656817,1.5818228676512116,-2.2604811244756315
15240.618085013,-2.8988479557656817,1.5818228676512116,-2.2604811244756315
15240.618676063,-2.9027064872859616,1.5771968944516,-2.27149451310936
15240.621074331,-2.9027064872859616,1.5771968944516,-2.27149451310936
15240.621547859,-2.9027064872859616,1.5771968944516,-2.27149451310936
15240.629144085,-2.9027064872859616,1.5771968944516,-2.27149451310936
15240.638739991,-2.9027064872859616,1.5771968944516,-2.27149451310936
15240.648739301,-2.9027064872859616,1.5771968944516,-2.27149451310936
15240.658883616,-2.9027064872859616,1.5771968944516,-2.27149451310936
15240.662419988,-2.90854217734203,1.5703313491538988,-2.2790823035985563
15240.667688743,-2.90854217734203,1.5703313491538988,-2.2790823035985563
15240.678260879,-2.90854217734203,1.5703313491538988,-2.2790823035985563
15240.68836078,-2.90854217734203,1.5703313491538988,-2.2790823035985563
15240.701411472,-2.90854217734203,1.5703313491538988,-2.2790823035985563
15240.709859883,-2.90854217734203,1.5703313491538988,-2.2790823035985563
15240.719973971,-2.90854217734203,1.5703313491538988,-2.2790823035985563
15240.721770776,-2.90854217734203,1.5703313491538988,-2.2790823035985563
15240.722267989,-2.9125397536861577,1.5656905207655425,-2.284652596071396
15240.722869809,-2.9125397536861577,1.5656905207655425,-2.284652596071396
15240.731863824,-2.9125397536861577,1.5656905207655425,-2.284652596071396
15240.739620985,-2.9125397536861577,1.5656905207655425,-2.284652596071396
15240.751089079,-2.9125397536861577,1.5656905207655425,-2.284652596071396
15240.759148202,-2.9125397536861577,1.5656905207655425,-2.284652596071396
15240.762151354,-2.918435994628822,1.558910414211723,-2.2885105663091276
15240.774026208,-2.918435994628822,1.558910414211723,-2.2885105663091276
15240.779296656,-2.918435994628822,1.558910414211723,-2.2885105663091276
15240.788621976,-2.918435994628822,1.558910414211723,-2.2885105663091276
15240.805326377,-2.918435994628822,1.558910414211723,-2.2885105663091276
15240.808833714,-2.918435994628822,1.558910414211723,-2.2885105663091276
15240.815572284,-2.920966916743782,1.5533445919305935,-2.28936370307766
15240.816348826,-2.920966916743782,1.5533445919305935,-2.28936370307766
15240.823851565,-2.920966916743782,1.5533445919305935,-2.28936370307766
15240.826603551,-2.920966916743782,1.5533445919305935,-2.28936370307766
15240.829665764,-2.920966916743782,1.5533445919305935,-2.28936370307766
15240.839581386,-2.920966916743782,1.5533445919305935,-2.28936370307766
15240.850332811,-2.920966916743782,1.5533445919305935,-2.28936370307766
15240.860607032,-2.920966916743782,1.5533445919305935,-2.28936370307766
15240.873840362,-2.920966916743782,1.5533445919305935,-2.28936370307766
15240.874547592,-2.9193073859436733,1.54431242926995,-2.2949427978112324
15240.878201747,-2.9193073859436733,1.54431242926995,-2.2949427978112324
15240.88994395,-2.9193073859436733,1.54431242926995,-2.2949427978112324
15240.906266754,-2.9193073859436733,1.54431242926995,-2.2949427978112324
15240.914106462,-2.9193073859436733,1.54431242926995,-2.2949427978112324
15240.917013822,-2.9193073859436733,1.54431242926995,-2.2949427978112324
15240.917765677,-2.9204158542863365,1.5331329034989483,-2.29847699480216
15240.920765311,-2.9204158542863365,1.5331329034989483,-2.29847699480216
15240.923358706,-2.9204158542863365,1.5331329034989483,-2.29847699480216
15240.929737665,-2.9204158542863365,1.5331329034989483,-2.29847699480216
15240.940689751,-2.9204158542863365,1.5331329034989483,-2.29847699480216
15240.951630385,-2.9204158542863365,1.5331329034989483,-2.29847699480216
15240.958137958,-2.9243494384375293,1.528739030079741,-2.303476990033789
15240.960863183,-2.9243494384375293,1.528739030079741,-2.303476990033789
15240.970002092,-2.9243494384375293,1.528739030079741,-2.303476990033789
15240.97888664,-2.9243494384375293,1.528739030079741,-2.303476990033789
15240.988627761,-2.9243494384375293,1.528739030079741,-2.303476990033789
15241.005057979,-2.9243494384375293,1.528739030079741,-2.303476990033789
15241.015609776,-2.9243494384375293,1.528739030079741,-2.303476990033789
15241.016837543,-2.9282910905795774,1.5243864799137952,-2.3099121459023193
15241.017720616,-2.9282910905795774,1.5243864799137952,-2.3099121459023193
15241.022505214,-2.9282910905795774,1.5243864799137952,-2.3099121459023193
15241.023068872,-2.9282910905795774,1.5243864799137952,-2.3099121459023193
15241.031564031,-2.9282910905795774,1.5243864799137952,-2.3099121459023193
15241.039369754,-2.9282910905795774,1.5243864799137952,-2.3099121459023193
15241.050206552,-2.9282910905795774,1.5243864799137952,-2.3099121459023193
15241.061924199,-2.9282910905795774,1.5243864799137952,-2.3099121459023193
15241.06338676,-2.934563211133373,1.5175347333096403,-2.3142026074425415
15241.069300898,-2.934563211133373,1.5175347333096403,-2.3142026074425415
15241.079490379,-2.934563211133373,1.5175347333096403,-2.3142026074425415
15241.090905172,-2.934563211133373,1.5175347333096403,-2.3142026074425415
15241.099164935,-2.934563211133373,1.5175347333096403,-2.3142026074425415
15241.109775083,-2.934563211133373,1.5175347333096403,-2.3142026074425415
15241.121632004,-2.934563211133373,1.5175347333096403,-2.3142026074425415
15241.122066197,-2.934563211133373,1.5175347333096403,-2.3142026074425415
15241.124202265,-2.938621850878297,1.5131520379155736,-2.3214457638756465
15241.124892523,-2.938621850878297,1.5131520379155736,-2.3214457638756465
15241.130191435,-2.938621850878297,1.5131520379155736,-2.3214457638756465
15241.139728189,-2.938621850878297,1.5131520379155736,-2.3214457638756465
15241.149793571,-2.938621850878297,1.5131520379155736,-2.3214457638756465
15241.161498367,-2.938621850878297,1.5131520379155736,-2.3214457638756465
15241.163511302,-2.9450641714197694,1.5062508181134027,-2.322188080121679
15241.170108975,-2.9450641714197694,1.5062508181134027,-2.322188080121679
15241.179453885,-2.9450641714197694,1.5062508181134027,-2.322188080121679
15241.189013422,-2.9450641714197694,1.5062508181134027,-2.322188080121679
15241.199254159,-2.9450641714197694,1.5062508181134027,-2.322188080121679
15241.208655574,-2.9450641714197694,1.5062508181134027,-2.322188080121679
15241.213334421,-2.9450641714197694,1.5062508181134027,-2.322188080121679
15241.216479344,-2.9493931026836755,1.5016356494412646,-2.326216877271338
15241.219149234,-2.9493931026836755,1.5016356494412646,-2.326216877271338
15241.221771453,-2.9493931026836755,1.5016356494412646,-2.326216877271338
15241.229189161,-2.9493931026836755,1.5016356494412646,-2.326216877271338
15241.239283211,-2.9493931026836755,1.5016356494412646,-2.326216877271338
15241.248603424,-2.9493931026836755,1.5016356494412646,-2.326216877271338
15241.258721319,-2.9493931026836755,1.5016356494412646,-2.326216877271338
15241.26906435,-2.9493931026836755,1.5016356494412646,-2.326216877271338
15241.270410452,-2.9534477732036764,1.4973532605200237,-2.3315576918617924
15241.278840037,-2.9534477732036764,1.4973532605200237,-2.3315576918617924
15241.28938985,-2.9534477732036764,1.4973532605200237,-2.3315576918617924
15241.298784895,-2.9534477732036764,1.4973532605200237,-2.3315576918617924
15241.310516809,-2.9534477732036764,1.4973532605200237,-2.3315576918617924
15241.313757541,-2.9534477732036764,1.4973532605200237,-2.3315576918617924
15241.318464842,-2.959902210739002,1.49060276628078,-2.3359984763161377
15241.321413189,-2.959902210739002,1.49060276628078,-2.3359984763161377
15241.324696452,-2.959902210739002,1.49060276628078,-2.3359984763161377
15241.331752464,-2.959902210739002,1.49060276628078,-2.3359984763161377
15241.338916821,-2.959902210739002,1.49060276628078,-2.3359984763161377
15241.350371289,-2.959902210739002,1.49060276628078,-2.3359984763161377
15241.359276465,-2.959902210739002,1.49060276628078,-2.3359984763161377
15241.363251759,-2.964033987602936,1.4863240680774341,-2.3414563544289306
15241.370347266,-2.964033987602936,1.4863240680774341,-2.3414563544289306
15241.377980633,-2.964033987602936,1.4863240680774341,-2.3414563544289306
15241.387857541,-2.964033987602936,1.4863240680774341,-2.3414563544289306
15241.399330224,-2.964033987602936,1.4863240680774341,-2.3414563544289306
15241.411097945,-2.964033987602936,1.4863240680774341,-2.3414563544289306
15241.421269823,-2.964033987602936,1.4863240680774341,-2.3414563544289306
15241.422784243,-2.964033987602936,1.4863240680774341,-2.3414563544289306
15241.423411872,-2.9683272091448263,1.4819198814886323,-2.345417202283545
15241.423937178,-2.9683272091448263,1.4819198814886323,-2.345417202283545
15241.433039508,-2.9683272091448263,1.4819198814886323,-2.345417202283545
15241.438676971,-2.9683272091448263,1.4819198814886323,-2.345417202283545
15241.448742698,-2.9683272091448263,1.4819198814886323,-2.345417202283545
15241.45800468,-2.9683272091448263,1.4819198814886323,-2.345417202283545
15241.467819622,-2.974480019055869,1.4756524538254783,-2.348515690137549
15241.471134404,-2.974480019055869,1.4756524538254783,-2.348515690137549
15241.478035392,-2.974480019055869,1.4756524538254783,-2.348515690137549
15241.49056632,-2.974480019055869,1.4756524538254783,-2.348515690137549
15241.500318582,-2.974480019055869,1.4756524538254783,-2.348515690137549
15241.511336349,-2.974480019055869,1.4756524538254783,-2.348515690137549
15241.512823297,-2.9785638857150816,1.4715037908160546,-2.348132074643774
15241.513322914,-2.9785638857150816,1.4715037908160546,-2.348132074643774
15241.513990042,-2.9785638857150816,1.4715037908160546,-2.348132074643774
15241.520191755,-2.9785638857150816,1.4715037908160546,-2.348132074643774
15241.529843106,-2.9785638857150816,1.4715037908160546,-2.348132074643774
15241.539622269,-2.9785638857150816,1.4715037908160546,-2.348132074643774
15241.548860744,-2.9785638857150816,1.4715037908160546,-2.348132074643774
15241.558721444,-2.9785638857150816,1.4715037908160546,-2.348132074643774
15241.568905735,-2.9785638857150816,1.4715037908160546,-2.348132074643774
15241.573115503,-2.982559066038176,1.4674454080505317,-2.3485617049233154
15241.579356691,-2.982559066038176,1.4674454080505317,-2.3485617049233154
15241.590031041,-2.982559066038176,1.4674454080505317,-2.3485617049233154
15241.599326827,-2.982559066038176,1.4674454080505317,-2.3485617049233154
15241.617888765,-2.982559066038176,1.4674454080505317,-2.3485617049233154
15241.618717726,-2.982559066038176,1.4674454080505317,-2.3485617049233154
15241.620971688,-2.982559066038176,1.4674454080505317,-2.3485617049233154
15241.622923457,-2.982559066038176,1.4674454080505317,-2.3485617049233154
15241.623279361,-2.9885946846647102,1.4613112224175593,-2.3476290114418696
15241.628614041,-2.9885946846647102,1.4613112224175593,-2.3476290114418696
15241.639470396,-2.9885946846647102,1.4613112224175593,-2.3476290114418696
15241.650894115,-2.9885946846647102,1.4613112224175593,-2.3476290114418696
15241.660668018,-2.9885946846647102,1.4613112224175593,-2.3476290114418696
15241.661970927,-2.992583383071457,1.4572464688573115,-2.3458729393974975
15241.670971762,-2.992583383071457,1.4572464688573115,-2.3458729393974975
15241.680841069,-2.992583383071457,1.4572464688573115,-2.3458729393974975
15241.691414164,-2.992583383071457,1.4572464688573115,-2.3458729393974975
15241.702234513,-2.992583383071457,1.4572464688573115,-2.3458729393974975
15241.711294002,-2.992583383071457,1.4572464688573115,-2.3458729393974975
15241.720275434,-2.9966692933030585,1.4530643593352588,-2.3432468779579834
15241.721802267,-2.9966692933030585,1.4530643593352588,-2.3432468779579834
15241.722206383,-2.9966692933030585,1.4530643593352588,-2.3432468779579834
15241.723746512,-2.9966692933030585,1.4530643593352588,-2.3432468779579834
15241.732165487,-2.9966692933030585,1.4530643593352588,-2.3432468779579834
15241.741902099,-2.9966692933030585,1.4530643593352588,-2.3432468779579834
15241.748957871,-2.9966692933030585,1.4530643593352588,-2.3432468779579834
15241.758429932,-2.9966692933030585,1.4530643593352588,-2.3432468779579834
15241.765126974,-3.0025787254933824,1.446983783073615,-2.3405962594048213
15241.77107169,-3.0025787254933824,1.446983783073615,-2.3405962594048213
15241.780304047,-3.0025787254933824,1.446983783073615,-2.3405962594048213
15241.79135478,-3.0025787254933824,1.446983783073615,-2.3405962594048213
15241.80157071,-3.0025787254933824,1.446983783073615,-2.3405962594048213
15241.809992832,-3.0025787254933824,1.446983783073615,-2.3405962594048213
15241.810674554,-3.0065806019293624,1.4428611562702525,-2.3420699246422485
15241.810970374,-3.0065806019293624,1.4428611562702525,-2.3420699246422485
15241.816005316,-3.0065806019293624,1.4428611562702525,-2.3420699246422485
15241.821536198,-3.0065806019293624,1.4428611562702525,-2.3420699246422485
15241.828953065,-3.0065806019293624,1.4428611562702525,-2.3420699246422485
15241.838588134,-3.0065806019293624,1.4428611562702525,-2.3420699246422485
15241.849087653,-3.0065806019293624,1.4428611562702525,-2.3420699246422485
15241.859432397,-3.0065806019293624,1.4428611562702525,-2.3420699246422485
15241.870937631,-3.0065806019293624,1.4428611562702525,-2.3420699246422485
15241.871885037,-3.0102342835933085,1.4391060262671909,-2.3429349072472285
15241.880880084,-3.0102342835933085,1.4391060262671909,-2.3429349072472285
15241.889784959,-3.0102342835933085,1.4391060262671909,-2.3429349072472285
15241.899188541,-3.0102342835933085,1.4391060262671909,-2.3429349072472285
15241.912679228,-3.0102342835933085,1.4391060262671909,-2.3429349072472285
15241.915304834,-3.0102342835933085,1.4391060262671909,-2.3429349072472285
15241.915975435,-3.0159085646771415,1.4332910647888482,-2.3449662335411743
15241.916423254,-3.0159085646771415,1.4332910647888482,-2.3449662335411743
15241.919539208,-3.0159085646771415,1.4332910647888482,-2.3449662335411743
15241.930803977,-3.0159085646771415,1.4332910647888482,-2.3449662335411743
15241.939872393,-3.0159085646771415,1.4332910647888482,-2.3449662335411743
15241.948722165,-3.0159085646771415,1.4332910647888482,-2.3449662335411743
15241.958712839,-3.0159085646771415,1.4332910647888482,-2.3449662335411743
15241.96234394,-3.019752832519861,1.4293682761667044,-2.3472045071617798
15241.973768552,-3.019752832519861,1.4293682761667044,-2.3472045071617798
15241.979890554,-3.019752832519861,1.4293682761667044,-2.3472045071617798
15241.989499204,-3.019752832519861,1.4293682761667044,-2.3472045071617798
15242.00007157,-3.019752832519861,1.4293682761667044,-2.3472045071617798
15242.017073491,-3.019752832519861,1.4293682761667044,-2.3472045071617798
15242.018212329,-3.02346305463318,1.425633238722246,-2.3585184224144653
15242.020051094,-3.02346305463318,1.425633238722246,-2.3585184224144653
15242.020409914,-3.02346305463318,1.425633238722246,-2.3585184224144653
15242.020784714,-3.02346305463318,1.425633238722246,-2.3585184224144653
15242.029920619,-3.02346305463318,1.425633238722246,-2.3585184224144653
15242.040332802,-3.02346305463318,1.425633238722246,-2.3585184224144653
15242.053378105,-3.02346305463318,1.425633238722246,-2.3585184224144653
15242.059068085,-3.02346305463318,1.425633238722246,-2.3585184224144653
15242.061988453,-3.0293653240486136,1.4197950160059034,-2.3647808440224365
15242.069659711,-3.0293653240486136,1.4197950160059034,-2.3647808440224365
15242.07985906,-3.0293653240486136,1.4197950160059034,-2.3647808440224365
15242.089833333,-3.0293653240486136,1.4197950160059034,-2.3647808440224365
15242.097628005,-3.0293653240486136,1.4197950160059034,-2.3647808440224365
15242.11095903,-3.0293653240486136,1.4197950160059034,-2.3647808440224365
15242.11144469,-3.0293653240486136,1.4197950160059034,-2.3647808440224365
15242.113252323,-3.03330447845443,1.4159312868739717,-2.3669402010933593
15242.113531652,-3.03330447845443,1.4159312868739717,-2.3669402010933593
15242.118405459,-3.03330447845443,1.4159312868739717,-2.3669402010933593
15242.129671653,-3.03330447845443,1.4159312868739717,-2.3669402010933593
15242.138549668,-3.03330447845443,1.4159312868739717,-2.3669402010933593
15242.150135655,-3.03330447845443,1.4159312868739717,-2.3669402010933593
15242.160061636,-3.03330447845443,1.4159312868739717,-2.3669402010933593
15242.16979916,-3.0372188176290615,1.412114583913169,-2.3707056649224
15242.172863017,-3.0372188176290615,1.412114583913169,-2.3707056649224
15242.178994457,-3.0372188176290615,1.412114583913169,-2.3707056649224
15242.188459545,-3.0372188176290615,1.412114583913169,-2.3707056649224
15242.198950557,-3.0372188176290615,1.412114583913169,-2.3707056649224
15242.20869316,-3.0372188176290615,1.412114583913169,-2.3707056649224
15242.210935239,-3.0433245462455716,1.4061947242996589,-2.372593105603857
15242.211313777,-3.0433245462455716,1.4061947242996589,-2.372593105603857
15242.211649704,-3.0433245462455716,1.4061947242996589,-2.372593105603857
15242.222918119,-3.0433245462455716,1.4061947242996589,-2.372593105603857
15242.230740474,-3.0433245462455716,1.4061947242996589,-2.372593105603857
15242.238024077,-3.0433245462455716,1.4061947242996589,-2.372593105603857
15242.248829996,-3.0433245462455716,1.4061947242996589,-2.372593105603857
15242.262080768,-3.0433245462455716,1.4061947242996589,-2.372593105603857
15242.264536512,-3.0473292852655973,1.4023257970273058,-2.374290169049902
15242.268686226,-3.0473292852655973,1.4023257970273058,-2.374290169049902
15242.281055568,-3.0473292852655973,1.4023257970273058,-2.374290169049902
15242.290664068,-3.0473292852655973,1.4023257970273058,-2.374290169049902
15242.302816839,-3.0473292852655973,1.4023257970273058,-2.374290169049902
15242.313314474,-3.0473292852655973,1.4023257970273058,-2.374290169049902
15242.315160291,-3.0473292852655973,1.4023257970273058,-2.374290169049902
15242.315786198,-3.0515269001844985,1.3982922625166547,-2.3779616959587764
15242.317278015,-3.0515269001844985,1.3982922625166547,-2.3779616959587764
15242.321005439,-3.0515269001844985,1.3982922625166547,-2.3779616959587764
15242.331079451,-3.0515269001844985,1.3982922625166547,-2.3779616959587764
15242.339134527,-3.0515269001844985,1.3982922625166547,-2.3779616959587764
15242.349149106,-3.0515269001844985,1.3982922625166547,-2.3779616959587764
15242.3616993,-3.0515269001844985,1.3982922625166547,-2.3779616959587764
15242.367273815,-3.0575619916457835,1.392517977280991,-2.3785894520775512
15242.370214177,-3.0575619916457835,1.392517977280991,-2.3785894520775512
15242.378223065,-3.0575619916457835,1.392517977280991,-2.3785894520775512
15242.392386427,-3.0575619916457835,1.392517977280991,-2.3785894520775512
15242.40681966,-3.0575619916457835,1.392517977280991,-2.3785894520775512
15242.411710319,-3.0575619916457835,1.392517977280991,-2.3785894520775512
15242.423236713,-3.0575619916457835,1.392517977280991,-2.3785894520775512
15242.425376408,-3.0575619916457835,1.392517977280991,-2.3785894520775512
15242.426624213,-3.0615164098149075,1.388742815084639,-2.380173028279944
15242.431278493,-3.0615164098149075,1.388742815084639,-2.380173028279944
15242.431735239,-3.0615164098149075,1.388742815084639,-2.380173028279944
15242.438815798,-3.0615164098149075,1.388742815084639,-2.380173028279944
15242.450547251,-3.0615164098149075,1.388742815084639,-2.380173028279944
15242.461805106,-3.0615164098149075,1.388742815084639,-2.380173028279944
15242.463529574,-3.067764398100484,1.382788334622591,-2.3803129799858764
15242.469103705,-3.067764398100484,1.382788334622591,-2.3803129799858764
15242.48020682,-3.067764398100484,1.382788334622591,-2.3803129799858764
15242.488932016,-3.067764398100484,1.382788334622591,-2.3803129799858764
15242.500710458,-3.067764398100484,1.382788334622591,-2.3803129799858764
15242.513614062,-3.067764398100484,1.382788334622591,-2.3803129799858764
15242.515895813,-3.0719472739921865,1.378812645615972,-2.382855118085547
15242.516313044,-3.0719472739921865,1.378812645615972,-2.382855118085547
15242.52208719,-3.0719472739921865,1.378812645615972,-2.382855118085547
15242.524172361,-3.0719472739921865,1.378812645615972,-2.382855118085547
15242.52831898,-3.0719472739921865,1.378812645615972,-2.382855118085547
15242.540300176,-3.0719472739921865,1.378812645615972,-2.382855118085547
15242.549470335,-3.0719472739921865,1.378812645615972,-2.382855118085547
15242.558298806,-3.0719472739921865,1.378812645615972,-2.382855118085547
15242.562262598,-3.076191960112579,1.3747917822491689,-2.383678615857764
15242.573105928,-3.076191960112579,1.3747917822491689,-2.383678615857764
15242.581008314,-3.076191960112579,1.3747917822491689,-2.383678615857764
15242.594734147,-3.076191960112579,1.3747917822491689,-2.383678615857764
15242.601533352,-3.076191960112579,1.3747917822491689,-2.383678615857764
15242.614397622,-3.076191960112579,1.3747917822491689,-2.383678615857764
15242.618369319,-3.0804577238397295,1.370756367229605,-2.3841939576164917
15242.620560031,-3.0804577238397295,1.370756367229605,-2.3841939576164917
15242.621037245,-3.0804577238397295,1.370756367229605,-2.3841939576164917
15242.623198782,-3.0804577238397295,1.370756367229605,-2.3841939576164917
15242.633058537,-3.0804577238397295,1.370756367229605,-2.3841939576164917
15242.639327328,-3.0804577238397295,1.370756367229605,-2.3841939576164917
15242.65217181,-3.0804577238397295,1.370756367229605,-2.3841939576164917
15242.661862485,-3.0804577238397295,1.370756367229605,-2.3841939576164917
15242.663496061,-3.086906681655103,1.3646459414075585,-2.382090986539526
15242.66888831,-3.086906681655103,1.3646459414075585,-2.382090986539526
15242.681575685,-3.086906681655103,1.3646459414075585,-2.382090986539526
15242.68869653,-3.086906681655103,1.3646459414075585,-2.382090986539526
15242.698465393,-3.086906681655103,1.3646459414075585,-2.382090986539526
15242.708827391,-3.086906681655103,1.3646459414075585,-2.382090986539526
15242.720309591,-3.086906681655103,1.3646459414075585,-2.382090986539526
15242.723957534,-3.0909967174537516,1.3607562706740728,-2.3805060990349483
15242.725125187,-3.0909967174537516,1.3607562706740728,-2.3805060990349483
15242.726743775,-3.0909967174537516,1.3607562706740728,-2.3805060990349483
15242.729570833,-3.0909967174537516,1.3607562706740728,-2.3805060990349483
15242.739746106,-3.0909967174537516,1.3607562706740728,-2.3805060990349483
15242.749622343,-3.0909967174537516,1.3607562706740728,-2.3805060990349483
15242.767749276,-3.0909967174537516,1.3607562706740728,-2.3805060990349483
15242.768837869,-3.0973718399089614,1.3546783786519925,-2.379610122014685
15242.7768323,-3.0973718399089614,1.3546783786519925,-2.379610122014685
15242.780770564,-3.0973718399089614,1.3546783786519925,-2.379610122014685
15242.789676522,-3.0973718399089614,1.3546783786519925,-2.379610122014685
15242.803381655,-3.0973718399089614,1.3546783786519925,-2.379610122014685
15242.810047818,-3.0973718399089614,1.3546783786519925,-2.379610122014685
15242.816914689,-3.101603690480845,1.3506440084145952,-2.3805498488442134
15242.818835089,-3.101603690480845,1.3506440084145952,-2.3805498488442134
15242.824797031,-3.101603690480845,1.3506440084145952,-2.3805498488442134
15242.82636901,-3.101603690480845,1.3506440084145952,-2.3805498488442134
15242.833273435,-3.101603690480845,1.3506440084145952,-2.3805498488442134
15242.839014234,-3.101603690480845,1.3506440084145952,-2.3805498488442134
15242.848823274,-3.101603690480845,1.3506440084145952,-2.3805498488442134
15242.861593485,-3.101603690480845,1.3506440084145952,-2.3805498488442134
15242.870828187,-3.101603690480845,1.3506440084145952,-2.3805498488442134
15242.871751897,-3.1057278868571814,1.3467168032079697,-2.380762756635351
15242.879984138,-3.1057278868571814,1.3467168032079697,-2.380762756635351
15242.889019442,-3.1057278868571814,1.3467168032079697,-2.380762756635351
15242.901380818,-3.1057278868571814,1.3467168032079697,-2.380762756635351
15242.910625609,-3.1057278868571814,1.3467168032079697,-2.380762756635351
15242.91711643,-3.1119491885184343,1.3378660321831377,-2.3807289256438398
15242.917574137,-3.1119491885184343,1.3378660321831377,-2.3807289256438398
15242.921007985,-3.1119491885184343,1.3378660321831377,-2.3807289256438398
15242.923714444,-3.1119491885184343,1.3378660321831377,-2.3807289256438398
15242.930196208,-3.1119491885184343,1.3378660321831377,-2.3807289256438398
15242.940312019,-3.1119491885184343,1.3378660321831377,-2.3807289256438398
15242.950967694,-3.1119491885184343,1.3378660321831377,-2.3807289256438398
15242.958839742,-3.1119491885184343,1.3378660321831377,-2.3807289256438398
15242.963915071,-3.116166228157532,1.322929203190732,-2.3761481479358335
15242.970344953,-3.116166228157532,1.322929203190732,-2.3761481479358335
15242.980622103,-3.116166228157532,1.322929203190732,-2.3761481479358335
15242.988872839,-3.116166228157532,1.322929203190732,-2.3761481479358335
15243.00028639,-3.116166228157532,1.322929203190732,-2.3761481479358335
15243.013712364,-3.116166228157532,1.322929203190732,-2.3761481479358335
15243.018545022,-3.116166228157532,1.322929203190732,-2.3761481479358335
15243.024620376,-3.120193923986885,1.3086928156154656,-2.373566786959558
15243.025854756,-3.120193923986885,1.3086928156154656,-2.373566786959558
15243.027039371,-3.120193923986885,1.3086928156154656,-2.373566786959558
15243.029437065,-3.120193923986885,1.3086928156154656,-2.373566786959558
15243.041216037,-3.120193923986885,1.3086928156154656,-2.373566786959558
15243.049280648,-3.120193923986885,1.3086928156154656,-2.373566786959558
15243.058469322,-3.120193923986885,1.3086928156154656,-2.373566786959558
15243.061052491,-3.1263965274053156,1.3026910736997137,-2.371735613062768
15243.069622673,-3.1263965274053156,1.3026910736997137,-2.371735613062768
15243.077929956,-3.1263965274053156,1.3026910736997137,-2.371735613062768
15243.089464235,-3.1263965274053156,1.3026910736997137,-2.371735613062768
15243.099849226,-3.1263965274053156,1.3026910736997137,-2.371735613062768
15243.113364199,-3.1263965274053156,1.3026910736997137,-2.371735613062768
15243.114595763,-3.13061459598385,1.2986058304973125,-2.3726439878491448
15243.115245234,-3.13061459598385,1.2986058304973125,-2.3726439878491448
15243.120909779,-3.13061459598385,1.2986058304973125,-2.3726439878491448
15243.124267523,-3.13061459598385,1.2986058304973125,-2.3726439878491448
15243.128520272,-3.13061459598385,1.2986058304973125,-2.3726439878491448
15243.140719081,-3.13061459598385,1.2986058304973125,-2.3726439878491448
15243.148550613,-3.13061459598385,1.2986058304973125,-2.3726439878491448
15243.160109418,-3.13061459598385,1.2986058304973125,-2.3726439878491448
15243.16943407,-3.1346106917645966,1.2947279765330197,-2.369776408389001
15243.173492241,-3.1346106917645966,1.2947279765330197,-2.369776408389001
15243.179307128,-3.1346106917645966,1.2947279765330197,-2.369776408389001
15243.190710823,-3.1346106917645966,1.2947279765330197,-2.369776408389001
15243.202245303,-3.1346106917645966,1.2947279765330197,-2.369776408389001
15243.211279554,-3.1346106917645966,1.2947279765330197,-2.369776408389001
15243.216260253,-3.1346106917645966,1.2947279765330197,-2.369776408389001
15243.217044309,-3.1407913306218784,1.288703617770008,-2.368220369532495
15243.221717455,-3.1407913306218784,1.288703617770008,-2.368220369532495
15243.222317572,-3.1407913306218784,1.288703617770008,-2.368220369532495
15243.229709051,-3.1407913306218784,1.288703617770008,-2.368220369532495
15243.239078698,-3.1407913306218784,1.288703617770008,-2.368220369532495
15243.250618388,-3.1407913306218784,1.288703617770008,-2.368220369532495
15243.258013271,-3.1407913306218784,1.288703617770008,-2.368220369532495
15243.260348838,-3.1449359119794718,1.2846517333357217,-2.366786400988488
15243.270993752,-3.1449359119794718,1.2846517333357217,-2.366786400988488
15243.279029891,-3.1449359119794718,1.2846517333357217,-2.366786400988488
15243.289317338,-3.1449359119794718,1.2846517333357217,-2.366786400988488
15243.299817487,-3.1449359119794718,1.2846517333357217,-2.366786400988488
15243.3124461,-3.1449359119794718,1.2846517333357217,-2.366786400988488
15243.322200436,-3.1449359119794718,1.2846517333357217,-2.366786400988488
15243.32309961,-3.149001709787349,1.2806640993666885,-2.36501328201571
15243.323643982,-3.149001709787349,1.2806640993666885,-2.36501328201571
15243.325715555,-3.149001709787349,1.2806640993666885,-2.36501328201571
15243.330881869,-3.149001709787349,1.2806640993666885,-2.36501328201571
15243.338574975,-3.149001709787349,1.2806640993666885,-2.36501328201571
15243.349850527,-3.149001709787349,1.2806640993666885,-2.36501328201571
15243.358636248,-3.149001709787349,1.2806640993666885,-2.36501328201571
15243.359510284,-3.155049576032642,1.2747211951637976,-2.3648823902157834
15243.368778057,-3.155049576032642,1.2747211951637976,-2.3648823902157834
15243.378680124,-3.155049576032642,1.2747211951637976,-2.3648823902157834
15243.389140447,-3.155049576032642,1.2747211951637976,-2.3648823902157834
15243.39884697,-3.155049576032642,1.2747211951637976,-2.3648823902157834
15243.409247613,-3.155049576032642,1.2747211951637976,-2.3648823902157834
15243.416347025,-3.1588054249473863,1.271032041904403,-2.365423004343896
15243.418191661,-3.1588054249473863,1.271032041904403,-2.365423004343896
15243.420147708,-3.1588054249473863,1.271032041904403,-2.365423004343896
15243.420914121,-3.1588054249473863,1.271032041904403,-2.365423004343896
15243.429901887,-3.1588054249473863,1.271032041904403,-2.365423004343896
15243.437958285,-3.1588054249473863,1.271032041904403,-2.365423004343896
15243.450411643,-3.1588054249473863,1.271032041904403,-2.365423004343896
15243.460272464,-3.1588054249473863,1.271032041904403,-2.365423004343896
15243.467709478,-3.1628020043272076,1.267118424099822,-2.3679410621670773
15243.470904884,-3.1628020043272076,1.267118424099822,-2.3679410621670773
15243.480178198,-3.1628020043272076,1.267118424099822,-2.3679410621670773
15243.488348803,-3.1628020043272076,1.267118424099822,-2.3679410621670773
15243.498235299,-3.1628020043272076,1.267118424099822,-2.3679410621670773
15243.510052334,-3.1685790325006273,1.2614777520817073,-2.3683318302182244
15243.510876005,-3.1685790325006273,1.2614777520817073,-2.3683318302182244
15243.513972303,-3.1685790325006273,1.2614777520817073,-2.3683318302182244
15243.514781677,-3.1685790325006273,1.2614777520817073,-2.3683318302182244
15243.523328003,-3.1685790325006273,1.2614777520817073,-2.3683318302182244
15243.530543949,-3.1685790325006273,1.2614777520817073,-2.3683318302182244
15243.545697243,-3.1685790325006273,1.2614777520817073,-2.3683318302182244
15243.550754701,-3.1685790325006273,1.2614777520817073,-2.3683318302182244
15243.562593257,-3.1685790325006273,1.2614777520817073,-2.3683318302182244
15243.564073422,-3.172568585790158,1.2575931674955152,-2.370717208102136
15243.578579153,-3.172568585790158,1.2575931674955152,-2.370717208102136
15243.586161843,-3.172568585790158,1.2575931674955152,-2.370717208102136
15243.593650916,-3.172568585790158,1.2575931674955152,-2.370717208102136
15243.6068867,-3.172568585790158,1.2575931674955152,-2.370717208102136
15243.615089114,-3.172568585790158,1.2575931674955152,-2.370717208102136
15243.620572125,-3.176301328835501,1.2539891224648305,-2.3767511055020383
15243.623028481,-3.176301328835501,1.2539891224648305,-2.3767511055020383
15243.629775287,-3.176301328835501,1.2539891224648305,-2.3767511055020383
15243.630516702,-3.176301328835501,1.2539891224648305,-2.3767511055020383
15243.642657097,-3.176301328835501,1.2539891224648305,-2.3767511055020383
15243.656669546,-3.176301328835501,1.2539891224648305,-2.3767511055020383
15243.660699163,-3.176301328835501,1.2539891224648305,-2.3767511055020383
15243.664625534,-3.176301328835501,1.2539891224648305,-2.3767511055020383
15243.664990686,-3.182370234727805,1.2481769563078022,-2.378849427416711
15243.674043359,-3.182370234727805,1.2481769563078022,-2.378849427416711
15243.685742013,-3.182370234727805,1.2481769563078022,-2.378849427416711
15243.68883269,-3.182370234727805,1.2481769563078022,-2.378849427416711
15243.698721361,-3.182370234727805,1.2481769563078022,-2.378849427416711
15243.710818467,-3.182370234727805,1.2481769563078022,-2.378849427416711
15243.720584555,-3.182370234727805,1.2481769563078022,-2.378849427416711
15243.723168862,-3.182370234727805,1.2481769563078022,-2.378849427416711
15243.723708906,-3.1863660267593863,1.2443718299921396,-2.3824127122906735
15243.726629641,-3.1863660267593863,1.2443718299921396,-2.3824127122906735
15243.729930714,-3.1863660267593863,1.2443718299921396,-2.3824127122906735
15243.739061221,-3.1863660267593863,1.2443718299921396,-2.3824127122906735
15243.75509126,-3.1863660267593863,1.2443718299921396,-2.3824127122906735
15243.773829239,-3.1863660267593863,1.2443718299921396,-2.3824127122906735
15243.77770115,-3.1863660267593863,1.2443718299921396,-2.3824127122906735
15243.778159118,-3.192504218092789,1.2385590147012935,-2.38441447468081
15243.781530467,-3.192504218092789,1.2385590147012935,-2.38441447468081
15243.788714021,-3.192504218092789,1.2385590147012935,-2.38441447468081
15243.801410409,-3.192504218092789,1.2385590147012935,-2.38441447468081
15243.81320805,-3.192504218092789,1.2385590147012935,-2.38441447468081
15243.814944181,-3.192504218092789,1.2385590147012935,-2.38441447468081
15243.815412618,-3.196535774853672,1.2347548267458324,-2.3859919712094353
15243.820603907,-3.196535774853672,1.2347548267458324,-2.3859919712094353
15243.820973617,-3.196535774853672,1.2347548267458324,-2.3859919712094353
15243.833015308,-3.196535774853672,1.2347548267458324,-2.3859919712094353
15243.842183965,-3.196535774853672,1.2347548267458324,-2.3859919712094353
15243.848996806,-3.196535774853672,1.2347548267458324,-2.3859919712094353
15243.863697045,-3.196535774853672,1.2347548267458324,-2.3859919712094353
15243.874113282,-3.196535774853672,1.2347548267458324,-2.3859919712094353
15243.875045068,-3.2005906277254046,1.2309384539854897,-2.3869738981274655
15243.878597344,-3.2005906277254046,1.2309384539854897,-2.3869738981274655
15243.891885186,-3.2005906277254046,1.2309384539854897,-2.3869738981274655
15243.902380987,-3.2005906277254046,1.2309384539854897,-2.3869738981274655
15243.911085975,-3.2005906277254046,1.2309384539854897,-2.3869738981274655
15243.914913328,-3.206483883473311,1.225382364071565,-2.38429502697268
15243.91551072,-3.206483883473311,1.225382364071565,-2.38429502697268
15243.916451323,-3.206483883473311,1.225382364071565,-2.38429502697268
15243.922782972,-3.206483883473311,1.225382364071565,-2.38429502697268
15243.92857061,-3.206483883473311,1.225382364071565,-2.38429502697268
15243.93873316,-3.206483883473311,1.225382364071565,-2.38429502697268
15243.948393117,-3.206483883473311,1.225382364071565,-2.38429502697268
15243.965357226,-3.206483883473311,1.225382364071565,-2.38429502697268
15243.965971761,-3.210078096810656,1.221962992053951,-2.3779415294674924
15243.973057971,-3.210078096810656,1.221962992053951,-2.3779415294674924
15243.982001951,-3.210078096810656,1.221962992053951,-2.3779415294674924
15243.991666216,-3.210078096810656,1.221962992053951,-2.3779415294674924
15243.998226278,-3.210078096810656,1.221962992053951,-2.3779415294674924
15244.009926382,-3.210078096810656,1.221962992053951,-2.3779415294674924
15244.019933567,-3.2136600800924655,1.2184580402164458,-2.3561855957058953
15244.023359309,-3.2136600800924655,1.2184580402164458,-2.3561855957058953
15244.023870218,-3.2136600800924655,1.2184580402164458,-2.3561855957058953
15244.025120888,-3.2136600800924655,1.2184580402164458,-2.3561855957058953
15244.031144053,-3.2136600800924655,1.2184580402164458,-2.3561855957058953
15244.03948104,-3.2136600800924655,1.2184580402164458,-2.3561855957058953
15244.051612334,-3.2136600800924655,1.2184580402164458,-2.3561855957058953
15244.061206466,-3.2136600800924655,1.2184580402164458,-2.3561855957058953
15244.061790432,-3.2180459138541497,1.2139674031064125,-2.332590739443688
15244.070946655,-3.2180459138541497,1.2139674031064125,-2.332590739443688
15244.07898584,-3.2180459138541497,1.2139674031064125,-2.332590739443688
15244.090457761,-3.2180459138541497,1.2139674031064125,-2.332590739443688
15244.100267562,-3.2180459138541497,1.2139674031064125,-2.332590739443688
15244.109866784,-3.2180459138541497,1.2139674031064125,-2.332590739443688
15244.122580579,-3.2180459138541497,1.2139674031064125,-2.332590739443688
15244.123755876,-3.220594213548206,1.211187328639706,-2.292856614306359
15244.125360627,-3.220594213548206,1.211187328639706,-2.292856614306359
15244.126021951,-3.220594213548206,1.211187328639706,-2.292856614306359
15244.13305009,-3.220594213548206,1.211187328639706,-2.292856614306359
15244.139104825,-3.220594213548206,1.211187328639706,-2.292856614306359
15244.153838307,-3.220594213548206,1.211187328639706,-2.292856614306359
15244.1604939,-3.220594213548206,1.211187328639706,-2.292856614306359
15244.164686386,-3.223889147861726,1.2073110501919624,-2.257753412440209
15244.171433222,-3.223889147861726,1.2073110501919624,-2.257753412440209
15244.180567864,-3.223889147861726,1.2073110501919624,-2.257753412440209
15244.188226147,-3.223889147861726,1.2073110501919624,-2.257753412440209
15244.199868792,-3.223889147861726,1.2073110501919624,-2.257753412440209
15244.210559242,-3.223889147861726,1.2073110501919624,-2.257753412440209
15244.215091672,-3.225965851887217,1.2046938661672653,-2.2253543540982292
15244.215900214,-3.225965851887217,1.2046938661672653,-2.2253543540982292
15244.217993781,-3.225965851887217,1.2046938661672653,-2.2253543540982292
15244.219867102,-3.225965851887217,1.2046938661672653,-2.2253543540982292
15244.229132701,-3.225965851887217,1.2046938661672653,-2.2253543540982292
15244.239116111,-3.225965851887217,1.2046938661672653,-2.2253543540982292
15244.251762859,-3.225965851887217,1.2046938661672653,-2.2253543540982292
15244.259981324,-3.228130405678433,1.2017930099114098,-2.1983387872723625
15244.263283883,-3.228130405678433,1.2017930099114098,-2.1983387872723625
15244.268195311,-3.228130405678433,1.2017930099114098,-2.1983387872723625
15244.278685822,-3.228130405678433,1.2017930099114098,-2.1983387872723625
15244.289495959,-3.228130405678433,1.2017930099114098,-2.1983387872723625
15244.302712136,-3.228130405678433,1.2017930099114098,-2.1983387872723625
15244.310132418,-3.228130405678433,1.2017930099114098,-2.1983387872723625
15244.319070217,-3.228130405678433,1.2017930099114098,-2.1983387872723625
15244.321191076,-3.228130405678433,1.2017930099114098,-2.1983387872723625
15244.321647732,-3.2304923910847823,1.1984413325978411,-2.1710238859204343
15244.330130969,-3.2304923910847823,1.1984413325978411,-2.1710238859204343
15244.330676743,-3.2304923910847823,1.1984413325978411,-2.1710238859204343
15244.340581825,-3.2304923910847823,1.1984413325978411,-2.1710238859204343
15244.350028157,-3.2304923910847823,1.1984413325978411,-2.1710238859204343
15244.358519189,-3.234519238539791,1.1924869039148738,-2.159822623446374
15244.361590069,-3.234519238539791,1.1924869039148738,-2.159822623446374
15244.369044767,-3.234519238539791,1.1924869039148738,-2.159822623446374
15244.378755169,-3.234519238539791,1.1924869039148738,-2.159822623446374
15244.389083563,-3.234519238539791,1.1924869039148738,-2.159822623446374
15244.398486032,-3.234519238539791,1.1924869039148738,-2.159822623446374
15244.410803797,-3.234519238539791,1.1924869039148738,-2.159822623446374
15244.420206977,-3.234519238539791,1.1924869039148738,-2.159822623446374
15244.422155831,-3.237391483472221,1.1881353502209793,-2.1485863134411867
15244.423433913,-3.237391483472221,1.1881353502209793,-2.1485863134411867
15244.429300902,-3.237391483472221,1.1881353502209793,-2.1485863134411867
15244.43060333,-3.237391483472221,1.1881353502209793,-2.1485863134411867
15244.44039667,-3.237391483472221,1.1881353502209793,-2.1485863134411867
15244.449570786,-3.237391483472221,1.1881353502209793,-2.1485863134411867
15244.461818818,-3.237391483472221,1.1881353502209793,-2.1485863134411867
15244.466280123,-3.241886044377451,1.181215624369258,-2.145094077303796
15244.468825216,-3.241886044377451,1.181215624369258,-2.145094077303796
15244.480260408,-3.241886044377451,1.181215624369258,-2.145094077303796
15244.490671228,-3.241886044377451,1.181215624369258,-2.145094077303796
15244.503941116,-3.241886044377451,1.181215624369258,-2.145094077303796
15244.509242373,-3.241886044377451,1.181215624369258,-2.145094077303796
15244.513842471,-3.2450112483400324,1.1763642684768283,-2.1410612270382927
15244.514694456,-3.2450112483400324,1.1763642684768283,-2.1410612270382927
15244.515703859,-3.2450112483400324,1.1763642684768283,-2.1410612270382927
15244.522092566,-3.2450112483400324,1.1763642684768283,-2.1410612270382927
15244.528952227,-3.2450112483400324,1.1763642684768283,-2.1410612270382927
15244.540503077,-3.2450112483400324,1.1763642684768283,-2.1410612270382927
15244.549831206,-3.2450112483400324,1.1763642684768283,-2.1410612270382927
15244.561078952,-3.2450112483400324,1.1763642684768283,-2.1410612270382927
15244.563327103,-3.248214538246761,1.1713525051003195,-2.1379573747662595
15244.57092378,-3.248214538246761,1.1713525051003195,-2.1379573747662595
15244.580225488,-3.248214538246761,1.1713525051003195,-2.1379573747662595
15244.589493241,-3.248214538246761,1.1713525051003195,-2.1379573747662595
15244.605835359,-3.248214538246761,1.1713525051003195,-2.1379573747662595
15244.608961063,-3.248214538246761,1.1713525051003195,-2.1379573747662595
15244.618871598,-3.248214538246761,1.1713525051003195,-2.1379573747662595
15244.620197682,-3.2514239807171275,1.1662846581299635,-2.1327194377926872
15244.627147152,-3.2514239807171275,1.1662846581299635,-2.1327194377926872
15244.63261803,-3.2514239807171275,1.1662846581299635,-2.1327194377926872
15244.634853767,-3.2514239807171275,1.1662846581299635,-2.1327194377926872
15244.64055431,-3.2514239807171275,1.1662846581299635,-2.1327194377926872
15244.651615924,-3.2514239807171275,1.1662846581299635,-2.1327194377926872
15244.662147142,-3.2514239807171275,1.1662846581299635,-2.1327194377926872
15244.663126157,-3.2561873307355205,1.1586957325492993,-2.1299089595822385
15244.671604696,-3.2561873307355205,1.1586957325492993,-2.1299089595822385
15244.678920971,-3.2561873307355205,1.1586957325492993,-2.1299089595822385
15244.688981888,-3.2561873307355205,1.1586957325492993,-2.1299089595822385
15244.702579327,-3.2561873307355205,1.1586957325492993,-2.1299089595822385
15244.71004719,-3.2561873307355205,1.1586957325492993,-2.1299089595822385
15244.713965636,-3.2593728139211526,1.1535829455978828,-2.1260644599942253
15244.714596071,-3.2593728139211526,1.1535829455978828,-2.1260644599942253
15244.716589018,-3.2593728139211526,1.1535829455978828,-2.1260644599942253
15244.722599218,-3.2593728139211526,1.1535829455978828,-2.1260644599942253
15244.731779473,-3.2593728139211526,1.1535829455978828,-2.1260644599942253
15244.739536517,-3.2593728139211526,1.1535829455978828,-2.1260644599942253
15244.749274031,-3.2593728139211526,1.1535829455978828,-2.1260644599942253
15244.760620585,-3.2593728139211526,1.1535829455978828,-2.1260644599942253
15244.765515742,-3.2624180639356224,1.148651234490377,-2.121879975512414
15244.771395194,-3.2624180639356224,1.148651234490377,-2.121879975512414
15244.784501773,-3.2624180639356224,1.148651234490377,-2.121879975512414
15244.79026752,-3.2624180639356224,1.148651234490377,-2.121879975512414
15244.80190745,-3.2624180639356224,1.148651234490377,-2.121879975512414
15244.81380656,-3.2624180639356224,1.148651234490377,-2.121879975512414
15244.814393973,-3.2624180639356224,1.148651234490377,-2.121879975512414
15244.81509936,-3.2624180639356224,1.148651234490377,-2.121879975512414
15244.815791963,-3.270841175208923,1.1458197727652513,-2.1251449819766433
15244.822137549,-3.270841175208923,1.1458197727652513,-2.1251449819766433
15244.828995666,-3.270841175208923,1.1458197727652513,-2.1251449819766433
15244.838985105,-3.270841175208923,1.1458197727652513,-2.1251449819766433
15244.850055478,-3.270841175208923,1.1458197727652513,-2.1251449819766433
15244.860760496,-3.270841175208923,1.1458197727652513,-2.1251449819766433
15244.868263956,-3.270841175208923,1.1458197727652513,-2.1251449819766433
15244.873882574,-3.2799042216042897,1.1476900450679963,-2.1315133612568404
15244.879832299,-3.2799042216042897,1.1476900450679963,-2.1315133612568404
15244.889461418,-3.2799042216042897,1.1476900450679963,-2.1315133612568404
15244.898054163,-3.2799042216042897,1.1476900450679963,-2.1315133612568404
15244.91655234,-3.2799042216042897,1.1476900450679963,-2.1315133612568404
15244.919897769,-3.2799042216042897,1.1476900450679963,-2.1315133612568404
15244.920654243,-3.2799042216042897,1.1476900450679963,-2.1315133612568404
15244.921220286,-3.2871240779504634,1.1437143692739566,-2.1337086001985885
15244.922703026,-3.2871240779504634,1.1437143692739566,-2.1337086001985885
15244.930220983,-3.2871240779504634,1.1437143692739566,-2.1337086001985885
15244.938610383,-3.2871240779504634,1.1437143692739566,-2.1337086001985885
15244.94893504,-3.2871240779504634,1.1437143692739566,-2.1337086001985885
15244.957814388,-3.2871240779504634,1.1437143692739566,-2.1337086001985885
15244.961891274,-3.2901303219898534,1.1389372961088484,-2.1312645713442184
15244.968547809,-3.2901303219898534,1.1389372961088484,-2.1312645713442184
15244.980211474,-3.2901303219898534,1.1389372961088484,-2.1312645713442184
15244.989645062,-3.2901303219898534,1.1389372961088484,-2.1312645713442184
15245.000001526,-3.2901303219898534,1.1389372961088484,-2.1312645713442184
15245.01131521,-3.2901303219898534,1.1389372961088484,-2.1312645713442184
15245.019064266,-3.2901303219898534,1.1389372961088484,-2.1312645713442184
15245.020574578,-3.293200598335045,1.1340211263332325,-2.1268450061434128
15245.021247644,-3.293200598335045,1.1340211263332325,-2.1268450061434128
15245.024553438,-3.293200598335045,1.1340211263332325,-2.1268450061434128
15245.028335806,-3.293200598335045,1.1340211263332325,-2.1268450061434128
15245.038771012,-3.293200598335045,1.1340211263332325,-2.1268450061434128
15245.048853928,-3.293200598335045,1.1340211263332325,-2.1268450061434128
15245.062062905,-3.293200598335045,1.1340211263332325,-2.1268450061434128
15245.062601205,-3.2976304527912874,1.126880448237768,-2.1252719203585007
15245.068033429,-3.2976304527912874,1.126880448237768,-2.1252719203585007
15245.078047458,-3.2976304527912874,1.126880448237768,-2.1252719203585007
15245.088057699,-3.2976304527912874,1.126880448237768,-2.1252719203585007
15245.098834583,-3.2976304527912874,1.126880448237768,-2.1252719203585007
15245.115175702,-3.2976304527912874,1.126880448237768,-2.1252719203585007
15245.115609965,-3.2976304527912874,1.126880448237768,-2.1252719203585007
15245.119344081,-3.30067585976347,1.1219786067290574,-2.128157619630657
15245.121854499,-3.30067585976347,1.1219786067290574,-2.128157619630657
15245.122130282,-3.30067585976347,1.1219786067290574,-2.128157619630657
15245.129912787,-3.30067585976347,1.1219786067290574,-2.128157619630657
15245.140303963,-3.30067585976347,1.1219786067290574,-2.128157619630657
15245.150099257,-3.30067585976347,1.1219786067290574,-2.128157619630657
15245.160087286,-3.30067585976347,1.1219786067290574,-2.128157619630657
15245.176758831,-3.30067585976347,1.1219786067290574,-2.128157619630657
15245.178717994,-3.303504588075201,1.1174487257205536,-2.1298564712160446
15245.18082669,-3.303504588075201,1.1174487257205536,-2.1298564712160446
15245.189725925,-3.303504588075201,1.1174487257205536,-2.1298564712160446
15245.203443152,-3.303504588075201,1.1174487257205536,-2.1298564712160446
15245.21135195,-3.303504588075201,1.1174487257205536,-2.1298564712160446
15245.212258478,-3.303504588075201,1.1174487257205536,-2.1298564712160446
15245.212841874,-3.3079589582804325,1.110323314838275,-2.129134301339946
15245.21664418,-3.3079589582804325,1.110323314838275,-2.129134301339946
15245.221632293,-3.3079589582804325,1.110323314838275,-2.129134301339946
15245.228730465,-3.3079589582804325,1.110323314838275,-2.129134301339946
15245.242738984,-3.3079589582804325,1.110323314838275,-2.129134301339946
15245.248887696,-3.3079589582804325,1.110323314838275,-2.129134301339946
15245.261996239,-3.3079589582804325,1.110323314838275,-2.129134301339946
15245.26300468,-3.310881749639275,1.1056432901684181,-2.128973368799052
15245.272610254,-3.310881749639275,1.1056432901684181,-2.128973368799052
15245.28258091,-3.310881749639275,1.1056432901684181,-2.128973368799052
15245.290293768,-3.310881749639275,1.1056432901684181,-2.128973368799052
15245.302532733,-3.310881749639275,1.1056432901684181,-2.128973368799052
15245.311803381,-3.310881749639275,1.1056432901684181,-2.128973368799052
15245.322420563,-3.310881749639275,1.1056432901684181,-2.128973368799052
15245.323172618,-3.310881749639275,1.1056432901684181,-2.128973368799052
15245.324043508,-3.3138634735856884,1.1008508739139022,-2.125750545656047
15245.325599086,-3.3138634735856884,1.1008508739139022,-2.125750545656047
15245.330979703,-3.3138634735856884,1.1008508739139022,-2.125750545656047
15245.340152187,-3.3138634735856884,1.1008508739139022,-2.125750545656047
15245.348879226,-3.3138634735856884,1.1008508739139022,-2.125750545656047
15245.357581929,-3.318337268243206,1.0936183210351118,-2.1237572471254684
15245.36075411,-3.318337268243206,1.0936183210351118,-2.1237572471254684
15245.370070674,-3.318337268243206,1.0936183210351118,-2.1237572471254684
15245.377882622,-3.318337268243206,1.0936183210351118,-2.1237572471254684
15245.388438486,-3.318337268243206,1.0936183210351118,-2.1237572471254684
15245.40109375,-3.318337268243206,1.0936183210351118,-2.1237572471254684
15245.412774026,-3.318337268243206,1.0936183210351118,-2.1237572471254684
15245.419796205,-3.318337268243206,1.0936183210351118,-2.1237572471254684
15245.421885234,-3.321212759431774,1.0889387680388252,-2.1198324004762985
15245.422478428,-3.321212759431774,1.0889387680388252,-2.1198324004762985
15245.427975145,-3.321212759431774,1.0889387680388252,-2.1198324004762985
15245.432450567,-3.321212759431774,1.0889387680388252,-2.1198324004762985
15245.437849048,-3.321212759431774,1.0889387680388252,-2.1198324004762985
15245.44901558,-3.321212759431774,1.0889387680388252,-2.1198324004762985
15245.460678914,-3.321212759431774,1.0889387680388252,-2.1198324004762985
15245.461949301,-3.3256789146418226,1.0816124186831562,-2.116659645234905
15245.471732372,-3.3256789146418226,1.0816124186831562,-2.116659645234905
15245.479164316,-3.3256789146418226,1.0816124186831562,-2.116659645234905
15245.492549563,-3.3256789146418226,1.0816124186831562,-2.116659645234905
15245.49966609,-3.3256789146418226,1.0816124186831562,-2.116659645234905
15245.510885723,-3.3256789146418226,1.0816124186831562,-2.116659645234905
15245.515816077,-3.3256789146418226,1.0816124186831562,-2.116659645234905
15245.5161977,-3.3285669010292156,1.0768219504716159,-2.109974030649028
15245.51663031,-3.3285669010292156,1.0768219504716159,-2.109974030649028
15245.519245918,-3.3285669010292156,1.0768219504716159,-2.109974030649028
15245.529438173,-3.3285669010292156,1.0768219504716159,-2.109974030649028
15245.539090125,-3.3285669010292156,1.0768219504716159,-2.109974030649028
15245.547963592,-3.3285669010292156,1.0768219504716159,-2.109974030649028
15245.559130535,-3.3285669010292156,1.0768219504716159,-2.109974030649028
15245.571693383,-3.3285669010292156,1.0768219504716159,-2.109974030649028
15245.572680764,-3.331486375424853,1.0719028519516154,-2.102868203317485
15245.579361455,-3.331486375424853,1.0719028519516154,-2.102868203317485
15245.591437802,-3.331486375424853,1.0719028519516154,-2.102868203317485
15245.600372164,-3.331486375424853,1.0719028519516154,-2.102868203317485
15245.611969703,-3.331486375424853,1.0719028519516154,-2.102868203317485
15245.615201414,-3.3360080832431906,1.0641675139969968,-2.0966910163515426
15245.616105267,-3.3360080832431906,1.0641675139969968,-2.0966910163515426
15245.622073378,-3.3360080832431906,1.0641675139969968,-2.0966910163515426
15245.622384096,-3.3360080832431906,1.0641675139969968,-2.0966910163515426
15245.628331862,-3.3360080832431906,1.0641675139969968,-2.0966910163515426
15245.640345409,-3.3360080832431906,1.0641675139969968,-2.0966910163515426
15245.651741186,-3.3360080832431906,1.0641675139969968,-2.0966910163515426
15245.660105988,-3.3388590047422535,1.0592375867062844,-2.093506340181193
15245.661973608,-3.3388590047422535,1.0592375867062844,-2.093506340181193
15245.671195666,-3.3388590047422535,1.0592375867062844,-2.093506340181193
15245.683999691,-3.3388590047422535,1.0592375867062844,-2.093506340181193
15245.69179288,-3.3388590047422535,1.0592375867062844,-2.093506340181193
15245.699963124,-3.3388590047422535,1.0592375867062844,-2.093506340181193
15245.711163741,-3.3388590047422535,1.0592375867062844,-2.093506340181193
15245.716087763,-3.3388590047422535,1.0592375867062844,-2.093506340181193
15245.716867591,-3.3416883907839035,1.0542952683117601,-2.087965373193584
15245.723005102,-3.3416883907839035,1.0542952683117601,-2.087965373193584
15245.723826719,-3.3416883907839035,1.0542952683117601,-2.087965373193584
15245.731892943,-3.3416883907839035,1.0542952683117601,-2.087965373193584
15245.73822148,-3.3416883907839035,1.0542952683117601,-2.087965373193584
15245.7494026,-3.3416883907839035,1.0542952683117601,-2.087965373193584
15245.760621612,-3.3416883907839035,1.0542952683117601,-2.087965373193584
15245.761472544,-3.345958096469436,1.0467653042072578,-2.0852732698076593
15245.768081158,-3.345958096469436,1.0467653042072578,-2.0852732698076593
15245.782780035,-3.345958096469436,1.0467653042072578,-2.0852732698076593
15245.794075782,-3.345958096469436,1.0467653042072578,-2.0852732698076593
15245.797893207,-3.345958096469436,1.0467653042072578,-2.0852732698076593
15245.810667994,-3.345958096469436,1.0467653042072578,-2.0852732698076593
15245.81870047,-3.345958096469436,1.0467653042072578,-2.0852732698076593
15245.823533216,-3.3488317632825715,1.0416734733457471,-2.083934191858134
15245.824022874,-3.3488317632825715,1.0416734733457471,-2.083934191858134
15245.827717028,-3.3488317632825715,1.0416734733457471,-2.083934191858134
15245.829715896,-3.3488317632825715,1.0416734733457471,-2.083934191858134
15245.839388227,-3.3488317632825715,1.0416734733457471,-2.083934191858134
15245.84858729,-3.3488317632825715,1.0416734733457471,-2.083934191858134
15245.858696248,-3.3488317632825715,1.0416734733457471,-2.083934191858134
15245.861415211,-3.353145119986764,1.033993765558768,-2.081155184900127
15245.867649065,-3.353145119986764,1.033993765558768,-2.081155184900127
15245.878324837,-3.353145119986764,1.033993765558768,-2.081155184900127
15245.889343479,-3.353145119986764,1.033993765558768,-2.081155184900127
15245.900146052,-3.353145119986764,1.033993765558768,-2.081155184900127
15245.909910477,-3.353145119986764,1.033993765558768,-2.081155184900127
15245.920958524,-3.353145119986764,1.033993765558768,-2.081155184900127
15245.925828664,-3.3558853804188016,1.0290882764610203,-2.079298142587504
15245.926405347,-3.3558853804188016,1.0290882764610203,-2.079298142587504
15245.930400609,-3.3558853804188016,1.0290882764610203,-2.079298142587504
15245.932156526,-3.3558853804188016,1.0290882764610203,-2.079298142587504
15245.937011314,-3.3558853804188016,1.0290882764610203,-2.079298142587504
15245.950984799,-3.3558853804188016,1.0290882764610203,-2.079298142587504
15245.959260613,-3.3558853804188016,1.0290882764610203,-2.079298142587504
15245.962897004,-3.360099964995286,1.0214983584751598,-2.0760813991182663
15245.968588611,-3.360099964995286,1.0214983584751598,-2.0760813991182663
15245.979440116,-3.360099964995286,1.0214983584751598,-2.0760813991182663
15245.989478246,-3.360099964995286,1.0214983584751598,-2.0760813991182663
15245.997276148,-3.360099964995286,1.0214983584751598,-2.0760813991182663
15246.012178911,-3.360099964995286,1.0214983584751598,-2.0760813991182663
15246.012960933,-3.3628419885037784,1.0165359396783056,-2.0751210490816447
15246.014061909,-3.3628419885037784,1.0165359396783056,-2.0751210490816447
15246.021405967,-3.3628419885037784,1.0165359396783056,-2.0751210490816447
15246.022041141,-3.3628419885037784,1.0165359396783056,-2.0751210490816447
15246.029477384,-3.3628419885037784,1.0165359396783056,-2.0751210490816447
15246.040627395,-3.3628419885037784,1.0165359396783056,-2.0751210490816447
15246.049131321,-3.3628419885037784,1.0165359396783056,-2.0751210490816447
15246.059183091,-3.3628419885037784,1.0165359396783056,-2.0751210490816447
15246.070740303,-3.3628419885037784,1.0165359396783056,-2.0751210490816447
15246.071620652,-3.3657057264790238,1.0113227023752662,-2.0711143056505525
15246.078874168,-3.3657057264790238,1.0113227023752662,-2.0711143056505525
15246.088959852,-3.3657057264790238,1.0113227023752662,-2.0711143056505525
15246.098730299,-3.3657057264790238,1.0113227023752662,-2.0711143056505525
15246.11089377,-3.3657057264790238,1.0113227023752662,-2.0711143056505525
15246.113773999,-3.3657057264790238,1.0113227023752662,-2.0711143056505525
15246.114253207,-3.3698606420955275,1.003728795457487,-2.071764949952923
15246.116285338,-3.3698606420955275,1.003728795457487,-2.071764949952923
15246.117976984,-3.3698606420955275,1.003728795457487,-2.071764949952923
15246.128619951,-3.3698606420955275,1.003728795457487,-2.071764949952923
15246.140694127,-3.3698606420955275,1.003728795457487,-2.071764949952923
15246.148395512,-3.3698606420955275,1.003728795457487,-2.071764949952923
15246.158973649,-3.3698606420955275,1.003728795457487,-2.071764949952923
15246.162267391,-3.3725663413400016,0.998775299434715,-2.0697008411043507
15246.168377301,-3.3725663413400016,0.998775299434715,-2.0697008411043507
15246.1799225,-3.3725663413400016,0.998775299434715,-2.0697008411043507
15246.18858637,-3.3725663413400016,0.998775299434715,-2.0697008411043507
15246.199683841,-3.3725663413400016,0.998775299434715,-2.0697008411043507
15246.212467478,-3.3725663413400016,0.998775299434715,-2.0697008411043507
15246.222188177,-3.3725663413400016,0.998775299434715,-2.0697008411043507
15246.223448947,-3.3753867728124174,0.9935672720910695,-2.064564112817608
15246.223743756,-3.3753867728124174,0.9935672720910695,-2.064564112817608
15246.224050126,-3.3753867728124174,0.9935672720910695,-2.064564112817608
15246.230086119,-3.3753867728124174,0.9935672720910695,-2.064564112817608
15246.238988089,-3.3753867728124174,0.9935672720910695,-2.064564112817608
15246.248403743,-3.3753867728124174,0.9935672720910695,-2.064564112817608
15246.258115268,-3.3753867728124174,0.9935672720910695,-2.064564112817608
15246.262087937,-3.379516862214746,0.9858735442719462,-2.062352780496441
15246.272562848,-3.379516862214746,0.9858735442719462,-2.062352780496441
15246.282458242,-3.379516862214746,0.9858735442719462,-2.062352780496441
15246.290055369,-3.379516862214746,0.9858735442719462,-2.062352780496441
15246.306307399,-3.379516862214746,0.9858735442719462,-2.062352780496441
15246.311223927,-3.379516862214746,0.9858735442719462,-2.062352780496441
15246.318720684,-3.379516862214746,0.9858735442719462,-2.062352780496441
15246.322379458,-3.379516862214746,0.9858735442719462,-2.062352780496441
15246.323370326,-3.382086672809806,0.9810480550562721,-2.057933215295634
15246.325146963,-3.382086672809806,0.9810480550562721,-2.057933215295634
15246.328794746,-3.382086672809806,0.9810480550562721,-2.057933215295634
15246.338791121,-3.382086672809806,0.9810480550562721,-2.057933215295634
15246.349942114,-3.382086672809806,0.9810480550562721,-2.057933215295634
15246.359594243,-3.382086672809806,0.9810480550562721,-2.057933215295634
15246.36919494,-3.382086672809806,0.9810480550562721,-2.057933215295634
15246.370080639,-3.38480859300652,0.9758735161475511,-2.05215478340324
15246.381983066,-3.38480859300652,0.9758735161475511,-2.05215478340324
15246.394869599,-3.38480859300652,0.9758735161475511,-2.05215478340324
15246.39968813,-3.38480859300652,0.9758735161475511,-2.05215478340324
15246.411659117,-3.38480859300652,0.9758735161475511,-2.05215478340324
15246.415274609,-3.38480859300652,0.9758735161475511,-2.05215478340324
15246.416063835,-3.3888318135379696,0.9681233688727373,-2.047083262597881
15246.427025639,-3.3888318135379696,0.9681233688727373,-2.047083262597881
15246.427443851,-3.3888318135379696,0.9681233688727373,-2.047083262597881
15246.429448671,-3.3888318135379696,0.9681233688727373,-2.047083262597881
15246.439836347,-3.3888318135379696,0.9681233688727373,-2.047083262597881
15246.448569477,-3.3888318135379696,0.9681233688727373,-2.047083262597881
15246.459271186,-3.3888318135379696,0.9681233688727373,-2.047083262597881
15246.470967061,-3.3888318135379696,0.9681233688727373,-2.047083262597881
15246.473362451,-3.39138335237976,0.9631455480042865,-2.0418335239046432
15246.478608927,-3.39138335237976,0.9631455480042865,-2.0418335239046432
15246.487955109,-3.39138335237976,0.9631455480042865,-2.0418335239046432
15246.502733303,-3.39138335237976,0.9631455480042865,-2.0418335239046432
15246.511193637,-3.39138335237976,0.9631455480042865,-2.0418335239046432
15246.518067217,-3.3952057374175495,0.9556052836141042,-2.0381113330477105
15246.518725594,-3.3952057374175495,0.9556052836141042,-2.0381113330477105
15246.519062593,-3.3952057374175495,0.9556052836141042,-2.0381113330477105
15246.525423398,-3.3952057374175495,0.9556052836141042,-2.0381113330477105
15246.528371916,-3.3952057374175495,0.9556052836141042,-2.0381113330477105
15246.539565079,-3.3952057374175495,0.9556052836141042,-2.0381113330477105
15246.549932403,-3.3952057374175495,0.9556052836141042,-2.0381113330477105
15246.559422932,-3.3952057374175495,0.9556052836141042,-2.0381113330477105
15246.563081636,-3.3977518557606072,0.950567902088718,-2.0394692460649835
15246.570078166,-3.3977518557606072,0.950567902088718,-2.0394692460649835
15246.581649986,-3.3977518557606072,0.950567902088718,-2.0394692460649835
15246.589977447,-3.3977518557606072,0.950567902088718,-2.0394692460649835
15246.599803359,-3.3977518557606072,0.950567902088718,-2.0394692460649835
15246.609816796,-3.3977518557606072,0.950567902088718,-2.0394692460649835
15246.619164441,-3.3977518557606072,0.950567902088718,-2.0394692460649835
15246.621342429,-3.4003040487362983,0.9455335955561357,-2.040523890649639
15246.623055816,-3.4003040487362983,0.9455335955561357,-2.040523890649639
15246.624021447,-3.4003040487362983,0.9455335955561357,-2.040523890649639
15246.628787289,-3.4003040487362983,0.9455335955561357,-2.040523890649639
15246.639985551,-3.4003040487362983,0.9455335955561357,-2.040523890649639
15246.649653339,-3.4003040487362983,0.9455335955561357,-2.040523890649639
15246.659072172,-3.4003040487362983,0.9455335955561357,-2.040523890649639
15246.664328644,-3.4040730457795765,0.9381081538527531,-2.0404533187502243
15246.667926783,-3.4040730457795765,0.9381081538527531,-2.0404533187502243
15246.681106962,-3.4040730457795765,0.9381081538527531,-2.0404533187502243
15246.690900753,-3.4040730457795765,0.9381081538527531,-2.0404533187502243
15246.697129507,-3.4040730457795765,0.9381081538527531,-2.0404533187502243
15246.71329317,-3.4040730457795765,0.9381081538527531,-2.0404533187502243
15246.715801053,-3.407296544905118,0.9342869602272283,-2.0437121981769537
15246.71634847,-3.407296544905118,0.9342869602272283,-2.0437121981769537
15246.720990788,-3.407296544905118,0.9342869602272283,-2.0437121981769537
15246.724337941,-3.407296544905118,0.9342869602272283,-2.0437121981769537
15246.731551202,-3.407296544905118,0.9342869602272283,-2.0437121981769537
15246.740028617,-3.407296544905118,0.9342869602272283,-2.0437121981769537
15246.75267251,-3.407296544905118,0.9342869602272283,-2.0437121981769537
15246.762502098,-3.407296544905118,0.9342869602272283,-2.0437121981769537
15246.76289367,-3.4107117939275047,0.9304838570651915,-2.0497882428064504
15246.772731014,-3.4107117939275047,0.9304838570651915,-2.0497882428064504
15246.778661333,-3.4107117939275047,0.9304838570651915,-2.0497882428064504
15246.790435907,-3.4107117939275047,0.9304838570651915,-2.0497882428064504
15246.802588999,-3.4107117939275047,0.9304838570651915,-2.0497882428064504
15246.807724441,-3.4107117939275047,0.9304838570651915,-2.0497882428064504
15246.823424075,-3.4107117939275047,0.9304838570651915,-2.0497882428064504
15246.827250957,-3.4135937584468996,0.9261329437299981,-2.045710507601271
15246.833883086,-3.4135937584468996,0.9261329437299981,-2.045710507601271
15246.834565329,-3.4135937584468996,0.9261329437299981,-2.045710507601271
15246.837670403,-3.4135937584468996,0.9261329437299981,-2.045710507601271
15246.840210477,-3.4135937584468996,0.9261329437299981,-2.045710507601271
15246.853413068,-3.4135937584468996,0.9261329437299981,-2.045710507601271
15246.861969965,-3.4135937584468996,0.9261329437299981,-2.045710507601271
15246.864564913,-3.417537596760227,0.9184273038854105,-2.0419870054421523
15246.870722823,-3.417537596760227,0.9184273038854105,-2.0419870054421523
15246.87978634,-3.417537596760227,0.9184273038854105,-2.0419870054421523
15246.889272648,-3.417537596760227,0.9184273038854105,-2.0419870054421523
15246.902827908,-3.417537596760227,0.9184273038854105,-2.0419870054421523
15246.910451535,-3.417537596760227,0.9184273038854105,-2.0419870054421523
15246.920527842,-3.417537596760227,0.9184273038854105,-2.0419870054421523
15246.922795729,-3.4201876253832237,0.9131588547591658,-2.0316947138009165
15246.924428744,-3.4201876253832237,0.9131588547591658,-2.0316947138009165
15246.924888526,-3.4201876253832237,0.9131588547591658,-2.0316947138009165
15246.933186822,-3.4201876253832237,0.9131588547591658,-2.0316947138009165
15246.940793548,-3.4201876253832237,0.9131588547591658,-2.0316947138009165
15246.949473608,-3.4201876253832237,0.9131588547591658,-2.0316947138009165
15246.958873763,-3.4201876253832237,0.9131588547591658,-2.0316947138009165
15246.964747832,-3.424151188014381,0.905123217501582,-2.026360932558546
15246.972607531,-3.424151188014381,0.905123217501582,-2.026360932558546
15246.978774368,-3.424151188014381,0.905123217501582,-2.026360932558546
15246.989779484,-3.424151188014381,0.905123217501582,-2.026360932558546
15247.001645733,-3.424151188014381,0.905123217501582,-2.026360932558546
15247.011902992,-3.424151188014381,0.905123217501582,-2.026360932558546
15247.013061397,-3.42673239064795,0.8998207085800443,-2.021277729242811
15247.013530847,-3.42673239064795,0.8998207085800443,-2.021277729242811
15247.016006228,-3.42673239064795,0.8998207085800443,-2.021277729242811
15247.019169633,-3.42673239064795,0.8998207085800443,-2.021277729242811
15247.029760061,-3.42673239064795,0.8998207085800443,-2.021277729242811
15247.037654946,-3.42673239064795,0.8998207085800443,-2.021277729242811
15247.048387395,-3.42673239064795,0.8998207085800443,-2.021277729242811
15247.059124124,-3.42673239064795,0.8998207085800443,-2.021277729242811
15247.069229675,-3.42673239064795,0.8998207085800443,-2.021277729242811
15247.070655808,-3.429148653714158,0.8947758375356638,-2.013654533594618
15247.077747888,-3.429148653714158,0.8947758375356638,-2.013654533594618
15247.088929119,-3.429148653714158,0.8947758375356638,-2.013654533594618
15247.101655076,-3.429148653714158,0.8947758375356638,-2.013654533594618
15247.110253471,-3.429148653714158,0.8947758375356638,-2.013654533594618
15247.119459348,-3.4329454941340605,0.8867440031588245,-2.011117402285109
15247.120021654,-3.4329454941340605,0.8867440031588245,-2.011117402285109
15247.120785652,-3.4329454941340605,0.8867440031588245,-2.011117402285109
15247.122319829,-3.4329454941340605,0.8867440031588245,-2.011117402285109
15247.129441295,-3.4329454941340605,0.8867440031588245,-2.011117402285109
15247.1383875,-3.4329454941340605,0.8867440031588245,-2.011117402285109
15247.148459925,-3.4329454941340605,0.8867440031588245,-2.011117402285109
15247.159598608,-3.435438579151845,0.8814274402042368,-2.0074401533303363
15247.161674782,-3.435438579151845,0.8814274402042368,-2.0074401533303363
15247.170461755,-3.435438579151845,0.8814274402042368,-2.0074401533303363
15247.178348061,-3.435438579151845,0.8814274402042368,-2.0074401533303363
15247.189844669,-3.435438579151845,0.8814274402042368,-2.0074401533303363
15247.201104057,-3.435438579151845,0.8814274402042368,-2.0074401533303363
15247.210176351,-3.435438579151845,0.8814274402042368,-2.0074401533303363
15247.218040124,-3.435438579151845,0.8814274402042368,-2.0074401533303363
15247.220612018,-3.435438579151845,0.8814274402042368,-2.0074401533303363
15247.221007878,-3.437945038079003,0.8760333228514972,-2.0041173135933965
15247.225188371,-3.437945038079003,0.8760333228514972,-2.0041173135933965
15247.228259782,-3.437945038079003,0.8760333228514972,-2.0041173135933965
15247.237673312,-3.437945038079003,0.8760333228514972,-2.0041173135933965
15247.248560254,-3.437945038079003,0.8760333228514972,-2.0041173135933965
15247.260815537,-3.437945038079003,0.8760333228514972,-2.0041173135933965
15247.263275983,-3.44164708239337,0.8679852083950608,-1.9997347032723516
15247.270433377,-3.44164708239337,0.8679852083950608,-1.9997347032723516
15247.280010788,-3.44164708239337,0.8679852083950608,-1.9997347032723516
15247.290734281,-3.44164708239337,0.8679852083950608,-1.9997347032723516
15247.299749416,-3.44164708239337,0.8679852083950608,-1.9997347032723516
15247.315651783,-3.44164708239337,0.8679852083950608,-1.9997347032723516
15247.31624642,-3.444103136406318,0.8626235848924253,-2.000964227884779
15247.31796156,-3.444103136406318,0.8626235848924253,-2.000964227884779
15247.320001817,-3.444103136406318,0.8626235848924253,-2.000964227884779
15247.32291087,-3.444103136406318,0.8626235848924253,-2.000964227884779
15247.329873015,-3.444103136406318,0.8626235848924253,-2.000964227884779
15247.339145788,-3.444103136406318,0.8626235848924253,-2.000964227884779
15247.348953315,-3.444103136406318,0.8626235848924253,-2.000964227884779
15247.357661508,-3.446597822092935,0.8571682996376897,-1.998439494341383
15247.361038809,-3.446597822092935,0.8571682996376897,-1.998439494341383
15247.368956835,-3.446597822092935,0.8571682996376897,-1.998439494341383
15247.380373782,-3.446597822092935,0.8571682996376897,-1.998439494341383
15247.391268359,-3.446597822092935,0.8571682996376897,-1.998439494341383
15247.400053007,-3.446597822092935,0.8571682996376897,-1.998439494341383
15247.411800467,-3.446597822092935,0.8571682996376897,-1.998439494341383
15247.417724707,-3.4490757697969787,0.8517331960809691,-1.9986777937111952
15247.418575039,-3.4490757697969787,0.8517331960809691,-1.9986777937111952
15247.422626688,-3.4490757697969787,0.8517331960809691,-1.9986777937111952
15247.422910916,-3.4490757697969787,0.8517331960809691,-1.9986777937111952
15247.431961208,-3.4490757697969787,0.8517331960809691,-1.9986777937111952
15247.442738262,-3.4490757697969787,0.8517331960809691,-1.9986777937111952
15247.448829987,-3.4490757697969787,0.8517331960809691,-1.9986777937111952
15247.462748114,-3.4527507648234974,0.8436448852445673,-1.9958604013619514
15247.466981256,-3.4527507648234974,0.8436448852445673,-1.9958604013619514
15247.47179031,-3.4527507648234974,0.8436448852445673,-1.9958604013619514
15247.480834711,-3.4527507648234974,0.8436448852445673,-1.9958604013619514
15247.48938237,-3.4527507648234974,0.8436448852445673,-1.9958604013619514
15247.49867067,-3.4527507648234974,0.8436448852445673,-1.9958604013619514
15247.512266859,-3.4527507648234974,0.8436448852445673,-1.9958604013619514
15247.519326395,-3.4527507648234974,0.8436448852445673,-1.9958604013619514
15247.521408982,-3.455169164279822,0.8382939359245265,-1.9946927463708009
15247.521762852,-3.455169164279822,0.8382939359245265,-1.9946927463708009
15247.522819595,-3.455169164279822,0.8382939359245265,-1.9946927463708009
15247.530310294,-3.455169164279822,0.8382939359245265,-1.9946927463708009
15247.539638613,-3.455169164279822,0.8382939359245265,-1.9946927463708009
15247.550738489,-3.455169164279822,0.8382939359245265,-1.9946927463708009
15247.561565698,-3.455169164279822,0.8382939359245265,-1.9946927463708009
15247.565571981,-3.4588518209801125,0.8300979892578568,-1.99148744699336
15247.57086539,-3.4588518209801125,0.8300979892578568,-1.99148744699336
15247.581024816,-3.4588518209801125,0.8300979892578568,-1.99148744699336
15247.590813297,-3.4588518209801125,0.8300979892578568,-1.99148744699336
15247.600178395,-3.4588518209801125,0.8300979892578568,-1.99148744699336
15247.611571718,-3.4588518209801125,0.8300979892578568,-1.99148744699336
15247.61291293,-3.461150080706724,0.8249428041517521,-1.988841954439649
15247.613675204,-3.461150080706724,0.8249428041517521,-1.988841954439649
15247.615960275,-3.461150080706724,0.8249428041517521,-1.988841954439649
15247.622038544,-3.461150080706724,0.8249428041517521,-1.988841954439649
15247.62911249,-3.461150080706724,0.8249428041517521,-1.988841954439649
15247.639342928,-3.461150080706724,0.8249428041517521,-1.988841954439649
15247.651636016,-3.461150080706724,0.8249428041517521,-1.988841954439649
15247.661826348,-3.461150080706724,0.8249428041517521,-1.988841954439649
15247.662194185,-3.4635370778759755,0.8195500819808526,-1.98617214319087
15247.677062543,-3.4635370778759755,0.8195500819808526,-1.98617214319087
15247.681152274,-3.4635370778759755,0.8195500819808526,-1.98617214319087
15247.701540362,-3.4635370778759755,0.8195500819808526,-1.98617214319087
15247.703241626,-3.4635370778759755,0.8195500819808526,-1.98617214319087
15247.721129576,-3.4635370778759755,0.8195500819808526,-1.98617214319087
15247.722157114,-3.4658848839128447,0.8141677849461995,-1.9780730640587898
15247.722940408,-3.4658848839128447,0.8141677849461995,-1.9780730640587898
15247.723997662,-3.4658848839128447,0.8141677849461995,-1.9780730640587898
15247.72556908,-3.4658848839128447,0.8141677849461995,-1.9780730640587898
15247.735722372,-3.4658848839128447,0.8141677849461995,-1.9780730640587898
15247.748738339,-3.4658848839128447,0.8141677849461995,-1.9780730640587898
15247.751697477,-3.4658848839128447,0.8141677849461995,-1.9780730640587898
15247.761675226,-3.4658848839128447,0.8141677849461995,-1.9780730640587898
15247.762052952,-3.4693852947623705,0.8060024016413136,-1.9735019838509646
15247.774777437,-3.4693852947623705,0.8060024016413136,-1.9735019838509646
15247.782635089,-3.4693852947623705,0.8060024016413136,-1.9735019838509646
15247.78872491,-3.4693852947623705,0.8060024016413136,-1.9735019838509646
15247.805244817,-3.4693852947623705,0.8060024016413136,-1.9735019838509646
15247.811730018,-3.4693852947623705,0.8060024016413136,-1.9735019838509646
15247.820757617,-3.4693852947623705,0.8060024016413136,-1.9735019838509646
15247.826006424,-3.471687567530999,0.8005180257910012,-1.9629854595360845
15247.826973186,-3.471687567530999,0.8005180257910012,-1.9629854595360845
15247.833236396,-3.471687567530999,0.8005180257910012,-1.9629854595360845
15247.834165076,-3.471687567530999,0.8005180257910012,-1.9629854595360845
15247.842815169,-3.471687567530999,0.8005180257910012,-1.9629854595360845
15247.849269802,-3.471687567530999,0.8005180257910012,-1.9629854595360845
15247.861752138,-3.471687567530999,0.8005180257910012,-1.9629854595360845
15247.86476661,-3.4750707822163553,0.7923033913484969,-1.959970775812636
15247.872375761,-3.4750707822163553,0.7923033913484969,-1.959970775812636
15247.88036914,-3.4750707822163553,0.7923033913484969,-1.959970775812636
15247.889442946,-3.4750707822163553,0.7923033913484969,-1.959970775812636
15247.910279835,-3.4750707822163553,0.7923033913484969,-1.959970775812636
15247.91204982,-3.4750707822163553,0.7923033913484969,-1.959970775812636
15247.912596536,-3.4772549144960094,0.7869618447571323,-1.9579238331017583
15247.91704664,-3.4772549144960094,0.7869618447571323,-1.9579238331017583
15247.921815187,-3.4772549144960094,0.7869618447571323,-1.9579238331017583
15247.922236836,-3.4772549144960094,0.7869618447571323,-1.9579238331017583
15247.929876334,-3.4772549144960094,0.7869618447571323,-1.9579238331017583
15247.940196362,-3.4772549144960094,0.7869618447571323,-1.9579238331017583
15247.951434991,-3.4772549144960094,0.7869618447571323,-1.9579238331017583
15247.9595343,-3.4772549144960094,0.7869618447571323,-1.9579238331017583
15247.969931014,-3.4772549144960094,0.7869618447571323,-1.9579238331017583
15247.970861207,-3.479309436026382,0.7818954640029547,-1.95418161508418
15247.981915186,-3.479309436026382,0.7818954640029547,-1.95418161508418
15247.988627797,-3.479309436026382,0.7818954640029547,-1.95418161508418
15248.002238311,-3.479309436026382,0.7818954640029547,-1.95418161508418
15248.009517496,-3.479309436026382,0.7818954640029547,-1.95418161508418
15248.012446387,-3.479309436026382,0.7818954640029547,-1.95418161508418
15248.013232216,-3.4824083976464366,0.7742209312867256,-1.9549636280236342
15248.01672912,-3.4824083976464366,0.7742209312867256,-1.9549636280236342
15248.019850395,-3.4824083976464366,0.7742209312867256,-1.9549636280236342
15248.030800641,-3.4824083976464366,0.7742209312867256,-1.9549636280236342
15248.03895767,-3.4824083976464366,0.7742209312867256,-1.9549636280236342
15248.050714561,-3.4824083976464366,0.7742209312867256,-1.9549636280236342
15248.058345953,-3.484507084603946,0.7690358985853893,-1.9558329021630376
15248.061602726,-3.484507084603946,0.7690358985853893,-1.9558329021630376
15248.067988107,-3.484507084603946,0.7690358985853893,-1.9558329021630376
15248.081437766,-3.484507084603946,0.7690358985853893,-1.9558329021630376
15248.091368687,-3.484507084603946,0.7690358985853893,-1.9558329021630376
15248.101589977,-3.484507084603946,0.7690358985853893,-1.9558329021630376
15248.108945086,-3.484507084603946,0.7690358985853893,-1.9558329021630376
15248.124453998,-3.484507084603946,0.7690358985853893,-1.9558329021630376
15248.125414268,-3.4865882167059308,0.7638983714476719,-1.9555233156380747
15248.126688323,-3.4865882167059308,0.7638983714476719,-1.9555233156380747
15248.12861283,-3.4865882167059308,0.7638983714476719,-1.9555233156380747
15248.130006581,-3.4865882167059308,0.7638983714476719,-1.9555233156380747
15248.138753428,-3.4865882167059308,0.7638983714476719,-1.9555233156380747
15248.149664145,-3.4865882167059308,0.7638983714476719,-1.9555233156380747
15248.162190695,-3.4865882167059308,0.7638983714476719,-1.9555233156380747
15248.16332754,-3.489632094776117,0.7563653740955694,-1.9540939962563615
15248.171032782,-3.489632094776117,0.7563653740955694,-1.9540939962563615
15248.180744668,-3.489632094776117,0.7563653740955694,-1.9540939962563615
15248.189366888,-3.489632094776117,0.7563653740955694,-1.9540939962563615
15248.198049442,-3.489632094776117,0.7563653740955694,-1.9540939962563615
15248.209919128,-3.489632094776117,0.7563653740955694,-1.9540939962563615
15248.213811855,-3.489632094776117,0.7563653740955694,-1.9540939962563615
15248.214250587,-3.4917485378649227,0.7511056248726169,-1.9526197349724852
15248.221712868,-3.4917485378649227,0.7511056248726169,-1.9526197349724852
15248.224822612,-3.4917485378649227,0.7511056248726169,-1.9526197349724852
15248.228764783,-3.4917485378649227,0.7511056248726169,-1.9526197349724852
15248.241359071,-3.4917485378649227,0.7511056248726169,-1.9526197349724852
15248.24890021,-3.4917485378649227,0.7511056248726169,-1.9526197349724852
15248.258086262,-3.4917485378649227,0.7511056248726169,-1.9526197349724852
15248.270201011,-3.4917485378649227,0.7511056248726169,-1.9526197349724852
15248.271673893,-3.493864853564496,0.7457912981178916,-1.9469292795357795
15248.280975701,-3.493864853564496,0.7457912981178916,-1.9469292795357795
15248.291593222,-3.493864853564496,0.7457912981178916,-1.9469292795357795
15248.298247874,-3.493864853564496,0.7457912981178916,-1.9469292795357795
15248.3146508,-3.493864853564496,0.7457912981178916,-1.9469292795357795
15248.31609792,-3.497038486564081,0.7377106031126117,-1.943132106035718
15248.317341106,-3.497038486564081,0.7377106031126117,-1.943132106035718
15248.322987229,-3.497038486564081,0.7377106031126117,-1.943132106035718
15248.324023523,-3.497038486564081,0.7377106031126117,-1.943132106035718
15248.32934123,-3.497038486564081,0.7377106031126117,-1.943132106035718
15248.339287991,-3.497038486564081,0.7377106031126117,-1.943132106035718
15248.349340913,-3.497038486564081,0.7377106031126117,-1.943132106035718
15248.362782988,-3.497038486564081,0.7377106031126117,-1.943132106035718
15248.365650953,-3.4991531945342933,0.7322596662503946,-1.9386169349846933
15248.369422861,-3.4991531945342933,0.7322596662503946,-1.9386169349846933
15248.379890369,-3.4991531945342933,0.7322596662503946,-1.9386169349846933
15248.389071308,-3.4991531945342933,0.7322596662503946,-1.9386169349846933
15248.401159568,-3.4991531945342933,0.7322596662503946,-1.9386169349846933
15248.40982488,-3.4991531945342933,0.7322596662503946,-1.9386169349846933
15248.41864765,-3.4991531945342933,0.7322596662503946,-1.9386169349846933
15248.422672868,-3.5012440316685236,0.726799528655675,-1.9343810712990865
15248.423649279,-3.5012440316685236,0.726799528655675,-1.9343810712990865
15248.425625935,-3.5012440316685236,0.726799528655675,-1.9343810712990865
15248.430498639,-3.5012440316685236,0.726799528655675,-1.9343810712990865
15248.440315474,-3.5012440316685236,0.726799528655675,-1.9343810712990865
15248.449982033,-3.5012440316685236,0.726799528655675,-1.9343810712990865
15248.459345679,-3.5012440316685236,0.726799528655675,-1.9343810712990865
15248.462260172,-3.5043560122480018,0.7185594719432526,-1.9294216072259032
15248.472360594,-3.5043560122480018,0.7185594719432526,-1.9294216072259032
15248.479738747,-3.5043560122480018,0.7185594719432526,-1.9294216072259032
15248.488592206,-3.5043560122480018,0.7185594719432526,-1.9294216072259032
15248.502711714,-3.5043560122480018,0.7185594719432526,-1.9294216072259032
15248.51003861,-3.5043560122480018,0.7185594719432526,-1.9294216072259032
15248.513110732,-3.5063893902409062,0.7131317011267482,-1.9290545618233779
15248.513939683,-3.5063893902409062,0.7131317011267482,-1.9290545618233779
15248.518658396,-3.5063893902409062,0.7131317011267482,-1.9290545618233779
15248.522148079,-3.5063893902409062,0.7131317011267482,-1.9290545618233779
15248.530736766,-3.5063893902409062,0.7131317011267482,-1.9290545618233779
15248.540235718,-3.5063893902409062,0.7131317011267482,-1.9290545618233779
15248.550571436,-3.5063893902409062,0.7131317011267482,-1.9290545618233779
15248.559873124,-3.5063893902409062,0.7131317011267482,-1.9290545618233779
15248.572025885,-3.5063893902409062,0.7131317011267482,-1.9290545618233779
15248.572946761,-3.5084315658352603,0.7076261735954559,-1.9229367410836304
15248.578501077,-3.5084315658352603,0.7076261735954559,-1.9229367410836304
15248.589051732,-3.5084315658352603,0.7076261735954559,-1.9229367410836304
15248.599748484,-3.5084315658352603,0.7076261735954559,-1.9229367410836304
15248.608224117,-3.5084315658352603,0.7076261735954559,-1.9229367410836304
15248.61766026,-3.5080080217489393,0.7020649252838987,-1.921314344875752
15248.619151576,-3.5080080217489393,0.7020649252838987,-1.921314344875752
15248.620792887,-3.5080080217489393,0.7020649252838987,-1.921314344875752
15248.62122742,-3.5080080217489393,0.7020649252838987,-1.921314344875752
15248.630595554,-3.5080080217489393,0.7020649252838987,-1.921314344875752
15248.639992974,-3.5080080217489393,0.7020649252838987,-1.921314344875752
15248.650104587,-3.5080080217489393,0.7020649252838987,-1.921314344875752
15248.66123466,-3.5080080217489393,0.7020649252838987,-1.921314344875752
15248.665645329,-3.5050792138951605,0.700396512326947,-1.9138482483847883
15248.668601231,-3.5050792138951605,0.700396512326947,-1.9138482483847883
15248.678007838,-3.5050792138951605,0.700396512326947,-1.9138482483847883
15248.690617746,-3.5050792138951605,0.700396512326947,-1.9138482483847883
15248.703227333,-3.5050792138951605,0.700396512326947,-1.9138482483847883
15248.710858876,-3.5050792138951605,0.700396512326947,-1.9138482483847883
15248.719691816,-3.5050792138951605,0.700396512326947,-1.9138482483847883
15248.722472516,-3.505754214320092,0.695793299292812,-1.9108254447419115
15248.726227562,-3.505754214320092,0.695793299292812,-1.9108254447419115
15248.729822785,-3.505754214320092,0.695793299292812,-1.9108254447419115
15248.731827134,-3.505754214320092,0.695793299292812,-1.9108254447419115
15248.739005758,-3.505754214320092,0.695793299292812,-1.9108254447419115
15248.752865976,-3.505754214320092,0.695793299292812,-1.9108254447419115
15248.759634774,-3.505754214320092,0.695793299292812,-1.9108254447419115
15248.763085734,-3.508757145699611,0.68724413473476,-1.906350924058623
15248.77310932,-3.508757145699611,0.68724413473476,-1.906350924058623
15248.779243135,-3.508757145699611,0.68724413473476,-1.906350924058623
15248.792550664,-3.508757145699611,0.68724413473476,-1.906350924058623
15248.800348062,-3.508757145699611,0.68724413473476,-1.906350924058623
15248.814560747,-3.508757145699611,0.68724413473476,-1.906350924058623
15248.815878063,-3.510698043839315,0.6816484849142259,-1.9029883876282643
15248.816692547,-3.510698043839315,0.6816484849142259,-1.9029883876282643
15248.817702601,-3.510698043839315,0.6816484849142259,-1.9029883876282643
15248.819669238,-3.510698043839315,0.6816484849142259,-1.9029883876282643
15248.831032333,-3.510698043839315,0.6816484849142259,-1.9029883876282643
15248.83839179,-3.510698043839315,0.6816484849142259,-1.9029883876282643
15248.851224039,-3.510698043839315,0.6816484849142259,-1.9029883876282643
15248.86031608,-3.510698043839315,0.6816484849142259,-1.9029883876282643
15248.871027881,-3.510698043839315,0.6816484849142259,-1.9029883876282643
15248.871788072,-3.5125521614498756,0.6762370979494583,-1.8987971082169492
15248.880252393,-3.5125521614498756,0.6762370979494583,-1.8987971082169492
15248.888832243,-3.5125521614498756,0.6762370979494583,-1.8987971082169492
15248.898802017,-3.5125521614498756,0.6762370979494583,-1.8987971082169492
15248.910010148,-3.5125521614498756,0.6762370979494583,-1.8987971082169492
15248.917775134,-3.5154128707627983,0.6678262298100718,-1.8984887137848816
15248.919828676,-3.5154128707627983,0.6678262298100718,-1.8984887137848816
15248.923257825,-3.5154128707627983,0.6678262298100718,-1.8984887137848816
15248.925214703,-3.5154128707627983,0.6678262298100718,-1.8984887137848816
15248.929737214,-3.5154128707627983,0.6678262298100718,-1.8984887137848816
15248.94176602,-3.5154128707627983,0.6678262298100718,-1.8984887137848816
15248.949468929,-3.5154128707627983,0.6678262298100718,-1.8984887137848816
15248.961021142,-3.5154128707627983,0.6678262298100718,-1.8984887137848816
15248.963597695,-3.517328546683219,0.6621684244701738,-1.8960519566971723
15248.96999035,-3.517328546683219,0.6621684244701738,-1.8960519566971723
15248.979674704,-3.517328546683219,0.6621684244701738,-1.8960519566971723
15248.990235758,-3.517328546683219,0.6621684244701738,-1.8960519566971723
15248.999463035,-3.517328546683219,0.6621684244701738,-1.8960519566971723
15249.011368428,-3.517328546683219,0.6621684244701738,-1.8960519566971723
15249.019035488,-3.517328546683219,0.6621684244701738,-1.8960519566971723
15249.02107309,-3.519022783428041,0.6571037341869209,-1.8911758199173885
15249.027477077,-3.519022783428041,0.6571037341869209,-1.8911758199173885
15249.028473083,-3.519022783428041,0.6571037341869209,-1.8911758199173885
15249.030944848,-3.519022783428041,0.6571037341869209,-1.8911758199173885
15249.037836379,-3.519022783428041,0.6571037341869209,-1.8911758199173885
15249.05056075,-3.519022783428041,0.6571037341869209,-1.8911758199173885
15249.062632181,-3.519022783428041,0.6571037341869209,-1.8911758199173885
15249.063812397,-3.52182373438221,0.6485928018867009,-1.8862889543015438
15249.076086008,-3.52182373438221,0.6485928018867009,-1.8862889543015438
15249.078706253,-3.52182373438221,0.6485928018867009,-1.8862889543015438
15249.089484269,-3.52182373438221,0.6485928018867009,-1.8862889543015438
15249.099375986,-3.52182373438221,0.6485928018867009,-1.8862889543015438
15249.110866171,-3.52182373438221,0.6485928018867009,-1.8862889543015438
15249.11858481,-3.52182373438221,0.6485928018867009,-1.8862889543015438
15249.122981702,-3.523515336870777,0.6433407716832016,-1.8784907594162892
15249.125179417,-3.523515336870777,0.6433407716832016,-1.8784907594162892
15249.125924068,-3.523515336870777,0.6433407716832016,-1.8784907594162892
15249.132318166,-3.523515336870777,0.6433407716832016,-1.8784907594162892
15249.139656865,-3.523515336870777,0.6433407716832016,-1.8784907594162892
15249.151751556,-3.523515336870777,0.6433407716832016,-1.8784907594162892
15249.158370309,-3.523515336870777,0.6433407716832016,-1.8784907594162892
15249.164432187,-3.526203127717921,0.6347934285153751,-1.8724394574601129
15249.176233062,-3.526203127717921,0.6347934285153751,-1.8724394574601129
15249.180908843,-3.526203127717921,0.6347934285153751,-1.8724394574601129
15249.19098002,-3.526203127717921,0.6347934285153751,-1.8724394574601129
15249.200752427,-3.526203127717921,0.6347934285153751,-1.8724394574601129
15249.213230347,-3.526203127717921,0.6347934285153751,-1.8724394574601129
15249.213898734,-3.527874698537726,0.6293758511757448,-1.8677100673157658
15249.214301627,-3.527874698537726,0.6293758511757448,-1.8677100673157658
15249.221989023,-3.527874698537726,0.6293758511757448,-1.8677100673157658
15249.222402517,-3.527874698537726,0.6293758511757448,-1.8677100673157658
15249.233158401,-3.527874698537726,0.6293758511757448,-1.8677100673157658
15249.238678585,-3.527874698537726,0.6293758511757448,-1.8677100673157658
15249.251033009,-3.527874698537726,0.6293758511757448,-1.8677100673157658
15249.264393837,-3.527874698537726,0.6293758511757448,-1.8677100673157658
15249.265226365,-3.529600340677708,0.6236836637602262,-1.8625888362366634
15249.270632403,-3.529600340677708,0.6236836637602262,-1.8625888362366634
15249.279345285,-3.529600340677708,0.6236836637602262,-1.8625888362366634
15249.288743526,-3.529600340677708,0.6236836637602262,-1.8625888362366634
15249.299756107,-3.529600340677708,0.6236836637602262,-1.8625888362366634
15249.312459752,-3.529600340677708,0.6236836637602262,-1.8625888362366634
15249.31857555,-3.5312707772058465,0.6180805981457074,-1.8584826722580865
15249.323049038,-3.5312707772058465,0.6180805981457074,-1.8584826722580865
15249.323462915,-3.5312707772058465,0.6180805981457074,-1.8584826722580865
15249.324604959,-3.5312707772058465,0.6180805981457074,-1.8584826722580865
15249.330579162,-3.5312707772058465,0.6180805981457074,-1.8584826722580865
15249.338708708,-3.5312707772058465,0.6180805981457074,-1.8584826722580865
15249.348862027,-3.5312707772058465,0.6180805981457074,-1.8584826722580865
15249.359878549,-3.5312707772058465,0.6180805981457074,-1.8584826722580865
15249.361735317,-3.5337673228677433,0.6096073026116523,-1.8561685815293263
15249.3695145,-3.5337673228677433,0.6096073026116523,-1.8561685815293263
15249.38082728,-3.5337673228677433,0.6096073026116523,-1.8561685815293263
15249.388936348,-3.5337673228677433,0.6096073026116523,-1.8561685815293263
15249.398610111,-3.5337673228677433,0.6096073026116523,-1.8561685815293263
15249.411653791,-3.5337673228677433,0.6096073026116523,-1.8561685815293263
15249.419950952,-3.5337673228677433,0.6096073026116523,-1.8561685815293263
15249.422417811,-3.535307639118547,0.6043616664717195,-1.856643272920318
15249.422760881,-3.535307639118547,0.6043616664717195,-1.856643272920318
15249.42769946,-3.535307639118547,0.6043616664717195,-1.856643272920318
15249.43179916,-3.535307639118547,0.6043616664717195,-1.856643272920318
15249.438802191,-3.535307639118547,0.6043616664717195,-1.856643272920318
15249.450077941,-3.535307639118547,0.6043616664717195,-1.856643272920318
15249.460120403,-3.535307639118547,0.6043616664717195,-1.856643272920318
15249.460882817,-3.537723861934338,0.5961285744313005,-1.8558727040726617
15249.47029776,-3.537723861934338,0.5961285744313005,-1.8558727040726617
15249.478786638,-3.537723861934338,0.5961285744313005,-1.8558727040726617
15249.490661773,-3.537723861934338,0.5961285744313005,-1.8558727040726617
15249.499796405,-3.537723861934338,0.5961285744313005,-1.8558727040726617
15249.513113603,-3.537723861934338,0.5961285744313005,-1.8558727040726617
15249.515035646,-3.5392509530746543,0.5909318136336248,-1.8573382630783992
15249.516961816,-3.5392509530746543,0.5909318136336248,-1.8573382630783992
15249.517529843,-3.5392509530746543,0.5909318136336248,-1.8573382630783992
15249.520953201,-3.5392509530746543,0.5909318136336248,-1.8573382630783992
15249.530038038,-3.5392509530746543,0.5909318136336248,-1.8573382630783992
15249.539676263,-3.5392509530746543,0.5909318136336248,-1.8573382630783992
15249.548433419,-3.5392509530746543,0.5909318136336248,-1.8573382630783992
15249.560668928,-3.5392509530746543,0.5909318136336248,-1.8573382630783992
15249.566961603,-3.540850952698318,0.5854926689912403,-1.8564422860581349
15249.568320629,-3.540850952698318,0.5854926689912403,-1.8564422860581349
15249.579009736,-3.540850952698318,0.5854926689912403,-1.8564422860581349
15249.588726592,-3.540850952698318,0.5854926689912403,-1.8564422860581349
15249.600514311,-3.540850952698318,0.5854926689912403,-1.8564422860581349
15249.61068186,-3.540850952698318,0.5854926689912403,-1.8564422860581349
15249.613017837,-3.540850952698318,0.5854926689912403,-1.8564422860581349
15249.613614959,-3.5431603682825004,0.5776502857437984,-1.8579179778534842
15249.61534126,-3.5431603682825004,0.5776502857437984,-1.8579179778534842
15249.617978418,-3.5431603682825004,0.5776502857437984,-1.8579179778534842
15249.62913918,-3.5431603682825004,0.5776502857437984,-1.8579179778534842
15249.638672367,-3.5431603682825004,0.5776502857437984,-1.8579179778534842
15249.649726085,-3.5431603682825004,0.5776502857437984,-1.8579179778534842
15249.661294639,-3.5431603682825004,0.5776502857437984,-1.8579179778534842
15249.664359558,-3.5446975225658446,0.5724301020803224,-1.8564143910843807
15249.668214614,-3.5446975225658446,0.5724301020803224,-1.8564143910843807
15249.681303469,-3.5446975225658446,0.5724301020803224,-1.8564143910843807
15249.69041135,-3.5446975225658446,0.5724301020803224,-1.8564143910843807
15249.701960257,-3.5446975225658446,0.5724301020803224,-1.8564143910843807
15249.712874541,-3.5446975225658446,0.5724301020803224,-1.8564143910843807
15249.718062183,-3.546312216115819,0.5669161351318969,-1.854922963662811
15249.719889195,-3.546312216115819,0.5669161351318969,-1.854922963662811
15249.72019762,-3.546312216115819,0.5669161351318969,-1.854922963662811
15249.721201131,-3.546312216115819,0.5669161351318969,-1.854922963662811
15249.732806355,-3.546312216115819,0.5669161351318969,-1.854922963662811
15249.740131407,-3.546312216115819,0.5669161351318969,-1.854922963662811
15249.750651504,-3.546312216115819,0.5669161351318969,-1.854922963662811
15249.760492565,-3.546312216115819,0.5669161351318969,-1.854922963662811
15249.761244971,-3.5487044968110886,0.5586760544091981,-1.851779414697357
15249.772364635,-3.5487044968110886,0.5586760544091981,-1.851779414697357
15249.777989705,-3.5487044968110886,0.5586760544091981,-1.851779414697357
15249.789461114,-3.5487044968110886,0.5586760544091981,-1.851779414697357
15249.799539094,-3.5487044968110886,0.5586760544091981,-1.851779414697357
15249.81174161,-3.5487044968110886,0.5586760544091981,-1.851779414697357
15249.820844491,-3.5487044968110886,0.5586760544091981,-1.851779414697357
15249.823225904,-3.5487044968110886,0.5586760544091981,-1.851779414697357
15249.824914013,-3.550214734656448,0.5534216796304539,-1.849574042840667
15249.83297474,-3.550214734656448,0.5534216796304539,-1.849574042840667
15249.833468435,-3.550214734656448,0.5534216796304539,-1.849574042840667
15249.838925377,-3.550214734656448,0.5534216796304539,-1.849574042840667
15249.848535229,-3.550214734656448,0.5534216796304539,-1.849574042840667
15249.858484825,-3.550214734656448,0.5534216796304539,-1.849574042840667
15249.866400336,-3.55259597419158,0.5450467533710361,-1.8460566535431817
15249.873549135,-3.55259597419158,0.5450467533710361,-1.8460566535431817
15249.879268831,-3.55259597419158,0.5450467533710361,-1.8460566535431817
15249.889815943,-3.55259597419158,0.5450467533710361,-1.8460566535431817
15249.898678659,-3.55259597419158,0.5450467533710361,-1.8460566535431817
15249.908955395,-3.55259597419158,0.5450467533710361,-1.8460566535431817
15249.913952124,-3.55259597419158,0.5450467533710361,-1.8460566535431817
15249.915655402,-3.554159534524196,0.539491770662781,-1.8442784085709523
15249.919282095,-3.554159534524196,0.539491770662781,-1.8442784085709523
15249.920065941,-3.554159534524196,0.539491770662781,-1.8442784085709523
15249.928373855,-3.554159534524196,0.539491770662781,-1.8442784085709523
15249.93898216,-3.554159534524196,0.539491770662781,-1.8442784085709523
15249.951193072,-3.554159534524196,0.539491770662781,-1.8442784085709523
15249.958150678,-3.554159534524196,0.539491770662781,-1.8442784085709523
15249.960719726,-3.5557399068765942,0.5338100780341442,-1.839902116342254
15249.969785407,-3.5557399068765942,0.5338100780341442,-1.839902116342254
15249.979508614,-3.5557399068765942,0.5338100780341442,-1.839902116342254
15249.990319382,-3.5557399068765942,0.5338100780341442,-1.839902116342254
15250.001642261,-3.5557399068765942,0.5338100780341442,-1.839902116342254
15250.013863652,-3.5557399068765942,0.5338100780341442,-1.839902116342254
15250.017097271,-3.557279312658895,0.5281958459857325,-1.8369296327073052
15250.019096359,-3.557279312658895,0.5281958459857325,-1.8369296327073052
15250.019571369,-3.557279312658895,0.5281958459857325,-1.8369296327073052
15250.021671459,-3.557279312658895,0.5281958459857325,-1.8369296327073052
15250.03374992,-3.557279312658895,0.5281958459857325,-1.8369296327073052
15250.042654516,-3.557279312658895,0.5281958459857325,-1.8369296327073052
15250.048680716,-3.557279312658895,0.5281958459857325,-1.8369296327073052
15250.058682161,-3.5596190052312844,0.5195205165509622,-1.831518007798858
15250.060786068,-3.5596190052312844,0.5195205165509622,-1.831518007798858
15250.072159963,-3.5596190052312844,0.5195205165509622,-1.831518007798858
15250.080234385,-3.5596190052312844,0.5195205165509622,-1.831518007798858
15250.087688282,-3.5596190052312844,0.5195205165509622,-1.831518007798858
15250.099210067,-3.5596190052312844,0.5195205165509622,-1.831518007798858
15250.107811398,-3.5596190052312844,0.5195205165509622,-1.831518007798858
15250.11853433,-3.5596190052312844,0.5195205165509622,-1.831518007798858
15250.127338946,-3.5596190052312844,0.5195205165509622,-1.831518007798858
15250.127913675,-3.56106126392236,0.5140374350173245,-1.8244977727372118
15250.129719938,-3.56106126392236,0.5140374350173245,-1.8244977727372118
15250.131692567,-3.56106126392236,0.5140374350173245,-1.8244977727372118
15250.140038313,-3.56106126392236,0.5140374350173245,-1.8244977727372118
15250.148973326,-3.56106126392236,0.5140374350173245,-1.8244977727372118
15250.159197042,-3.56106126392236,0.5140374350173245,-1.8244977727372118
15250.160375134,-3.5632724719640843,0.5053807076994528,-1.8172646298844297
15250.169673797,-3.5632724719640843,0.5053807076994528,-1.8172646298844297
15250.180498501,-3.5632724719640843,0.5053807076994528,-1.8172646298844297
15250.189659122,-3.5632724719640843,0.5053807076994528,-1.8172646298844297
15250.199482048,-3.5632724719640843,0.5053807076994528,-1.8172646298844297
15250.211834087,-3.5632724719640843,0.5053807076994528,-1.8172646298844297
15250.214394256,-3.5645415242239413,0.5002452522897114,-1.8088526263672782
15250.214867532,-3.5645415242239413,0.5002452522897114,-1.8088526263672782
15250.216200008,-3.5645415242239413,0.5002452522897114,-1.8088526263672782
15250.221863461,-3.5645415242239413,0.5002452522897114,-1.8088526263672782
15250.227926504,-3.5645415242239413,0.5002452522897114,-1.8088526263672782
15250.239401942,-3.5645415242239413,0.5002452522897114,-1.8088526263672782
15250.247740435,-3.5645415242239413,0.5002452522897114,-1.8088526263672782
15250.259188811,-3.5645415242239413,0.5002452522897114,-1.8088526263672782
15250.269296554,-3.5645415242239413,0.5002452522897114,-1.8088526263672782
15250.270080229,-3.565821049992674,0.4948259030054867,-1.7964543834168387
15250.279604893,-3.565821049992674,0.4948259030054867,-1.7964543834168387
15250.290240058,-3.565821049992674,0.4948259030054867,-1.7964543834168387
15250.297688404,-3.565821049992674,0.4948259030054867,-1.7964543834168387
15250.310644427,-3.565821049992674,0.4948259030054867,-1.7964543834168387
15250.313641507,-3.565821049992674,0.4948259030054867,-1.7964543834168387
15250.314010547,-3.567665170111199,0.4866794976683253,-1.7903786435563043
15250.321354074,-3.567665170111199,0.4866794976683253,-1.7903786435563043
15250.32177948,-3.567665170111199,0.4866794976683253,-1.7903786435563043
15250.329491065,-3.567665170111199,0.4866794976683253,-1.7903786435563043
15250.339625551,-3.567665170111199,0.4866794976683253,-1.7903786435563043
15250.349797789,-3.567665170111199,0.4866794976683253,-1.7903786435563043
15250.35882144,-3.567665170111199,0.4866794976683253,-1.7903786435563043
15250.361082856,-3.5688011589740825,0.48151297802671994,-1.7840762868363333
15250.368208407,-3.5688011589740825,0.48151297802671994,-1.7840762868363333
15250.379012265,-3.5688011589740825,0.48151297802671994,-1.7840762868363333
15250.388506499,-3.5688011589740825,0.48151297802671994,-1.7840762868363333
15250.39998907,-3.5688011589740825,0.48151297802671994,-1.7840762868363333
15250.40794248,-3.5688011589740825,0.48151297802671994,-1.7840762868363333
15250.417789915,-3.5699282077610115,0.4761633019900849,-1.7727956309754322
15250.418618746,-3.5699282077610115,0.4761633019900849,-1.7727956309754322
15250.420040711,-3.5699282077610115,0.4761633019900849,-1.7727956309754322
15250.421668275,-3.5699282077610115,0.4761633019900849,-1.7727956309754322
15250.429341063,-3.5699282077610115,0.4761633019900849,-1.7727956309754322
15250.438929959,-3.5699282077610115,0.4761633019900849,-1.7727956309754322
15250.449888006,-3.5699282077610115,0.4761633019900849,-1.7727956309754322
15250.46061377,-3.5699282077610115,0.4761633019900849,-1.7727956309754322
15250.461777906,-3.5714592828214675,0.46849362906417996,-1.762871099992461
15250.468692544,-3.5714592828214675,0.46849362906417996,-1.762871099992461
15250.480982815,-3.5714592828214675,0.46849362906417996,-1.762871099992461
15250.489430806,-3.5714592828214675,0.46849362906417996,-1.762871099992461
15250.498627385,-3.5714592828214675,0.46849362906417996,-1.762871099992461
15250.509263973,-3.5714592828214675,0.46849362906417996,-1.762871099992461
15250.519620089,-3.5714592828214675,0.46849362906417996,-1.762871099992461
15250.522502772,-3.5714592828214675,0.46849362906417996,-1.762871099992461
15250.523021355,-3.5694999382643084,0.4564338166252869,-1.7468150764221142
15250.526814053,-3.5694999382643084,0.4564338166252869,-1.7468150764221142
15250.532615117,-3.5694999382643084,0.4564338166252869,-1.7468150764221142
15250.538552168,-3.5694999382643084,0.4564338166252869,-1.7468150764221142
15250.549708662,-3.5694999382643084,0.4564338166252869,-1.7468150764221142
15250.560914916,-3.5694999382643084,0.4564338166252869,-1.7468150764221142
15250.56203535,-3.5681878046569255,0.44224211640764355,-1.7350503502454089
15250.569654031,-3.5681878046569255,0.44224211640764355,-1.7350503502454089
15250.579166239,-3.5681878046569255,0.44224211640764355,-1.7350503502454089
15250.590824663,-3.5681878046569255,0.44224211640764355,-1.7350503502454089
15250.600604227,-3.5681878046569255,0.44224211640764355,-1.7350503502454089
15250.611595574,-3.5681878046569255,0.44224211640764355,-1.7350503502454089
15250.617904925,-3.5681878046569255,0.44224211640764355,-1.7350503502454089
15250.622725701,-3.5681878046569255,0.44224211640764355,-1.7350503502454089
15250.623275893,-3.567378593762924,0.4333416874854159,-1.7167490751905337
15250.623861253,-3.567378593762924,0.4333416874854159,-1.7167490751905337
15250.630034913,-3.567378593762924,0.4333416874854159,-1.7167490751905337
15250.638839105,-3.567378593762924,0.4333416874854159,-1.7167490751905337
15250.649828445,-3.567378593762924,0.4333416874854159,-1.7167490751905337
15250.66198332,-3.567378593762924,0.4333416874854159,-1.7167490751905337
15250.663817356,-3.568398697200814,0.42609837900717373,-1.704671028391827
15250.669937365,-3.568398697200814,0.42609837900717373,-1.704671028391827
15250.6791429,-3.568398697200814,0.42609837900717373,-1.704671028391827
15250.689226741,-3.568398697200814,0.42609837900717373,-1.704671028391827
15250.697797344,-3.568398697200814,0.42609837900717373,-1.704671028391827
15250.711026953,-3.568398697200814,0.42609837900717373,-1.704671028391827
15250.712925143,-3.569059196381103,0.42097741874142824,-1.6934644014997378
15250.713527865,-3.569059196381103,0.42097741874142824,-1.6934644014997378
15250.716044906,-3.569059196381103,0.42097741874142824,-1.6934644014997378
15250.71795218,-3.569059196381103,0.42097741874142824,-1.6934644014997378
15250.733290348,-3.569059196381103,0.42097741874142824,-1.6934644014997378
15250.740339718,-3.569059196381103,0.42097741874142824,-1.6934644014997378
15250.749411861,-3.569059196381103,0.42097741874142824,-1.6934644014997378
15250.760621655,-3.569059196381103,0.42097741874142824,-1.6934644014997378
15250.761456417,-3.569638798762619,0.41599953237332643,-1.6799552471799748
15250.770645963,-3.569638798762619,0.41599953237332643,-1.6799552471799748
15250.780326369,-3.569638798762619,0.41599953237332643,-1.6799552471799748
15250.791074539,-3.569638798762619,0.41599953237332643,-1.6799552471799748
15250.803799595,-3.569638798762619,0.41599953237332643,-1.6799552471799748
15250.811444823,-3.569638798762619,0.41599953237332643,-1.6799552471799748
15250.821488107,-3.569638798762619,0.41599953237332643,-1.6799552471799748
15250.822982279,-3.569638798762619,0.41599953237332643,-1.6799552471799748
15250.823746587,-3.5701171632300057,0.4112143530756961,-1.6609112055463684
15250.824320936,-3.5701171632300057,0.4112143530756961,-1.6609112055463684
15250.830666141,-3.5701171632300057,0.4112143530756961,-1.6609112055463684
15250.839489522,-3.5701171632300057,0.4112143530756961,-1.6609112055463684
15250.851477312,-3.5701171632300057,0.4112143530756961,-1.6609112055463684
15250.860222945,-3.570703233460841,0.40425323126458257,-1.6486691267652402
15250.863270401,-3.570703233460841,0.40425323126458257,-1.6486691267652402
15250.871507211,-3.570703233460841,0.40425323126458257,-1.6486691267652402
15250.879851465,-3.570703233460841,0.40425323126458257,-1.6486691267652402
15250.889697985,-3.570703233460841,0.40425323126458257,-1.6486691267652402
15250.900100881,-3.570703233460841,0.40425323126458257,-1.6486691267652402
15250.911130474,-3.570703233460841,0.40425323126458257,-1.6486691267652402
15250.922196405,-3.570703233460841,0.40425323126458257,-1.6486691267652402
15250.925289337,-3.570703233460841,0.40425323126458257,-1.6486691267652402
15250.925794494,-3.5710712003460783,0.3992044854660981,-1.6384319098157785
15250.926163764,-3.5710712003460783,0.3992044854660981,-1.6384319098157785
15250.930015604,-3.5710712003460783,0.3992044854660981,-1.6384319098157785
15250.939114437,-3.5710712003460783,0.3992044854660981,-1.6384319098157785
15250.948742103,-3.5710712003460783,0.3992044854660981,-1.6384319098157785
15250.962430244,-3.5710712003460783,0.3992044854660981,-1.6384319098157785
15250.963347403,-3.571600373913164,0.3912238333053911,-1.6355810196561704
15250.970068821,-3.571600373913164,0.3912238333053911,-1.6355810196561704
15250.979094897,-3.571600373913164,0.3912238333053911,-1.6355810196561704
15250.991320446,-3.571600373913164,0.3912238333053911,-1.6355810196561704
15250.999085328,-3.571600373913164,0.3912238333053911,-1.6355810196561704
15251.011872796,-3.571600373913164,0.3912238333053911,-1.6355810196561704
15251.012999521,-3.571600373913164,0.3912238333053911,-1.6355810196561704
15251.013805238,-3.571936805280397,0.3860206972858484,-1.6351505549116034
15251.021567098,-3.571936805280397,0.3860206972858484,-1.6351505549116034
15251.021991953,-3.571936805280397,0.3860206972858484,-1.6351505549116034
15251.02968864,-3.571936805280397,0.3860206972858484,-1.6351505549116034
15251.039940689,-3.571936805280397,0.3860206972858484,-1.6351505549116034
15251.048550646,-3.571936805280397,0.3860206972858484,-1.6351505549116034
15251.059922829,-3.571936805280397,0.3860206972858484,-1.6351505549116034
15251.06114753,-3.5722523685150143,0.3807401844557675,-1.625820043818464
15251.069804085,-3.5722523685150143,0.3807401844557675,-1.625820043818464
15251.079333635,-3.5722523685150143,0.3807401844557675,-1.625820043818464
15251.093737632,-3.5722523685150143,0.3807401844557675,-1.625820043818464
15251.099821112,-3.5722523685150143,0.3807401844557675,-1.625820043818464
15251.113725924,-3.5722523685150143,0.3807401844557675,-1.625820043818464
15251.116534616,-3.572489789652547,0.3749489019292477,-1.5977193148298163
15251.11709027,-3.572489789652547,0.3749489019292477,-1.5977193148298163
15251.118664292,-3.572489789652547,0.3749489019292477,-1.5977193148298163
15251.123278588,-3.572489789652547,0.3749489019292477,-1.5977193148298163
15251.130380216,-3.572489789652547,0.3749489019292477,-1.5977193148298163
15251.139026863,-3.572489789652547,0.3749489019292477,-1.5977193148298163
15251.147453943,-3.572489789652547,0.3749489019292477,-1.5977193148298163
15251.159878637,-3.572489789652547,0.3749489019292477,-1.5977193148298163
15251.160744137,-3.572616943754309,0.36631889456980615,-1.5733391077680472
15251.168738722,-3.572616943754309,0.36631889456980615,-1.5733391077680472
15251.181701438,-3.572616943754309,0.36631889456980615,-1.5733391077680472
15251.192534568,-3.572616943754309,0.36631889456980615,-1.5733391077680472
15251.20067191,-3.572616943754309,0.36631889456980615,-1.5733391077680472
15251.210911252,-3.572616943754309,0.36631889456980615,-1.5733391077680472
15251.219233286,-3.572616943754309,0.36631889456980615,-1.5733391077680472
15251.222128233,-3.5725092690680884,0.36059969295085725,-1.530604246394147
15251.222831826,-3.5725092690680884,0.36059969295085725,-1.530604246394147
15251.22412136,-3.5725092690680884,0.36059969295085725,-1.530604246394147
15251.231559867,-3.5725092690680884,0.36059969295085725,-1.530604246394147
15251.239134894,-3.5725092690680884,0.36059969295085725,-1.530604246394147
15251.248252954,-3.5725092690680884,0.36059969295085725,-1.530604246394147
15251.257799947,-3.5725092690680884,0.36059969295085725,-1.530604246394147
15251.264943986,-3.5720277049428506,0.35210894764932876,-1.4976770908994559
15251.270346234,-3.5720277049428506,0.35210894764932876,-1.4976770908994559
15251.279761968,-3.5720277049428506,0.35210894764932876,-1.4976770908994559
15251.293705914,-3.5720277049428506,0.35210894764932876,-1.4976770908994559
15251.308783118,-3.5720277049428506,0.35210894764932876,-1.4976770908994559
15251.310589481,-3.5720277049428506,0.35210894764932876,-1.4976770908994559
15251.310906632,-3.571541400828915,0.34666351093829895,-1.4657783539457223
15251.317200009,-3.571541400828915,0.34666351093829895,-1.4657783539457223
15251.325393838,-3.571541400828915,0.34666351093829895,-1.4657783539457223
15251.327190462,-3.571541400828915,0.34666351093829895,-1.4657783539457223
15251.336392311,-3.571541400828915,0.34666351093829895,-1.4657783539457223
15251.347348515,-3.571541400828915,0.34666351093829895,-1.4657783539457223
15251.352660642,-3.571541400828915,0.34666351093829895,-1.4657783539457223
15251.362854722,-3.571541400828915,0.34666351093829895,-1.4657783539457223
15251.374933623,-3.571541400828915,0.34666351093829895,-1.4657783539457223
15251.375534101,-3.5708100819725197,0.3411178618518679,-1.4135823280973325
15251.38684139,-3.5708100819725197,0.3411178618518679,-1.4135823280973325
15251.404050715,-3.5708100819725197,0.3411178618518679,-1.4135823280973325
15251.413579834,-3.5708100819725197,0.3411178618518679,-1.4135823280973325
15251.421214793,-3.5708100819725197,0.3411178618518679,-1.4135823280973325
15251.43735434,-3.5708100819725197,0.3411178618518679,-1.4135823280973325
15251.438078843,-3.56945242242363,0.3334413024044611,-1.3779149086637394
15251.441044584,-3.56945242242363,0.3334413024044611,-1.3779149086637394
15251.441416719,-3.56945242242363,0.3334413024044611,-1.3779149086637394
15251.443066907,-3.56945242242363,0.3334413024044611,-1.3779149086637394
15251.443475621,-3.56945242242363,0.3334413024044611,-1.3779149086637394
15251.451130798,-3.56945242242363,0.3334413024044611,-1.3779149086637394
15251.457244382,-3.5683151200669414,0.3280420539764608,-1.3484659226102724
15251.45963879,-3.5683151200669414,0.3280420539764608,-1.3484659226102724
15251.471215553,-3.5683151200669414,0.3280420539764608,-1.3484659226102724
15251.479669454,-3.5683151200669414,0.3280420539764608,-1.3484659226102724
15251.49105971,-3.5683151200669414,0.3280420539764608,-1.3484659226102724
15251.499143129,-3.5683151200669414,0.3280420539764608,-1.3484659226102724
15251.509816217,-3.5683151200669414,0.3280420539764608,-1.3484659226102724
15251.519166033,-3.5683151200669414,0.3280420539764608,-1.3484659226102724
15251.520819139,-3.5683151200669414,0.3280420539764608,-1.3484659226102724
15251.521404979,-3.5683151200669414,0.3280420539764608,-1.3484659226102724
15251.521783817,-3.5730754734259453,0.32751626632993314,-1.3260207258279542
15251.534891288,-3.5730754734259453,0.32751626632993314,-1.3260207258279542
15251.542842918,-3.5730754734259453,0.32751626632993314,-1.3260207258279542
15251.549865787,-3.5730754734259453,0.32751626632993314,-1.3260207258279542
15251.561129233,-3.5730754734259453,0.32751626632993314,-1.3260207258279542
15251.562412765,-3.576806273826243,0.3234172630039941,-1.3180475927805502
15251.572759604,-3.576806273826243,0.3234172630039941,-1.3180475927805502
15251.579153252,-3.576806273826243,0.3234172630039941,-1.3180475927805502
15251.59092979,-3.576806273826243,0.3234172630039941,-1.3180475927805502
15251.599557771,-3.576806273826243,0.3234172630039941,-1.3180475927805502
15251.610274822,-3.576806273826243,0.3234172630039941,-1.3180475927805502
15251.616829424,-3.576806273826243,0.3234172630039941,-1.3180475927805502
15251.617950889,-3.576930852028704,0.31857797678633437,-1.3019913668057197
15251.618660784,-3.576930852028704,0.31857797678633437,-1.3019913668057197
15251.620952367,-3.576930852028704,0.31857797678633437,-1.3019913668057197
15251.628935416,-3.576930852028704,0.31857797678633437,-1.3019913668057197
15251.640251803,-3.576930852028704,0.31857797678633437,-1.3019913668057197
15251.649750344,-3.576930852028704,0.31857797678633437,-1.3019913668057197
15251.658571672,-3.576930852028704,0.31857797678633437,-1.3019913668057197
15251.668309246,-3.575054679413201,0.31211203119994657,-1.2747873300930728
15251.672191493,-3.575054679413201,0.31211203119994657,-1.2747873300930728
15251.679855938,-3.575054679413201,0.31211203119994657,-1.2747873300930728
15251.688212933,-3.575054679413201,0.31211203119994657,-1.2747873300930728
15251.699612741,-3.575054679413201,0.31211203119994657,-1.2747873300930728
15251.711192245,-3.575054679413201,0.31211203119994657,-1.2747873300930728
15251.714645751,-3.5720310424900115,0.30250286328618636,-1.2570992941281076
15251.717095884,-3.5720310424900115,0.30250286328618636,-1.2570992941281076
15251.723505601,-3.5720310424900115,0.30250286328618636,-1.2570992941281076
15251.725944273,-3.5720310424900115,0.30250286328618636,-1.2570992941281076
15251.730593454,-3.5720310424900115,0.30250286328618636,-1.2570992941281076
15251.739311906,-3.5720310424900115,0.30250286328618636,-1.2570992941281076
15251.750328515,-3.5720310424900115,0.30250286328618636,-1.2570992941281076
15251.759324213,-3.5720310424900115,0.30250286328618636,-1.2570992941281076
15251.761300518,-3.569844711180939,0.2960014384244489,-1.2356840605160464
15251.769926616,-3.569844711180939,0.2960014384244489,-1.2356840605160464
15251.779901169,-3.569844711180939,0.2960014384244489,-1.2356840605160464
15251.790317841,-3.569844711180939,0.2960014384244489,-1.2356840605160464
15251.801741841,-3.569844711180939,0.2960014384244489,-1.2356840605160464
15251.809105556,-3.569844711180939,0.2960014384244489,-1.2356840605160464
15251.819877611,-3.569844711180939,0.2960014384244489,-1.2356840605160464
15251.821358838,-3.5606366839955537,0.2803410017568606,-1.1929274421456344
15251.822035631,-3.5606366839955537,0.2803410017568606,-1.1929274421456344
15251.825467996,-3.5606366839955537,0.2803410017568606,-1.1929274421456344
15251.83014559,-3.5606366839955537,0.2803410017568606,-1.1929274421456344
15251.840275789,-3.5606366839955537,0.2803410017568606,-1.1929274421456344
15251.8497479,-3.5606366839955537,0.2803410017568606,-1.1929274421456344
15251.859890572,-3.5606366839955537,0.2803410017568606,-1.1929274421456344
15251.861073664,-3.549163781045809,0.2611194164171695,-1.1630045451307698
15251.874052972,-3.549163781045809,0.2611194164171695,-1.1630045451307698
15251.879748516,-3.549163781045809,0.2611194164171695,-1.1630045451307698
15251.890644826,-3.549163781045809,0.2611194164171695,-1.1630045451307698
15251.899365593,-3.549163781045809,0.2611194164171695,-1.1630045451307698
15251.911931387,-3.549163781045809,0.2611194164171695,-1.1630045451307698
15251.915245438,-3.549163781045809,0.2611194164171695,-1.1630045451307698
15251.915849693,-3.544130154715132,0.25213189767389543,-1.1435849166320473
15251.921033728,-3.544130154715132,0.25213189767389543,-1.1435849166320473
15251.931702878,-3.544130154715132,0.25213189767389543,-1.1435849166320473
15251.932803784,-3.544130154715132,0.25213189767389543,-1.1435849166320473
15251.94268983,-3.544130154715132,0.25213189767389543,-1.1435849166320473
15251.950160778,-3.544130154715132,0.25213189767389543,-1.1435849166320473
15251.963970931,-3.544130154715132,0.25213189767389543,-1.1435849166320473
15251.969469561,-3.5412774079067013,0.24608944428462742,-1.1158203578399333
15251.972347706,-3.5412774079067013,0.24608944428462742,-1.1158203578399333
15251.977930547,-3.5412774079067013,0.24608944428462742,-1.1158203578399333
15251.988941544,-3.5412774079067013,0.24608944428462742,-1.1158203578399333
15251.999655729,-3.5412774079067013,0.24608944428462742,-1.1158203578399333
15252.009371932,-3.5412774079067013,0.24608944428462742,-1.1158203578399333
15252.015985616,-3.5367633701318066,0.23705547871087673,-1.098998734991422
15252.016932992,-3.5367633701318066,0.23705547871087673,-1.098998734991422
15252.022220272,-3.5367633701318066,0.23705547871087673,-1.098998734991422
15252.022717675,-3.5367633701318066,0.23705547871087673,-1.098998734991422
15252.032847823,-3.5367633701318066,0.23705547871087673,-1.098998734991422
15252.039071578,-3.5367633701318066,0.23705547871087673,-1.098998734991422
15252.049957729,-3.5367633701318066,0.23705547871087673,-1.098998734991422
15252.058383807,-3.5367633701318066,0.23705547871087673,-1.098998734991422
15252.059772359,-3.533526988675613,0.23083608974479208,-1.0829734301971106
15252.07058977,-3.533526988675613,0.23083608974479208,-1.0829734301971106
15252.080987666,-3.533526988675613,0.23083608974479208,-1.0829734301971106
15252.090442674,-3.533526988675613,0.23083608974479208,-1.0829734301971106
15252.100758494,-3.533526988675613,0.23083608974479208,-1.0829734301971106
15252.1091301,-3.533526988675613,0.23083608974479208,-1.0829734301971106
15252.119930368,-3.533526988675613,0.23083608974479208,-1.0829734301971106
15252.120814544,-3.5302239526257044,0.22473806103798466,-1.065789649526945
15252.121534699,-3.5302239526257044,0.22473806103798466,-1.065789649526945
15252.124284941,-3.5302239526257044,0.22473806103798466,-1.065789649526945
15252.130253202,-3.5302239526257044,0.22473806103798466,-1.065789649526945
15252.138105663,-3.5302239526257044,0.22473806103798466,-1.065789649526945
15252.149160894,-3.5302239526257044,0.22473806103798466,-1.065789649526945
15252.16199636,-3.5302239526257044,0.22473806103798466,-1.065789649526945
15252.164857852,-3.5251606718803017,0.21570874454475275,-1.0536694026397375
15252.168433947,-3.5251606718803017,0.21570874454475275,-1.0536694026397375
15252.180874868,-3.5251606718803017,0.21570874454475275,-1.0536694026397375
15252.188665993,-3.5251606718803017,0.21570874454475275,-1.0536694026397375
15252.198911249,-3.5251606718803017,0.21570874454475275,-1.0536694026397375
15252.211569949,-3.5251606718803017,0.21570874454475275,-1.0536694026397375
15252.213565702,-3.5251606718803017,0.21570874454475275,-1.0536694026397375
15252.214112087,-3.5218525725953542,0.2099614023079136,-1.043371627371183
15252.216049859,-3.5218525725953542,0.2099614023079136,-1.043371627371183
15252.218124862,-3.5218525725953542,0.2099614023079136,-1.043371627371183
15252.230447485,-3.5218525725953542,0.2099614023079136,-1.043371627371183
15252.23789018,-3.5218525725953542,0.2099614023079136,-1.043371627371183
15252.250340496,-3.5218525725953542,0.2099614023079136,-1.043371627371183
15252.258974826,-3.5218525725953542,0.2099614023079136,-1.043371627371183
15252.266901651,-3.5183659467581747,0.20411331469009553,-1.0229806399749428
15252.270808736,-3.5183659467581747,0.20411331469009553,-1.0229806399749428
15252.283512552,-3.5183659467581747,0.20411331469009553,-1.0229806399749428
15252.289137432,-3.5183659467581747,0.20411331469009553,-1.0229806399749428
15252.303648873,-3.5183659467581747,0.20411331469009553,-1.0229806399749428
15252.312953668,-3.5183659467581747,0.20411331469009553,-1.0229806399749428
15252.318744282,-3.5183659467581747,0.20411331469009553,-1.0229806399749428
15252.319183895,-3.5053594229831337,0.185919868006451,-1.0027641605645803
15252.325181291,-3.5053594229831337,0.185919868006451,-1.0027641605645803
15252.335411478,-3.5053594229831337,0.185919868006451,-1.0027641605645803
15252.335910464,-3.5053594229831337,0.185919868006451,-1.0027641605645803
15252.340813556,-3.5053594229831337,0.185919868006451,-1.0027641605645803
15252.34922109,-3.5053594229831337,0.185919868006451,-1.0027641605645803
15252.360515064,-3.5053594229831337,0.185919868006451,-1.0027641605645803
15252.361917692,-3.493169899252113,0.1699168596158699,-0.9783101159079617
15252.372098867,-3.493169899252113,0.1699168596158699,-0.9783101159079617
15252.380028946,-3.493169899252113,0.1699168596158699,-0.9783101159079617
15252.388301945,-3.493169899252113,0.1699168596158699,-0.9783101159079617
15252.399313223,-3.493169899252113,0.1699168596158699,-0.9783101159079617
15252.410439048,-3.493169899252113,0.1699168596158699,-0.9783101159079617
15252.420459639,-3.493169899252113,0.1699168596158699,-0.9783101159079617
15252.424911014,-3.4868974861425595,0.1614381504569154,-0.9556625780616314
15252.429534597,-3.4868974861425595,0.1614381504569154,-0.9556625780616314
15252.430031879,-3.4868974861425595,0.1614381504569154,-0.9556625780616314
15252.430819081,-3.4868974861425595,0.1614381504569154,-0.9556625780616314
15252.440283735,-3.4868974861425595,0.1614381504569154,-0.9556625780616314
15252.449532917,-3.4868974861425595,0.1614381504569154,-0.9556625780616314
15252.460808693,-3.4868974861425595,0.1614381504569154,-0.9556625780616314
15252.464959262,-3.480690391466774,0.15280801392291926,-0.9388922152076278
15252.472225142,-3.480690391466774,0.15280801392291926,-0.9388922152076278
15252.480249289,-3.480690391466774,0.15280801392291926,-0.9388922152076278
15252.488355569,-3.480690391466774,0.15280801392291926,-0.9388922152076278
15252.501186759,-3.480690391466774,0.15280801392291926,-0.9388922152076278
15252.517574106,-3.480690391466774,0.15280801392291926,-0.9388922152076278
15252.518344736,-3.476447983378565,0.14709952675916882,-0.9244621691260844
15252.525492192,-3.476447983378565,0.14709952675916882,-0.9244621691260844
15252.526437573,-3.476447983378565,0.14709952675916882,-0.9244621691260844
15252.527078899,-3.476447983378565,0.14709952675916882,-0.9244621691260844
15252.529466423,-3.476447983378565,0.14709952675916882,-0.9244621691260844
15252.539471405,-3.476447983378565,0.14709952675916882,-0.9244621691260844
15252.550124413,-3.476447983378565,0.14709952675916882,-0.9244621691260844
15252.559288591,-3.476447983378565,0.14709952675916882,-0.9244621691260844
15252.573488642,-3.476447983378565,0.14709952675916882,-0.9244621691260844
15252.574190011,-3.4721037374848738,0.14146815217557357,-0.9029711184058696
15252.579968052,-3.4721037374848738,0.14146815217557357,-0.9029711184058696
15252.590114962,-3.4721037374848738,0.14146815217557357,-0.9029711184058696
15252.600917053,-3.4721037374848738,0.14146815217557357,-0.9029711184058696
15252.610896156,-3.4721037374848738,0.14146815217557357,-0.9029711184058696
15252.615951185,-3.4657252880678344,0.133475869216715,-0.891488164380601
15252.61639198,-3.4657252880678344,0.133475869216715,-0.891488164380601
15252.618303974,-3.4657252880678344,0.133475869216715,-0.891488164380601
15252.61971078,-3.4657252880678344,0.133475869216715,-0.891488164380601
15252.629365918,-3.4657252880678344,0.133475869216715,-0.891488164380601
15252.639191499,-3.4657252880678344,0.133475869216715,-0.891488164380601
15252.650401494,-3.4657252880678344,0.133475869216715,-0.891488164380601
15252.661320688,-3.4657252880678344,0.133475869216715,-0.891488164380601
15252.662067202,-3.461127455300998,0.12785198658540875,-0.8793967661414652
15252.670805012,-3.461127455300998,0.12785198658540875,-0.8793967661414652
15252.676886327,-3.461127455300998,0.12785198658540875,-0.8793967661414652
15252.689637062,-3.461127455300998,0.12785198658540875,-0.8793967661414652
15252.701193984,-3.461127455300998,0.12785198658540875,-0.8793967661414652
15252.707335703,-3.461127455300998,0.12785198658540875,-0.8793967661414652
15252.722662009,-3.461127455300998,0.12785198658540875,-0.8793967661414652
15252.723572024,-3.4565039649436895,0.12238107984212682,-0.858905166104844
15252.724104443,-3.4565039649436895,0.12238107984212682,-0.858905166104844
15252.725113365,-3.4565039649436895,0.12238107984212682,-0.858905166104844
15252.728347224,-3.4565039649436895,0.12238107984212682,-0.858905166104844
15252.740551082,-3.4565039649436895,0.12238107984212682,-0.858905166104844
15252.749204962,-3.4565039649436895,0.12238107984212682,-0.858905166104844
15252.760512372,-3.4565039649436895,0.12238107984212682,-0.858905166104844
15252.764775952,-3.4494103174948174,0.11429441723649841,-0.8425343927894148
15252.775002292,-3.4494103174948174,0.11429441723649841,-0.8425343927894148
15252.780338966,-3.4494103174948174,0.11429441723649841,-0.8425343927894148
15252.79345893,-3.4494103174948174,0.11429441723649841,-0.8425343927894148
15252.800512328,-3.4494103174948174,0.11429441723649841,-0.8425343927894148
15252.81089781,-3.4494103174948174,0.11429441723649841,-0.8425343927894148
15252.814975678,-3.444659545158104,0.10903555610629562,-0.829694837049058
15252.816864929,-3.444659545158104,0.10903555610629562,-0.829694837049058
15252.82202598,-3.444659545158104,0.10903555610629562,-0.829694837049058
15252.824456987,-3.444659545158104,0.10903555610629562,-0.829694837049058
15252.830622531,-3.444659545158104,0.10903555610629562,-0.829694837049058
15252.841790877,-3.444659545158104,0.10903555610629562,-0.829694837049058
15252.849378697,-3.444659545158104,0.10903555610629562,-0.829694837049058
15252.862253707,-3.444659545158104,0.10903555610629562,-0.829694837049058
15252.869343865,-3.444659545158104,0.10903555610629562,-0.829694837049058
15252.870360972,-3.439977403717847,0.10402295983696824,-0.8092471060309918
15252.881222226,-3.439977403717847,0.10402295983696824,-0.8092471060309918
15252.889821843,-3.439977403717847,0.10402295983696824,-0.8092471060309918
15252.903312991,-3.439977403717847,0.10402295983696824,-0.8092471060309918
15252.913023905,-3.439977403717847,0.10402295983696824,-0.8092471060309918
15252.914217297,-3.435155065953472,0.1069520035817364,-0.8009319331770874
15252.91498433,-3.435155065953472,0.1069520035817364,-0.8009319331770874
15252.915535936,-3.435155065953472,0.1069520035817364,-0.8009319331770874
15252.919666774,-3.435155065953472,0.1069520035817364,-0.8009319331770874
15252.929309378,-3.435155065953472,0.1069520035817364,-0.8009319331770874
15252.937994107,-3.435155065953472,0.1069520035817364,-0.8009319331770874
15252.948977824,-3.435155065953472,0.1069520035817364,-0.8009319331770874
15252.958136971,-3.435155065953472,0.1069520035817364,-0.8009319331770874
15252.962947087,-3.4336231836852855,0.11509552479380131,-0.7897057256744014
15252.969554589,-3.4336231836852855,0.11509552479380131,-0.7897057256744014
15252.979932537,-3.4336231836852855,0.11509552479380131,-0.7897057256744014
15252.991069123,-3.4336231836852855,0.11509552479380131,-0.7897057256744014
15253.001558281,-3.4336231836852855,0.11509552479380131,-0.7897057256744014
15253.011967678,-3.4336231836852855,0.11509552479380131,-0.7897057256744014
15253.018687464,-3.4336231836852855,0.11509552479380131,-0.7897057256744014
15253.022763799,-3.4336231836852855,0.11509552479380131,-0.7897057256744014
15253.023428469,-3.4296341822597993,0.11364635443618798,-0.7713007193743108
15253.024071117,-3.4296341822597993,0.11364635443618798,-0.7713007193743108
15253.030740767,-3.4296341822597993,0.11364635443618798,-0.7713007193743108
15253.039194899,-3.4296341822597993,0.11364635443618798,-0.7713007193743108
15253.05123681,-3.4296341822597993,0.11364635443618798,-0.7713007193743108
15253.060675909,-3.4296341822597993,0.11364635443618798,-0.7713007193743108
15253.06145772,-3.421876086257079,0.10619478462582455,-0.7591943007646917
15253.067635094,-3.421876086257079,0.10619478462582455,-0.7591943007646917
15253.080670421,-3.421876086257079,0.10619478462582455,-0.7591943007646917
15253.088611611,-3.421876086257079,0.10619478462582455,-0.7591943007646917
15253.102857118,-3.421876086257079,0.10619478462582455,-0.7591943007646917
15253.109692863,-3.421876086257079,0.10619478462582455,-0.7591943007646917
15253.118410915,-3.421876086257079,0.10619478462582455,-0.7591943007646917
15253.12193348,-3.416856258664821,0.1015203968830442,-0.7403649550615666
15253.122552413,-3.416856258664821,0.1015203968830442,-0.7403649550615666
15253.123635185,-3.416856258664821,0.1015203968830442,-0.7403649550615666
15253.130127988,-3.416856258664821,0.1015203968830442,-0.7403649550615666
15253.139312363,-3.416856258664821,0.1015203968830442,-0.7403649550615666
15253.149498771,-3.416856258664821,0.1015203968830442,-0.7403649550615666
15253.158971844,-3.416856258664821,0.1015203968830442,-0.7403649550615666
15253.162358422,-3.4089506053993417,0.09437569969593107,-0.7293960314928409
15253.173499917,-3.4089506053993417,0.09437569969593107,-0.7293960314928409
15253.181335888,-3.4089506053993417,0.09437569969593107,-0.7293960314928409
15253.189034748,-3.4089506053993417,0.09437569969593107,-0.7293960314928409
15253.198568476,-3.4089506053993417,0.09437569969593107,-0.7293960314928409
15253.209973791,-3.4089506053993417,0.09437569969593107,-0.7293960314928409
15253.215654858,-3.4089506053993417,0.09437569969593107,-0.7293960314928409
15253.216322984,-3.4039661093997458,0.0899636033132995,-0.7197193366228458
15253.221198274,-3.4039661093997458,0.0899636033132995,-0.7197193366228458
15253.231261231,-3.4039661093997458,0.0899636033132995,-0.7197193366228458
15253.2318463,-3.4039661093997458,0.0899636033132995,-0.7197193366228458
15253.239225157,-3.4039661093997458,0.0899636033132995,-0.7197193366228458
15253.250969074,-3.4039661093997458,0.0899636033132995,-0.7197193366228458
15253.258461994,-3.4039661093997458,0.0899636033132995,-0.7197193366228458
15253.267782688,-3.3987744966624454,0.08548077752907018,-0.7048105460344669
15253.270998643,-3.3987744966624454,0.08548077752907018,-0.7048105460344669
15253.282374793,-3.3987744966624454,0.08548077752907018,-0.7048105460344669
15253.290347352,-3.3987744966624454,0.08548077752907018,-0.7048105460344669
15253.298536622,-3.3987744966624454,0.08548077752907018,-0.7048105460344669
15253.308047376,-3.3987744966624454,0.08548077752907018,-0.7048105460344669
15253.315294417,-3.391504386966365,0.07937879281368804,-0.6917173129259464
15253.315944409,-3.391504386966365,0.07937879281368804,-0.6917173129259464
15253.319690051,-3.391504386966365,0.07937879281368804,-0.6917173129259464
15253.32228577,-3.391504386966365,0.07937879281368804,-0.6917173129259464
15253.330337659,-3.391504386966365,0.07937879281368804,-0.6917173129259464
15253.341099151,-3.391504386966365,0.07937879281368804,-0.6917173129259464
15253.350191275,-3.391504386966365,0.07937879281368804,-0.6917173129259464
15253.359274018,-3.391504386966365,0.07937879281368804,-0.6917173129259464
15253.36253244,-3.386333652717635,0.07514642767779922,-0.6801504355608339
15253.371593055,-3.386333652717635,0.07514642767779922,-0.6801504355608339
15253.378019444,-3.386333652717635,0.07514642767779922,-0.6801504355608339
15253.389512345,-3.386333652717635,0.07514642767779922,-0.6801504355608339
15253.401478793,-3.386333652717635,0.07514642767779922,-0.6801504355608339
15253.410766361,-3.386333652717635,0.07514642767779922,-0.6801504355608339
15253.422437173,-3.386333652717635,0.07514642767779922,-0.6801504355608339
15253.423909503,-3.3809386429401824,0.07086971142868687,-0.6604181986986516
15253.424585564,-3.3809386429401824,0.07086971142868687,-0.6604181986986516
15253.42500578,-3.3809386429401824,0.07086971142868687,-0.6604181986986516
15253.432550139,-3.3809386429401824,0.07086971142868687,-0.6604181986986516
15253.439328033,-3.3809386429401824,0.07086971142868687,-0.6604181986986516
15253.448923368,-3.3809386429401824,0.07086971142868687,-0.6604181986986516
15253.461334486,-3.3809386429401824,0.07086971142868687,-0.6604181986986516
15253.462239521,-3.3727932363566664,0.06464622158758165,-0.6444458228289005
15253.46834255,-3.3727932363566664,0.06464622158758165,-0.6444458228289005
15253.478777967,-3.3727932363566664,0.06464622158758165,-0.6444458228289005
15253.492512386,-3.3727932363566664,0.06464622158758165,-0.6444458228289005
15253.498843234,-3.3727932363566664,0.06464622158758165,-0.6444458228289005
15253.509379679,-3.3727932363566664,0.06464622158758165,-0.6444458228289005
15253.520912158,-3.3727932363566664,0.06464622158758165,-0.6444458228289005
15253.5225699,-3.367302402732629,0.06062037576001983,-0.6208705168901798
15253.522955852,-3.367302402732629,0.06062037576001983,-0.6208705168901798
15253.52513581,-3.367302402732629,0.06062037576001983,-0.6208705168901798
15253.530565413,-3.367302402732629,0.06062037576001983,-0.6208705168901798
15253.538130199,-3.367302402732629,0.06062037576001983,-0.6208705168901798
15253.549893403,-3.367302402732629,0.06062037576001983,-0.6208705168901798
15253.562272222,-3.367302402732629,0.06062037576001983,-0.6208705168901798
15253.56883528,-3.3591701143508215,0.05489231510002435,-0.606422112578046
15253.573493879,-3.3591701143508215,0.05489231510002435,-0.606422112578046
15253.580950771,-3.3591701143508215,0.05489231510002435,-0.606422112578046
15253.589240181,-3.3591701143508215,0.05489231510002435,-0.606422112578046
15253.59959224,-3.3591701143508215,0.05489231510002435,-0.606422112578046
15253.60746997,-3.3591701143508215,0.05489231510002435,-0.606422112578046
15253.614075538,-3.3591701143508215,0.05489231510002435,-0.606422112578046
15253.61508953,-3.3532162130493477,0.04943724325927196,-0.5948172255095301
15253.621679158,-3.3532162130493477,0.04943724325927196,-0.5948172255095301
15253.623639543,-3.3532162130493477,0.04943724325927196,-0.5948172255095301
15253.631718975,-3.3532162130493477,0.04943724325927196,-0.5948172255095301
15253.639906211,-3.3532162130493477,0.04943724325927196,-0.5948172255095301
15253.649650107,-3.3532162130493477,0.04943724325927196,-0.5948172255095301
15253.661121708,-3.3532162130493477,0.04943724325927196,-0.5948172255095301
15253.663029413,-3.3469379419632705,0.04371561167829474,-0.5814045568831298
15253.670876064,-3.3469379419632705,0.04371561167829474,-0.5814045568831298
15253.680867579,-3.3469379419632705,0.04371561167829474,-0.5814045568831298
15253.688163596,-3.3469379419632705,0.04371561167829474,-0.5814045568831298
15253.698975817,-3.3469379419632705,0.04371561167829474,-0.5814045568831298
15253.710493735,-3.3469379419632705,0.04371561167829474,-0.5814045568831298
15253.716142087,-3.3408411850502366,0.0393857856740053,-0.55905070062186
15253.717631733,-3.3408411850502366,0.0393857856740053,-0.55905070062186
15253.718734202,-3.3408411850502366,0.0393857856740053,-0.55905070062186
15253.721604322,-3.3408411850502366,0.0393857856740053,-0.55905070062186
15253.729831641,-3.3408411850502366,0.0393857856740053,-0.55905070062186
15253.739171655,-3.3408411850502366,0.0393857856740053,-0.55905070062186
15253.749377826,-3.3408411850502366,0.0393857856740053,-0.55905070062186
15253.760420444,-3.3408411850502366,0.0393857856740053,-0.55905070062186
15253.761210561,-3.3321150295271136,0.03400678167703797,-0.5457650637200044
15253.76865522,-3.3321150295271136,0.03400678167703797,-0.5457650637200044
15253.781865476,-3.3321150295271136,0.03400678167703797,-0.5457650637200044
15253.789469146,-3.3321150295271136,0.03400678167703797,-0.5457650637200044
15253.799168187,-3.3321150295271136,0.03400678167703797,-0.5457650637200044
15253.81102118,-3.3321150295271136,0.03400678167703797,-0.5457650637200044
15253.818699171,-3.3321150295271136,0.03400678167703797,-0.5457650637200044
15253.822109033,-3.3258745534323726,0.0302886396526576,-0.5289017176201509
15253.822629009,-3.3258745534323726,0.0302886396526576,-0.5289017176201509
15253.83082918,-3.3258745534323726,0.0302886396526576,-0.5289017176201509
15253.83181063,-3.3258745534323726,0.0302886396526576,-0.5289017176201509
15253.842088237,-3.3258745534323726,0.0302886396526576,-0.5289017176201509
15253.850666635,-3.3258745534323726,0.0302886396526576,-0.5289017176201509
15253.860223193,-3.3258745534323726,0.0302886396526576,-0.5289017176201509
15253.860794596,-3.3166387336456697,0.024973972747096562,-0.5154291605522798
15253.873660572,-3.3166387336456697,0.024973972747096562,-0.5154291605522798
15253.879274361,-3.3166387336456697,0.024973972747096562,-0.5154291605522798
15253.889213006,-3.3166387336456697,0.024973972747096562,-0.5154291605522798
15253.899157112,-3.3166387336456697,0.024973972747096562,-0.5154291605522798
15253.910275623,-3.3166387336456697,0.024973972747096562,-0.5154291605522798
15253.920163833,-3.3166387336456697,0.024973972747096562,-0.5154291605522798
15253.922136511,-3.3166387336456697,0.024973972747096562,-0.5154291605522798
15253.922487096,-3.3107068012170773,0.021683859160384067,-0.4973749136498142
15253.932638314,-3.3107068012170773,0.021683859160384067,-0.4973749136498142
15253.938148717,-3.3107068012170773,0.021683859160384067,-0.4973749136498142
15253.939924101,-3.3107068012170773,0.021683859160384067,-0.4973749136498142
15253.951997843,-3.3107068012170773,0.021683859160384067,-0.4973749136498142
15253.958752795,-3.3107068012170773,0.021683859160384067,-0.4973749136498142
15253.970099088,-3.3107068012170773,0.021683859160384067,-0.4973749136498142
15253.970851393,-3.3014446850991015,0.016729482090323433,-0.48498954530264604
15253.982520458,-3.3014446850991015,0.016729482090323433,-0.48498954530264604
15253.990245859,-3.3014446850991015,0.016729482090323433,-0.48498954530264604
15254.000222987,-3.3014446850991015,0.016729482090323433,-0.48498954530264604
15254.010489774,-3.3014446850991015,0.016729482090323433,-0.48498954530264604
15254.012208412,-3.3014446850991015,0.016729482090323433,-0.48498954530264604
15254.013250236,-3.2950224678777094,0.013389397287500326,-0.47417940850760204
15254.019252341,-3.2950224678777094,0.013389397287500326,-0.47417940850760204
15254.021460085,-3.2950224678777094,0.013389397287500326,-0.47417940850760204
15254.030773315,-3.2950224678777094,0.013389397287500326,-0.47417940850760204
15254.039300225,-3.2950224678777094,0.013389397287500326,-0.47417940850760204
15254.049221187,-3.2950224678777094,0.013389397287500326,-0.47417940850760204
15254.058997614,-3.2950224678777094,0.013389397287500326,-0.47417940850760204
15254.061039173,-3.2888102846012544,0.01024989310224561,-0.46170296426321755
15254.074023211,-3.2888102846012544,0.01024989310224561,-0.46170296426321755
15254.079569321,-3.2888102846012544,0.01024989310224561,-0.46170296426321755
15254.09159414,-3.2888102846012544,0.01024989310224561,-0.46170296426321755
15254.105024112,-3.2888102846012544,0.01024989310224561,-0.46170296426321755
15254.112817489,-3.2888102846012544,0.01024989310224561,-0.46170296426321755
15254.11934928,-3.2888102846012544,0.01024989310224561,-0.46170296426321755
15254.119793502,-3.2822598459894787,0.007051731328468536,-0.44668187852408153
15254.120170266,-3.2822598459894787,0.007051731328468536,-0.44668187852408153
15254.124214741,-3.2822598459894787,0.007051731328468536,-0.44668187852408153
15254.131251637,-3.2822598459894787,0.007051731328468536,-0.44668187852408153
15254.143636258,-3.2822598459894787,0.007051731328468536,-0.44668187852408153
15254.152708051,-3.2822598459894787,0.007051731328468536,-0.44668187852408153
15254.158445413,-3.272302751508071,0.0023528334817137786,-0.43517389054800754
15254.160188697,-3.272302751508071,0.0023528334817137786,-0.43517389054800754
15254.170840815,-3.272302751508071,0.0023528334817137786,-0.43517389054800754
15254.180893757,-3.272302751508071,0.0023528334817137786,-0.43517389054800754
15254.189247619,-3.272302751508071,0.0023528334817137786,-0.43517389054800754
15254.198828065,-3.272302751508071,0.0023528334817137786,-0.43517389054800754
15254.210272204,-3.272302751508071,0.0023528334817137786,-0.43517389054800754
15254.221192128,-3.272302751508071,0.0023528334817137786,-0.43517389054800754
15254.222020038,-3.2659729557801453,-0.0005422301846385036,-0.42275919671560996
15254.222560402,-3.2659729557801453,-0.0005422301846385036,-0.42275919671560996
15254.222859148,-3.2659729557801453,-0.0005422301846385036,-0.42275919671560996
15254.229964881,-3.2659729557801453,-0.0005422301846385036,-0.42275919671560996
15254.238965602,-3.2659729557801453,-0.0005422301846385036,-0.42275919671560996
15254.24897402,-3.2659729557801453,-0.0005422301846385036,-0.42275919671560996
15254.25783929,-3.2659729557801453,-0.0005422301846385036,-0.42275919671560996
15254.262013451,-3.256262000551055,-0.004867115090412488,-0.4152204012444185
15254.269443883,-3.256262000551055,-0.004867115090412488,-0.4152204012444185
15254.279628264,-3.256262000551055,-0.004867115090412488,-0.4152204012444185
15254.290104348,-3.256262000551055,-0.004867115090412488,-0.4152204012444185
15254.300773387,-3.256262000551055,-0.004867115090412488,-0.4152204012444185
15254.310985982,-3.256262000551055,-0.004867115090412488,-0.4152204012444185
15254.312319649,-3.256262000551055,-0.004867115090412488,-0.4152204012444185
15254.312964572,-3.2550106451307963,-0.0035742890508691505,-0.4154377136413514
15254.316801964,-3.2550106451307963,-0.0035742890508691505,-0.4154377136413514
15254.319229605,-3.2550106451307963,-0.0035742890508691505,-0.4154377136413514
15254.331832249,-3.2550106451307963,-0.0035742890508691505,-0.4154377136413514
15254.340036474,-3.2550106451307963,-0.0035742890508691505,-0.4154377136413514
15254.348494957,-3.2550106451307963,-0.0035742890508691505,-0.4154377136413514
15254.360983695,-3.2550106451307963,-0.0035742890508691505,-0.4154377136413514
15254.365179373,-3.253937571318864,-0.0022320166838314948,-0.41117563149041225
15254.369842741,-3.253937571318864,-0.0022320166838314948,-0.41117563149041225
15254.378086728,-3.253937571318864,-0.0022320166838314948,-0.41117563149041225
15254.388954404,-3.253937571318864,-0.0022320166838314948,-0.41117563149041225
15254.403163162,-3.253937571318864,-0.0022320166838314948,-0.41117563149041225
15254.409409309,-3.253937571318864,-0.0022320166838314948,-0.41117563149041225
15254.414585699,-3.245485877603026,-0.0054186901943162336,-0.4052125348847139
15254.416355533,-3.245485877603026,-0.0054186901943162336,-0.4052125348847139
15254.427710363,-3.245485877603026,-0.0054186901943162336,-0.4052125348847139
15254.430060747,-3.245485877603026,-0.0054186901943162336,-0.4052125348847139
15254.430728893,-3.245485877603026,-0.0054186901943162336,-0.4052125348847139
15254.438948628,-3.245485877603026,-0.0054186901943162336,-0.4052125348847139
15254.450074807,-3.245485877603026,-0.0054186901943162336,-0.4052125348847139
15254.461560184,-3.245485877603026,-0.0054186901943162336,-0.4052125348847139
15254.469688745,-3.245485877603026,-0.0054186901943162336,-0.4052125348847139
15254.479710882,-3.245485877603026,-0.0054186901943162336,-0.4052125348847139
15254.486362468,-3.2386600245481105,-0.00831787066694678,-0.39808024309089074
15254.488955232,-3.2386600245481105,-0.00831787066694678,-0.39808024309089074
15254.498870322,-3.2386600245481105,-0.00831787066694678,-0.39808024309089074
15254.509884325,-3.2386600245481105,-0.00831787066694678,-0.39808024309089074
15254.518596814,-3.2386600245481105,-0.00831787066694678,-0.39808024309089074
15254.51901164,-3.2287556550859238,-0.012449881823268005,-0.3923949136536348
15254.519360381,-3.2287556550859238,-0.012449881823268005,-0.3923949136536348
15254.524110577,-3.2287556550859238,-0.012449881823268005,-0.3923949136536348
15254.530321718,-3.2287556550859238,-0.012449881823268005,-0.3923949136536348
15254.539225942,-3.2287556550859238,-0.012449881823268005,-0.3923949136536348
15254.550840904,-3.2287556550859238,-0.012449881823268005,-0.3923949136536348
15254.558687515,-3.2287556550859238,-0.012449881823268005,-0.3923949136536348
15254.561694731,-3.221729028361215,-0.015327952851905746,-0.3851059808533418
15254.569163779,-3.221729028361215,-0.015327952851905746,-0.3851059808533418
15254.580559593,-3.221729028361215,-0.015327952851905746,-0.3851059808533418
15254.589545075,-3.221729028361215,-0.015327952851905746,-0.3851059808533418
15254.601893287,-3.221729028361215,-0.015327952851905746,-0.3851059808533418
15254.609140361,-3.221729028361215,-0.015327952851905746,-0.3851059808533418
15254.620935174,-3.221729028361215,-0.015327952851905746,-0.3851059808533418
15254.626366327,-3.2149106941066807,-0.018045924887667875,-0.3735383882324923
15254.626927521,-3.2149106941066807,-0.018045924887667875,-0.3735383882324923
15254.627289276,-3.2149106941066807,-0.018045924887667875,-0.3735383882324923
15254.630776976,-3.2149106941066807,-0.018045924887667875,-0.3735383882324923
15254.638404872,-3.2149106941066807,-0.018045924887667875,-0.3735383882324923
15254.648635768,-3.2149106941066807,-0.018045924887667875,-0.3735383882324923
15254.66040345,-3.2149106941066807,-0.018045924887667875,-0.3735383882324923
15254.663034068,-3.2043386753362584,-0.022145875139055637,-0.3663717641632785
15254.670544051,-3.2043386753362584,-0.022145875139055637,-0.3663717641632785
15254.679611675,-3.2043386753362584,-0.022145875139055637,-0.3663717641632785
15254.689178997,-3.2043386753362584,-0.022145875139055637,-0.3663717641632785
15254.697164661,-3.2043386753362584,-0.022145875139055637,-0.3663717641632785
15254.71284099,-3.2043386753362584,-0.022145875139055637,-0.3663717641632785
15254.716438668,-3.197266906170734,-0.02484089257279637,-0.36183561227729205
15254.719334987,-3.197266906170734,-0.02484089257279637,-0.36183561227729205
15254.719651998,-3.197266906170734,-0.02484089257279637,-0.36183561227729205
15254.720065271,-3.197266906170734,-0.02484089257279637,-0.36183561227729205
15254.729738303,-3.197266906170734,-0.02484089257279637,-0.36183561227729205
15254.73834281,-3.197266906170734,-0.02484089257279637,-0.36183561227729205
15254.749955568,-3.197266906170734,-0.02484089257279637,-0.36183561227729205
15254.762096948,-3.197266906170734,-0.02484089257279637,-0.36183561227729205
15254.763524884,-3.1899649695031074,-0.027571190230971654,-0.3538011445801485
15254.770608589,-3.1899649695031074,-0.027571190230971654,-0.3538011445801485
15254.780315906,-3.1899649695031074,-0.027571190230971654,-0.3538011445801485
15254.793288922,-3.1899649695031074,-0.027571190230971654,-0.3538011445801485
15254.801972989,-3.1899649695031074,-0.027571190230971654,-0.3538011445801485
15254.811031146,-3.1899649695031074,-0.027571190230971654,-0.3538011445801485
15254.822669352,-3.1899649695031074,-0.027571190230971654,-0.3538011445801485
15254.823598733,-3.182635376664993,-0.03022634996773166,-0.3412944211762177
15254.824178332,-3.182635376664993,-0.03022634996773166,-0.3412944211762177
15254.824564544,-3.182635376664993,-0.03022634996773166,-0.3412944211762177
15254.833131489,-3.182635376664993,-0.03022634996773166,-0.3412944211762177
15254.839636497,-3.182635376664993,-0.03022634996773166,-0.3412944211762177
15254.851294842,-3.182635376664993,-0.03022634996773166,-0.3412944211762177
15254.860297323,-3.182635376664993,-0.03022634996773166,-0.3412944211762177
15254.861002069,-3.171914238014267,-0.033995833333543723,-0.33489312074591987
15254.871671289,-3.171914238014267,-0.033995833333543723,-0.33489312074591987
15254.881238059,-3.171914238014267,-0.033995833333543723,-0.33489312074591987
15254.893810385,-3.171914238014267,-0.033995833333543723,-0.33489312074591987
15254.90399718,-3.171914238014267,-0.033995833333543723,-0.33489312074591987
15254.914187332,-3.171914238014267,-0.033995833333543723,-0.33489312074591987
15254.920857223,-3.171914238014267,-0.033995833333543723,-0.33489312074591987
15254.925132144,-3.1650653228544146,-0.03633963402087881,-0.32455195329596886
15254.926117061,-3.1650653228544146,-0.03633963402087881,-0.32455195329596886
15254.929766808,-3.1650653228544146,-0.03633963402087881,-0.32455195329596886
15254.932436427,-3.1650653228544146,-0.03633963402087881,-0.32455195329596886
15254.939141785,-3.1650653228544146,-0.03633963402087881,-0.32455195329596886
15254.94978744,-3.1650653228544146,-0.03633963402087881,-0.32455195329596886
15254.958083462,-3.1650653228544146,-0.03633963402087881,-0.32455195329596886
15254.96306869,-3.1543998878014845,-0.039880805751504766,-0.3165899648468721
15254.970716283,-3.1543998878014845,-0.039880805751504766,-0.3165899648468721
15254.979839173,-3.1543998878014845,-0.039880805751504766,-0.3165899648468721
15254.990123593,-3.1543998878014845,-0.039880805751504766,-0.3165899648468721
15255.001195313,-3.1543998878014845,-0.039880805751504766,-0.3165899648468721
15255.011166773,-3.1543998878014845,-0.039880805751504766,-0.3165899648468721
15255.015329642,-3.1543998878014845,-0.039880805751504766,-0.3165899648468721
15255.01593009,-3.147366575801456,-0.04215132785150566,-0.30793513200690636
15255.01830989,-3.147366575801456,-0.04215132785150566,-0.30793513200690636
15255.019367635,-3.147366575801456,-0.04215132785150566,-0.30793513200690636
15255.031530416,-3.147366575801456,-0.04215132785150566,-0.30793513200690636
15255.038621184,-3.147366575801456,-0.04215132785150566,-0.30793513200690636
15255.049716501,-3.147366575801456,-0.04215132785150566,-0.30793513200690636
15255.060751965,-3.147366575801456,-0.04215132785150566,-0.30793513200690636
15255.068874529,-3.147366575801456,-0.04215132785150566,-0.30793513200690636
15255.070757016,-3.1398263825837516,-0.044498039408870205,-0.29551423929145226
15255.079786268,-3.1398263825837516,-0.044498039408870205,-0.29551423929145226
15255.089879727,-3.1398263825837516,-0.044498039408870205,-0.29551423929145226
15255.099823552,-3.1398263825837516,-0.044498039408870205,-0.29551423929145226
15255.111097087,-3.1398263825837516,-0.044498039408870205,-0.29551423929145226
15255.119963601,-3.1398263825837516,-0.044498039408870205,-0.29551423929145226
15255.120515567,-3.128869772404566,-0.04778986828752446,-0.2882107629578341
15255.121257513,-3.128869772404566,-0.04778986828752446,-0.2882107629578341
15255.13079113,-3.128869772404566,-0.04778986828752446,-0.2882107629578341
15255.131390746,-3.128869772404566,-0.04778986828752446,-0.2882107629578341
15255.139125826,-3.128869772404566,-0.04778986828752446,-0.2882107629578341
15255.149219154,-3.128869772404566,-0.04778986828752446,-0.2882107629578341
15255.158704691,-3.121484680759311,-0.04994972047805707,-0.2808414830963838
15255.162295276,-3.121484680759311,-0.04994972047805707,-0.2808414830963838
15255.17345201,-3.121484680759311,-0.04994972047805707,-0.2808414830963838
15255.180787091,-3.121484680759311,-0.04994972047805707,-0.2808414830963838
15255.189979802,-3.121484680759311,-0.04994972047805707,-0.2808414830963838
15255.202268621,-3.121484680759311,-0.04994972047805707,-0.2808414830963838
15255.207940661,-3.121484680759311,-0.04994972047805707,-0.2808414830963838
15255.220827634,-3.121484680759311,-0.04994972047805707,-0.2808414830963838
15255.224742914,-3.1140096468491354,-0.05207167346359187,-0.27234972856452355
15255.226475046,-3.1140096468491354,-0.05207167346359187,-0.27234972856452355
15255.232892148,-3.1140096468491354,-0.05207167346359187,-0.27234972856452355
15255.23726769,-3.1140096468491354,-0.05207167346359187,-0.27234972856452355
15255.240065292,-3.1140096468491354,-0.05207167346359187,-0.27234972856452355
15255.249397088,-3.1140096468491354,-0.05207167346359187,-0.27234972856452355
15255.262342881,-3.1140096468491354,-0.05207167346359187,-0.27234972856452355
15255.264131351,-3.1250825247889775,-0.04899992457998259,-0.2688647006207769
15255.271205968,-3.1250825247889775,-0.04899992457998259,-0.2688647006207769
15255.278201967,-3.1250825247889775,-0.04899992457998259,-0.2688647006207769
15255.288837192,-3.1250825247889775,-0.04899992457998259,-0.2688647006207769
15255.30035995,-3.1250825247889775,-0.04899992457998259,-0.2688647006207769
15255.311472269,-3.1250825247889775,-0.04899992457998259,-0.2688647006207769
15255.31433788,-3.11758925719736,-0.05105656194021846,-0.2668722365552251
15255.315356981,-3.11758925719736,-0.05105656194021846,-0.2668722365552251
15255.317062644,-3.11758925719736,-0.05105656194021846,-0.2668722365552251
15255.320811919,-3.11758925719736,-0.05105656194021846,-0.2668722365552251
15255.33047928,-3.11758925719736,-0.05105656194021846,-0.2668722365552251
15255.339035796,-3.11758925719736,-0.05105656194021846,-0.2668722365552251
15255.350605894,-3.11758925719736,-0.05105656194021846,-0.2668722365552251
15255.36201198,-3.11758925719736,-0.05105656194021846,-0.2668722365552251
15255.362949326,-3.1100426198227287,-0.05310993428028277,-0.26444728118718314
15255.368541104,-3.1100426198227287,-0.05310993428028277,-0.26444728118718314
15255.378257858,-3.1100426198227287,-0.05310993428028277,-0.26444728118718314
15255.390612733,-3.1100426198227287,-0.05310993428028277,-0.26444728118718314
15255.401463678,-3.1100426198227287,-0.05310993428028277,-0.26444728118718314
15255.411974447,-3.1100426198227287,-0.05310993428028277,-0.26444728118718314
15255.420845269,-3.1100426198227287,-0.05310993428028277,-0.26444728118718314
15255.421172158,-3.102570171219295,-0.055146750814154544,-0.2677767966443364
15255.421715999,-3.102570171219295,-0.055146750814154544,-0.2677767966443364
15255.422104395,-3.102570171219295,-0.055146750814154544,-0.2677767966443364
15255.434378396,-3.102570171219295,-0.055146750814154544,-0.2677767966443364
15255.441515211,-3.102570171219295,-0.055146750814154544,-0.2677767966443364
15255.449674645,-3.102570171219295,-0.055146750814154544,-0.2677767966443364
15255.460405301,-3.102570171219295,-0.055146750814154544,-0.2677767966443364
15255.461100999,-3.091318991859242,-0.0582384284557228,-0.26855952483952694
15255.468778309,-3.091318991859242,-0.0582384284557228,-0.26855952483952694
15255.481058903,-3.091318991859242,-0.0582384284557228,-0.26855952483952694
15255.491718203,-3.091318991859242,-0.0582384284557228,-0.26855952483952694
15255.504906628,-3.091318991859242,-0.0582384284557228,-0.26855952483952694
15255.517139521,-3.091318991859242,-0.0582384284557228,-0.26855952483952694
15255.524631991,-3.0845618336216436,-0.05960698853916074,-0.2688791274168464
15255.52810386,-3.0845618336216436,-0.05960698853916074,-0.2688791274168464
15255.532453654,-3.0845618336216436,-0.05960698853916074,-0.2688791274168464
15255.539750283,-3.0845618336216436,-0.05960698853916074,-0.2688791274168464
15255.540266882,-3.0845618336216436,-0.05960698853916074,-0.2688791274168464
15255.542952952,-3.0845618336216436,-0.05960698853916074,-0.2688791274168464
15255.559250398,-3.0845618336216436,-0.05960698853916074,-0.2688791274168464
15255.56853835,-3.0845618336216436,-0.05960698853916074,-0.2688791274168464
15255.569837833,-3.074134159782383,-0.06200389448557192,-0.2687981542020599
15255.581359589,-3.074134159782383,-0.06200389448557192,-0.2687981542020599
15255.589347063,-3.074134159782383,-0.06200389448557192,-0.2687981542020599
15255.595951633,-3.074134159782383,-0.06200389448557192,-0.2687981542020599
15255.600984641,-3.074134159782383,-0.06200389448557192,-0.2687981542020599
15255.609621619,-3.074134159782383,-0.06200389448557192,-0.2687981542020599
15255.615480302,-3.074134159782383,-0.06200389448557192,-0.2687981542020599
15255.616075801,-3.0678856178546705,-0.06359901859342731,-0.2688560356041359
15255.617175485,-3.0678856178546705,-0.06359901859342731,-0.2688560356041359
15255.623287549,-3.0678856178546705,-0.06359901859342731,-0.2688560356041359
15255.628044233,-3.0678856178546705,-0.06359901859342731,-0.2688560356041359
15255.641816624,-3.0678856178546705,-0.06359901859342731,-0.2688560356041359
15255.652309029,-3.0678856178546705,-0.06359901859342731,-0.2688560356041359
15255.659667384,-3.0678856178546705,-0.06359901859342731,-0.2688560356041359
15255.660248936,-3.062076231127071,-0.0651924172835604,-0.2665374149223732
15255.671486664,-3.062076231127071,-0.0651924172835604,-0.2665374149223732
15255.68092965,-3.062076231127071,-0.0651924172835604,-0.2665374149223732
15255.688651634,-3.062076231127071,-0.0651924172835604,-0.2665374149223732
15255.70104391,-3.062076231127071,-0.0651924172835604,-0.2665374149223732
15255.708688748,-3.062076231127071,-0.0651924172835604,-0.2665374149223732
15255.72181307,-3.062076231127071,-0.0651924172835604,-0.2665374149223732
15255.723812737,-3.0559940938183616,-0.06684388896866017,-0.26373385085071804
15255.724367769,-3.0559940938183616,-0.06684388896866017,-0.26373385085071804
15255.725229331,-3.0559940938183616,-0.06684388896866017,-0.26373385085071804
15255.728863211,-3.0559940938183616,-0.06684388896866017,-0.26373385085071804
15255.742587952,-3.0559940938183616,-0.06684388896866017,-0.26373385085071804
15255.750051086,-3.0559940938183616,-0.06684388896866017,-0.26373385085071804
15255.758621187,-3.0559940938183616,-0.06684388896866017,-0.26373385085071804
15255.762815406,-3.0460443664793075,-0.06951274351368547,-0.2603962291618752
15255.769726464,-3.0460443664793075,-0.06951274351368547,-0.2603962291618752
15255.781116229,-3.0460443664793075,-0.06951274351368547,-0.2603962291618752
15255.789935924,-3.0460443664793075,-0.06951274351368547,-0.2603962291618752
15255.801093579,-3.0460443664793075,-0.06951274351368547,-0.2603962291618752
15255.813540138,-3.0460443664793075,-0.06951274351368547,-0.2603962291618752
15255.819026876,-3.0460443664793075,-0.06951274351368547,-0.2603962291618752
15255.823788039,-3.0388262674213506,-0.07142322648990729,-0.2570962776085305
15255.824595399,-3.0388262674213506,-0.07142322648990729,-0.2570962776085305
15255.826168941,-3.0388262674213506,-0.07142322648990729,-0.2570962776085305
15255.830632831,-3.0388262674213506,-0.07142322648990729,-0.2570962776085305
15255.839140845,-3.0388262674213506,-0.07142322648990729,-0.2570962776085305
15255.847839891,-3.0388262674213506,-0.07142322648990729,-0.2570962776085305
15255.859834252,-3.0388262674213506,-0.07142322648990729,-0.2570962776085305
15255.866886317,-3.027538734969031,-0.07437942654559715,-0.2551967967888283
15255.871313196,-3.027538734969031,-0.07437942654559715,-0.2551967967888283
15255.878061032,-3.027538734969031,-0.07437942654559715,-0.2551967967888283
15255.893010065,-3.027538734969031,-0.07437942654559715,-0.2551967967888283
15255.899970266,-3.027538734969031,-0.07437942654559715,-0.2551967967888283
15255.912880353,-3.027538734969031,-0.07437942654559715,-0.2551967967888283
15255.913625525,-3.027538734969031,-0.07437942654559715,-0.2551967967888283
15255.914340981,-3.0198004489356336,-0.07640174275223532,-0.25604699744190446
15255.915034695,-3.0198004489356336,-0.07640174275223532,-0.25604699744190446
15255.920957791,-3.0198004489356336,-0.07640174275223532,-0.25604699744190446
15255.928801456,-3.0198004489356336,-0.07640174275223532,-0.25604699744190446
15255.939418998,-3.0198004489356336,-0.07640174275223532,-0.25604699744190446
15255.949328007,-3.0198004489356336,-0.07640174275223532,-0.25604699744190446
15255.960075224,-3.0198004489356336,-0.07640174275223532,-0.25604699744190446
15255.962836527,-3.0120381072447424,-0.078432113253523,-0.2556230892082619
15255.968357791,-3.0120381072447424,-0.078432113253523,-0.2556230892082619
15255.979385641,-3.0120381072447424,-0.078432113253523,-0.2556230892082619
15255.989490732,-3.0120381072447424,-0.078432113253523,-0.2556230892082619
15256.002368704,-3.0120381072447424,-0.078432113253523,-0.2556230892082619
15256.008368678,-3.0120381072447424,-0.078432113253523,-0.2556230892082619
15256.021983079,-3.0042986975344395,-0.08045012487648068,-0.254508243932383
15256.024388818,-3.0042986975344395,-0.08045012487648068,-0.254508243932383
15256.025342496,-3.0042986975344395,-0.08045012487648068,-0.254508243932383
15256.02606754,-3.0042986975344395,-0.08045012487648068,-0.254508243932383
15256.03179416,-3.0042986975344395,-0.08045012487648068,-0.254508243932383
15256.038871275,-3.0042986975344395,-0.08045012487648068,-0.254508243932383
15256.048415353,-3.0042986975344395,-0.08045012487648068,-0.254508243932383
15256.059794505,-3.0042986975344395,-0.08045012487648068,-0.254508243932383
15256.062310233,-2.9933477622646656,-0.0832928040806285,-0.25344704283680203
15256.069387779,-2.9933477622646656,-0.0832928040806285,-0.25344704283680203
15256.081112606,-2.9933477622646656,-0.0832928040806285,-0.25344704283680203
15256.089577161,-2.9933477622646656,-0.0832928040806285,-0.25344704283680203
15256.099887,-2.9933477622646656,-0.0832928040806285,-0.25344704283680203
15256.112027247,-2.9933477622646656,-0.0832928040806285,-0.25344704283680203
15256.118806525,-2.9933477622646656,-0.0832928040806285,-0.25344704283680203
15256.12313081,-2.9862656999867556,-0.0851232473675903,-0.25240658415760275
15256.123747699,-2.9862656999867556,-0.0851232473675903,-0.25240658415760275
15256.129492246,-2.9862656999867556,-0.0851232473675903,-0.25240658415760275
15256.130268607,-2.9862656999867556,-0.0851232473675903,-0.25240658415760275
15256.140698013,-2.9862656999867556,-0.0851232473675903,-0.25240658415760275
15256.149715372,-2.9862656999867556,-0.0851232473675903,-0.25240658415760275
15256.16005617,-2.9862656999867556,-0.0851232473675903,-0.25240658415760275
15256.163750972,-2.9748889100638314,-0.08803767857687034,-0.24915431632007828
15256.165895767,-2.9748889100638314,-0.08803767857687034,-0.24915431632007828
15256.170526853,-2.9748889100638314,-0.08803767857687034,-0.24915431632007828
15256.180713776,-2.9748889100638314,-0.08803767857687034,-0.24915431632007828
15256.191248925,-2.9748889100638314,-0.08803767857687034,-0.24915431632007828
15256.200760581,-2.9748889100638314,-0.08803767857687034,-0.24915431632007828
15256.211316005,-2.9748889100638314,-0.08803767857687034,-0.24915431632007828
15256.21728114,-2.9748889100638314,-0.08803767857687034,-0.24915431632007828
15256.217962892,-2.967158449595289,-0.08998872354199561,-0.2452881206413674
15256.219633528,-2.967158449595289,-0.08998872354199561,-0.2452881206413674
15256.230223667,-2.967158449595289,-0.08998872354199561,-0.2452881206413674
15256.239101222,-2.967158449595289,-0.08998872354199561,-0.2452881206413674
15256.249140147,-2.967158449595289,-0.08998872354199561,-0.2452881206413674
15256.260928879,-2.967158449595289,-0.08998872354199561,-0.2452881206413674
15256.268892421,-2.967158449595289,-0.08998872354199561,-0.2452881206413674
15256.269827213,-2.9595689055115395,-0.09187734585255464,-0.2424950469871926
15256.277342325,-2.9595689055115395,-0.09187734585255464,-0.2424950469871926
15256.288810769,-2.9595689055115395,-0.09187734585255464,-0.2424950469871926
15256.29786038,-2.9595689055115395,-0.09187734585255464,-0.2424950469871926
15256.310137747,-2.9595689055115395,-0.09187734585255464,-0.2424950469871926
15256.321129207,-2.9595689055115395,-0.09187734585255464,-0.2424950469871926
15256.321881663,-2.9595689055115395,-0.09187734585255464,-0.2424950469871926
15256.322783453,-2.9481894295926394,-0.09467715321068021,-0.2400014270683693
15256.3234889,-2.9481894295926394,-0.09467715321068021,-0.2400014270683693
15256.328576231,-2.9481894295926394,-0.09467715321068021,-0.2400014270683693
15256.338779348,-2.9481894295926394,-0.09467715321068021,-0.2400014270683693
15256.348865763,-2.9481894295926394,-0.09467715321068021,-0.2400014270683693
15256.359497602,-2.9481894295926394,-0.09467715321068021,-0.2400014270683693
15256.360824567,-2.9407862225569437,-0.09647557493492653,-0.23661564482654807
15256.369809351,-2.9407862225569437,-0.09647557493492653,-0.23661564482654807
15256.379631609,-2.9407862225569437,-0.09647557493492653,-0.23661564482654807
15256.389818485,-2.9407862225569437,-0.09647557493492653,-0.23661564482654807
15256.401766568,-2.9407862225569437,-0.09647557493492653,-0.23661564482654807
15256.411077664,-2.9407862225569437,-0.09647557493492653,-0.23661564482654807
15256.418485283,-2.9407862225569437,-0.09647557493492653,-0.23661564482654807
15256.424322325,-2.933330271643554,-0.09827125674095225,-0.2360601295372414
15256.425076594,-2.933330271643554,-0.09827125674095225,-0.2360601295372414
15256.425988272,-2.933330271643554,-0.09827125674095225,-0.2360601295372414
15256.428768381,-2.933330271643554,-0.09827125674095225,-0.2360601295372414
15256.439433473,-2.933330271643554,-0.09827125674095225,-0.2360601295372414
15256.449432513,-2.933330271643554,-0.09827125674095225,-0.2360601295372414
15256.459101798,-2.933330271643554,-0.09827125674095225,-0.2360601295372414
15256.462949439,-2.9220121075299095,-0.10100194305039231,-0.23742293013538593
15256.469647824,-2.9220121075299095,-0.10100194305039231,-0.23742293013538593
15256.479056725,-2.9220121075299095,-0.10100194305039231,-0.23742293013538593
15256.490609009,-2.9220121075299095,-0.10100194305039231,-0.23742293013538593
15256.502412879,-2.9220121075299095,-0.10100194305039231,-0.23742293013538593
15256.512002683,-2.9220121075299095,-0.10100194305039231,-0.23742293013538593
15256.518567314,-2.9220121075299095,-0.10100194305039231,-0.23742293013538593
15256.520753317,-2.914387905505042,-0.10285563331784536,-0.23958634032215342
15256.521190385,-2.914387905505042,-0.10285563331784536,-0.23958634032215342
15256.521604801,-2.914387905505042,-0.10285563331784536,-0.23958634032215342
15256.533950427,-2.914387905505042,-0.10285563331784536,-0.23958634032215342
15256.539698157,-2.914387905505042,-0.10285563331784536,-0.23958634032215342
15256.549381051,-2.914387905505042,-0.10285563331784536,-0.23958634032215342
15256.559013145,-2.914387905505042,-0.10285563331784536,-0.23958634032215342
15256.55996555,-2.9068686343203995,-0.10471215441264628,-0.24453471793140655
15256.572007001,-2.9068686343203995,-0.10471215441264628,-0.24453471793140655
15256.580254,-2.9068686343203995,-0.10471215441264628,-0.24453471793140655
15256.591301808,-2.9068686343203995,-0.10471215441264628,-0.24453471793140655
15256.600222273,-2.9068686343203995,-0.10471215441264628,-0.24453471793140655
15256.610074435,-2.9068686343203995,-0.10471215441264628,-0.24453471793140655
15256.614068294,-2.9068686343203995,-0.10471215441264628,-0.24453471793140655
15256.614876275,-2.8994307283179213,-0.10658117326479025,-0.24783681525196313
15256.615504436,-2.8994307283179213,-0.10658117326479025,-0.24783681525196313
15256.621224222,-2.8994307283179213,-0.10658117326479025,-0.24783681525196313
15256.629740775,-2.8994307283179213,-0.10658117326479025,-0.24783681525196313
15256.638308984,-2.8994307283179213,-0.10658117326479025,-0.24783681525196313
15256.647438315,-2.8994307283179213,-0.10658117326479025,-0.24783681525196313
15256.658205742,-2.8994307283179213,-0.10658117326479025,-0.24783681525196313
15256.660578889,-2.888738077334841,-0.10931038119112932,-0.2519745696922707
15256.670169294,-2.888738077334841,-0.10931038119112932,-0.2519745696922707
15256.676995952,-2.888738077334841,-0.10931038119112932,-0.2519745696922707
15256.689709255,-2.888738077334841,-0.10931038119112932,-0.2519745696922707
15256.700774706,-2.888738077334841,-0.10931038119112932,-0.2519745696922707
15256.709805471,-2.888738077334841,-0.10931038119112932,-0.2519745696922707
15256.718495787,-2.888738077334841,-0.10931038119112932,-0.2519745696922707
15256.720195542,-2.8814625160011587,-0.11120131043682224,-0.2565770019432473
15256.721020245,-2.8814625160011587,-0.11120131043682224,-0.2565770019432473
15256.725467894,-2.8814625160011587,-0.11120131043682224,-0.2565770019432473
15256.730532141,-2.8814625160011587,-0.11120131043682224,-0.2565770019432473
15256.739001422,-2.8814625160011587,-0.11120131043682224,-0.2565770019432473
15256.751074583,-2.8814625160011587,-0.11120131043682224,-0.2565770019432473
15256.759676435,-2.8814625160011587,-0.11120131043682224,-0.2565770019432473
15256.763930045,-2.8703745080762326,-0.11412009360036207,-0.25821994437183615
15256.771977186,-2.8703745080762326,-0.11412009360036207,-0.25821994437183615
15256.779658604,-2.8703745080762326,-0.11412009360036207,-0.25821994437183615
15256.791805865,-2.8703745080762326,-0.11412009360036207,-0.25821994437183615
15256.800619738,-2.8703745080762326,-0.11412009360036207,-0.25821994437183615
15256.809414513,-2.8703745080762326,-0.11412009360036207,-0.25821994437183615
15256.815054715,-2.862911658471398,-0.11609507715813,-0.25920246733631375
15256.816947502,-2.862911658471398,-0.11609507715813,-0.25920246733631375
15256.819190332,-2.862911658471398,-0.11609507715813,-0.25920246733631375
15256.819653721,-2.862911658471398,-0.11609507715813,-0.25920246733631375
15256.83018012,-2.862911658471398,-0.11609507715813,-0.25920246733631375
15256.839447733,-2.862911658471398,-0.11609507715813,-0.25920246733631375
15256.848859791,-2.862911658471398,-0.11609507715813,-0.25920246733631375
15256.859558877,-2.862911658471398,-0.11609507715813,-0.25920246733631375
15256.869354752,-2.862911658471398,-0.11609507715813,-0.25920246733631375
15256.871781631,-2.85571463013549,-0.11798620136817842,-0.25470923079456553
15256.882153818,-2.85571463013549,-0.11798620136817842,-0.25470923079456553
15256.893709708,-2.85571463013549,-0.11798620136817842,-0.25470923079456553
15256.90433753,-2.85571463013549,-0.11798620136817842,-0.25470923079456553
15256.911459026,-2.85571463013549,-0.11798620136817842,-0.25470923079456553
15256.912276535,-2.844227346086275,-0.12097887680742231,-0.25500224722828146
15256.913028761,-2.844227346086275,-0.12097887680742231,-0.25500224722828146
15256.915005908,-2.844227346086275,-0.12097887680742231,-0.25500224722828146
15256.91957665,-2.844227346086275,-0.12097887680742231,-0.25500224722828146
15256.933044511,-2.844227346086275,-0.12097887680742231,-0.25500224722828146
15256.938896003,-2.844227346086275,-0.12097887680742231,-0.25500224722828146
15256.948189395,-2.844227346086275,-0.12097887680742231,-0.25500224722828146
15256.957738593,-2.8369745281463836,-0.1228566797716816,-0.2516851295372414
15256.960905024,-2.8369745281463836,-0.1228566797716816,-0.2516851295372414
15256.9702794,-2.8369745281463836,-0.1228566797716816,-0.2516851295372414
15256.980133425,-2.8369745281463836,-0.1228566797716816,-0.2516851295372414
15256.990530539,-2.8369745281463836,-0.1228566797716816,-0.2516851295372414
15257.000024902,-2.8369745281463836,-0.1228566797716816,-0.2516851295372414
15257.007746135,-2.8369745281463836,-0.1228566797716816,-0.2516851295372414
15257.019086857,-2.8297396099136436,-0.12470244719432191,-0.24789689673389667
15257.021426301,-2.8297396099136436,-0.12470244719432191,-0.24789689673389667
15257.021806401,-2.8297396099136436,-0.12470244719432191,-0.24789689673389667
15257.022427007,-2.8297396099136436,-0.12470244719432191,-0.24789689673389667
15257.031297388,-2.8297396099136436,-0.12470244719432191,-0.24789689673389667
15257.040388878,-2.8297396099136436,-0.12470244719432191,-0.24789689673389667
15257.047166152,-2.8297396099136436,-0.12470244719432191,-0.24789689673389667
15257.059089809,-2.8297396099136436,-0.12470244719432191,-0.24789689673389667
15257.060285966,-2.81834863235588,-0.1275609237995264,-0.24383352889026882
15257.068103422,-2.81834863235588,-0.1275609237995264,-0.24383352889026882
15257.077751807,-2.81834863235588,-0.1275609237995264,-0.24383352889026882
15257.088121689,-2.81834863235588,-0.1275609237995264,-0.24383352889026882
15257.10034232,-2.81834863235588,-0.1275609237995264,-0.24383352889026882
15257.108810347,-2.81834863235588,-0.1275609237995264,-0.24383352889026882
15257.121553795,-2.81834863235588,-0.1275609237995264,-0.24383352889026882
15257.122606731,-2.792255555806641,-0.1407318390667486,-0.22650881642615175
15257.123185508,-2.792255555806641,-0.1407318390667486,-0.22650881642615175
15257.126989346,-2.792255555806641,-0.1407318390667486,-0.22650881642615175
15257.129709982,-2.792255555806641,-0.1407318390667486,-0.22650881642615175
15257.139475282,-2.792255555806641,-0.1407318390667486,-0.22650881642615175
15257.148087003,-2.792255555806641,-0.1407318390667486,-0.22650881642615175
15257.158290229,-2.792255555806641,-0.1407318390667486,-0.22650881642615175
15257.163109673,-2.7692663490865526,-0.15012393864451445,-0.21350772889968359
15257.169366831,-2.7692663490865526,-0.15012393864451445,-0.21350772889968359
15257.178909406,-2.7692663490865526,-0.15012393864451445,-0.21350772889968359
15257.188464955,-2.7692663490865526,-0.15012393864451445,-0.21350772889968359
15257.19845075,-2.7692663490865526,-0.15012393864451445,-0.21350772889968359
15257.208680257,-2.7692663490865526,-0.15012393864451445,-0.21350772889968359
15257.216609494,-2.7609447177485147,-0.15218766443597576,-0.2116082388015848
15257.217309771,-2.7609447177485147,-0.15218766443597576,-0.2116082388015848
15257.217957698,-2.7609447177485147,-0.15218766443597576,-0.2116082388015848
15257.219886905,-2.7609447177485147,-0.15218766443597576,-0.2116082388015848
15257.229929918,-2.7609447177485147,-0.15218766443597576,-0.2116082388015848
15257.238722662,-2.7609447177485147,-0.15218766443597576,-0.2116082388015848
15257.247962743,-2.7609447177485147,-0.15218766443597576,-0.2116082388015848
15257.257605217,-2.7609447177485147,-0.15218766443597576,-0.2116082388015848
15257.270181522,-2.7609447177485147,-0.15218766443597576,-0.2116082388015848
15257.271777616,-2.7534162844398127,-0.15377739145977726,-0.20460350094758092
15257.277892275,-2.7534162844398127,-0.15377739145977726,-0.20460350094758092
15257.288203526,-2.7534162844398127,-0.15377739145977726,-0.20460350094758092
15257.298389079,-2.7534162844398127,-0.15377739145977726,-0.20460350094758092
15257.310629517,-2.7534162844398127,-0.15377739145977726,-0.20460350094758092
15257.315763005,-2.7421565624200155,-0.15607149849988639,-0.19738347111664836
15257.316593129,-2.7421565624200155,-0.15607149849988639,-0.19738347111664836
15257.318463944,-2.7421565624200155,-0.15607149849988639,-0.19738347111664836
15257.319501089,-2.7421565624200155,-0.15607149849988639,-0.19738347111664836
15257.328775316,-2.7421565624200155,-0.15607149849988639,-0.19738347111664836
15257.339306855,-2.7421565624200155,-0.15607149849988639,-0.19738347111664836
15257.347467671,-2.7421565624200155,-0.15607149849988639,-0.19738347111664836
15257.361081151,-2.7421565624200155,-0.15607149849988639,-0.19738347111664836
15257.366245377,-2.735200270120676,-0.15742628838329498,-0.1873157697769267
15257.372184052,-2.735200270120676,-0.15742628838329498,-0.1873157697769267
15257.376887706,-2.735200270120676,-0.15742628838329498,-0.1873157697769267
15257.389035498,-2.735200270120676,-0.15742628838329498,-0.1873157697769267
15257.399021553,-2.735200270120676,-0.15742628838329498,-0.1873157697769267
15257.41020656,-2.735200270120676,-0.15742628838329498,-0.1873157697769267
15257.419346813,-2.735200270120676,-0.15742628838329498,-0.1873157697769267
15257.420523032,-2.735200270120676,-0.15742628838329498,-0.1873157697769267
15257.420888715,-2.728257138598843,-0.15871480311378067,-0.17967159329377244
15257.42274894,-2.728257138598843,-0.15871480311378067,-0.17967159329377244
15257.429268763,-2.728257138598843,-0.15871480311378067,-0.17967159329377244
15257.438912783,-2.728257138598843,-0.15871480311378067,-0.17967159329377244
15257.448464004,-2.728257138598843,-0.15871480311378067,-0.17967159329377244
15257.460835861,-2.728257138598843,-0.15871480311378067,-0.17967159329377244
15257.461605199,-2.717838616635849,-0.1605554507501863,-0.17006094037018837
15257.47198471,-2.717838616635849,-0.1605554507501863,-0.17006094037018837
15257.47801083,-2.717838616635849,-0.1605554507501863,-0.17006094037018837
15257.48870094,-2.717838616635849,-0.1605554507501863,-0.17006094037018837
15257.500978007,-2.717838616635849,-0.1605554507501863,-0.17006094037018837
15257.511053421,-2.717838616635849,-0.1605554507501863,-0.17006094037018837
15257.518960236,-2.717838616635849,-0.1605554507501863,-0.17006094037018837
15257.520488813,-2.717838616635849,-0.1605554507501863,-0.17006094037018837
15257.521320669,-2.710994221956911,-0.16167360223141408,-0.15381295262299605
15257.528736874,-2.710994221956911,-0.16167360223141408,-0.15381295262299605
15257.529253734,-2.710994221956911,-0.16167360223141408,-0.15381295262299605
15257.540034896,-2.710994221956911,-0.16167360223141408,-0.15381295262299605
15257.547820911,-2.710994221956911,-0.16167360223141408,-0.15381295262299605
15257.557786388,-2.710994221956911,-0.16167360223141408,-0.15381295262299605
15257.574404511,-2.710994221956911,-0.16167360223141408,-0.15381295262299605
15257.574713527,-2.7009310516490883,-0.16317730110258777,-0.1428440290542704
15257.579695078,-2.7009310516490883,-0.16317730110258777,-0.1428440290542704
15257.591039587,-2.7009310516490883,-0.16317730110258777,-0.1428440290542704
15257.599175964,-2.7009310516490883,-0.16317730110258777,-0.1428440290542704
15257.610449923,-2.7009310516490883,-0.16317730110258777,-0.1428440290542704
15257.615276981,-2.694011705474744,-0.1641382088526983,-0.133136101350413
15257.616126521,-2.694011705474744,-0.1641382088526983,-0.133136101350413
15257.619234812,-2.694011705474744,-0.1641382088526983,-0.133136101350413
15257.61958222,-2.694011705474744,-0.1641382088526983,-0.133136101350413
15257.62989215,-2.694011705474744,-0.1641382088526983,-0.133136101350413
15257.64054065,-2.694011705474744,-0.1641382088526983,-0.133136101350413
15257.649451247,-2.694011705474744,-0.1641382088526983,-0.133136101350413
15257.658579286,-2.694011705474744,-0.1641382088526983,-0.133136101350413
15257.661269544,-2.6872069752005534,-0.16500088823773207,-0.11907131253205361
15257.670799816,-2.6872069752005534,-0.16500088823773207,-0.11907131253205361
15257.680359733,-2.6872069752005534,-0.16500088823773207,-0.11907131253205361
15257.690139076,-2.6872069752005534,-0.16500088823773207,-0.11907131253205361
15257.702050961,-2.6872069752005534,-0.16500088823773207,-0.11907131253205361
15257.7114425,-2.6872069752005534,-0.16500088823773207,-0.11907131253205361
15257.720666772,-2.6872069752005534,-0.16500088823773207,-0.11907131253205361
15257.721695571,-2.6806187184689683,-0.16575609476918368,-0.10919076977692674
15257.72231788,-2.6806187184689683,-0.16575609476918368,-0.10919076977692674
15257.722950089,-2.6806187184689683,-0.16575609476918368,-0.10919076977692674
15257.730126326,-2.6806187184689683,-0.16575609476918368,-0.10919076977692674
15257.738420558,-2.6806187184689683,-0.16575609476918368,-0.10919076977692674
15257.749207321,-2.6806187184689683,-0.16575609476918368,-0.10919076977692674
15257.758382218,-2.6806187184689683,-0.16575609476918368,-0.10919076977692674
15257.759490218,-2.671127806492974,-0.16674342000099174,-0.09812051831208295
15257.769270413,-2.671127806492974,-0.16674342000099174,-0.09812051831208295
15257.778056284,-2.671127806492974,-0.16674342000099174,-0.09812051831208295
15257.789281378,-2.671127806492974,-0.16674342000099174,-0.09812051831208295
15257.798995296,-2.671127806492974,-0.16674342000099174,-0.09812051831208295
15257.81086942,-2.671127806492974,-0.16674342000099174,-0.09812051831208295
15257.818427433,-2.671127806492974,-0.16674342000099174,-0.09812051831208295
15257.821669598,-2.6649496698774446,-0.16727680014728763,-0.07411939679108687
15257.822059397,-2.6649496698774446,-0.16727680014728763,-0.07411939679108687
15257.823793052,-2.6649496698774446,-0.16727680014728763,-0.07411939679108687
15257.831672104,-2.6649496698774446,-0.16727680014728763,-0.07411939679108687
15257.839539234,-2.6649496698774446,-0.16727680014728763,-0.07411939679108687
15257.848871901,-2.6649496698774446,-0.16727680014728763,-0.07411939679108687
15257.858616278,-2.6649496698774446,-0.16727680014728763,-0.07411939679108687
15257.862320378,-2.6560087570394066,-0.16786107105122933,-0.056391068086252875
15257.870415679,-2.6560087570394066,-0.16786107105122933,-0.056391068086252875
15257.879935992,-2.6560087570394066,-0.16786107105122933,-0.056391068086252875
15257.890975463,-2.6560087570394066,-0.16786107105122933,-0.056391068086252875
15257.901070154,-2.6560087570394066,-0.16786107105122933,-0.056391068086252875
15257.910348739,-2.6560087570394066,-0.16786107105122933,-0.056391068086252875
15257.913135269,-2.6560087570394066,-0.16786107105122933,-0.056391068086252875
15257.913948501,-2.6497625635123745,-0.16812434580152308,-0.02785832463227341
15257.915897865,-2.6497625635123745,-0.16812434580152308,-0.02785832463227341
15257.918485897,-2.6497625635123745,-0.16812434580152308,-0.02785832463227341
15257.928668708,-2.6497625635123745,-0.16812434580152308,-0.02785832463227341
15257.943804102,-2.6497625635123745,-0.16812434580152308,-0.02785832463227341
15257.947865869,-2.6497625635123745,-0.16812434580152308,-0.02785832463227341
15257.963229085,-2.6497625635123745,-0.16812434580152308,-0.02785832463227341
15257.964323469,-2.643587539367332,-0.16822270608807438,-0.003996439561472626
15257.971139537,-2.643587539367332,-0.16822270608807438,-0.003996439561472626
15257.981024831,-2.643587539367332,-0.16822270608807438,-0.003996439561472626
15257.991243547,-2.643587539367332,-0.16822270608807438,-0.003996439561472626
15257.998486113,-2.643587539367332,-0.16822270608807438,-0.003996439561472626
15258.009500006,-2.643587539367332,-0.16822270608807438,-0.003996439561472626
15258.018929126,-2.637640182817498,-0.16813445396176552,0.03367202700652062
15258.022191599,-2.637640182817498,-0.16813445396176552,0.03367202700652062
15258.022737062,-2.637640182817498,-0.16813445396176552,0.03367202700652062
15258.026900603,-2.637640182817498,-0.16813445396176552,0.03367202700652062
15258.031917681,-2.637640182817498,-0.16813445396176552,0.03367202700652062
15258.040655481,-2.637640182817498,-0.16813445396176552,0.03367202700652062
15258.049664524,-2.637640182817498,-0.16813445396176552,0.03367202700652062
15258.061498982,-2.637640182817498,-0.16813445396176552,0.03367202700652062
15258.062059004,-2.6291197963526023,-0.16773593316045082,0.059805087461842786
15258.06869504,-2.6291197963526023,-0.16773593316045082,0.059805087461842786
15258.079759319,-2.6291197963526023,-0.16773593316045082,0.059805087461842786
15258.089523343,-2.6291197963526023,-0.16773593316045082,0.059805087461842786
15258.099371487,-2.6291197963526023,-0.16773593316045082,0.059805087461842786
15258.1102166,-2.6291197963526023,-0.16773593316045082,0.059805087461842786
15258.120080444,-2.6291197963526023,-0.16773593316045082,0.059805087461842786
15258.123151845,-2.6238684609826026,-0.16736212883534496,0.0823206228164571
15258.123675417,-2.6238684609826026,-0.16736212883534496,0.0823206228164571
15258.125517809,-2.6238684609826026,-0.16736212883534496,0.0823206228164571
15258.132191677,-2.6238684609826026,-0.16736212883534496,0.0823206228164571
15258.139466473,-2.6238684609826026,-0.16736212883534496,0.0823206228164571
15258.147458088,-2.6238684609826026,-0.16736212883534496,0.0823206228164571
15258.159339666,-2.6238684609826026,-0.16736212883534496,0.0823206228164571
15258.162034033,-2.615830225602234,-0.16660186092057389,0.10628121317900599
15258.170357597,-2.615830225602234,-0.16660186092057389,0.10628121317900599
15258.178233059,-2.615830225602234,-0.16660186092057389,0.10628121317900599
15258.189683923,-2.615830225602234,-0.16660186092057389,0.10628121317900599
15258.200453894,-2.615830225602234,-0.16660186092057389,0.10628121317900599
15258.212835416,-2.615830225602234,-0.16660186092057389,0.10628121317900599
15258.213406779,-2.6105794273120484,-0.165959589000377,0.13714735926665245
15258.213671961,-2.6105794273120484,-0.165959589000377,0.13714735926665245
15258.214988029,-2.6105794273120484,-0.165959589000377,0.13714735926665245
15258.222028201,-2.6105794273120484,-0.165959589000377,0.13714735926665245
15258.231124199,-2.6105794273120484,-0.165959589000377,0.13714735926665245
15258.239978349,-2.6105794273120484,-0.165959589000377,0.13714735926665245
15258.250307835,-2.6105794273120484,-0.165959589000377,0.13714735926665245
15258.259357565,-2.6105794273120484,-0.165959589000377,0.13714735926665245
15258.270404802,-2.6053222890314105,-0.16517580502144208,0.15885131777800496
15258.272293772,-2.6053222890314105,-0.16517580502144208,0.15885131777800496
15258.282910222,-2.6053222890314105,-0.16517580502144208,0.15885131777800496
15258.288448074,-2.6053222890314105,-0.16517580502144208,0.15885131777800496
15258.304265002,-2.6053222890314105,-0.16517580502144208,0.15885131777800496
15258.313820071,-2.6053222890314105,-0.16517580502144208,0.15885131777800496
15258.324296936,-2.5981448911594005,-0.1639024454788314,0.192319564237966
15258.327196321,-2.5981448911594005,-0.1639024454788314,0.192319564237966
15258.330009272,-2.5981448911594005,-0.1639024454788314,0.192319564237966
15258.333262728,-2.5981448911594005,-0.1639024454788314,0.192319564237966
15258.333753187,-2.5981448911594005,-0.1639024454788314,0.192319564237966
15258.3429835,-2.5981448911594005,-0.1639024454788314,0.192319564237966
15258.349740185,-2.5981448911594005,-0.1639024454788314,0.192319564237966
15258.360707069,-2.5981448911594005,-0.1639024454788314,0.192319564237966
15258.361798056,-2.5936826033154268,-0.1629835186328493,0.21386568964995323
15258.371474084,-2.5936826033154268,-0.1629835186328493,0.21386568964995323
15258.379267955,-2.5936826033154268,-0.1629835186328493,0.21386568964995323
15258.389650131,-2.5936826033154268,-0.1629835186328493,0.21386568964995323
15258.402020284,-2.5936826033154268,-0.1629835186328493,0.21386568964995323
15258.411107376,-2.5936826033154268,-0.1629835186328493,0.21386568964995323
15258.421564403,-2.5936826033154268,-0.1629835186328493,0.21386568964995323
15258.422521828,-2.587801672500243,-0.15825483210354663,0.2366550934602976
15258.422891528,-2.587801672500243,-0.15825483210354663,0.2366550934602976
15258.429673361,-2.587801672500243,-0.15825483210354663,0.2366550934602976
15258.432978535,-2.587801672500243,-0.15825483210354663,0.2366550934602976
15258.43839515,-2.587801672500243,-0.15825483210354663,0.2366550934602976
15258.449420745,-2.587801672500243,-0.15825483210354663,0.2366550934602976
15258.465682554,-2.587801672500243,-0.15825483210354663,0.2366550934602976
15258.466442324,-2.580191742255658,-0.15302418740970627,0.25740755548180044
15258.472647333,-2.580191742255658,-0.15302418740970627,0.25740755548180044
15258.478896737,-2.580191742255658,-0.15302418740970627,0.25740755548180044
15258.488901648,-2.580191742255658,-0.15302418740970627,0.25740755548180044
15258.501757111,-2.580191742255658,-0.15302418740970627,0.25740755548180044
15258.512692104,-2.580191742255658,-0.15302418740970627,0.25740755548180044
15258.513543678,-2.576254304657525,-0.1517734004782462,0.284202807322672
15258.514038226,-2.576254304657525,-0.1517734004782462,0.284202807322672
15258.516358283,-2.576254304657525,-0.1517734004782462,0.284202807322672
15258.519214806,-2.576254304657525,-0.1517734004782462,0.284202807322672
15258.529459251,-2.576254304657525,-0.1517734004782462,0.284202807322672
15258.538622117,-2.576254304657525,-0.1517734004782462,0.284202807322672
15258.548550672,-2.576254304657525,-0.1517734004782462,0.284202807322672
15258.565187542,-2.576254304657525,-0.1517734004782462,0.284202807322672
15258.566129327,-2.572569940439833,-0.15066588283286628,0.2998104027663976
15258.571259399,-2.572569940439833,-0.15066588283286628,0.2998104027663976
15258.580701082,-2.572569940439833,-0.15066588283286628,0.2998104027663976
15258.590014032,-2.572569940439833,-0.15066588283286628,0.2998104027663976
15258.598713368,-2.572569940439833,-0.15066588283286628,0.2998104027663976
15258.610106189,-2.572569940439833,-0.15066588283286628,0.2998104027663976
15258.621003729,-2.572569940439833,-0.15066588283286628,0.2998104027663976
15258.621604778,-2.569053367115178,-0.14953036571436282,0.32486032761686146
15258.622841312,-2.569053367115178,-0.14953036571436282,0.32486032761686146
15258.623743184,-2.569053367115178,-0.14953036571436282,0.32486032761686146
15258.629355941,-2.569053367115178,-0.14953036571436282,0.32486032761686146
15258.639343949,-2.569053367115178,-0.14953036571436282,0.32486032761686146
15258.649340635,-2.569053367115178,-0.14953036571436282,0.32486032761686146
15258.659562597,-2.569053367115178,-0.14953036571436282,0.32486032761686146
15258.661693575,-2.5642704991502727,-0.14787223188483692,0.3425712517654211
15258.668426385,-2.5642704991502727,-0.14787223188483692,0.3425712517654211
15258.678251245,-2.5642704991502727,-0.14787223188483692,0.3425712517654211
15258.693843745,-2.5642704991502727,-0.14787223188483692,0.3425712517654211
15258.698669611,-2.5642704991502727,-0.14787223188483692,0.3425712517654211
15258.710921751,-2.5642704991502727,-0.14787223188483692,0.3425712517654211
15258.719150375,-2.5642704991502727,-0.14787223188483692,0.3425712517654211
15258.723926798,-2.5612999876783515,-0.1467832330165333,0.36020635880582635
15258.724952351,-2.5612999876783515,-0.1467832330165333,0.36020635880582635
15258.72735766,-2.5612999876783515,-0.1467832330165333,0.36020635880582635
15258.731485964,-2.5612999876783515,-0.1467832330165333,0.36020635880582635
15258.74053885,-2.5612999876783515,-0.1467832330165333,0.36020635880582635
15258.750927739,-2.5612999876783515,-0.1467832330165333,0.36020635880582635
15258.760591183,-2.5612999876783515,-0.1467832330165333,0.36020635880582635
15258.767689696,-2.5612999876783515,-0.1467832330165333,0.36020635880582635
15258.770551981,-2.5612999876783515,-0.1467832330165333,0.36020635880582635
15258.771012624,-2.5569534366432016,-0.145110901722003,0.37437414445035777
15258.780501396,-2.5569534366432016,-0.145110901722003,0.37437414445035777
15258.789079613,-2.5569534366432016,-0.145110901722003,0.37437414445035777
15258.798635784,-2.5569534366432016,-0.145110901722003,0.37437414445035777
15258.811031215,-2.5569534366432016,-0.145110901722003,0.37437414445035777
15258.813691757,-2.5569534366432016,-0.145110901722003,0.37437414445035777
15258.815632695,-2.5532071660282227,-0.1453550240280684,0.39197263187607284
15258.82171392,-2.5532071660282227,-0.1453550240280684,0.39197263187607284
15258.830715901,-2.5532071660282227,-0.1453550240280684,0.39197263187607284
15258.840181139,-2.5532071660282227,-0.1453550240280684,0.39197263187607284
15258.851495211,-2.5532071660282227,-0.1453550240280684,0.39197263187607284
15258.859757509,-2.5532071660282227,-0.1453550240280684,0.39197263187607284
15258.860861531,-2.5495972850738955,-0.14549332186566433,0.40101644117741725
15258.868439453,-2.5495972850738955,-0.14549332186566433,0.40101644117741725
15258.872213415,-2.5495972850738955,-0.14549332186566433,0.40101644117741725
15258.881372102,-2.5495972850738955,-0.14549332186566433,0.40101644117741725
15258.890544926,-2.5495972850738955,-0.14549332186566433,0.40101644117741725
15258.901159322,-2.5495972850738955,-0.14549332186566433,0.40101644117741725
15258.912901024,-2.5495972850738955,-0.14549332186566433,0.40101644117741725
15258.922487011,-2.5469764581967964,-0.1444415684638256,0.414972111236356
15258.924310167,-2.5469764581967964,-0.1444415684638256,0.414972111236356
15258.92778923,-2.5469764581967964,-0.1444415684638256,0.414972111236356
15258.931948172,-2.5469764581967964,-0.1444415684638256,0.414972111236356
15258.941083595,-2.5469764581967964,-0.1444415684638256,0.414972111236356
15258.948091887,-2.5469764581967964,-0.1444415684638256,0.414972111236356
15258.95884224,-2.5469764581967964,-0.1444415684638256,0.414972111236356
15258.960728565,-2.543346405673167,-0.14282489646451432,0.4230013337247593
15258.973393948,-2.543346405673167,-0.14282489646451432,0.4230013337247593
15258.977825116,-2.543346405673167,-0.14282489646451432,0.4230013337247593
15258.996142661,-2.543346405673167,-0.14282489646451432,0.4230013337247593
15258.999876998,-2.543346405673167,-0.14282489646451432,0.4230013337247593
15259.008383719,-2.543346405673167,-0.14282489646451432,0.4230013337247593
15259.019199908,-2.543346405673167,-0.14282489646451432,0.4230013337247593
15259.021270792,-2.541041770658446,-0.14177849028596262,0.4294226613157017
15259.021762905,-2.541041770658446,-0.14177849028596262,0.4294226613157017
15259.029855181,-2.541041770658446,-0.14177849028596262,0.4294226613157017
15259.032752191,-2.541041770658446,-0.14177849028596262,0.4294226613157017
15259.040742621,-2.541041770658446,-0.14177849028596262,0.4294226613157017
15259.047095064,-2.541041770658446,-0.14177849028596262,0.4294226613157017
15259.060287205,-2.541041770658446,-0.14177849028596262,0.4294226613157017
15259.0620524,-2.537801648218422,-0.14028249951514593,0.43567256594826986
15259.071741672,-2.537801648218422,-0.14028249951514593,0.43567256594826986
15259.080398949,-2.537801648218422,-0.14028249951514593,0.43567256594826986
15259.089217041,-2.537801648218422,-0.14028249951514593,0.43567256594826986
15259.103469352,-2.537801648218422,-0.14028249951514593,0.43567256594826986
15259.110327629,-2.537801648218422,-0.14028249951514593,0.43567256594826986
15259.115135611,-2.535557000799135,-0.13922695387881043,0.4434588399045689
15259.115691114,-2.535557000799135,-0.13922695387881043,0.4434588399045689
15259.120166505,-2.535557000799135,-0.13922695387881043,0.4434588399045689
15259.121818837,-2.535557000799135,-0.13922695387881043,0.4434588399045689
15259.130191765,-2.535557000799135,-0.13922695387881043,0.4434588399045689
15259.1392914,-2.535557000799135,-0.13922695387881043,0.4434588399045689
15259.147536806,-2.535557000799135,-0.13922695387881043,0.4434588399045689
15259.160059789,-2.535557000799135,-0.13922695387881043,0.4434588399045689
15259.167466586,-2.533342191339607,-0.13816756033971797,0.4488528218381627
15259.171081688,-2.533342191339607,-0.13816756033971797,0.4488528218381627
15259.179904097,-2.533342191339607,-0.13816756033971797,0.4488528218381627
15259.190651966,-2.533342191339607,-0.13816756033971797,0.4488528218381627
15259.202304429,-2.533342191339607,-0.13816756033971797,0.4488528218381627
15259.20973433,-2.533342191339607,-0.13816756033971797,0.4488528218381627
15259.212400693,-2.533342191339607,-0.13816756033971797,0.4488528218381627
15259.214523977,-2.53017645604085,-0.13663271554033457,0.4540241208188755
15259.216999539,-2.53017645604085,-0.13663271554033457,0.4540241208188755
15259.222373633,-2.53017645604085,-0.13663271554033457,0.4540241208188755
15259.23111527,-2.53017645604085,-0.13663271554033457,0.4540241208188755
15259.238523259,-2.53017645604085,-0.13663271554033457,0.4540241208188755
15259.248628781,-2.53017645604085,-0.13663271554033457,0.4540241208188755
15259.258585581,-2.53017645604085,-0.13663271554033457,0.4540241208188755
15259.260833681,-2.5281313579200044,-0.13562937934852304,0.4581833329313025
15259.26138706,-2.5281313579200044,-0.13562937934852304,0.4581833329313025
15259.268672948,-2.5281313579200044,-0.13562937934852304,0.4581833329313025
15259.278305503,-2.5281313579200044,-0.13562937934852304,0.4581833329313025
15259.291195942,-2.5281313579200044,-0.13562937934852304,0.4581833329313025
15259.298875994,-2.5281313579200044,-0.13562937934852304,0.4581833329313025
15259.311952379,-2.5281313579200044,-0.13562937934852304,0.4581833329313025
15259.319917484,-2.5281313579200044,-0.13562937934852304,0.4581833329313025
15259.321012088,-2.5281313579200044,-0.13562937934852304,0.4581833329313025
15259.322559311,-2.526024550422019,-0.13457953253228733,0.46640877391030633
15259.332267967,-2.526024550422019,-0.13457953253228733,0.46640877391030633
15259.339323381,-2.526024550422019,-0.13457953253228733,0.46640877391030633
15259.348910881,-2.526024550422019,-0.13457953253228733,0.46640877391030633
15259.359939161,-2.526024550422019,-0.13457953253228733,0.46640877391030633
15259.368469495,-2.526024550422019,-0.13457953253228733,0.46640877391030633
15259.378459991,-2.526024550422019,-0.13457953253228733,0.46640877391030633
15259.389038239,-2.526024550422019,-0.13457953253228733,0.46640877391030633
15259.400461398,-2.526024550422019,-0.13457953253228733,0.46640877391030633
15259.409971781,-2.526024550422019,-0.13457953253228733,0.46640877391030633
15259.424721324,-2.526024550422019,-0.13457953253228733,0.46640877391030633
15259.43185852,-2.526024550422019,-0.13457953253228733,0.46640877391030633
15259.443739156,-2.526024550422019,-0.13457953253228733,0.46640877391030633
15259.451596316,-2.526024550422019,-0.13457953253228733,0.46640877391030633
15259.464355788,-2.526024550422019,-0.13457953253228733,0.46640877391030633
15259.477361665,-2.526024550422019,-0.13457953253228733,0.46640877391030633
15259.488142747,-2.526024550422019,-0.13457953253228733,0.46640877391030633
15259.508397753,-2.526024550422019,-0.13457953253228733,0.46640877391030633
15259.514128955,-2.526024550422019,-0.13457953253228733,0.46640877391030633
15259.51845494,-2.526024550422019,-0.13457953253228733,0.46640877391030633
15259.524033061,-2.526024550422019,-0.13457953253228733,0.46640877391030633
15259.531582622,-2.526024550422019,-0.13457953253228733,0.46640877391030633
15259.537171544,-2.526024550422019,-0.13457953253228733,0.46640877391030633
15259.549694006,-2.526024550422019,-0.13457953253228733,0.46640877391030633
15259.558356533,-2.526024550422019,-0.13457953253228733,0.46640877391030633
15259.568741905,-2.526024550422019,-0.13457953253228733,0.46640877391030633
15259.578937938,-2.526024550422019,-0.13457953253228733,0.46640877391030633
15259.592350356,-2.526024550422019,-0.13457953253228733,0.46640877391030633
15259.599517078,-2.526024550422019,-0.13457953253228733,0.46640877391030633
15259.615089391,-2.526024550422019,-0.13457953253228733,0.46640877391030633
15259.622434301,-2.526024550422019,-0.13457953253228733,0.46640877391030633
15259.630003996,-2.526024550422019,-0.13457953253228733,0.46640877391030633
15259.639279956,-2.526024550422019,-0.13457953253228733,0.46640877391030633
15259.650308767,-2.526024550422019,-0.13457953253228733,0.46640877391030633
15259.658048425,-2.526024550422019,-0.13457953253228733,0.46640877391030633
15259.669776452,-2.526024550422019,-0.13457953253228733,0.46640877391030633
15259.68062962,-2.526024550422019,-0.13457953253228733,0.46640877391030633
15259.688964836,-2.526024550422019,-0.13457953253228733,0.46640877391030633
15259.698425486,-2.526024550422019,-0.13457953253228733,0.46640877391030633
15259.710540716,-2.526024550422019,-0.13457953253228733,0.46640877391030633
15259.718850284,-2.526024550422019,-0.13457953253228733,0.46640877391030633
15259.729398835,-2.526024550422019,-0.13457953253228733,0.46640877391030633
15259.730362201,-2.5234916676888415,-0.1337671699876212,0.47352293422145253
15259.730900651,-2.5246905514501616,-0.13757104930537178,0.4768058644193207
15259.731307052,-2.5246905514501616,-0.13757104930537178,0.4768058644193207
15259.731729983,-2.525820985404217,-0.1411914254905035,0.4846804305978891
15259.732033689,-2.5236484831383197,-0.1401799751752472,0.4928506300557277
15259.732731161,-2.5236484831383197,-0.1401799751752472,0.4928506300557277
15259.734545158,-2.522113640105689,-0.1393467283245338,0.5018814489949363
15259.735980609,-2.5206983807014094,-0.13855865170625797,0.5142813608754296
15259.739869809,-2.5206983807014094,-0.13855865170625797,0.5142813608754296
15259.740506706,-2.5206983807014094,-0.13855865170625797,0.5142813608754296
15259.741201122,-2.518478366551338,-0.13729112955073272,0.5232926294911522
15259.741899035,-2.5170352027511194,-0.1364497817018082,0.532341568242373
15259.742690886,-2.5170352027511194,-0.1364497817018082,0.532341568242373
15259.748613119,-2.5170352027511194,-0.1364497817018082,0.532341568242373
15259.751942249,-2.5170352027511194,-0.1364497817018082,0.532341568242373
15259.75238619,-2.5170352027511194,-0.1364497817018082,0.532341568242373
15259.753214349,-2.5170352027511194,-0.1364497817018082,0.532341568242373
15259.754446224,-2.5170352027511194,-0.1364497817018082,0.532341568242373
15259.759242314,-2.5170352027511194,-0.1364497817018082,0.532341568242373
15259.769327937,-2.5155585014441524,-0.13556568313637996,0.5465820715535301
15259.771629279,-2.5155585014441524,-0.13556568313637996,0.5465820715535301
15259.77204686,-2.5155585014441524,-0.13556568313637996,0.5465820715535301
15259.775550791,-2.5155585014441524,-0.13556568313637996,0.5465820715535301
15259.781968053,-2.5155585014441524,-0.13556568313637996,0.5465820715535301
15259.788817764,-2.5155585014441524,-0.13556568313637996,0.5465820715535301
15259.804692458,-2.5155585014441524,-0.13556568313637996,0.5465820715535301
15259.815552761,-2.5155585014441524,-0.13556568313637996,0.5465820715535301
15259.816203985,-2.5133159844563213,-0.1341872126906656,0.5557313845265526
15259.822433972,-2.5133159844563213,-0.1341872126906656,0.5557313845265526
15259.82982528,-2.5133159844563213,-0.1341872126906656,0.5557313845265526
15259.839533067,-2.5133159844563213,-0.1341872126906656,0.5557313845265526
15259.848447071,-2.5133159844563213,-0.1341872126906656,0.5557313845265526
15259.85993867,-2.5133159844563213,-0.1341872126906656,0.5557313845265526
15259.871593888,-2.5133159844563213,-0.1341872126906656,0.5557313845265526
15259.874870818,-2.5119649743561205,-0.1333401970298743,0.5642691538441795
15259.876130957,-2.5119649743561205,-0.1333401970298743,0.5642691538441795
15259.87806408,-2.5119649743561205,-0.1333401970298743,0.5642691538441795
15259.890122553,-2.5119649743561205,-0.1333401970298743,0.5642691538441795
15259.901749378,-2.5119649743561205,-0.1333401970298743,0.5642691538441795
15259.913076073,-2.5119649743561205,-0.1333401970298743,0.5642691538441795
15259.917391081,-2.5107284904776868,-0.13254887549085137,0.5743249342549461
15259.919526377,-2.5107284904776868,-0.13254887549085137,0.5743249342549461
15259.920163615,-2.5107284904776868,-0.13254887549085137,0.5743249342549461
15259.923716739,-2.5107284904776868,-0.13254887549085137,0.5743249342549461
15259.930437476,-2.5107284904776868,-0.13254887549085137,0.5743249342549461
15259.939137143,-2.5107284904776868,-0.13254887549085137,0.5743249342549461
15259.947663322,-2.5107284904776868,-0.13254887549085137,0.5743249342549461
15259.958187317,-2.5107284904776868,-0.13254887549085137,0.5743249342549461
15259.959090027,-2.508926097172505,-0.13137416862423335,0.5808816835988184
15259.971110488,-2.508926097172505,-0.13137416862423335,0.5808816835988184
15259.978014292,-2.508926097172505,-0.13137416862423335,0.5808816835988184
15259.989840194,-2.508926097172505,-0.13137416862423335,0.5808816835988184
15260.000437708,-2.508926097172505,-0.13137416862423335,0.5808816835988184
15260.012766964,-2.508926097172505,-0.13137416862423335,0.5808816835988184
15260.015496046,-2.507786712087706,-0.13061926388182737,0.5894189760792871
15260.01640074,-2.507786712087706,-0.13061926388182737,0.5894189760792871
15260.017168706,-2.507786712087706,-0.13061926388182737,0.5894189760792871
15260.022853309,-2.507786712087706,-0.13061926388182737,0.5894189760792871
15260.032023418,-2.507786712087706,-0.13061926388182737,0.5894189760792871
15260.039822468,-2.507786712087706,-0.13061926388182737,0.5894189760792871
15260.050579364,-2.507786712087706,-0.13061926388182737,0.5894189760792871
15260.061641279,-2.507786712087706,-0.13061926388182737,0.5894189760792871
15260.072752566,-2.507786712087706,-0.13061926388182737,0.5894189760792871
15260.073094394,-2.506631759742218,-0.12984209376967093,0.5951953814137596
15260.075016597,-2.506631759742218,-0.12984209376967093,0.5951953814137596
15260.078874909,-2.506631759742218,-0.12984209376967093,0.5951953814137596
15260.08890641,-2.506631759742218,-0.12984209376967093,0.5951953814137596
15260.103856493,-2.506631759742218,-0.12984209376967093,0.5951953814137596
15260.110616694,-2.506631759742218,-0.12984209376967093,0.5951953814137596
15260.121376055,-2.506631759742218,-0.12984209376967093,0.5951953814137596
15260.12198523,-2.504978352776857,-0.1287176283387698,0.5992809221852441
15260.122882551,-2.504978352776857,-0.1287176283387698,0.5992809221852441
15260.130015248,-2.504978352776857,-0.1287176283387698,0.5992809221852441
15260.139742543,-2.504978352776857,-0.1287176283387698,0.5992809221852441
15260.150099281,-2.504978352776857,-0.1287176283387698,0.5992809221852441
15260.159356454,-2.504978352776857,-0.1287176283387698,0.5992809221852441
15260.160263423,-2.503893484539427,-0.12797242587633617,0.6044867918599265
15260.171724935,-2.503893484539427,-0.12797242587633617,0.6044867918599265
15260.179755624,-2.503893484539427,-0.12797242587633617,0.6044867918599265
15260.188642737,-2.503893484539427,-0.12797242587633617,0.6044867918599265
15260.203061953,-2.503893484539427,-0.12797242587633617,0.6044867918599265
15260.211077705,-2.503893484539427,-0.12797242587633617,0.6044867918599265
15260.217139152,-2.502915905680907,-0.12729456666519937,0.6080869124043603
15260.217788944,-2.502915905680907,-0.12729456666519937,0.6080869124043603
15260.221699655,-2.502915905680907,-0.12729456666519937,0.6080869124043603
15260.223044173,-2.502915905680907,-0.12729456666519937,0.6080869124043603
15260.229528682,-2.502915905680907,-0.12729456666519937,0.6080869124043603
15260.237654742,-2.502915905680907,-0.12729456666519937,0.6080869124043603
15260.249541149,-2.502915905680907,-0.12729456666519937,0.6080869124043603
15260.261669184,-2.502915905680907,-0.12729456666519937,0.6080869124043603
15260.262172879,-2.5013592621091916,-0.12620810024186585,0.610616771947207
15260.269088364,-2.5013592621091916,-0.12620810024186585,0.610616771947207
15260.280390223,-2.5013592621091916,-0.12620810024186585,0.610616771947207
15260.289643279,-2.5013592621091916,-0.12620810024186585,0.610616771947207
15260.299510669,-2.5013592621091916,-0.12620810024186585,0.610616771947207
15260.310909592,-2.5013592621091916,-0.12620810024186585,0.610616771947207
15260.320144102,-2.5013592621091916,-0.12620810024186585,0.610616771947207
15260.32275487,-2.5013592621091916,-0.12620810024186585,0.610616771947207
15260.323449868,-2.500344083539615,-0.1254956627858762,0.6132296011555809
15260.327295847,-2.500344083539615,-0.1254956627858762,0.6132296011555809
15260.32937658,-2.500344083539615,-0.1254956627858762,0.6132296011555809
15260.339891407,-2.500344083539615,-0.1254956627858762,0.6132296011555809
15260.348234709,-2.500344083539615,-0.1254956627858762,0.6132296011555809
15260.359254353,-2.500344083539615,-0.1254956627858762,0.6132296011555809
15260.364216657,-2.4988130399680943,-0.12441677442987298,0.6144839213002344
15260.369025621,-2.4988130399680943,-0.12441677442987298,0.6144839213002344
15260.381250709,-2.4988130399680943,-0.12441677442987298,0.6144839213002344
15260.393937823,-2.4988130399680943,-0.12441677442987298,0.6144839213002344
15260.400348984,-2.4988130399680943,-0.12441677442987298,0.6144839213002344
15260.415523552,-2.4988130399680943,-0.12441677442987298,0.6144839213002344
15260.417913912,-2.4977586647978773,-0.12367207729271976,0.6153891966450828
15260.418892446,-2.4977586647978773,-0.12367207729271976,0.6153891966450828
15260.423787653,-2.4977586647978773,-0.12367207729271976,0.6153891966450828
15260.424381379,-2.4977586647978773,-0.12367207729271976,0.6153891966450828
15260.428274116,-2.4977586647978773,-0.12367207729271976,0.6153891966450828
15260.439104171,-2.4977586647978773,-0.12367207729271976,0.6153891966450828
15260.450669028,-2.4977586647978773,-0.12367207729271976,0.6153891966450828
15260.460485372,-2.4977586647978773,-0.12367207729271976,0.6153891966450828
15260.461095798,-2.496745822708907,-0.12295632205548024,0.6150010511983055
15260.463831643,-2.496745822708907,-0.12295632205548024,0.6150010511983055
15260.470462059,-2.496745822708907,-0.12295632205548024,0.6150010511983055
15260.480263124,-2.496745822708907,-0.12295632205548024,0.6150010511983055
15260.487194199,-2.496745822708907,-0.12295632205548024,0.6150010511983055
15260.498831664,-2.496745822708907,-0.12295632205548024,0.6150010511983055
15260.508840242,-2.496745822708907,-0.12295632205548024,0.6150010511983055
15260.521812446,-2.496745822708907,-0.12295632205548024,0.6150010511983055
15260.522984868,-2.4958348799716896,-0.12231566251734544,0.6108640120137351
15260.523509753,-2.4958348799716896,-0.12231566251734544,0.6108640120137351
15260.535597641,-2.4958348799716896,-0.12231566251734544,0.6108640120137351
15260.541980318,-2.4958348799716896,-0.12231566251734544,0.6108640120137351
15260.550338097,-2.4958348799716896,-0.12231566251734544,0.6108640120137351
15260.561044507,-2.4958348799716896,-0.12231566251734544,0.6108640120137351
15260.56147893,-2.4951282576107507,-0.121824486281287,0.6040013716328757
15260.564902418,-2.4951282576107507,-0.121824486281287,0.6040013716328757
15260.569123568,-2.4951282576107507,-0.121824486281287,0.6040013716328757
15260.579416324,-2.4951282576107507,-0.121824486281287,0.6040013716328757
15260.589894793,-2.4951282576107507,-0.121824486281287,0.6040013716328757
15260.602718185,-2.4951282576107507,-0.121824486281287,0.6040013716328757
15260.60949596,-2.4951282576107507,-0.121824486281287,0.6040013716328757
15260.613562858,-2.4951282576107507,-0.121824486281287,0.6040013716328757
15260.614780826,-2.494666898134778,-0.1215126966687238,0.5846053049672263
15260.619619707,-2.494666898134778,-0.1215126966687238,0.5846053049672263
15260.630059602,-2.494666898134778,-0.1215126966687238,0.5846053049672263
15260.640397895,-2.494666898134778,-0.1215126966687238,0.5846053049672263
15260.649548436,-2.494666898134778,-0.1215126966687238,0.5846053049672263
15260.660260898,-2.494666898134778,-0.1215126966687238,0.5846053049672263
15260.666003091,-2.49434830006029,-0.12130620888005811,0.565490810643496
15260.671580832,-2.49434830006029,-0.12130620888005811,0.565490810643496
15260.679400248,-2.49434830006029,-0.12130620888005811,0.565490810643496
15260.690089198,-2.49434830006029,-0.12130620888005811,0.565490810643496
15260.700077748,-2.49434830006029,-0.12130620888005811,0.565490810643496
15260.712364363,-2.49434830006029,-0.12130620888005811,0.565490810643496
15260.713435583,-2.494068452924646,-0.12113314186027802,0.5422368929494041
15260.713916995,-2.494068452924646,-0.12113314186027802,0.5422368929494041
15260.717821755,-2.494068452924646,-0.12113314186027802,0.5422368929494041
15260.719863084,-2.494068452924646,-0.12113314186027802,0.5422368929494041
15260.730048938,-2.494068452924646,-0.12113314186027802,0.5422368929494041
15260.74079828,-2.494068452924646,-0.12113314186027802,0.5422368929494041
15260.74897746,-2.494068452924646,-0.12113314186027802,0.5422368929494041
15260.761490044,-2.494068452924646,-0.12113314186027802,0.5422368929494041
15260.764018836,-2.4939806832992497,-0.12108267814693491,0.5013662264454978
15260.771883631,-2.4939806832992497,-0.12108267814693491,0.5013662264454978
15260.777667051,-2.4939806832992497,-0.12108267814693491,0.5013662264454978
15260.788959312,-2.4939806832992497,-0.12108267814693491,0.5013662264454978
15260.801945273,-2.4939806832992497,-0.12108267814693491,0.5013662264454978
15260.810318151,-2.4939806832992497,-0.12108267814693491,0.5013662264454978
15260.820381983,-2.4939806832992497,-0.12108267814693491,0.5013662264454978
15260.822922929,-2.4939806832992497,-0.12108267814693491,0.5013662264454978
15260.823648945,-2.478176928216433,-0.12216488012097187,0.4602304080643521
15260.826278148,-2.478176928216433,-0.12216488012097187,0.4602304080643521
15260.833540671,-2.478176928216433,-0.12216488012097187,0.4602304080643521
15260.839400296,-2.478176928216433,-0.12216488012097187,0.4602304080643521
15260.852915931,-2.478176928216433,-0.12216488012097187,0.4602304080643521
15260.860552904,-2.478176928216433,-0.12216488012097187,0.4602304080643521
15260.863730877,-2.4648025757521945,-0.12310511658011059,0.42025270034960865
15260.869277348,-2.4648025757521945,-0.12310511658011059,0.42025270034960865
15260.881275236,-2.4648025757521945,-0.12310511658011059,0.42025270034960865
15260.890863928,-2.4648025757521945,-0.12310511658011059,0.42025270034960865
15260.902880228,-2.4648025757521945,-0.12310511658011059,0.42025270034960865
15260.910295394,-2.4648025757521945,-0.12310511658011059,0.42025270034960865
15260.924125625,-2.4648025757521945,-0.12310511658011059,0.42025270034960865
15260.925364883,-2.4641148502247847,-0.12315351572563493,0.3601732063341082
15260.926290427,-2.4641148502247847,-0.12315351572563493,0.3601732063341082
15260.929568991,-2.4641148502247847,-0.12315351572563493,0.3601732063341082
15260.931293779,-2.4641148502247847,-0.12315351572563493,0.3601732063341082
15260.939716612,-2.4641148502247847,-0.12315351572563493,0.3601732063341082
15260.950533161,-2.4641148502247847,-0.12315351572563493,0.3601732063341082
15260.962056389,-2.4641148502247847,-0.12315351572563493,0.3601732063341082
15260.963061895,-2.464305744534113,-0.12322104154804489,0.31982181549548516
15260.971518061,-2.464305744534113,-0.12322104154804489,0.31982181549548516
15260.979684979,-2.464305744534113,-0.12322104154804489,0.31982181549548516
15260.990847303,-2.464305744534113,-0.12322104154804489,0.31982181549548516
15260.998981939,-2.464305744534113,-0.12322104154804489,0.31982181549548516
15261.012398245,-2.464450832604586,-0.12326589867898369,0.279877882008547
15261.014463128,-2.464450832604586,-0.12326589867898369,0.279877882008547
15261.014938489,-2.464450832604586,-0.12326589867898369,0.279877882008547
15261.022850594,-2.464450832604586,-0.12326589867898369,0.279877882008547
15261.023143058,-2.464450832604586,-0.12326589867898369,0.279877882008547
15261.027448498,-2.464450832604586,-0.12326589867898369,0.279877882008547
15261.039101572,-2.464450832604586,-0.12326589867898369,0.279877882008547
15261.049877024,-2.464450832604586,-0.12326589867898369,0.279877882008547
15261.058281248,-2.4644753619806266,-0.12327213891577865,0.218350391392702
15261.064547376,-2.4644753619806266,-0.12327213891577865,0.218350391392702
15261.06893952,-2.4644753619806266,-0.12327213891577865,0.218350391392702
15261.079969974,-2.4644753619806266,-0.12327213891577865,0.218350391392702
15261.092283921,-2.4644753619806266,-0.12327213891577865,0.218350391392702
15261.102318699,-2.4644753619806266,-0.12327213891577865,0.218350391392702
15261.111599207,-2.4644753619806266,-0.12327213891577865,0.218350391392702
15261.120400484,-2.4644753619806266,-0.12327213891577865,0.218350391392702
15261.121516188,-2.4644753619806266,-0.12327213891577865,0.218350391392702
15261.122280767,-2.464549832939299,-0.12328696301480124,0.17463038444995305
15261.122574895,-2.464549832939299,-0.12328696301480124,0.17463038444995305
15261.129698558,-2.464549832939299,-0.12328696301480124,0.17463038444995305
15261.139729479,-2.464549832939299,-0.12328696301480124,0.17463038444995305
15261.150184232,-2.464549832939299,-0.12328696301480124,0.17463038444995305
15261.161149764,-2.464549832939299,-0.12328696301480124,0.17463038444995305
15261.161713923,-2.4646748579225157,-0.12330657231554312,0.13652084351062208
15261.167836566,-2.4646748579225157,-0.12330657231554312,0.13652084351062208
15261.179844673,-2.4646748579225157,-0.12330657231554312,0.13652084351062208
15261.188518431,-2.4646748579225157,-0.12330657231554312,0.13652084351062208
15261.20094409,-2.4646748579225157,-0.12330657231554312,0.13652084351062208
15261.212303858,-2.4646748579225157,-0.12330657231554312,0.13652084351062208
15261.217633199,-2.4646748579225157,-0.12330657231554312,0.13652084351062208
15261.223920093,-2.4647000235069223,-0.12330927864250527,0.07773731232165719
15261.224554095,-2.4647000235069223,-0.12330927864250527,0.07773731232165719
15261.224960335,-2.4647000235069223,-0.12330927864250527,0.07773731232165719
15261.232542855,-2.4647000235069223,-0.12330927864250527,0.07773731232165719
15261.239050598,-2.4647000235069223,-0.12330927864250527,0.07773731232165719
15261.251558212,-2.4647000235069223,-0.12330927864250527,0.07773731232165719
15261.260705017,-2.4647000235069223,-0.12330927864250527,0.07773731232165719
15261.26209968,-2.464750561026011,-0.12331219112272285,0.037395458226198185
15261.26732876,-2.464750561026011,-0.12331219112272285,0.037395458226198185
15261.280892746,-2.464750561026011,-0.12331219112272285,0.037395458226198185
15261.288045652,-2.464750561026011,-0.12331219112272285,0.037395458226198185
15261.299402314,-2.464750561026011,-0.12331219112272285,0.037395458226198185
15261.307765124,-2.464750561026011,-0.12331219112272285,0.037395458226198185
15261.320429344,-2.464750561026011,-0.12331219112272285,0.037395458226198185
15261.324195311,-2.464750561026011,-0.12331219112272285,0.037395458226198185
15261.324947136,-2.464750561026011,-0.12331219112272285,-0.02146746634960745
15261.325926272,-2.464750561026011,-0.12331219112272285,-0.02146746634960745
15261.330938341,-2.464750561026011,-0.12331219112272285,-0.02146746634960745
15261.340693188,-2.464750561026011,-0.12331219112272285,-0.02146746634960745
15261.349249994,-2.464750561026011,-0.12331219112272285,-0.02146746634960745
15261.361285564,-2.464750561026011,-0.12331219112272285,-0.02146746634960745
15261.36814833,-2.464750561026011,-0.12331219112272285,-0.02146746634960745
15261.368744329,-2.4646746923685354,-0.12331529344609729,-0.06026842116833311
15261.380141108,-2.4646746923685354,-0.12331529344609729,-0.06026842116833311
15261.388640686,-2.4646746923685354,-0.12331529344609729,-0.06026842116833311
15261.398086998,-2.4646746923685354,-0.12331529344609729,-0.06026842116833311
15261.410267071,-2.4646746923685354,-0.12331529344609729,-0.06026842116833311
15261.416496507,-2.4654759554818058,-0.11496649249085142,-0.0952076422968
15261.41871414,-2.4654759554818058,-0.11496649249085142,-0.0952076422968
15261.420140653,-2.4654759554818058,-0.11496649249085142,-0.0952076422968
15261.420367343,-2.4654759554818058,-0.11496649249085142,-0.0952076422968
15261.428816275,-2.4654759554818058,-0.11496649249085142,-0.0952076422968
15261.440132641,-2.4654759554818058,-0.11496649249085142,-0.0952076422968
15261.448196363,-2.4654759554818058,-0.11496649249085142,-0.0952076422968
15261.45905906,-2.4654759554818058,-0.11496649249085142,-0.0952076422968
15261.459842404,-2.4660466986949556,-0.10791873903995189,-0.13085464077558026
15261.468900872,-2.4660466986949556,-0.10791873903995189,-0.13085464077558026
15261.478643966,-2.4660466986949556,-0.10791873903995189,-0.13085464077558026
15261.491141261,-2.4660466986949556,-0.10791873903995189,-0.13085464077558026
15261.500910334,-2.4660466986949556,-0.10791873903995189,-0.13085464077558026
15261.512639453,-2.4660466986949556,-0.10791873903995189,-0.13085464077558026
15261.519897929,-2.4660466986949556,-0.10791873903995189,-0.13085464077558026
15261.523060592,-2.466058426973112,-0.10755841164469973,-0.18774909972949805
15261.525452706,-2.466058426973112,-0.10755841164469973,-0.18774909972949805
15261.525977521,-2.466058426973112,-0.10755841164469973,-0.18774909972949805
15261.531172907,-2.466058426973112,-0.10755841164469973,-0.18774909972949805
15261.539204227,-2.466058426973112,-0.10755841164469973,-0.18774909972949805
15261.548981788,-2.466058426973112,-0.10755841164469973,-0.18774909972949805
15261.561917222,-2.466058426973112,-0.10755841164469973,-0.18774909972949805
15261.562518562,-2.4658602880629066,-0.10760014108621246,-0.22739787101550868
15261.568282866,-2.4658602880629066,-0.10760014108621246,-0.22739787101550868
15261.579737615,-2.4658602880629066,-0.10760014108621246,-0.22739787101550868
15261.590321603,-2.4658602880629066,-0.10760014108621246,-0.22739787101550868
15261.600772529,-2.4658602880629066,-0.10760014108621246,-0.22739787101550868
15261.609831969,-2.4658602880629066,-0.10760014108621246,-0.22739787101550868
15261.615061089,-2.4659093719977356,-0.10758776002332227,-0.26677872339162845
15261.616029564,-2.4659093719977356,-0.10758776002332227,-0.26677872339162845
15261.625958411,-2.4659093719977356,-0.10758776002332227,-0.26677872339162845
15261.628915315,-2.4659093719977356,-0.10758776002332227,-0.26677872339162845
15261.629367522,-2.4659093719977356,-0.10758776002332227,-0.26677872339162845
15261.64003633,-2.4659093719977356,-0.10758776002332227,-0.26677872339162845
15261.651430825,-2.4659093719977356,-0.10758776002332227,-0.26677872339162845
15261.658068123,-2.4659093719977356,-0.10758776002332227,-0.26677872339162845
15261.664051222,-2.465764087229179,-0.10763197593013629,-0.3240878740874292
15261.672588582,-2.465764087229179,-0.10763197593013629,-0.3240878740874292
15261.678942701,-2.465764087229179,-0.10763197593013629,-0.3240878740874292
15261.690031269,-2.465764087229179,-0.10763197593013629,-0.3240878740874292
15261.70154576,-2.465764087229179,-0.10763197593013629,-0.3240878740874292
15261.710555505,-2.465764087229179,-0.10763197593013629,-0.3240878740874292
15261.722222827,-2.465764087229179,-0.10763197593013629,-0.3240878740874292
15261.728907255,-2.4721497818716824,-0.10875729235854126,-0.3571372255499385
15261.732310274,-2.4721497818716824,-0.10875729235854126,-0.3571372255499385
15261.732954064,-2.4721497818716824,-0.10875729235854126,-0.3571372255499385
15261.733747047,-2.4721497818716824,-0.10875729235854126,-0.3571372255499385
15261.740680798,-2.4721497818716824,-0.10875729235854126,-0.3571372255499385
15261.749802886,-2.4721497818716824,-0.10875729235854126,-0.3571372255499385
15261.761395766,-2.4721497818716824,-0.10875729235854126,-0.3571372255499385
15261.762242952,-2.4768708969026307,-0.10969637084348888,-0.4112864962115676
15261.768780131,-2.4768708969026307,-0.10969637084348888,-0.4112864962115676
15261.78068016,-2.4768708969026307,-0.10969637084348888,-0.4112864962115676
15261.788279636,-2.4768708969026307,-0.10969637084348888,-0.4112864962115676
15261.800595686,-2.4768708969026307,-0.10969637084348888,-0.4112864962115676
15261.810345553,-2.4768708969026307,-0.10969637084348888,-0.4112864962115676
15261.819536091,-2.4768708969026307,-0.10969637084348888,-0.4112864962115676
15261.823089375,-2.4770713413176706,-0.10977385520096097,-0.4464628340619069
15261.823678883,-2.4770713413176706,-0.10977385520096097,-0.4464628340619069
15261.830272258,-2.4770713413176706,-0.10977385520096097,-0.4464628340619069
15261.832382958,-2.4770713413176706,-0.10977385520096097,-0.4464628340619069
15261.84029333,-2.4770713413176706,-0.10977385520096097,-0.4464628340619069
15261.849914844,-2.4770713413176706,-0.10977385520096097,-0.4464628340619069
15261.864572062,-2.4770713413176706,-0.10977385520096097,-0.4464628340619069
15261.866160131,-2.4769581446461655,-0.1098304439336204,-0.4806966425793631
15261.868448438,-2.4769581446461655,-0.1098304439336204,-0.4806966425793631
15261.881949084,-2.4769581446461655,-0.1098304439336204,-0.4806966425793631
15261.890518915,-2.4769581446461655,-0.1098304439336204,-0.4806966425793631
15261.899731294,-2.4769581446461655,-0.1098304439336204,-0.4806966425793631
15261.909959645,-2.4769581446461655,-0.1098304439336204,-0.4806966425793631
15261.913790268,-2.4769581446461655,-0.1098304439336204,-0.4806966425793631
15261.914371359,-2.476891717970928,-0.10986722945270469,-0.5307790877240164
15261.919101644,-2.476891717970928,-0.10986722945270469,-0.5307790877240164
15261.929057962,-2.476891717970928,-0.10986722945270469,-0.5307790877240164
15261.93364379,-2.476891717970928,-0.10986722945270469,-0.5307790877240164
15261.94205292,-2.476891717970928,-0.10986722945270469,-0.5307790877240164
15261.950027864,-2.476891717970928,-0.10986722945270469,-0.5307790877240164
15261.958343984,-2.476891717970928,-0.10986722945270469,-0.5307790877240164
15261.961601277,-2.4767835859647427,-0.10993298080510397,-0.5618788840191823
15261.968354375,-2.4767835859647427,-0.10993298080510397,-0.5618788840191823
15261.982328508,-2.4767835859647427,-0.10993298080510397,-0.5618788840191823
15261.99138389,-2.4767835859647427,-0.10993298080510397,-0.5618788840191823
15261.999556128,-2.4767835859647427,-0.10993298080510397,-0.5618788840191823
15262.010848118,-2.4767835859647427,-0.10993298080510397,-0.5618788840191823
15262.017549158,-2.4767835859647427,-0.10993298080510397,-0.5618788840191823
15262.018234707,-2.4617740055846644,-0.10484310709728609,-0.6019792671232773
15262.01870602,-2.4617740055846644,-0.10484310709728609,-0.6019792671232773
15262.022134939,-2.4617740055846644,-0.10484310709728609,-0.6019792671232773
15262.030519278,-2.4617740055846644,-0.10484310709728609,-0.6019792671232773
15262.039596681,-2.4617740055846644,-0.10484310709728609,-0.6019792671232773
15262.049828151,-2.4617740055846644,-0.10484310709728609,-0.6019792671232773
15262.058519653,-2.4617740055846644,-0.10484310709728609,-0.6019792671232773
15262.060833538,-2.4501784712113643,-0.1009662725342367,-0.6265956523884358
15262.071592889,-2.4501784712113643,-0.1009662725342367,-0.6265956523884358
15262.080788045,-2.4501784712113643,-0.1009662725342367,-0.6265956523884358
15262.087773724,-2.4501784712113643,-0.1009662725342367,-0.6265956523884358
15262.100634267,-2.4501784712113643,-0.1009662725342367,-0.6265956523884358
15262.109066915,-2.4501784712113643,-0.1009662725342367,-0.6265956523884358
15262.117897343,-2.4501784712113643,-0.1009662725342367,-0.6265956523884358
15262.124774266,-2.4495069808355483,-0.1007812950630686,-0.6535861646162682
15262.125337413,-2.4495069808355483,-0.1007812950630686,-0.6535861646162682
15262.12598474,-2.4495069808355483,-0.1007812950630686,-0.6535861646162682
15262.129266299,-2.4495069808355483,-0.1007812950630686,-0.6535861646162682
15262.140687855,-2.4495069808355483,-0.1007812950630686,-0.6535861646162682
15262.150847199,-2.4495069808355483,-0.1007812950630686,-0.6535861646162682
15262.159775329,-2.4495069808355483,-0.1007812950630686,-0.6535861646162682
15262.164063776,-2.4494472937177596,-0.10082823252750348,-0.6791899358259852
15262.171860873,-2.4494472937177596,-0.10082823252750348,-0.6791899358259852
15262.179563009,-2.4494472937177596,-0.10082823252750348,-0.6791899358259852
15262.189207027,-2.4494472937177596,-0.10082823252750348,-0.6791899358259852
15262.200682284,-2.4494472937177596,-0.10082823252750348,-0.6791899358259852
15262.211659387,-2.4494472937177596,-0.10082823252750348,-0.6791899358259852
15262.215736384,-2.4493891065787783,-0.10087701709939342,-0.7162616406904871
15262.217616588,-2.4493891065787783,-0.10087701709939342,-0.7162616406904871
15262.222199793,-2.4493891065787783,-0.10087701709939342,-0.7162616406904871
15262.22305292,-2.4493891065787783,-0.10087701709939342,-0.7162616406904871
15262.229657086,-2.4493891065787783,-0.10087701709939342,-0.7162616406904871
15262.239154602,-2.4493891065787783,-0.10087701709939342,-0.7162616406904871
15262.24719882,-2.4493891065787783,-0.10087701709939342,-0.7162616406904871
15262.261032447,-2.4493891065787783,-0.10087701709939342,-0.7162616406904871
15262.262132211,-2.449370218090524,-0.10089386512169984,-0.7404635106550864
15262.271179838,-2.449370218090524,-0.10089386512169984,-0.7404635106550864
15262.279492001,-2.449370218090524,-0.10089386512169984,-0.7404635106550864
15262.287749801,-2.449370218090524,-0.10089386512169984,-0.7404635106550864
15262.301094993,-2.449370218090524,-0.10089386512169984,-0.7404635106550864
15262.309850913,-2.449370218090524,-0.10089386512169984,-0.7404635106550864
15262.319836751,-2.4482537397688007,-0.09181574989942085,-0.7749678357173194
15262.320592754,-2.4482537397688007,-0.09181574989942085,-0.7749678357173194
15262.324626729,-2.4482537397688007,-0.09181574989942085,-0.7749678357173194
15262.325664826,-2.4482537397688007,-0.09181574989942085,-0.7749678357173194
15262.328548882,-2.4482537397688007,-0.09181574989942085,-0.7749678357173194
15262.340118184,-2.4482537397688007,-0.09181574989942085,-0.7749678357173194
15262.34940099,-2.4482537397688007,-0.09181574989942085,-0.7749678357173194
15262.363821289,-2.4482537397688007,-0.09181574989942085,-0.7749678357173194
15262.364653636,-2.447324432424222,-0.08517269183096465,-0.7851465450189272
15262.370145053,-2.447324432424222,-0.08517269183096465,-0.7851465450189272
15262.379897185,-2.447324432424222,-0.08517269183096465,-0.7851465450189272
15262.389936812,-2.447324432424222,-0.08517269183096465,-0.7851465450189272
15262.399092761,-2.447324432424222,-0.08517269183096465,-0.7851465450189272
15262.414340701,-2.447324432424222,-0.08517269183096465,-0.7851465450189272
15262.41491529,-2.4472409773006896,-0.08483139631709546,-0.8185466493348559
15262.415631407,-2.4472409773006896,-0.08483139631709546,-0.8185466493348559
15262.417156838,-2.4472409773006896,-0.08483139631709546,-0.8185466493348559
15262.421102666,-2.4472409773006896,-0.08483139631709546,-0.8185466493348559
15262.429762588,-2.4472409773006896,-0.08483139631709546,-0.8185466493348559
15262.44069114,-2.4472409773006896,-0.08483139631709546,-0.8185466493348559
15262.451171371,-2.4472409773006896,-0.08483139631709546,-0.8185466493348559
15262.457837765,-2.4472409773006896,-0.08483139631709546,-0.8185466493348559
15262.465958105,-2.4472409773006896,-0.08483139631709546,-0.8399544919709644
15262.469794174,-2.4472409773006896,-0.08483139631709546,-0.8399544919709644
15262.480784172,-2.4472409773006896,-0.08483139631709546,-0.8399544919709644
15262.492049742,-2.4472409773006896,-0.08483139631709546,-0.8399544919709644
15262.497223788,-2.4472409773006896,-0.08483139631709546,-0.8399544919709644
15262.517121457,-2.4472409773006896,-0.08483139631709546,-0.8399544919709644
15262.519027459,-2.44719117927046,-0.08488871850985483,-0.8710921968202081
15262.520291856,-2.44719117927046,-0.08488871850985483,-0.8710921968202081
15262.521707428,-2.44719117927046,-0.08488871850985483,-0.8710921968202081
15262.522957618,-2.44719117927046,-0.08488871850985483,-0.8710921968202081
15262.532324049,-2.44719117927046,-0.08488871850985483,-0.8710921968202081
15262.538158776,-2.44719117927046,-0.08488871850985483,-0.8710921968202081
15262.550603471,-2.44719117927046,-0.08488871850985483,-0.8710921968202081
15262.560130566,-2.4472072769629913,-0.08486918660929785,-0.8918832505921802
15262.563185065,-2.4472072769629913,-0.08486918660929785,-0.8918832505921802
15262.56633736,-2.4472072769629913,-0.08486918660929785,-0.8918832505921802
15262.569183102,-2.4472072769629913,-0.08486918660929785,-0.8918832505921802
15262.578934189,-2.4472072769629913,-0.08486918660929785,-0.8918832505921802
15262.589276242,-2.4472072769629913,-0.08486918660929785,-0.8918832505921802
15262.599228553,-2.4472072769629913,-0.08486918660929785,-0.8918832505921802
15262.61203873,-2.4472072769629913,-0.08486918660929785,-0.8918832505921802
15262.621707765,-2.4472072769629913,-0.08486918660929785,-0.8918832505921802
15262.622277254,-2.4472072769629913,-0.08486918660929785,-0.8918832505921802
15262.62374705,-2.4521793169105863,-0.07832936530717363,-0.9154114488452867
15262.629487759,-2.4521793169105863,-0.07832936530717363,-0.9154114488452867
15262.640150116,-2.4521793169105863,-0.07832936530717363,-0.9154114488452867
15262.65001431,-2.4521793169105863,-0.07832936530717363,-0.9154114488452867
15262.658825218,-2.4521793169105863,-0.07832936530717363,-0.9154114488452867
15262.660496636,-2.4555565853342043,-0.07379370596172527,-0.9200807869014191
15262.673329787,-2.4555565853342043,-0.07379370596172527,-0.9200807869014191
15262.678432919,-2.4555565853342043,-0.07379370596172527,-0.9200807869014191
15262.688507161,-2.4555565853342043,-0.07379370596172527,-0.9200807869014191
15262.699996585,-2.4555565853342043,-0.07379370596172527,-0.9200807869014191
15262.710416352,-2.4555565853342043,-0.07379370596172527,-0.9200807869014191
15262.718212808,-2.4557624542356766,-0.07351464720112194,-0.948556113119013
15262.720460908,-2.4557624542356766,-0.07351464720112194,-0.948556113119013
15262.720893278,-2.4557624542356766,-0.07351464720112194,-0.948556113119013
15262.721510066,-2.4557624542356766,-0.07351464720112194,-0.948556113119013
15262.729785139,-2.4557624542356766,-0.07351464720112194,-0.948556113119013
15262.739108008,-2.4557624542356766,-0.07351464720112194,-0.948556113119013
15262.749752821,-2.4557624542356766,-0.07351464720112194,-0.948556113119013
15262.760325057,-2.4557624542356766,-0.07351464720112194,-0.948556113119013
15262.768786723,-2.4557624542356766,-0.07351464720112194,-0.948556113119013
15262.769015677,-2.4557624542356766,-0.07351464720112194,-0.966670441503412
15262.780992154,-2.4557624542356766,-0.07351464720112194,-0.966670441503412
15262.78972797,-2.4557624542356766,-0.07351464720112194,-0.966670441503412
15262.799464542,-2.4557624542356766,-0.07351464720112194,-0.966670441503412
15262.813993688,-2.4557624542356766,-0.07351464720112194,-0.966670441503412
15262.815428236,-2.4558047577453976,-0.07345159095113363,-0.9930872200678653
15262.81585778,-2.4558047577453976,-0.07345159095113363,-0.9930872200678653
15262.81777274,-2.4558047577453976,-0.07345159095113363,-0.9930872200678653
15262.818829713,-2.4558047577453976,-0.07345159095113363,-0.9930872200678653
15262.828461897,-2.4558047577453976,-0.07345159095113363,-0.9930872200678653
15262.841456774,-2.4558047577453976,-0.07345159095113363,-0.9930872200678653
15262.851317652,-2.4558047577453976,-0.07345159095113363,-0.9930872200678653
15262.860298482,-2.4558047577453976,-0.07345159095113363,-0.9930872200678653
15262.86126788,-2.455791111263003,-0.07347290771360751,-1.0096291779230901
15262.862644819,-2.455791111263003,-0.07347290771360751,-1.0096291779230901
15262.86926717,-2.455791111263003,-0.07347290771360751,-1.0096291779230901
15262.878226048,-2.455791111263003,-0.07347290771360751,-1.0096291779230901
15262.888846526,-2.455791111263003,-0.07347290771360751,-1.0096291779230901
15262.90495291,-2.455791111263003,-0.07347290771360751,-1.0096291779230901
15262.909094479,-2.455791111263003,-0.07347290771360751,-1.0096291779230901
15262.920306948,-2.455791111263003,-0.07347290771360751,-1.0096291779230901
15262.925012957,-2.45580433091235,-0.0734513236520056,-1.032883095617182
15262.925822802,-2.45580433091235,-0.0734513236520056,-1.032883095617182
15262.932812639,-2.45580433091235,-0.0734513236520056,-1.032883095617182
15262.941218539,-2.45580433091235,-0.0734513236520056,-1.032883095617182
15262.95021572,-2.45580433091235,-0.0734513236520056,-1.032883095617182
15262.961031137,-2.45580433091235,-0.0734513236520056,-1.032883095617182
15262.963054762,-2.455817217738673,-0.0734295392412603,-1.0403258084009952
15262.963980297,-2.455817217738673,-0.0734295392412603,-1.0403258084009952
15262.971226449,-2.455817217738673,-0.0734295392412603,-1.0403258084009952
15262.98026567,-2.455817217738673,-0.0734295392412603,-1.0403258084009952
15262.988431515,-2.455817217738673,-0.0734295392412603,-1.0403258084009952
15263.002347358,-2.455817217738673,-0.0734295392412603,-1.0403258084009952
15263.009847883,-2.455817217738673,-0.0734295392412603,-1.0403258084009952
15263.012367789,-2.464890741283876,-0.06815484360249574,-1.06285822854845
15263.013672131,-2.464890741283876,-0.06815484360249574,-1.06285822854845
15263.020616131,-2.464890741283876,-0.06815484360249574,-1.06285822854845
15263.028146142,-2.464890741283876,-0.06815484360249574,-1.06285822854845
15263.038403501,-2.464890741283876,-0.06815484360249574,-1.06285822854845
15263.049125671,-2.464890741283876,-0.06815484360249574,-1.06285822854845
15263.062202974,-2.464890741283876,-0.06815484360249574,-1.06285822854845
15263.068540255,-2.464890741283876,-0.06815484360249574,-1.06285822854845
15263.068929683,-2.4719278410402916,-0.06404289116820083,-1.0781566945996202
15263.08228357,-2.4719278410402916,-0.06404289116820083,-1.0781566945996202
15263.088787597,-2.4719278410402916,-0.06404289116820083,-1.0781566945996202
15263.105514948,-2.4719278410402916,-0.06404289116820083,-1.0781566945996202
15263.109469162,-2.4719278410402916,-0.06404289116820083,-1.0781566945996202
15263.114205388,-2.4719160275438994,-0.06406527580907714,-1.0922350732769883
15263.114857584,-2.4719160275438994,-0.06406527580907714,-1.0922350732769883
15263.119230612,-2.4719160275438994,-0.06406527580907714,-1.0922350732769883
15263.122999885,-2.4719160275438994,-0.06406527580907714,-1.0922350732769883
15263.131393903,-2.4719160275438994,-0.06406527580907714,-1.0922350732769883
15263.139124534,-2.4719160275438994,-0.06406527580907714,-1.0922350732769883
15263.149644711,-2.4719160275438994,-0.06406527580907714,-1.0922350732769883
15263.161793294,-2.4719160275438994,-0.06406527580907714,-1.0922350732769883
15263.164074017,-2.4719160275438994,-0.06406527580907714,-1.0922350732769883
15263.164563104,-2.471904596126118,-0.06408785795980787,-1.1121435014691268
15263.171859792,-2.471904596126118,-0.06408785795980787,-1.1121435014691268
15263.178146306,-2.471904596126118,-0.06408785795980787,-1.1121435014691268
15263.190728351,-2.471904596126118,-0.06408785795980787,-1.1121435014691268
15263.201033881,-2.471904596126118,-0.06408785795980787,-1.1121435014691268
15263.208926759,-2.471904596126118,-0.06408785795980787,-1.1121435014691268
15263.219810135,-2.471904596126118,-0.06408785795980787,-1.1121435014691268
15263.222190066,-2.471915665120157,-0.06406509596922946,-1.1242053358044541
15263.222781316,-2.471915665120157,-0.06406509596922946,-1.1242053358044541
15263.232163677,-2.471915665120157,-0.06406509596922946,-1.1242053358044541
15263.239661397,-2.471915665120157,-0.06406509596922946,-1.1242053358044541
15263.249843373,-2.471915665120157,-0.06406509596922946,-1.1242053358044541
15263.258588857,-2.4719372600497906,-0.06401931188475896,-1.1359333841290389
15263.261031096,-2.4719372600497906,-0.06401931188475896,-1.1359333841290389
15263.261752132,-2.4719372600497906,-0.06401931188475896,-1.1359333841290389
15263.269205858,-2.4719372600497906,-0.06401931188475896,-1.1359333841290389
15263.280041965,-2.4719372600497906,-0.06401931188475896,-1.1359333841290389
15263.288094165,-2.4719372600497906,-0.06401931188475896,-1.1359333841290389
15263.300937315,-2.4719372600497906,-0.06401931188475896,-1.1359333841290389
15263.315907596,-2.4719372600497906,-0.06401931188475896,-1.1359333841290389
15263.318795078,-2.4719372600497906,-0.06401931188475896,-1.1359333841290389
15263.320915407,-2.4719372600497906,-0.06401931188475893,-1.1532788125958355
15263.322636328,-2.4719372600497906,-0.06401931188475893,-1.1532788125958355
15263.329745491,-2.4719372600497906,-0.06401931188475893,-1.1532788125958355
15263.341002615,-2.4719372600497906,-0.06401931188475893,-1.1532788125958355
15263.350344229,-2.4719372600497906,-0.06401931188475893,-1.1532788125958355
15263.359022516,-2.4719372600497906,-0.06401931188475893,-1.1532788125958355
15263.365501805,-2.471967714869833,-0.06394975484677101,-1.1629230825390735
15263.368058861,-2.471967714869833,-0.06394975484677101,-1.1629230825390735
15263.369672058,-2.471967714869833,-0.06394975484677101,-1.1629230825390735
15263.37987785,-2.471967714869833,-0.06394975484677101,-1.1629230825390735
15263.388242322,-2.471967714869833,-0.06394975484677101,-1.1629230825390735
15263.399996698,-2.471967714869833,-0.06394975484677101,-1.1629230825390735
15263.409434364,-2.471967714869833,-0.06394975484677101,-1.1629230825390735
15263.411803123,-2.471967714869833,-0.06394975484677101,-1.1629230825390735
15263.412438056,-2.4719776392347717,-0.06392647099346688,-1.1728391496624864
15263.419453031,-2.4719776392347717,-0.06392647099346688,-1.1728391496624864
15263.429036563,-2.4719776392347717,-0.06392647099346688,-1.1728391496624864
15263.442848179,-2.4719776392347717,-0.06392647099346688,-1.1728391496624864
15263.44890637,-2.4719776392347717,-0.06392647099346688,-1.1728391496624864
15263.457426657,-2.4715953088768186,-0.0645968132025585,-1.1884129546244906
15263.459841644,-2.4715953088768186,-0.0645968132025585,-1.1884129546244906
15263.460441581,-2.4715953088768186,-0.0645968132025585,-1.1884129546244906
15263.467774939,-2.4715953088768186,-0.0645968132025585,-1.1884129546244906
15263.477681183,-2.4715953088768186,-0.0645968132025585,-1.1884129546244906
15263.489928083,-2.4715953088768186,-0.0645968132025585,-1.1884129546244906
15263.50034793,-2.4715953088768186,-0.0645968132025585,-1.1884129546244906
15263.51073927,-2.4715953088768186,-0.0645968132025585,-1.1884129546244906
15263.518833764,-2.4715953088768186,-0.0645968132025585,-1.1884129546244906
15263.52048854,-2.4715953088768186,-0.0645968132025585,-1.1884129546244906
15263.520876194,-2.468703013492851,-0.06970213110505782,-1.2003506716931482
15263.531391072,-2.468703013492851,-0.06970213110505782,-1.2003506716931482
15263.53945793,-2.468703013492851,-0.06970213110505782,-1.2003506716931482
15263.550827213,-2.468703013492851,-0.06970213110505782,-1.2003506716931482
15263.56136659,-2.468703013492851,-0.06970213110505782,-1.2003506716931482
15263.562195261,-2.4665133150955545,-0.07355695327062281,-1.2120215159197998
15263.564543992,-2.4665133150955545,-0.07355695327062281,-1.2120215159197998
15263.57169981,-2.4665133150955545,-0.07355695327062281,-1.2120215159197998
15263.581555051,-2.4665133150955545,-0.07355695327062281,-1.2120215159197998
15263.588295976,-2.4665133150955545,-0.07355695327062281,-1.2120215159197998
15263.600644408,-2.4665133150955545,-0.07355695327062281,-1.2120215159197998
15263.619813867,-2.4665133150955545,-0.07355695327062281,-1.2120215159197998
15263.623512977,-2.4665133150955545,-0.07355695327062281,-1.2120215159197998
15263.626058902,-2.4664053015379275,-0.0737389381237411,-1.2251044770958663
