time,x,y,yaw
10408.235667859,-2.4714736469426377,-0.07515219281742014,1.8973272265630716
10408.236618129,-2.4714736469426377,-0.07515219281742014,1.8973987521368025
10408.237197409,-2.4714736469426377,-0.07515219281742014,1.8973987521368025
10408.237778361,-2.4714736469426377,-0.07515219281742014,1.8973987521368025
10408.239705171,-2.471465526444617,-0.07517616547593034,1.8974111499029165
10408.241659675,-2.471465526444617,-0.07517616547593034,1.8974111499029165
10408.241925614,-2.471465526444617,-0.07517616547593034,1.8974111499029165
10408.2424458,-2.471473647222341,-0.07515219291216857,1.8974220873552317
10408.243094192,-2.471473647222341,-0.07515219291216857,1.8974220873552317
10408.246415583,-2.471473647222341,-0.07515219291216857,1.8973941029745096
10408.253811648,-2.471473647222341,-0.07515219291216857,1.8973941029745096
10408.264305063,-2.471473647222341,-0.07515219291216857,1.8973941029745096
10408.270902178,-2.471473647222341,-0.07515219291216857,1.8973941029745096
10408.283143265,-2.471473647222341,-0.07515219291216857,1.8973941029745096
10408.291401512,-2.471473647222341,-0.07515219291216857,1.8973941029745096
10408.302214861,-2.471473647222341,-0.07515219291216857,1.8973941029745096
10408.305240537,-2.471473647222341,-0.07515219291216857,1.8972868742185598
10408.306346104,-2.471473647222341,-0.07515219291216857,1.8972868742185598
10408.315452665,-2.471473647222341,-0.07515219291216857,1.8972868742185598
10408.323053652,-2.471473647222341,-0.07515219291216857,1.8972868742185598
10408.332307475,-2.471473647222341,-0.07515219291216857,1.8972868742185598
10408.346803909,-2.471473647222341,-0.07515219291216857,1.8972868742185598
10408.347970884,-2.471473647222341,-0.07515219291216857,1.8972868742185598
10408.348694109,-2.4714978296876566,-0.07508021454063432,1.8925464274126054
10408.351025635,-2.4714978296876566,-0.07508021454063432,1.8925464274126054
10408.360292323,-2.4714978296876566,-0.07508021454063432,1.8925464274126054
10408.371626971,-2.4714978296876566,-0.07508021454063432,1.8925464274126054
10408.380600167,-2.4714978296876566,-0.07508021454063432,1.8925464274126054
10408.39261654,-2.4714978296876566,-0.07508021454063432,1.8925464274126054
10408.398707425,-2.4718797210399863,-0.07392688351271698,1.888561290665246
10408.400096315,-2.4718797210399863,-0.07392688351271698,1.888561290665246
10408.406964118,-2.4718797210399863,-0.07392688351271698,1.888561290665246
10408.413799499,-2.4718797210399863,-0.07392688351271698,1.888561290665246
10408.422318895,-2.4718797210399863,-0.07392688351271698,1.888561290665246
10408.433780136,-2.4718797210399863,-0.07392688351271698,1.888561290665246
10408.445552081,-2.4718797210399863,-0.07392688351271698,1.888561290665246
10408.450638412,-2.4718797210399863,-0.07392688351271698,1.888561290665246
10408.453485365,-2.4718797210399863,-0.07392688351271698,1.888561290665246
10408.455001528,-2.472789434579626,-0.07116196684312376,1.888758880062676
10408.461094798,-2.472789434579626,-0.07116196684312376,1.888758880062676
10408.471292408,-2.472789434579626,-0.07116196684312376,1.888758880062676
10408.485303782,-2.472789434579626,-0.07116196684312376,1.888758880062676
10408.494149544,-2.472789434579626,-0.07116196684312376,1.888758880062676
10408.502947002,-2.472789434579626,-0.07116196684312376,1.888758880062676
10408.505865141,-2.472789434579626,-0.07116196684312376,1.888758880062676
10408.50672607,-2.474156712535987,-0.06705547959681549,1.8956548990446087
10408.514873063,-2.474156712535987,-0.06705547959681549,1.8956548990446087
10408.523221392,-2.474156712535987,-0.06705547959681549,1.8956548990446087
10408.533451294,-2.474156712535987,-0.06705547959681549,1.8956548990446087
10408.541802057,-2.474156712535987,-0.06705547959681549,1.8956548990446087
10408.544589956,-2.4767480503309134,-0.059435235380434825,1.9015217544275276
10408.546644431,-2.4767480503309134,-0.059435235380434825,1.9015217544275276
10408.554715339,-2.4767480503309134,-0.059435235380434825,1.9015217544275276
10408.560901115,-2.4767480503309134,-0.059435235380434825,1.9015217544275276
10408.574423663,-2.4767480503309134,-0.059435235380434825,1.9015217544275276
10408.584430648,-2.4767480503309134,-0.059435235380434825,1.9015217544275276
10408.597138476,-2.4767480503309134,-0.059435235380434825,1.9015217544275276
10408.603564172,-2.4767480503309134,-0.059435235380434825,1.9015217544275276
10408.604209789,-2.4767480503309134,-0.059435235380434825,1.9015217544275276
10408.604799338,-2.4786112222192416,-0.0540805286890233,1.9097662092882162
10408.608763189,-2.4786112222192416,-0.0540805286890233,1.9097662092882162
10408.616462064,-2.4786112222192416,-0.0540805286890233,1.9097662092882162
10408.621422735,-2.4786112222192416,-0.0540805286890233,1.9097662092882162
10408.633638711,-2.4786112222192416,-0.0540805286890233,1.9097662092882162
10408.641853954,-2.4786112222192416,-0.0540805286890233,1.9097662092882162
10408.644983958,-2.481545456642606,-0.04580236538651222,1.9131022514539728
10408.655631801,-2.481545456642606,-0.04580236538651222,1.9131022514539728
10408.661340895,-2.481545456642606,-0.04580236538651222,1.9131022514539728
10408.677301192,-2.481545456642606,-0.04580236538651222,1.9131022514539728
10408.685236089,-2.481545456642606,-0.04580236538651222,1.9131022514539728
10408.692179367,-2.481545456642606,-0.04580236538651222,1.9131022514539728
10408.701527099,-2.481545456642606,-0.04580236538651222,1.9131022514539728
10408.706930658,-2.4835211174358887,-0.04029950550232175,1.917873633070564
10408.707993865,-2.4835211174358887,-0.04029950550232175,1.917873633070564
10408.710044362,-2.4835211174358887,-0.04029950550232175,1.917873633070564
10408.7223504,-2.4835211174358887,-0.04029950550232175,1.917873633070564
10408.731732878,-2.4835211174358887,-0.04029950550232175,1.917873633070564
10408.743337293,-2.4835211174358887,-0.04029950550232175,1.917873633070564
10408.753802386,-2.4835211174358887,-0.04029950550232175,1.917873633070564
10408.755071116,-2.4835211174358887,-0.04029950550232175,1.917873633070564
10408.756013802,-2.4864706169134285,-0.03216125022934316,1.9191187442976003
10408.763409766,-2.4864706169134285,-0.03216125022934316,1.9191187442976003
10408.772674359,-2.4864706169134285,-0.03216125022934316,1.9191187442976003
10408.785245285,-2.4864706169134285,-0.03216125022934316,1.9191187442976003
10408.794465383,-2.4864706169134285,-0.03216125022934316,1.9191187442976003
10408.798924483,-2.4884636933930544,-0.026691605103527832,1.9213444115358351
10408.80642117,-2.4884636933930544,-0.026691605103527832,1.9213444115358351
10408.807258544,-2.4884636933930544,-0.026691605103527832,1.9213444115358351
10408.81187234,-2.4884636933930544,-0.026691605103527832,1.9213444115358351
10408.824610406,-2.4884636933930544,-0.026691605103527832,1.9213444115358351
10408.833952408,-2.4884636933930544,-0.026691605103527832,1.9213444115358351
10408.846149597,-2.4884636933930544,-0.026691605103527832,1.9213444115358351
10408.847819395,-2.4903398699225283,-0.021556506828390776,1.9208390833574291
10408.854170559,-2.4903398699225283,-0.021556506828390776,1.9208390833574291
10408.85538738,-2.4903398699225283,-0.021556506828390776,1.9208390833574291
10408.865232545,-2.4903398699225283,-0.021556506828390776,1.9208390833574291
10408.874349545,-2.4903398699225283,-0.021556506828390776,1.9208390833574291
10408.882626277,-2.4903398699225283,-0.021556506828390776,1.9208390833574291
10408.894163242,-2.4903398699225283,-0.021556506828390776,1.9208390833574291
10408.905036316,-2.4903398699225283,-0.021556506828390776,1.9208390833574291
10408.906991951,-2.4923114260267147,-0.016186792913824063,1.92451667503891
10408.907786373,-2.4923114260267147,-0.016186792913824063,1.92451667503891
10408.91088638,-2.4923114260267147,-0.016186792913824063,1.92451667503891
10408.923130169,-2.4923114260267147,-0.016186792913824063,1.92451667503891
10408.93259735,-2.4923114260267147,-0.016186792913824063,1.92451667503891
10408.942212485,-2.4923114260267147,-0.016186792913824063,1.92451667503891
10408.947781942,-2.4951692144656477,-0.008446203218451687,1.924419638677216
10408.952258555,-2.4951692144656477,-0.008446203218451687,1.924419638677216
10408.957810929,-2.4951692144656477,-0.008446203218451687,1.924419638677216
10408.960833147,-2.4951692144656477,-0.008446203218451687,1.924419638677216
10408.972062914,-2.4951692144656477,-0.008446203218451687,1.924419638677216
10408.98174672,-2.4951692144656477,-0.008446203218451687,1.924419638677216
10408.993589351,-2.4951692144656477,-0.008446203218451687,1.924419638677216
10409.005283257,-2.4951692144656477,-0.008446203218451687,1.924419638677216
10409.006656838,-2.497162576119589,-0.0030575506888071424,1.9257892789083488
10409.00727959,-2.497162576119589,-0.0030575506888071424,1.9257892789083488
10409.012638704,-2.497162576119589,-0.0030575506888071424,1.9257892789083488
10409.013145014,-2.497162576119589,-0.0030575506888071424,1.9257892789083488
10409.025068088,-2.497162576119589,-0.0030575506888071424,1.9257892789083488
10409.031518772,-2.497162576119589,-0.0030575506888071424,1.9257892789083488
10409.041376842,-2.497162576119589,-0.0030575506888071424,1.9257892789083488
10409.044967269,-2.5000984977533784,0.004843036494317596,1.9273905278879166
10409.054156678,-2.5000984977533784,0.004843036494317596,1.9273905278879166
10409.060168201,-2.5000984977533784,0.004843036494317596,1.9273905278879166
10409.074121715,-2.5000984977533784,0.004843036494317596,1.9273905278879166
10409.084186911,-2.5000984977533784,0.004843036494317596,1.9273905278879166
10409.092242319,-2.5000984977533784,0.004843036494317596,1.9273905278879166
10409.098064259,-2.5000984977533784,0.004843036494317596,1.9273905278879166
10409.101883844,-2.5000984977533784,0.004843036494317596,1.9273905278879166
10409.102741397,-2.501924218454384,0.009753956465491265,1.9260695995527264
10409.11512296,-2.501924218454384,0.009753956465491265,1.9260695995527264
10409.124279666,-2.501924218454384,0.009753956465491265,1.9260695995527264
10409.133038411,-2.501924218454384,0.009753956465491265,1.9260695995527264
10409.143827855,-2.501924218454384,0.009753956465491265,1.9260695995527264
10409.153062421,-2.503746398602574,0.01466619124702341,1.9259488107400893
10409.157730801,-2.503746398602574,0.01466619124702341,1.9259488107400893
10409.159816125,-2.503746398602574,0.01466619124702341,1.9259488107400893
10409.160309149,-2.503746398602574,0.01466619124702341,1.9259488107400893
10409.174324411,-2.503746398602574,0.01466619124702341,1.9259488107400893
10409.181053288,-2.503746398602574,0.01466619124702341,1.9259488107400893
10409.19498511,-2.503746398602574,0.01466619124702341,1.9259488107400893
10409.201155648,-2.503746398602574,0.01466619124702341,1.9259488107400893
10409.202256225,-2.503746398602574,0.01466619124702341,1.9259488107400893
10409.203132844,-2.506510327844216,0.022144646345427177,1.9236745657163623
10409.213042032,-2.506510327844216,0.022144646345427177,1.9236745657163623
10409.223359091,-2.506510327844216,0.022144646345427177,1.9236745657163623
10409.235630764,-2.506510327844216,0.022144646345427177,1.9236745657163623
10409.240579121,-2.506510327844216,0.022144646345427177,1.9236745657163623
10409.253300524,-2.506510327844216,0.022144646345427177,1.9236745657163623
10409.259638142,-2.508390926241759,0.02727812687351141,1.920231414003945
10409.261805663,-2.508390926241759,0.02727812687351141,1.920231414003945
10409.265880106,-2.508390926241759,0.02727812687351141,1.920231414003945
10409.273457529,-2.508390926241759,0.02727812687351141,1.920231414003945
10409.28504448,-2.508390926241759,0.02727812687351141,1.920231414003945
10409.290715491,-2.508390926241759,0.02727812687351141,1.920231414003945
10409.303412037,-2.508390926241759,0.02727812687351141,1.920231414003945
10409.304544456,-2.508390926241759,0.02727812687351141,1.920231414003945
10409.30740786,-2.51112882890928,0.03482002596338524,1.9178242208200456
10409.311823196,-2.51112882890928,0.03482002596338524,1.9178242208200456
10409.322000206,-2.51112882890928,0.03482002596338524,1.9178242208200456
10409.33443957,-2.51112882890928,0.03482002596338524,1.9178242208200456
10409.339641953,-2.51112882890928,0.03482002596338524,1.9178242208200456
10409.345887315,-2.5129640302909997,0.039916138798441234,1.9150883080202106
10409.347155013,-2.5129640302909997,0.039916138798441234,1.9150883080202106
10409.354612375,-2.5129640302909997,0.039916138798441234,1.9150883080202106
10409.362354963,-2.5129640302909997,0.039916138798441234,1.9150883080202106
10409.371633162,-2.5129640302909997,0.039916138798441234,1.9150883080202106
10409.382684839,-2.5129640302909997,0.039916138798441234,1.9150883080202106
10409.391523506,-2.5129640302909997,0.039916138798441234,1.9150883080202106
10409.399155131,-2.5129640302909997,0.039916138798441234,1.9150883080202106
10409.408946533,-2.5129640302909997,0.039916138798441234,1.9150883080202106
10409.410500099,-2.514830759163207,0.04513539346116466,1.913472843332863
10409.412891819,-2.514830759163207,0.04513539346116466,1.913472843332863
10409.413411665,-2.514830759163207,0.04513539346116466,1.913472843332863
10409.424664635,-2.514830759163207,0.04513539346116466,1.913472843332863
10409.435478876,-2.514830759163207,0.04513539346116466,1.913472843332863
10409.442706138,-2.514830759163207,0.04513539346116466,1.913472843332863
10409.447931966,-2.517646505063259,0.053025877029565745,1.9136542202669138
10409.450558566,-2.517646505063259,0.053025877029565745,1.9136542202669138
10409.459711285,-2.517646505063259,0.053025877029565745,1.9136542202669138
10409.471876643,-2.517646505063259,0.053025877029565745,1.9136542202669138
10409.484263936,-2.517646505063259,0.053025877029565745,1.9136542202669138
10409.494994307,-2.517646505063259,0.053025877029565745,1.9136542202669138
10409.49919419,-2.519615429554532,0.058531150757802554,1.9148739101129533
10409.501537358,-2.519615429554532,0.058531150757802554,1.9148739101129533
10409.50206068,-2.519615429554532,0.058531150757802554,1.9148739101129533
10409.512338353,-2.519615429554532,0.058531150757802554,1.9148739101129533
10409.523571386,-2.519615429554532,0.058531150757802554,1.9148739101129533
10409.532876937,-2.519615429554532,0.058531150757802554,1.9148739101129533
10409.540590148,-2.519615429554532,0.058531150757802554,1.9148739101129533
10409.553513529,-2.519615429554532,0.058531150757802554,1.9148739101129533
10409.554850589,-2.521608021698167,0.06408171689538253,1.9160393001276013
10409.56359161,-2.521608021698167,0.06408171689538253,1.9160393001276013
10409.56410357,-2.521608021698167,0.06408171689538253,1.9160393001276013
10409.573073328,-2.521608021698167,0.06408171689538253,1.9160393001276013
10409.579827934,-2.521608021698167,0.06408171689538253,1.9160393001276013
10409.59688955,-2.521608021698167,0.06408171689538253,1.9160393001276013
10409.598278019,-2.52454035675758,0.0721992661738869,1.918848556442832
10409.599094122,-2.52454035675758,0.0721992661738869,1.918848556442832
10409.601128147,-2.52454035675758,0.0721992661738869,1.918848556442832
10409.616839837,-2.52454035675758,0.0721992661738869,1.918848556442832
10409.625963941,-2.52454035675758,0.0721992661738869,1.918848556442832
10409.634390489,-2.52454035675758,0.0721992661738869,1.918848556442832
10409.641956028,-2.52454035675758,0.0721992661738869,1.918848556442832
10409.647223155,-2.5264654560808064,0.07750510483001663,1.918855321570016
10409.653969526,-2.5264654560808064,0.07750510483001663,1.918855321570016
10409.654772313,-2.5264654560808064,0.07750510483001663,1.918855321570016
10409.665665194,-2.5264654560808064,0.07750510483001663,1.918855321570016
10409.674114857,-2.5264654560808064,0.07750510483001663,1.918855321570016
10409.683147556,-2.5264654560808064,0.07750510483001663,1.918855321570016
10409.694050453,-2.5264654560808064,0.07750510483001663,1.918855321570016
10409.699928584,-2.5264654560808064,0.07750510483001663,1.918855321570016
10409.703803845,-2.5283882823531316,0.08278483869167744,1.9212571205335613
10409.704361563,-2.5283882823531316,0.08278483869167744,1.9212571205335613
10409.712963547,-2.5283882823531316,0.08278483869167744,1.9212571205335613
10409.725187417,-2.5283882823531316,0.08278483869167744,1.9212571205335613
10409.734219836,-2.5283882823531316,0.08278483869167744,1.9212571205335613
10409.742786082,-2.5283882823531316,0.08278483869167744,1.9212571205335613
10409.744168339,-2.5312432265274882,0.09060735855191972,1.9202230693536764
10409.74574044,-2.5312432265274882,0.09060735855191972,1.9202230693536764
10409.750788196,-2.5312432265274882,0.09060735855191972,1.9202230693536764
10409.762437727,-2.5312432265274882,0.09060735855191972,1.9202230693536764
10409.771898946,-2.5312432265274882,0.09060735855191972,1.9202230693536764
10409.78457366,-2.5312432265274882,0.09060735855191972,1.9202230693536764
10409.793313138,-2.5312432265274882,0.09060735855191972,1.9202230693536764
10409.80181489,-2.5312432265274882,0.09060735855191972,1.9202230693536764
10409.808045973,-2.5312432265274882,0.09060735855191972,1.9202230693536764
10409.808792102,-2.53316490072122,0.09586056893726465,1.922747564478494
10409.812787093,-2.53316490072122,0.09586056893726465,1.922747564478494
10409.822717621,-2.53316490072122,0.09586056893726465,1.922747564478494
10409.832736278,-2.53316490072122,0.09586056893726465,1.922747564478494
10409.842791235,-2.53316490072122,0.09586056893726465,1.922747564478494
10409.847803384,-2.5361740593499524,0.1040578886561184,1.922481876774407
10409.854346414,-2.5361740593499524,0.1040578886561184,1.922481876774407
10409.85500747,-2.5361740593499524,0.1040578886561184,1.922481876774407
10409.859736487,-2.5361740593499524,0.1040578886561184,1.922481876774407
10409.872667061,-2.5361740593499524,0.1040578886561184,1.922481876774407
10409.88747474,-2.5361740593499524,0.1040578886561184,1.922481876774407
10409.89310869,-2.5361740593499524,0.1040578886561184,1.922481876774407
10409.899763675,-2.5382616469371184,0.10973551602281789,1.923797917528725
10409.902360939,-2.5382616469371184,0.10973551602281789,1.923797917528725
10409.903351496,-2.5382616469371184,0.10973551602281789,1.923797917528725
10409.915335958,-2.5382616469371184,0.10973551602281789,1.923797917528725
10409.92385365,-2.5382616469371184,0.10973551602281789,1.923797917528725
10409.935385495,-2.5382616469371184,0.10973551602281789,1.923797917528725
10409.942484751,-2.5382616469371184,0.10973551602281789,1.923797917528725
10409.947215511,-2.5402577481225785,0.11515013824972797,1.9241788806158076
10409.954681449,-2.5402577481225785,0.11515013824972797,1.9241788806158076
10409.955463096,-2.5402577481225785,0.11515013824972797,1.9241788806158076
10409.96177771,-2.5402577481225785,0.11515013824972797,1.9241788806158076
10409.972674599,-2.5402577481225785,0.11515013824972797,1.9241788806158076
10409.982107194,-2.5402577481225785,0.11515013824972797,1.9241788806158076
10409.992832905,-2.5402577481225785,0.11515013824972797,1.9241788806158076
10410.005436162,-2.5402577481225785,0.11515013824972797,1.9241788806158076
10410.007137481,-2.5423070849900116,0.12070698995789216,1.9240522654491428
10410.010939101,-2.5423070849900116,0.12070698995789216,1.9240522654491428
10410.013820289,-2.5423070849900116,0.12070698995789216,1.9240522654491428
10410.022130665,-2.5423070849900116,0.12070698995789216,1.9240522654491428
10410.033257945,-2.5423070849900116,0.12070698995789216,1.9240522654491428
10410.044704937,-2.5423070849900116,0.12070698995789216,1.9240522654491428
10410.046911994,-2.545160932973217,0.1284490333110747,1.9238660158353809
10410.052242232,-2.545160932973217,0.1284490333110747,1.9238660158353809
10410.053370834,-2.545160932973217,0.1284490333110747,1.9238660158353809
10410.064778671,-2.545160932973217,0.1284490333110747,1.9238660158353809
10410.072121313,-2.545160932973217,0.1284490333110747,1.9238660158353809
10410.081461612,-2.545160932973217,0.1284490333110747,1.9238660158353809
10410.096104404,-2.545160932973217,0.1284490333110747,1.9238660158353809
10410.101143565,-2.545160932973217,0.1284490333110747,1.9238660158353809
10410.107686055,-2.545160932973217,0.1284490333110747,1.9238660158353809
10410.108329999,-2.547224738994764,0.13405450208734024,1.9232780309158335
10410.111047633,-2.547224738994764,0.13405450208734024,1.9232780309158335
10410.122605898,-2.547224738994764,0.13405450208734024,1.9232780309158335
10410.132926884,-2.547224738994764,0.13405450208734024,1.9232780309158335
10410.14301767,-2.547224738994764,0.13405450208734024,1.9232780309158335
10410.15487228,-2.547224738994764,0.13405450208734024,1.9232780309158335
10410.156094901,-2.547224738994764,0.13405450208734024,1.9232780309158335
10410.1595756,-2.5500475885526246,0.1417540075175665,1.9211349608140955
10410.162926808,-2.5500475885526246,0.1417540075175665,1.9211349608140955
10410.173620268,-2.5500475885526246,0.1417540075175665,1.9211349608140955
10410.182564377,-2.5500475885526246,0.1417540075175665,1.9211349608140955
10410.191296751,-2.5500475885526246,0.1417540075175665,1.9211349608140955
10410.202234839,-2.5500475885526246,0.1417540075175665,1.9211349608140955
10410.203303315,-2.5520951696271066,0.14736542331393016,1.9202231885629661
10410.204183721,-2.5520951696271066,0.14736542331393016,1.9202231885629661
10410.212547379,-2.5520951696271066,0.14736542331393016,1.9202231885629661
10410.226444333,-2.5520951696271066,0.14736542331393016,1.9202231885629661
10410.232620842,-2.5520951696271066,0.14736542331393016,1.9202231885629661
10410.246966756,-2.5520951696271066,0.14736542331393016,1.9202231885629661
10410.251870197,-2.5520951696271066,0.14736542331393016,1.9202231885629661
10410.255159938,-2.5520951696271066,0.14736542331393016,1.9202231885629661
10410.255735931,-2.5538706186976246,0.15224090193902579,1.919834387465096
10410.263258287,-2.5538706186976246,0.15224090193902579,1.919834387465096
10410.270792206,-2.5538706186976246,0.15224090193902579,1.919834387465096
10410.279899377,-2.5538706186976246,0.15224090193902579,1.919834387465096
10410.293274011,-2.5538706186976246,0.15224090193902579,1.919834387465096
10410.303129546,-2.5538706186976246,0.15224090193902579,1.919834387465096
10410.304227389,-2.555873394891077,0.15773395118275993,1.9210052909093858
10410.305132612,-2.555873394891077,0.15773395118275993,1.9210052909093858
10410.313542278,-2.555873394891077,0.15773395118275993,1.9210052909093858
10410.323644986,-2.555873394891077,0.15773395118275993,1.9210052909093858
10410.332937913,-2.555873394891077,0.15773395118275993,1.9210052909093858
10410.345194146,-2.555873394891077,0.15773395118275993,1.9210052909093858
10410.346525365,-2.558794648262732,0.16572087415226,1.9218684257703782
10410.353416783,-2.558794648262732,0.16572087415226,1.9218684257703782
10410.356789032,-2.558794648262732,0.16572087415226,1.9218684257703782
10410.362241424,-2.558794648262732,0.16572087415226,1.9218684257703782
10410.374900177,-2.558794648262732,0.16572087415226,1.9218684257703782
10410.382695546,-2.558794648262732,0.16572087415226,1.9218684257703782
10410.392700126,-2.558794648262732,0.16572087415226,1.9218684257703782
10410.40332818,-2.558794648262732,0.16572087415226,1.9218684257703782
10410.404796011,-2.5608922270349677,0.17142179512327893,1.9248521597820294
10410.40768348,-2.5608922270349677,0.17142179512327893,1.9248521597820294
10410.411140782,-2.5608922270349677,0.17142179512327893,1.9248521597820294
10410.423196249,-2.5608922270349677,0.17142179512327893,1.9248521597820294
10410.433056102,-2.5608922270349677,0.17142179512327893,1.9248521597820294
10410.442051829,-2.5608922270349677,0.17142179512327893,1.9248521597820294
10410.447629401,-2.5608922270349677,0.17142179512327893,1.9248521597820294
10410.448414094,-2.56368620862943,0.17894309951470372,1.9280950398880006
10410.454156942,-2.56368620862943,0.17894309951470372,1.9280950398880006
10410.461046897,-2.56368620862943,0.17894309951470372,1.9280950398880006
10410.461422727,-2.56368620862943,0.17894309951470372,1.9280950398880006
10410.470826736,-2.56368620862943,0.17894309951470372,1.9280950398880006
10410.483208879,-2.56368620862943,0.17894309951470372,1.9280950398880006
10410.494872847,-2.56368620862943,0.17894309951470372,1.9280950398880006
10410.502096531,-2.56368620862943,0.17894309951470372,1.9280950398880006
10410.503468398,-2.565760718411668,0.18446357205443453,1.932414722605324
10410.504391516,-2.565760718411668,0.18446357205443453,1.932414722605324
10410.51174575,-2.565760718411668,0.18446357205443453,1.932414722605324
10410.522258703,-2.565760718411668,0.18446357205443453,1.932414722605324
10410.532253034,-2.565760718411668,0.18446357205443453,1.932414722605324
10410.541604843,-2.565760718411668,0.18446357205443453,1.932414722605324
10410.551071012,-2.565760718411668,0.18446357205443453,1.932414722605324
10410.553747848,-2.5678023877124327,0.18977991694090018,1.942516443296051
10410.559202445,-2.5678023877124327,0.18977991694090018,1.942516443296051
10410.564298354,-2.5678023877124327,0.18977991694090018,1.942516443296051
10410.572012223,-2.5678023877124327,0.18977991694090018,1.942516443296051
10410.58279139,-2.5678023877124327,0.18977991694090018,1.942516443296051
10410.593431376,-2.5678023877124327,0.18977991694090018,1.942516443296051
10410.60346915,-2.5678023877124327,0.18977991694090018,1.942516443296051
10410.60471226,-2.5711138090405523,0.19813276022464293,1.9539476753908158
10410.609744237,-2.5711138090405523,0.19813276022464293,1.9539476753908158
10410.613353309,-2.5711138090405523,0.19813276022464293,1.9539476753908158
10410.624876734,-2.5711138090405523,0.19813276022464293,1.9539476753908158
10410.632258364,-2.5711138090405523,0.19813276022464293,1.9539476753908158
10410.64089839,-2.5711138090405523,0.19813276022464293,1.9539476753908158
10410.646295496,-2.5711138090405523,0.19813276022464293,1.9539476753908158
10410.646898641,-2.573471162157708,0.2038956850416206,1.9642208637434009
10410.650775025,-2.573471162157708,0.2038956850416206,1.9642208637434009
10410.667525794,-2.573471162157708,0.2038956850416206,1.9642208637434009
10410.670017947,-2.573471162157708,0.2038956850416206,1.9642208637434009
10410.681812765,-2.573471162157708,0.2038956850416206,1.9642208637434009
10410.692490204,-2.573471162157708,0.2038956850416206,1.9642208637434009
10410.701250811,-2.573471162157708,0.2038956850416206,1.9642208637434009
10410.702029432,-2.5759301532893377,0.20967103975399104,1.9824224980312357
10410.703292411,-2.5759301532893377,0.20967103975399104,1.9824224980312357
10410.711853126,-2.5759301532893377,0.20967103975399104,1.9824224980312357
10410.722703285,-2.5759301532893377,0.20967103975399104,1.9824224980312357
10410.734279965,-2.5759301532893377,0.20967103975399104,1.9824224980312357
10410.739756023,-2.5759301532893377,0.20967103975399104,1.9824224980312357
10410.746513834,-2.5800959687107583,0.21914792479689144,1.9874740810829161
10410.75309593,-2.5800959687107583,0.21914792479689144,1.9874740810829161
10410.754112256,-2.5800959687107583,0.21914792479689144,1.9874740810829161
10410.763980415,-2.5800959687107583,0.21914792479689144,1.9874740810829161
10410.773077276,-2.5800959687107583,0.21914792479689144,1.9874740810829161
10410.783951211,-2.5800959687107583,0.21914792479689144,1.9874740810829161
10410.791873493,-2.5800959687107583,0.21914792479689144,1.9874740810829161
10410.801008698,-2.5800959687107583,0.21914792479689144,1.9874740810829161
10410.807101787,-2.5800959687107583,0.21914792479689144,1.9874740810829161
10410.808135696,-2.5830328008172105,0.22573657090176757,1.9927321793275843
10410.812992678,-2.5830328008172105,0.22573657090176757,1.9927321793275843
10410.822570591,-2.5830328008172105,0.22573657090176757,1.9927321793275843
10410.832610268,-2.5830328008172105,0.22573657090176757,1.9927321793275843
10410.840478246,-2.5830328008172105,0.22573657090176757,1.9927321793275843
10410.849330228,-2.5830328008172105,0.22573657090176757,1.9927321793275843
10410.851131989,-2.587900595668025,0.2318461714403222,1.996095741850496
10410.854384779,-2.587900595668025,0.2318461714403222,1.996095741850496
10410.864087089,-2.587900595668025,0.2318461714403222,1.996095741850496
10410.869495938,-2.587900595668025,0.2318461714403222,1.996095741850496
10410.885214481,-2.587900595668025,0.2318461714403222,1.996095741850496
10410.889992401,-2.587900595668025,0.2318461714403222,1.996095741850496
10410.901738095,-2.587900595668025,0.2318461714403222,1.996095741850496
10410.911490261,-2.59108148117218,0.231166524438286,1.9991837696637387
10410.916178099,-2.59108148117218,0.231166524438286,1.9991837696637387
10410.917338491,-2.59108148117218,0.231166524438286,1.9991837696637387
10410.923910457,-2.59108148117218,0.231166524438286,1.9991837696637387
10410.935155372,-2.59108148117218,0.231166524438286,1.9991837696637387
10410.945574967,-2.59108148117218,0.231166524438286,1.9991837696637387
10410.952205595,-2.59108148117218,0.231166524438286,1.9991837696637387
10410.953976096,-2.595916430857171,0.23967662171944432,2.001259719617336
10410.965044273,-2.595916430857171,0.23967662171944432,2.001259719617336
10410.966501704,-2.595916430857171,0.23967662171944432,2.001259719617336
10410.974450487,-2.595916430857171,0.23967662171944432,2.001259719617336
10410.982747366,-2.595916430857171,0.23967662171944432,2.001259719617336
10410.99884781,-2.595916430857171,0.23967662171944432,2.001259719617336
10410.999905957,-2.599361620512174,0.24714638082903528,2.0046205573153193
10411.001185437,-2.599361620512174,0.24714638082903528,2.0046205573153193
10411.00504591,-2.599361620512174,0.24714638082903528,2.0046205573153193
10411.010344658,-2.599361620512174,0.24714638082903528,2.0046205573153193
10411.020430724,-2.599361620512174,0.24714638082903528,2.0046205573153193
10411.03201562,-2.599361620512174,0.24714638082903528,2.0046205573153193
10411.047631235,-2.599361620512174,0.24714638082903528,2.0046205573153193
10411.049108264,-2.6024045911133578,0.2536866843569397,2.0079222374033625
10411.051421083,-2.6024045911133578,0.2536866843569397,2.0079222374033625
10411.051998529,-2.6024045911133578,0.2536866843569397,2.0079222374033625
10411.063249185,-2.6024045911133578,0.2536866843569397,2.0079222374033625
10411.072131215,-2.6024045911133578,0.2536866843569397,2.0079222374033625
10411.083232264,-2.6024045911133578,0.2536866843569397,2.0079222374033625
10411.090704354,-2.6024045911133578,0.2536866843569397,2.0079222374033625
10411.102095729,-2.6024045911133578,0.2536866843569397,2.0079222374033625
10411.103895486,-2.6058664752614833,0.26100897611477036,2.016952728517024
10411.105109261,-2.6058664752614833,0.26100897611477036,2.016952728517024
10411.112481379,-2.6058664752614833,0.26100897611477036,2.016952728517024
10411.12212088,-2.6058664752614833,0.26100897611477036,2.016952728517024
10411.130901636,-2.6058664752614833,0.26100897611477036,2.016952728517024
10411.140750447,-2.6058664752614833,0.26100897611477036,2.016952728517024
10411.143794727,-2.611170577328796,0.27205153561376133,2.0202205531668356
10411.149080811,-2.611170577328796,0.27205153561376133,2.0202205531668356
10411.151680419,-2.611170577328796,0.27205153561376133,2.0202205531668356
10411.163548327,-2.611170577328796,0.27205153561376133,2.0202205531668356
10411.17157002,-2.611170577328796,0.27205153561376133,2.0202205531668356
10411.179988068,-2.611170577328796,0.27205153561376133,2.0202205531668356
10411.192740413,-2.611170577328796,0.27205153561376133,2.0202205531668356
10411.203395849,-2.611170577328796,0.27205153561376133,2.0202205531668356
10411.20665505,-2.6146165095492284,0.2791288237250407,2.0275978349518464
10411.208114666,-2.6146165095492284,0.2791288237250407,2.0275978349518464
10411.211999005,-2.6146165095492284,0.2791288237250407,2.0275978349518464
10411.220682555,-2.6146165095492284,0.2791288237250407,2.0275978349518464
10411.232173882,-2.6146165095492284,0.2791288237250407,2.0275978349518464
10411.243559766,-2.6146165095492284,0.2791288237250407,2.0275978349518464
10411.252089833,-2.6146165095492284,0.2791288237250407,2.0275978349518464
10411.252882391,-2.6200661495527853,0.290156782135305,2.031933566219776
10411.253464626,-2.6200661495527853,0.290156782135305,2.031933566219776
10411.260881309,-2.6200661495527853,0.290156782135305,2.031933566219776
10411.271621177,-2.6200661495527853,0.290156782135305,2.031933566219776
10411.282526051,-2.6200661495527853,0.290156782135305,2.031933566219776
10411.2951898,-2.6200661495527853,0.290156782135305,2.031933566219776
10411.300863329,-2.6200661495527853,0.290156782135305,2.031933566219776
10411.303178032,-2.6200661495527853,0.290156782135305,2.031933566219776
10411.303873163,-2.623795016361022,0.2976024570898678,2.038249527699916
10411.311346825,-2.623795016361022,0.2976024570898678,2.038249527699916
10411.320969574,-2.623795016361022,0.2976024570898678,2.038249527699916
10411.331840483,-2.623795016361022,0.2976024570898678,2.038249527699916
10411.343591868,-2.623795016361022,0.2976024570898678,2.038249527699916
10411.345309517,-2.6274149625262586,0.30476292793049325,2.039491971619099
10411.348993102,-2.6274149625262586,0.30476292793049325,2.039491971619099
10411.354070626,-2.6274149625262586,0.30476292793049325,2.039491971619099
10411.360236855,-2.6274149625262586,0.30476292793049325,2.039491971619099
10411.374346746,-2.6274149625262586,0.30476292793049325,2.039491971619099
10411.380671319,-2.6274149625262586,0.30476292793049325,2.039491971619099
10411.392230666,-2.6274149625262586,0.30476292793049325,2.039491971619099
10411.400359413,-2.6274149625262586,0.30476292793049325,2.039491971619099
10411.404046864,-2.6274149625262586,0.30476292793049325,2.039491971619099
10411.404764148,-2.6310001001311063,0.3117991454689215,2.044579764492481
10411.411215603,-2.6310001001311063,0.3117991454689215,2.044579764492481
10411.420747808,-2.6310001001311063,0.3117991454689215,2.044579764492481
10411.433000312,-2.6310001001311063,0.3117991454689215,2.044579764492481
10411.442084268,-2.6310001001311063,0.3117991454689215,2.044579764492481
10411.446394543,-2.6365217629090707,0.32247873227645946,2.0513695083927805
10411.451325075,-2.6365217629090707,0.32247873227645946,2.0513695083927805
10411.455115594,-2.6365217629090707,0.32247873227645946,2.0513695083927805
10411.461211718,-2.6365217629090707,0.32247873227645946,2.0513695083927805
10411.475274981,-2.6365217629090707,0.32247873227645946,2.0513695083927805
10411.483569234,-2.6365217629090707,0.32247873227645946,2.0513695083927805
10411.496088549,-2.6365217629090707,0.32247873227645946,2.0513695083927805
10411.503082534,-2.6365217629090707,0.32247873227645946,2.0513695083927805
10411.51173337,-2.6365217629090707,0.32247873227645946,2.0513695083927805
10411.512863324,-2.6365217629090707,0.32247873227645946,2.0513695083927805
10411.513777906,-2.6402876039741368,0.329592212054835,2.063995515592067
10411.524377144,-2.6402876039741368,0.329592212054835,2.063995515592067
10411.53452096,-2.6402876039741368,0.329592212054835,2.063995515592067
10411.541693987,-2.6402876039741368,0.329592212054835,2.063995515592067
10411.561969054,-2.6402876039741368,0.329592212054835,2.063995515592067
10411.56397681,-2.6402876039741368,0.329592212054835,2.063995515592067
10411.564361707,-2.6402876039741368,0.329592212054835,2.063995515592067
10411.565020087,-2.6454315202840175,0.3390684585729177,2.0722284816574743
10411.578370314,-2.6454315202840175,0.3390684585729177,2.0722284816574743
10411.583920323,-2.6454315202840175,0.3390684585729177,2.0722284816574743
10411.599663001,-2.6454315202840175,0.3390684585729177,2.0722284816574743
10411.60439374,-2.6454315202840175,0.3390684585729177,2.0722284816574743
10411.610020496,-2.6454315202840175,0.3390684585729177,2.0722284816574743
10411.611028957,-2.6486969700951937,0.34495618424077795,2.082130645997492
10411.616561432,-2.6486969700951937,0.34495618424077795,2.082130645997492
10411.625205015,-2.6486969700951937,0.34495618424077795,2.082130645997492
10411.631627545,-2.6486969700951937,0.34495618424077795,2.082130645997492
10411.645503368,-2.6486969700951937,0.34495618424077795,2.082130645997492
10411.65176559,-2.6516920645155935,0.3502410443180578,2.0906575225662873
10411.655354734,-2.6516920645155935,0.3502410443180578,2.0906575225662873
10411.655746764,-2.6516920645155935,0.3502410443180578,2.0906575225662873
10411.662296297,-2.6516920645155935,0.3502410443180578,2.0906575225662873
10411.673373741,-2.6516920645155935,0.3502410443180578,2.0906575225662873
10411.688012786,-2.6516920645155935,0.3502410443180578,2.0906575225662873
10411.691831459,-2.6516920645155935,0.3502410443180578,2.0906575225662873
10411.707161166,-2.6516920645155935,0.3502410443180578,2.0906575225662873
10411.707875244,-2.6516920645155935,0.3502410443180578,2.0906575225662873
10411.709742199,-2.654516218436008,0.3550987191895698,2.104166393763988
10411.711541144,-2.654516218436008,0.3550987191895698,2.104166393763988
10411.722339965,-2.654516218436008,0.3550987191895698,2.104166393763988
10411.732743117,-2.654516218436008,0.3550987191895698,2.104166393763988
10411.741483025,-2.654516218436008,0.3550987191895698,2.104166393763988
10411.746047125,-2.654516218436008,0.3550987191895698,2.104166393763988
10411.747701103,-2.654516218436008,0.3550987191895698,2.104166393763988
10411.749260109,-2.654516218436008,0.3550987191895698,2.104166393763988
10411.749842082,-2.65813760080039,0.3611906029666112,2.1100985609364193
10411.763862393,-2.65813760080039,0.3611906029666112,2.1100985609364193
10411.771412151,-2.65813760080039,0.3611906029666112,2.1100985609364193
10411.783158195,-2.65813760080039,0.3611906029666112,2.1100985609364193
10411.790926321,-2.65813760080039,0.3611906029666112,2.1100985609364193
10411.801948239,-2.65813760080039,0.3611906029666112,2.1100985609364193
10411.807819453,-2.65813760080039,0.3611906029666112,2.1100985609364193
10411.812956972,-2.65813760080039,0.3611906029666112,2.1100985609364193
10411.813557612,-2.6601394549736344,0.3645055852139202,2.118030400611131
10411.824863453,-2.6601394549736344,0.3645055852139202,2.118030400611131
10411.829708231,-2.6601394549736344,0.3645055852139202,2.118030400611131
10411.841416152,-2.6601394549736344,0.3645055852139202,2.118030400611131
10411.852767551,-2.6601394549736344,0.3645055852139202,2.118030400611131
10411.853673416,-2.6601394549736344,0.3645055852139202,2.118030400611131
10411.854249319,-2.6624014125311497,0.36819560344179425,2.1234000042450116
10411.863296224,-2.6624014125311497,0.36819560344179425,2.1234000042450116
10411.872835733,-2.6624014125311497,0.36819560344179425,2.1234000042450116
10411.882480703,-2.6624014125311497,0.36819560344179425,2.1234000042450116
10411.897077567,-2.6624014125311497,0.36819560344179425,2.1234000042450116
10411.900025994,-2.663815761031271,0.37047546012263444,2.128714622594087
10411.905009497,-2.663815761031271,0.37047546012263444,2.128714622594087
10411.905692746,-2.663815761031271,0.37047546012263444,2.128714622594087
10411.910616372,-2.663815761031271,0.37047546012263444,2.128714622594087
10411.921987511,-2.663815761031271,0.37047546012263444,2.128714622594087
10411.931226725,-2.663815761031271,0.37047546012263444,2.128714622594087
10411.941482195,-2.663815761031271,0.37047546012263444,2.128714622594087
10411.949969979,-2.6650789425710575,0.37249164129914814,2.1322638780247853
10411.953525799,-2.6650789425710575,0.37249164129914814,2.1322638780247853
10411.955241665,-2.6650789425710575,0.37249164129914814,2.1322638780247853
10411.962068589,-2.6650789425710575,0.37249164129914814,2.1322638780247853
10411.974007843,-2.6650789425710575,0.37249164129914814,2.1322638780247853
10411.98647582,-2.6650789425710575,0.37249164129914814,2.1322638780247853
10411.991080889,-2.6650789425710575,0.37249164129914814,2.1322638780247853
10412.00248558,-2.6650789425710575,0.37249164129914814,2.1322638780247853
10412.004732463,-2.6661879455620094,0.3742459828172633,2.1367742658030675
10412.00731583,-2.6661879455620094,0.3742459828172633,2.1367742658030675
10412.012948918,-2.6661879455620094,0.3742459828172633,2.1367742658030675
10412.022086867,-2.6661879455620094,0.3742459828172633,2.1367742658030675
10412.032750168,-2.6661879455620094,0.3742459828172633,2.1367742658030675
10412.040665927,-2.6661879455620094,0.3742459828172633,2.1367742658030675
10412.0450901,-2.667685045094986,0.37659339121860286,2.140273233540027
10412.052490893,-2.667685045094986,0.37659339121860286,2.140273233540027
10412.053250989,-2.667685045094986,0.37659339121860286,2.140273233540027
10412.061275396,-2.667685045094986,0.37659339121860286,2.140273233540027
10412.072952288,-2.667685045094986,0.37659339121860286,2.140273233540027
10412.081662448,-2.667685045094986,0.37659339121860286,2.140273233540027
10412.095763382,-2.667685045094986,0.37659339121860286,2.140273233540027
10412.102085349,-2.667685045094986,0.37659339121860286,2.140273233540027
10412.10959454,-2.667685045094986,0.37659339121860286,2.140273233540027
10412.113046531,-2.667685045094986,0.37659339121860286,2.140273233540027
10412.113439653,-2.668603983134348,0.3780186437363135,2.1466771956902426
10412.122167468,-2.668603983134348,0.3780186437363135,2.1466771956902426
10412.130062096,-2.668603983134348,0.3780186437363135,2.1466771956902426
10412.140832643,-2.668603983134348,0.3780186437363135,2.1466771956902426
10412.148783379,-2.670348238924758,0.38068851770702555,2.1523128651451753
10412.15117027,-2.670348238924758,0.38068851770702555,2.1523128651451753
10412.152003125,-2.670348238924758,0.38068851770702555,2.1523128651451753
10412.16314914,-2.670348238924758,0.38068851770702555,2.1523128651451753
10412.16941533,-2.670348238924758,0.38068851770702555,2.1523128651451753
10412.182415857,-2.670348238924758,0.38068851770702555,2.1523128651451753
10412.192363187,-2.670348238924758,0.38068851770702555,2.1523128651451753
10412.200290147,-2.6718433271775934,0.3829466792714416,2.1589236349236653
10412.203771484,-2.6718433271775934,0.3829466792714416,2.1589236349236653
10412.204532451,-2.6718433271775934,0.3829466792714416,2.1589236349236653
10412.215566903,-2.6718433271775934,0.3829466792714416,2.1589236349236653
10412.221174632,-2.6718433271775934,0.3829466792714416,2.1589236349236653
10412.230107119,-2.6718433271775934,0.3829466792714416,2.1589236349236653
10412.242072743,-2.6718433271775934,0.3829466792714416,2.1589236349236653
10412.245979926,-2.6735537151030107,0.38548716137803346,2.1677664567387165
10412.253184914,-2.6735537151030107,0.38548716137803346,2.1677664567387165
10412.257598115,-2.6735537151030107,0.38548716137803346,2.1677664567387165
10412.265114018,-2.6735537151030107,0.38548716137803346,2.1677664567387165
10412.272349595,-2.6735537151030107,0.38548716137803346,2.1677664567387165
10412.280852289,-2.6735537151030107,0.38548716137803346,2.1677664567387165
10412.293344682,-2.6735537151030107,0.38548716137803346,2.1677664567387165
10412.300661644,-2.6735537151030107,0.38548716137803346,2.1677664567387165
10412.303837486,-2.675292120141931,0.3880085546654801,2.181063118986456
10412.304585599,-2.675292120141931,0.3880085546654801,2.181063118986456
10412.312842171,-2.675292120141931,0.3880085546654801,2.181063118986456
10412.322509825,-2.675292120141931,0.3880085546654801,2.181063118986456
10412.332630587,-2.675292120141931,0.3880085546654801,2.181063118986456
10412.342858992,-2.675292120141931,0.3880085546654801,2.181063118986456
10412.344209768,-2.675124953255011,0.38240678650540066,2.182695920235867
10412.349074147,-2.675124953255011,0.38240678650540066,2.182695920235867
10412.355425009,-2.675124953255011,0.38240678650540066,2.182695920235867
10412.363034823,-2.675124953255011,0.38240678650540066,2.182695920235867
10412.374365632,-2.675124953255011,0.38240678650540066,2.182695920235867
10412.385091633,-2.675124953255011,0.38240678650540066,2.182695920235867
10412.389852219,-2.675124953255011,0.38240678650540066,2.182695920235867
10412.400549775,-2.675124953255011,0.38240678650540066,2.182695920235867
10412.406446799,-2.675124953255011,0.38240678650540066,2.182695920235867
10412.408028277,-2.6714709894179203,0.36750039138458246,2.181725772886344
10412.414448602,-2.6714709894179203,0.36750039138458246,2.181725772886344
10412.426272685,-2.6714709894179203,0.36750039138458246,2.181725772886344
10412.430899255,-2.6714709894179203,0.36750039138458246,2.181725772886344
10412.444684093,-2.6714709894179203,0.36750039138458246,2.181725772886344
10412.447204119,-2.673222213544488,0.3687910886035404,2.1876007548591048
10412.454648125,-2.673222213544488,0.3687910886035404,2.1876007548591048
10412.455795812,-2.673222213544488,0.3687910886035404,2.1876007548591048
10412.460788193,-2.673222213544488,0.3687910886035404,2.1876007548591048
10412.472961295,-2.673222213544488,0.3687910886035404,2.1876007548591048
10412.481989814,-2.673222213544488,0.3687910886035404,2.1876007548591048
10412.491987831,-2.673222213544488,0.3687910886035404,2.1876007548591048
10412.500260693,-2.6749714159709015,0.37124308049903215,2.193291139515296
10412.505330312,-2.6749714159709015,0.37124308049903215,2.193291139515296
10412.506673484,-2.6749714159709015,0.37124308049903215,2.193291139515296
10412.512025924,-2.6749714159709015,0.37124308049903215,2.193291139515296
10412.524189768,-2.6749714159709015,0.37124308049903215,2.193291139515296
10412.529251602,-2.6749714159709015,0.37124308049903215,2.193291139515296
10412.54190341,-2.6749714159709015,0.37124308049903215,2.193291139515296
10412.554667911,-2.6749714159709015,0.37124308049903215,2.193291139515296
10412.557830618,-2.6749714159709015,0.37124308049903215,2.193291139515296
10412.558326608,-2.676805311385124,0.37382119697228844,2.184882656397477
10412.560748165,-2.676805311385124,0.37382119697228844,2.184882656397477
10412.574079458,-2.676805311385124,0.37382119697228844,2.184882656397477
10412.583536338,-2.676805311385124,0.37382119697228844,2.184882656397477
10412.595545796,-2.676805311385124,0.37382119697228844,2.184882656397477
10412.599481303,-2.676805311385124,0.37382119697228844,2.184882656397477
10412.601489378,-2.680648658978643,0.37934904965526356,2.171798194484964
10412.602313336,-2.680648658978643,0.37934904965526356,2.171798194484964
10412.615844889,-2.680648658978643,0.37934904965526356,2.171798194484964
10412.622739603,-2.680648658978643,0.37934904965526356,2.171798194484964
10412.633190366,-2.680648658978643,0.37934904965526356,2.171798194484964
10412.645440826,-2.680648658978643,0.37934904965526356,2.171798194484964
10412.648865785,-2.683367428062211,0.38340751648207144,2.1502706443017274
10412.654249104,-2.683367428062211,0.38340751648207144,2.1502706443017274
10412.655066569,-2.683367428062211,0.38340751648207144,2.1502706443017274
10412.661160249,-2.683367428062211,0.38340751648207144,2.1502706443017274
10412.671811887,-2.683367428062211,0.38340751648207144,2.1502706443017274
10412.684400695,-2.683367428062211,0.38340751648207144,2.1502706443017274
10412.691116015,-2.683367428062211,0.38340751648207144,2.1502706443017274
10412.700468524,-2.683367428062211,0.38340751648207144,2.1502706443017274
10412.704355488,-2.683367428062211,0.38340751648207144,2.1502706443017274
10412.704978982,-2.6864217606793472,0.38824403519496237,2.1178626610955154
10412.710978772,-2.6864217606793472,0.38824403519496237,2.1178626610955154
10412.722083297,-2.6864217606793472,0.38824403519496237,2.1178626610955154
10412.733120314,-2.6864217606793472,0.38824403519496237,2.1178626610955154
10412.740265016,-2.6864217606793472,0.38824403519496237,2.1178626610955154
10412.746142702,-2.6909112551696976,0.3958221218249831,2.093401138397114
10412.748929028,-2.6909112551696976,0.3958221218249831,2.093401138397114
10412.753286512,-2.6909112551696976,0.3958221218249831,2.093401138397114
10412.762447295,-2.6909112551696976,0.3958221218249831,2.093401138397114
10412.775982866,-2.6909112551696976,0.3958221218249831,2.093401138397114
10412.78112325,-2.6909112551696976,0.3958221218249831,2.093401138397114
10412.794065545,-2.6909112551696976,0.3958221218249831,2.093401138397114
10412.801252889,-2.6909112551696976,0.3958221218249831,2.093401138397114
10412.809670308,-2.6909112551696976,0.3958221218249831,2.093401138397114
10412.811963339,-2.6909112551696976,0.3958221218249831,2.093401138397114
10412.812254888,-2.693640486169522,0.4007915877305007,2.0526492155214697
10412.822057339,-2.693640486169522,0.4007915877305007,2.0526492155214697
10412.830985778,-2.693640486169522,0.4007915877305007,2.0526492155214697
10412.841636544,-2.693640486169522,0.4007915877305007,2.0526492155214697
10412.844753523,-2.6977332049955023,0.4088474807951237,2.0290618172904407
10412.855746785,-2.6977332049955023,0.4088474807951237,2.0290618172904407
10412.856442407,-2.6977332049955023,0.4088474807951237,2.0290618172904407
10412.86189526,-2.6977332049955023,0.4088474807951237,2.0290618172904407
10412.873204908,-2.6977332049955023,0.4088474807951237,2.0290618172904407
10412.8837907,-2.6977332049955023,0.4088474807951237,2.0290618172904407
10412.889988489,-2.6977332049955023,0.4088474807951237,2.0290618172904407
10412.89640165,-2.7002533798294412,0.41412321972739946,2.0038147202750594
10412.897071713,-2.7002533798294412,0.41412321972739946,2.0038147202750594
10412.90916911,-2.7002533798294412,0.41412321972739946,2.0038147202750594
10412.911841087,-2.7002533798294412,0.41412321972739946,2.0038147202750594
10412.920977343,-2.7002533798294412,0.41412321972739946,2.0038147202750594
10412.93129437,-2.7002533798294412,0.41412321972739946,2.0038147202750594
10412.946221646,-2.7002533798294412,0.41412321972739946,2.0038147202750594
10412.949925339,-2.7002533798294412,0.41412321972739946,2.0038147202750594
10412.954811373,-2.7025802397616707,0.41943180192552976,1.9639756164571192
10412.9586676,-2.7025802397616707,0.41943180192552976,1.9639756164571192
10412.961004916,-2.7025802397616707,0.41943180192552976,1.9639756164571192
10412.975250156,-2.7025802397616707,0.41943180192552976,1.9639756164571192
10412.979981317,-2.7025802397616707,0.41943180192552976,1.9639756164571192
10412.99264113,-2.7025802397616707,0.41943180192552976,1.9639756164571192
10413.000434886,-2.7025802397616707,0.41943180192552976,1.9639756164571192
10413.001530363,-2.7025802397616707,0.41943180192552976,1.9639756164571192
10413.002122748,-2.7058518838257166,0.42760977862329447,1.9387253752967266
10413.012589842,-2.7058518838257166,0.42760977862329447,1.9387253752967266
10413.022129922,-2.7058518838257166,0.42760977862329447,1.9387253752967266
10413.032403706,-2.7058518838257166,0.42760977862329447,1.9387253752967266
10413.043966409,-2.7058518838257166,0.42760977862329447,1.9387253752967266
10413.046381604,-2.7078307100361076,0.43294983324048714,1.9126171997805983
10413.048042685,-2.7078307100361076,0.43294983324048714,1.9126171997805983
10413.053797436,-2.7078307100361076,0.43294983324048714,1.9126171997805983
10413.064774727,-2.7078307100361076,0.43294983324048714,1.9126171997805983
10413.073758952,-2.7078307100361076,0.43294983324048714,1.9126171997805983
10413.085741399,-2.7078307100361076,0.43294983324048714,1.9126171997805983
10413.090472429,-2.7078307100361076,0.43294983324048714,1.9126171997805983
10413.101458878,-2.7078307100361076,0.43294983324048714,1.9126171997805983
10413.103500137,-2.709711369321181,0.43851260549984306,1.8810074708482176
10413.106450528,-2.709711369321181,0.43851260549984306,1.8810074708482176
10413.112858449,-2.709711369321181,0.43851260549984306,1.8810074708482176
10413.123468878,-2.709711369321181,0.43851260549984306,1.8810074708482176
10413.132967388,-2.709711369321181,0.43851260549984306,1.8810074708482176
10413.141184193,-2.709711369321181,0.43851260549984306,1.8810074708482176
10413.146600696,-2.712429271863991,0.4471300741667405,1.8716245970746435
10413.153563206,-2.712429271863991,0.4471300741667405,1.8716245970746435
10413.160390944,-2.712429271863991,0.4471300741667405,1.8716245970746435
10413.162347721,-2.712429271863991,0.4471300741667405,1.8716245970746435
10413.172902614,-2.712429271863991,0.4471300741667405,1.8716245970746435
10413.179789572,-2.712429271863991,0.4471300741667405,1.8716245970746435
10413.194433847,-2.712429271863991,0.4471300741667405,1.8716245970746435
10413.199406019,-2.712429271863991,0.4471300741667405,1.8716245970746435
10413.209170969,-2.714127344141713,0.4526454258638109,1.867310740711346
10413.210070221,-2.714127344141713,0.4526454258638109,1.867310740711346
10413.215018667,-2.714127344141713,0.4526454258638109,1.867310740711346
10413.221894832,-2.714127344141713,0.4526454258638109,1.867310740711346
10413.2335631,-2.714127344141713,0.4526454258638109,1.867310740711346
10413.239781608,-2.714127344141713,0.4526454258638109,1.867310740711346
10413.249640018,-2.716425761990521,0.46012107627186166,1.8708441636582764
10413.252472602,-2.716425761990521,0.46012107627186166,1.8708441636582764
10413.260348675,-2.716425761990521,0.46012107627186166,1.8708441636582764
10413.263705353,-2.716425761990521,0.46012107627186166,1.8708441636582764
10413.275743516,-2.716425761990521,0.46012107627186166,1.8708441636582764
10413.288599255,-2.716425761990521,0.46012107627186166,1.8708441636582764
10413.290896244,-2.716425761990521,0.46012107627186166,1.8708441636582764
10413.302526817,-2.716425761990521,0.46012107627186166,1.8708441636582764
10413.30373451,-2.716425761990521,0.46012107627186166,1.8708441636582764
10413.304347664,-2.718287556693585,0.46608915533089895,1.8755319497605718
10413.311990741,-2.718287556693585,0.46608915533089895,1.8755319497605718
10413.322245389,-2.718287556693585,0.46608915533089895,1.8755319497605718
10413.333690035,-2.718287556693585,0.46608915533089895,1.8755319497605718
10413.34172891,-2.718287556693585,0.46608915533089895,1.8755319497605718
10413.353090537,-2.718287556693585,0.46608915533089895,1.8755319497605718
10413.355958029,-2.7202745153993098,0.4722831057446151,1.8868998966237454
10413.356915693,-2.7202745153993098,0.4722831057446151,1.8868998966237454
10413.362741459,-2.7202745153993098,0.4722831057446151,1.8868998966237454
10413.371664908,-2.7202745153993098,0.4722831057446151,1.8868998966237454
10413.38072616,-2.7202745153993098,0.4722831057446151,1.8868998966237454
10413.39100282,-2.7202745153993098,0.4722831057446151,1.8868998966237454
10413.400141199,-2.7202745153993098,0.4722831057446151,1.8868998966237454
10413.40384407,-2.7202745153993098,0.4722831057446151,1.8868998966237454
10413.404346212,-2.723609517466184,0.482376917815559,1.8929103992005734
10413.414966429,-2.723609517466184,0.482376917815559,1.8929103992005734
10413.422479336,-2.723609517466184,0.482376917815559,1.8929103992005734
10413.429508747,-2.723609517466184,0.482376917815559,1.8929103992005734
10413.445316559,-2.723609517466184,0.482376917815559,1.8929103992005734
10413.447951615,-2.723609517466184,0.482376917815559,1.8929103992005734
10413.448721329,-2.725906207166834,0.48916165805353023,1.9014834842702306
10413.451336066,-2.725906207166834,0.48916165805353023,1.9014834842702306
10413.464310141,-2.725906207166834,0.48916165805353023,1.9014834842702306
10413.471486905,-2.725906207166834,0.48916165805353023,1.9014834842702306
10413.482070763,-2.725906207166834,0.48916165805353023,1.9014834842702306
10413.495803441,-2.725906207166834,0.48916165805353023,1.9014834842702306
10413.503795535,-2.725906207166834,0.48916165805353023,1.9014834842702306
10413.505408895,-2.7284305797606567,0.4964034271867543,1.9109366617223171
10413.507632603,-2.7284305797606567,0.4964034271867543,1.9109366617223171
10413.514761364,-2.7284305797606567,0.4964034271867543,1.9109366617223171
10413.52680114,-2.7284305797606567,0.4964034271867543,1.9109366617223171
10413.533002916,-2.7284305797606567,0.4964034271867543,1.9109366617223171
10413.544134252,-2.7284305797606567,0.4964034271867543,1.9109366617223171
10413.5456317,-2.730058613612166,0.503158138332727,1.9110555644824885
10413.550786591,-2.730058613612166,0.503158138332727,1.9110555644824885
10413.553914902,-2.730058613612166,0.503158138332727,1.9110555644824885
10413.561097647,-2.730058613612166,0.503158138332727,1.9110555644824885
10413.571761137,-2.730058613612166,0.503158138332727,1.9110555644824885
10413.582901691,-2.730058613612166,0.503158138332727,1.9110555644824885
10413.597676735,-2.730058613612166,0.503158138332727,1.9110555644824885
10413.603011137,-2.730058613612166,0.503158138332727,1.9110555644824885
10413.607797747,-2.728152830715863,0.5019031086512932,1.917723574522613
10413.608625131,-2.728152830715863,0.5019031086512932,1.917723574522613
10413.61128769,-2.728152830715863,0.5019031086512932,1.917723574522613
10413.623677376,-2.728152830715863,0.5019031086512932,1.917723574522613
10413.632402955,-2.728152830715863,0.5019031086512932,1.917723574522613
10413.641296977,-2.728152830715863,0.5019031086512932,1.917723574522613
10413.644191861,-2.731476101630802,0.5114029830612481,1.924788826755756
10413.651431695,-2.731476101630802,0.5114029830612481,1.924788826755756
10413.654352588,-2.731476101630802,0.5114029830612481,1.924788826755756
10413.662349322,-2.731476101630802,0.5114029830612481,1.924788826755756
10413.67199885,-2.731476101630802,0.5114029830612481,1.924788826755756
10413.683547165,-2.731476101630802,0.5114029830612481,1.924788826755756
10413.696833929,-2.731476101630802,0.5114029830612481,1.924788826755756
10413.698151772,-2.7340569008676674,0.5183014420060552,1.9327884257357073
10413.698960451,-2.7340569008676674,0.5183014420060552,1.9327884257357073
10413.700531189,-2.7340569008676674,0.5183014420060552,1.9327884257357073
10413.713148701,-2.7340569008676674,0.5183014420060552,1.9327884257357073
10413.721650489,-2.7340569008676674,0.5183014420060552,1.9327884257357073
10413.733053195,-2.7340569008676674,0.5183014420060552,1.9327884257357073
10413.742797308,-2.7340569008676674,0.5183014420060552,1.9327884257357073
10413.750488146,-2.7340569008676674,0.5183014420060552,1.9327884257357073
10413.751144182,-2.7368744138564045,0.5256244362489825,1.9433842689316212
10413.752849528,-2.7368744138564045,0.5256244362489825,1.9433842689316212
10413.760066698,-2.7368744138564045,0.5256244362489825,1.9433842689316212
10413.775957308,-2.7368744138564045,0.5256244362489825,1.9433842689316212
10413.779993127,-2.7368744138564045,0.5256244362489825,1.9433842689316212
10413.793850103,-2.7368744138564045,0.5256244362489825,1.9433842689316212
10413.802786305,-2.741090092145206,0.5363686566383964,1.9460263789217407
10413.804163001,-2.741090092145206,0.5363686566383964,1.9460263789217407
10413.806372773,-2.741090092145206,0.5363686566383964,1.9460263789217407
10413.81027167,-2.741090092145206,0.5363686566383964,1.9460263789217407
10413.822594627,-2.741090092145206,0.5363686566383964,1.9460263789217407
10413.835936427,-2.741090092145206,0.5363686566383964,1.9460263789217407
10413.844483154,-2.741090092145206,0.5363686566383964,1.9460263789217407
10413.845581427,-2.743716477706818,0.5429782671388241,1.9520207435409958
10413.848117884,-2.743716477706818,0.5429782671388241,1.9520207435409958
10413.85215748,-2.743716477706818,0.5429782671388241,1.9520207435409958
10413.861865541,-2.743716477706818,0.5429782671388241,1.9520207435409958
10413.872247221,-2.743716477706818,0.5429782671388241,1.9520207435409958
10413.885051311,-2.743716477706818,0.5429782671388241,1.9520207435409958
10413.893739989,-2.743716477706818,0.5429782671388241,1.9520207435409958
10413.901211847,-2.743716477706818,0.5429782671388241,1.9520207435409958
10413.906241749,-2.746560705225856,0.5500459516911765,1.9547657460491603
10413.907173404,-2.746560705225856,0.5500459516911765,1.9547657460491603
10413.914656153,-2.746560705225856,0.5500459516911765,1.9547657460491603
10413.926334807,-2.746560705225856,0.5500459516911765,1.9547657460491603
10413.932101831,-2.746560705225856,0.5500459516911765,1.9547657460491603
10413.948750303,-2.746560705225856,0.5500459516911765,1.9547657460491603
10413.949193581,-2.746560705225856,0.5500459516911765,1.9547657460491603
10413.949680293,-2.750761133588875,0.5604420838614813,1.9547913462440905
10413.957001654,-2.750761133588875,0.5604420838614813,1.9547913462440905
10413.96194999,-2.750761133588875,0.5604420838614813,1.9547913462440905
10413.973599709,-2.750761133588875,0.5604420838614813,1.9547913462440905
10413.980704551,-2.750761133588875,0.5604420838614813,1.9547913462440905
10413.995978784,-2.750761133588875,0.5604420838614813,1.9547913462440905
10413.998199556,-2.750761133588875,0.5604420838614813,1.9547913462440905
10413.999053742,-2.7536408928458402,0.5675226969798884,1.959356942824597
10414.002037426,-2.7536408928458402,0.5675226969798884,1.959356942824597
10414.012891942,-2.7536408928458402,0.5675226969798884,1.959356942824597
10414.023459789,-2.7536408928458402,0.5675226969798884,1.959356942824597
10414.032491655,-2.7536408928458402,0.5675226969798884,1.959356942824597
10414.041059833,-2.7536408928458402,0.5675226969798884,1.959356942824597
10414.0530115,-2.7536408928458402,0.5675226969798884,1.959356942824597
10414.054988897,-2.7566209583153274,0.5747536916160835,1.9640639067213481
10414.058359601,-2.7566209583153274,0.5747536916160835,1.9640639067213481
10414.060942207,-2.7566209583153274,0.5747536916160835,1.9640639067213481
10414.070318723,-2.7566209583153274,0.5747536916160835,1.9640639067213481
10414.084617835,-2.7566209583153274,0.5747536916160835,1.9640639067213481
10414.09272979,-2.7566209583153274,0.5747536916160835,1.9640639067213481
10414.097944917,-2.761163556559082,0.585638618478031,1.9682398379366326
10414.099891274,-2.761163556559082,0.585638618478031,1.9682398379366326
10414.101432996,-2.761163556559082,0.585638618478031,1.9682398379366326
10414.113014324,-2.761163556559082,0.585638618478031,1.9682398379366326
10414.126892721,-2.761163556559082,0.585638618478031,1.9682398379366326
10414.133011668,-2.761163556559082,0.585638618478031,1.9682398379366326
10414.140839809,-2.761163556559082,0.585638618478031,1.9682398379366326
10414.146873323,-2.764322796785489,0.5931239671008275,1.9721025318424636
10414.149555349,-2.764322796785489,0.5931239671008275,1.9721025318424636
10414.15667842,-2.764322796785489,0.5931239671008275,1.9721025318424636
10414.16234964,-2.764322796785489,0.5931239671008275,1.9721025318424636
10414.170032923,-2.764322796785489,0.5931239671008275,1.9721025318424636
10414.186314292,-2.764322796785489,0.5931239671008275,1.9721025318424636
10414.191105827,-2.764322796785489,0.5931239671008275,1.9721025318424636
10414.200534333,-2.764322796785489,0.5931239671008275,1.9721025318424636
10414.209135614,-2.764322796785489,0.5931239671008275,1.9721025318424636
10414.209905328,-2.7675338143966943,0.6006423273768957,1.9767695010225714
10414.211510562,-2.7675338143966943,0.6006423273768957,1.9767695010225714
10414.22225656,-2.7675338143966943,0.6006423273768957,1.9767695010225714
10414.231722497,-2.7675338143966943,0.6006423273768957,1.9767695010225714
10414.24767711,-2.7675338143966943,0.6006423273768957,1.9767695010225714
10414.254091814,-2.7675338143966943,0.6006423273768957,1.9767695010225714
10414.254813195,-2.7675338143966943,0.6006423273768957,1.9767695010225714
10414.255711776,-2.772384053283586,0.6119191874477353,1.9771972388546404
10414.262882798,-2.772384053283586,0.6119191874477353,1.9771972388546404
10414.270889642,-2.772384053283586,0.6119191874477353,1.9771972388546404
10414.283758732,-2.772384053283586,0.6119191874477353,1.9771972388546404
10414.294904589,-2.772384053283586,0.6119191874477353,1.9771972388546404
10414.296837942,-2.7756759781221496,0.6195956403907369,1.9746227801363414
10414.297826595,-2.7756759781221496,0.6195956403907369,1.9746227801363414
10414.304488292,-2.7756759781221496,0.6195956403907369,1.9746227801363414
10414.318188758,-2.7756759781221496,0.6195956403907369,1.9746227801363414
10414.323256593,-2.7756759781221496,0.6195956403907369,1.9746227801363414
10414.330027339,-2.7756759781221496,0.6195956403907369,1.9746227801363414
10414.340761945,-2.7756759781221496,0.6195956403907369,1.9746227801363414
10414.353851188,-2.7788092000421587,0.6269270465254164,1.9747223049919536
10414.357491722,-2.7788092000421587,0.6269270465254164,1.9747223049919536
10414.358996844,-2.7788092000421587,0.6269270465254164,1.9747223049919536
10414.364883718,-2.7788092000421587,0.6269270465254164,1.9747223049919536
10414.371403874,-2.7788092000421587,0.6269270465254164,1.9747223049919536
10414.382980052,-2.7788092000421587,0.6269270465254164,1.9747223049919536
10414.397098517,-2.7788092000421587,0.6269270465254164,1.9747223049919536
10414.401970918,-2.7788092000421587,0.6269270465254164,1.9747223049919536
10414.405275035,-2.7788092000421587,0.6269270465254164,1.9747223049919536
10414.405736088,-2.783736423566026,0.6384187590623253,1.9769779384653516
10414.415575189,-2.783736423566026,0.6384187590623253,1.9769779384653516
10414.420750659,-2.783736423566026,0.6384187590623253,1.9769779384653516
10414.432646138,-2.783736423566026,0.6384187590623253,1.9769779384653516
10414.442602845,-2.783736423566026,0.6384187590623253,1.9769779384653516
10414.447512056,-2.783736423566026,0.6384187590623253,1.9769779384653516
10414.448169445,-2.786962734880487,0.6459305691399566,1.9759642273704952
10414.452502703,-2.786962734880487,0.6459305691399566,1.9759642273704952
10414.46209428,-2.786962734880487,0.6459305691399566,1.9759642273704952
10414.472821552,-2.786962734880487,0.6459305691399566,1.9759642273704952
10414.488462974,-2.786962734880487,0.6459305691399566,1.9759642273704952
10414.49207987,-2.786962734880487,0.6459305691399566,1.9759642273704952
10414.503292392,-2.786962734880487,0.6459305691399566,1.9759642273704952
10414.504848972,-2.786962734880487,0.6459305691399566,1.9759642273704952
10414.505525097,-2.7903322939469124,0.6537940481319758,1.9753038377087055
10414.510732589,-2.7903322939469124,0.6537940481319758,1.9753038377087055
10414.525301047,-2.7903322939469124,0.6537940481319758,1.9753038377087055
10414.533977051,-2.7903322939469124,0.6537940481319758,1.9753038377087055
10414.544751944,-2.7903322939469124,0.6537940481319758,1.9753038377087055
10414.545837723,-2.7952180145974532,0.6652484533275892,1.9726313442509122
10414.555478141,-2.7952180145974532,0.6652484533275892,1.9726313442509122
10414.556588878,-2.7952180145974532,0.6652484533275892,1.9726313442509122
10414.564524317,-2.7952180145974532,0.6652484533275892,1.9726313442509122
10414.578050739,-2.7952180145974532,0.6652484533275892,1.9726313442509122
10414.585360837,-2.7952180145974532,0.6652484533275892,1.9726313442509122
10414.595785039,-2.7952180145974532,0.6652484533275892,1.9726313442509122
10414.60105451,-2.7952180145974532,0.6652484533275892,1.9726313442509122
10414.612007301,-2.7952180145974532,0.6652484533275892,1.9726313442509122
10414.617595635,-2.7952180145974532,0.6652484533275892,1.9726313442509122
10414.618207327,-2.7984611235969377,0.6728906959798103,1.9716285855095335
10414.624103517,-2.7984611235969377,0.6728906959798103,1.9716285855095335
10414.635563032,-2.7984611235969377,0.6728906959798103,1.9716285855095335
10414.644409191,-2.7984611235969377,0.6728906959798103,1.9716285855095335
10414.64904565,-2.803125038451907,0.683861843837924,1.9738870949070393
10414.652629593,-2.803125038451907,0.683861843837924,1.9738870949070393
10414.658493602,-2.803125038451907,0.683861843837924,1.9738870949070393
10414.662652066,-2.803125038451907,0.683861843837924,1.9738870949070393
10414.674857438,-2.803125038451907,0.683861843837924,1.9738870949070393
10414.681612133,-2.803125038451907,0.683861843837924,1.9738870949070393
10414.692577411,-2.803125038451907,0.683861843837924,1.9738870949070393
10414.699451264,-2.8063591590193884,0.6914529009282635,1.9732139051477848
10414.705588226,-2.8063591590193884,0.6914529009282635,1.9732139051477848
10414.706557933,-2.8063591590193884,0.6914529009282635,1.9732139051477848
10414.710435528,-2.8063591590193884,0.6914529009282635,1.9732139051477848
10414.721953664,-2.8063591590193884,0.6914529009282635,1.9732139051477848
10414.730810635,-2.8063591590193884,0.6914529009282635,1.9732139051477848
10414.740810233,-2.8063591590193884,0.6914529009282635,1.9732139051477848
10414.755677093,-2.8063591590193884,0.6914529009282635,1.9732139051477848
10414.756938027,-2.8094353303203667,0.6986435367665016,1.9768625736753878
10414.759049851,-2.8094353303203667,0.6986435367665016,1.9768625736753878
10414.76381682,-2.8094353303203667,0.6986435367665016,1.9768625736753878
10414.776184219,-2.8094353303203667,0.6986435367665016,1.9768625736753878
10414.782540194,-2.8094353303203667,0.6986435367665016,1.9768625736753878
10414.792017542,-2.8094353303203667,0.6986435367665016,1.9768625736753878
10414.796385877,-2.8094353303203667,0.6986435367665016,1.9768625736753878
10414.797208382,-2.8143696390566366,0.710104657276167,1.9778136253874234
10414.802797926,-2.8143696390566366,0.710104657276167,1.9778136253874234
10414.814515063,-2.8143696390566366,0.710104657276167,1.9778136253874234
10414.824014985,-2.8143696390566366,0.710104657276167,1.9778136253874234
10414.836272327,-2.8143696390566366,0.710104657276167,1.9778136253874234
10414.846711755,-2.8143696390566366,0.710104657276167,1.9778136253874234
10414.847775822,-2.8174447491446974,0.7172682110273838,1.9747453272859994
10414.855972772,-2.8174447491446974,0.7172682110273838,1.9747453272859994
10414.856675257,-2.8174447491446974,0.7172682110273838,1.9747453272859994
10414.867285855,-2.8174447491446974,0.7172682110273838,1.9747453272859994
10414.878788783,-2.8174447491446974,0.7172682110273838,1.9747453272859994
10414.891718142,-2.8174447491446974,0.7172682110273838,1.9747453272859994
10414.897998789,-2.8174447491446974,0.7172682110273838,1.9747453272859994
10414.907232801,-2.8174447491446974,0.7172682110273838,1.9747453272859994
10414.909424719,-2.8206700642752356,0.724890504504006,1.9674396157782013
10414.919047035,-2.8206700642752356,0.724890504504006,1.9674396157782013
10414.920145258,-2.8206700642752356,0.724890504504006,1.9674396157782013
10414.935347239,-2.8206700642752356,0.724890504504006,1.9674396157782013
10414.941845292,-2.8206700642752356,0.724890504504006,1.9674396157782013
10414.947869929,-2.8206700642752356,0.724890504504006,1.9674396157782013
10414.949080767,-2.8251395684727076,0.7356413658114898,1.9621462464849888
10414.957185688,-2.8251395684727076,0.7356413658114898,1.9621462464849888
10414.959366945,-2.8251395684727076,0.7356413658114898,1.9621462464849888
10414.966636165,-2.8251395684727076,0.7356413658114898,1.9621462464849888
10414.980062305,-2.8251395684727076,0.7356413658114898,1.9621462464849888
10414.985061238,-2.8251395684727076,0.7356413658114898,1.9621462464849888
10414.991905434,-2.8251395684727076,0.7356413658114898,1.9621462464849888
10415.002937861,-2.8251395684727076,0.7356413658114898,1.9621462464849888
10415.009676151,-2.82807310979467,0.7428093812297193,1.9563638061802333
10415.012216606,-2.82807310979467,0.7428093812297193,1.9563638061802333
10415.013126969,-2.82807310979467,0.7428093812297193,1.9563638061802333
10415.022657052,-2.82807310979467,0.7428093812297193,1.9563638061802333
10415.0320038,-2.82807310979467,0.7428093812297193,1.9563638061802333
10415.041354386,-2.82807310979467,0.7428093812297193,1.9563638061802333
10415.048894024,-2.8350520862682416,0.761302307028341,1.9463157767035173
10415.050079344,-2.8350520862682416,0.761302307028341,1.9463157767035173
10415.052848947,-2.8350520862682416,0.761302307028341,1.9463157767035173
10415.063839183,-2.8350520862682416,0.761302307028341,1.9463157767035173
10415.071741295,-2.8350520862682416,0.761302307028341,1.9463157767035173
10415.090686114,-2.8350520862682416,0.761302307028341,1.9463157767035173
10415.098665423,-2.8350520862682416,0.761302307028341,1.9463157767035173
10415.103790337,-2.8350520862682416,0.761302307028341,1.9463157767035173
10415.104173491,-2.8350520862682416,0.761302307028341,1.9463157767035173
10415.104881146,-2.8419683928048114,0.7813115347321893,1.9328863080308663
10415.110863642,-2.8419683928048114,0.7813115347321893,1.9328863080308663
10415.12096225,-2.8419683928048114,0.7813115347321893,1.9328863080308663
10415.130842731,-2.8419683928048114,0.7813115347321893,1.9328863080308663
10415.141137915,-2.8419683928048114,0.7813115347321893,1.9328863080308663
10415.150506536,-2.8419683928048114,0.7813115347321893,1.9328863080308663
10415.155530857,-2.845959302978474,0.792663183149079,1.9277290158910643
10415.158974912,-2.845959302978474,0.792663183149079,1.9277290158910643
10415.161910573,-2.845959302978474,0.792663183149079,1.9277290158910643
10415.172020193,-2.845959302978474,0.792663183149079,1.9277290158910643
10415.181840759,-2.845959302978474,0.792663183149079,1.9277290158910643
10415.192489961,-2.845959302978474,0.792663183149079,1.9277290158910643
10415.205572343,-2.845959302978474,0.792663183149079,1.9277290158910643
10415.207412376,-2.850343902504739,0.8043726782568693,1.9304372870368849
10415.209559197,-2.850343902504739,0.8043726782568693,1.9304372870368849
10415.211684798,-2.850343902504739,0.8043726782568693,1.9304372870368849
10415.222026712,-2.850343902504739,0.8043726782568693,1.9304372870368849
10415.23378598,-2.850343902504739,0.8043726782568693,1.9304372870368849
10415.241022408,-2.850343902504739,0.8043726782568693,1.9304372870368849
10415.244169103,-2.8532574640668793,0.8121465310829513,1.9283282958907968
10415.246299623,-2.8532574640668793,0.8121465310829513,1.9283282958907968
10415.254041939,-2.8532574640668793,0.8121465310829513,1.9283282958907968
10415.264500336,-2.8532574640668793,0.8121465310829513,1.9283282958907968
10415.272668187,-2.8532574640668793,0.8121465310829513,1.9283282958907968
10415.282812503,-2.8532574640668793,0.8121465310829513,1.9283282958907968
10415.296596348,-2.8532574640668793,0.8121465310829513,1.9283282958907968
10415.301694692,-2.8532574640668793,0.8121465310829513,1.9283282958907968
10415.308119465,-2.8561889584235365,0.8199947472340107,1.9282157772226223
10415.309145539,-2.8561889584235365,0.8199947472340107,1.9282157772226223
10415.311687537,-2.8561889584235365,0.8199947472340107,1.9282157772226223
10415.327292539,-2.8561889584235365,0.8199947472340107,1.9282157772226223
10415.331628703,-2.8561889584235365,0.8199947472340107,1.9282157772226223
10415.344589672,-2.8561889584235365,0.8199947472340107,1.9282157772226223
10415.349762959,-2.8605838760399744,0.8317274055745015,1.9301963948650251
10415.352779245,-2.8605838760399744,0.8317274055745015,1.9301963948650251
10415.356603838,-2.8605838760399744,0.8317274055745015,1.9301963948650251
10415.361247661,-2.8605838760399744,0.8317274055745015,1.9301963948650251
10415.381818734,-2.8605838760399744,0.8317274055745015,1.9301963948650251
10415.387269491,-2.8605838760399744,0.8317274055745015,1.9301963948650251
10415.39074163,-2.8605838760399744,0.8317274055745015,1.9301963948650251
10415.398028183,-2.8605838760399744,0.8317274055745015,1.9301963948650251
10415.399472208,-2.863613703227636,0.8397549883024752,1.9331899189395805
10415.403544787,-2.863613703227636,0.8397549883024752,1.9331899189395805
10415.413670446,-2.863613703227636,0.8397549883024752,1.9331899189395805
10415.421873885,-2.863613703227636,0.8397549883024752,1.9331899189395805
10415.432337492,-2.863613703227636,0.8397549883024752,1.9331899189395805
10415.443450242,-2.863613703227636,0.8397549883024752,1.9331899189395805
10415.452956545,-2.863613703227636,0.8397549883024752,1.9331899189395805
10415.456884888,-2.8665844956694135,0.8475884133633753,1.9333781057042974
10415.464375792,-2.8665844956694135,0.8475884133633753,1.9333781057042974
10415.46492297,-2.8665844956694135,0.8475884133633753,1.9333781057042974
10415.47292359,-2.8665844956694135,0.8475884133633753,1.9333781057042974
10415.47987917,-2.8665844956694135,0.8475884133633753,1.9333781057042974
10415.491107912,-2.8665844956694135,0.8475884133633753,1.9333781057042974
10415.498794187,-2.8665844956694135,0.8475884133633753,1.9333781057042974
10415.500899431,-2.8665844956694135,0.8475884133633753,1.9333781057042974
10415.501272957,-2.870983592695808,0.8592113161803563,1.931859960500706
10415.510281397,-2.870983592695808,0.8592113161803563,1.931859960500706
10415.522132941,-2.870983592695808,0.8592113161803563,1.931859960500706
10415.532481388,-2.870983592695808,0.8592113161803563,1.931859960500706
10415.548074968,-2.870983592695808,0.8592113161803563,1.931859960500706
10415.555670342,-2.870983592695808,0.8592113161803563,1.931859960500706
10415.556280169,-2.870983592695808,0.8592113161803563,1.931859960500706
10415.557835327,-2.8739420840900918,0.8670223358064247,1.9338564180774576
10415.564576072,-2.8739420840900918,0.8670223358064247,1.9338564180774576
10415.57680861,-2.8739420840900918,0.8670223358064247,1.9338564180774576
10415.584606458,-2.8739420840900918,0.8670223358064247,1.9338564180774576
10415.590390898,-2.8739420840900918,0.8670223358064247,1.9338564180774576
10415.605171301,-2.8739420840900918,0.8670223358064247,1.9338564180774576
10415.617000382,-2.8739420840900918,0.8670223358064247,1.9338564180774576
10415.617966052,-2.8739420840900918,0.8670223358064247,1.9338564180774576
10415.621215394,-2.8769658805980844,0.8749710032708733,1.9347563439054372
10415.630929646,-2.8769658805980844,0.8749710032708733,1.9347563439054372
10415.636152106,-2.8769658805980844,0.8749710032708733,1.9347563439054372
10415.644386965,-2.8769658805980844,0.8749710032708733,1.9347563439054372
10415.654579492,-2.8769658805980844,0.8749710032708733,1.9347563439054372
10415.655569458,-2.8814174880738515,0.8866551882902396,1.934867372457493
10415.658663293,-2.8814174880738515,0.8866551882902396,1.934867372457493
10415.663663017,-2.8814174880738515,0.8866551882902396,1.934867372457493
10415.672804391,-2.8814174880738515,0.8866551882902396,1.934867372457493
10415.68449097,-2.8814174880738515,0.8866551882902396,1.934867372457493
10415.691678013,-2.8814174880738515,0.8866551882902396,1.934867372457493
10415.700791334,-2.8843617707019704,0.8943903815871649,1.9341282152576345
10415.708288651,-2.8843617707019704,0.8943903815871649,1.9341282152576345
10415.709185508,-2.8843617707019704,0.8943903815871649,1.9341282152576345
10415.714930178,-2.8843617707019704,0.8943903815871649,1.9341282152576345
10415.723002025,-2.8843617707019704,0.8943903815871649,1.9341282152576345
10415.731928158,-2.8843617707019704,0.8943903815871649,1.9341282152576345
10415.74103689,-2.8843617707019704,0.8943903815871649,1.9341282152576345
10415.752552361,-2.8843617707019704,0.8943903815871649,1.9341282152576345
10415.753353195,-2.8872466572890874,0.9019586064663107,1.935826932732571
10415.758224382,-2.8872466572890874,0.9019586064663107,1.935826932732571
10415.76458895,-2.8872466572890874,0.9019586064663107,1.935826932732571
10415.772655456,-2.8872466572890874,0.9019586064663107,1.935826932732571
10415.78213589,-2.8872466572890874,0.9019586064663107,1.935826932732571
10415.796405946,-2.8872466572890874,0.9019586064663107,1.935826932732571
10415.797431119,-2.891635275563056,0.9133958984829819,1.938537766878117
10415.797953018,-2.891635275563056,0.9133958984829819,1.938537766878117
10415.802076063,-2.891635275563056,0.9133958984829819,1.938537766878117
10415.819718867,-2.891635275563056,0.9133958984829819,1.938537766878117
10415.824762245,-2.891635275563056,0.9133958984829819,1.938537766878117
10415.830588942,-2.891635275563056,0.9133958984829819,1.938537766878117
10415.840921929,-2.891635275563056,0.9133958984829819,1.938537766878117
10415.844763004,-2.8946042384348667,0.9211216524915461,1.9368429982108968
10415.848487115,-2.8946042384348667,0.9211216524915461,1.9368429982108968
10415.853698334,-2.8946042384348667,0.9211216524915461,1.9368429982108968
10415.862697166,-2.8946042384348667,0.9211216524915461,1.9368429982108968
10415.870838446,-2.8946042384348667,0.9211216524915461,1.9368429982108968
10415.884107385,-2.8946042384348667,0.9211216524915461,1.9368429982108968
10415.897409547,-2.8946042384348667,0.9211216524915461,1.9368429982108968
10415.901229532,-2.8946042384348667,0.9211216524915461,1.9368429982108968
10415.9074792,-2.897565653700248,0.9288774018662957,1.9342483484191777
10415.908388541,-2.897565653700248,0.9288774018662957,1.9342483484191777
10415.909879837,-2.897565653700248,0.9288774018662957,1.9342483484191777
10415.922858319,-2.897565653700248,0.9288774018662957,1.9342483484191777
10415.932414508,-2.897565653700248,0.9288774018662957,1.9342483484191777
10415.94062997,-2.897565653700248,0.9288774018662957,1.9342483484191777
10415.946399224,-2.90198659824859,0.9405190904878359,1.9332033746881376
10415.946972532,-2.90198659824859,0.9405190904878359,1.9332033746881376
10415.952987763,-2.90198659824859,0.9405190904878359,1.9332033746881376
10415.965920098,-2.90198659824859,0.9405190904878359,1.9332033746881376
10415.969917492,-2.90198659824859,0.9405190904878359,1.9332033746881376
10415.983906099,-2.90198659824859,0.9405190904878359,1.9332033746881376
10415.989349742,-2.90198659824859,0.9405190904878359,1.9332033746881376
10416.0017353,-2.90198659824859,0.9405190904878359,1.9332033746881376
10416.009461425,-2.904785209962611,0.9479575991545517,1.9280915462417505
10416.010385785,-2.904785209962611,0.9479575991545517,1.9280915462417505
10416.012353102,-2.904785209962611,0.9479575991545517,1.9280915462417505
10416.021084381,-2.904785209962611,0.9479575991545517,1.9280915462417505
10416.033444961,-2.904785209962611,0.9479575991545517,1.9280915462417505
10416.040384469,-2.904785209962611,0.9479575991545517,1.9280915462417505
10416.051347493,-2.908892874834439,0.959040993466425,1.9233414583845023
10416.054849198,-2.908892874834439,0.959040993466425,1.9233414583845023
10416.057130597,-2.908892874834439,0.959040993466425,1.9233414583845023
10416.061004004,-2.908892874834439,0.959040993466425,1.9233414583845023
10416.071330368,-2.908892874834439,0.959040993466425,1.9233414583845023
10416.082578496,-2.908892874834439,0.959040993466425,1.9233414583845023
10416.097570915,-2.908892874834439,0.959040993466425,1.9233414583845023
10416.098352732,-2.9115670425635836,0.9663636727135763,1.9185358488006483
10416.09914518,-2.9115670425635836,0.9663636727135763,1.9185358488006483
10416.103387624,-2.9115670425635836,0.9663636727135763,1.9185358488006483
10416.112453113,-2.9115670425635836,0.9663636727135763,1.9185358488006483
10416.123025565,-2.9115670425635836,0.9663636727135763,1.9185358488006483
10416.132944632,-2.9115670425635836,0.9663636727135763,1.9185358488006483
10416.141384514,-2.9115670425635836,0.9663636727135763,1.9185358488006483
10416.152781207,-2.9115670425635836,0.9663636727135763,1.9185358488006483
10416.157307244,-2.9142030685105587,0.9737001685806193,1.9129338615579494
10416.162075174,-2.9142030685105587,0.9737001685806193,1.9129338615579494
10416.162614717,-2.9142030685105587,0.9737001685806193,1.9129338615579494
10416.172933307,-2.9142030685105587,0.9737001685806193,1.9129338615579494
10416.186544551,-2.9142030685105587,0.9737001685806193,1.9129338615579494
10416.191636642,-2.9142030685105587,0.9737001685806193,1.9129338615579494
10416.200481816,-2.9182327440807097,0.9851078682872243,1.9077784919185523
10416.202137617,-2.9182327440807097,0.9851078682872243,1.9077784919185523
10416.203920734,-2.9182327440807097,0.9851078682872243,1.9077784919185523
10416.214163338,-2.9182327440807097,0.9851078682872243,1.9077784919185523
10416.220631323,-2.9182327440807097,0.9851078682872243,1.9077784919185523
10416.230639117,-2.9182327440807097,0.9851078682872243,1.9077784919185523
10416.2436701,-2.9182327440807097,0.9851078682872243,1.9077784919185523
10416.246935864,-2.9209136788319277,0.9928043452283615,1.9041916036052597
10416.250330601,-2.9209136788319277,0.9928043452283615,1.9041916036052597
10416.252075633,-2.9209136788319277,0.9928043452283615,1.9041916036052597
10416.261855283,-2.9209136788319277,0.9928043452283615,1.9041916036052597
10416.270702996,-2.9209136788319277,0.9928043452283615,1.9041916036052597
10416.28323869,-2.9209136788319277,0.9928043452283615,1.9041916036052597
10416.291781739,-2.9209136788319277,0.9928043452283615,1.9041916036052597
10416.302005507,-2.9209136788319277,0.9928043452283615,1.9041916036052597
10416.305884925,-2.9209136788319277,0.9928043452283615,1.9041916036052597
10416.307049946,-2.923369351982401,0.9999627464099567,1.8983367883605853
10416.308913655,-2.923369351982401,0.9999627464099567,1.8983367883605853
10416.322818461,-2.923369351982401,0.9999627464099567,1.8983367883605853
10416.334778093,-2.923369351982401,0.9999627464099567,1.8983367883605853
10416.344060507,-2.923369351982401,0.9999627464099567,1.8983367883605853
10416.345214497,-2.927273021137548,1.0115478012708574,1.8932730608625303
10416.349050723,-2.927273021137548,1.0115478012708574,1.8932730608625303
10416.354042953,-2.927273021137548,1.0115478012708574,1.8932730608625303
10416.365244893,-2.927273021137548,1.0115478012708574,1.8932730608625303
10416.373390801,-2.927273021137548,1.0115478012708574,1.8932730608625303
10416.381601164,-2.927273021137548,1.0115478012708574,1.8932730608625303
10416.391260741,-2.927273021137548,1.0115478012708574,1.8932730608625303
10416.400372619,-2.927273021137548,1.0115478012708574,1.8932730608625303
10416.408674846,-2.927273021137548,1.0115478012708574,1.8932730608625303
10416.40940275,-2.9299143406590478,1.0194716974156983,1.8918254279537092
10416.413623873,-2.9299143406590478,1.0194716974156983,1.8918254279537092
10416.427689797,-2.9299143406590478,1.0194716974156983,1.8918254279537092
10416.433304368,-2.9299143406590478,1.0194716974156983,1.8918254279537092
10416.446056296,-2.9299143406590478,1.0194716974156983,1.8918254279537092
10416.448693677,-2.9383432386571706,1.0269372203372293,1.8977440398719603
10416.451389609,-2.9383432386571706,1.0269372203372293,1.8977440398719603
10416.456863451,-2.9383432386571706,1.0269372203372293,1.8977440398719603
10416.459885477,-2.9383432386571706,1.0269372203372293,1.8977440398719603
10416.470141997,-2.9383432386571706,1.0269372203372293,1.8977440398719603
10416.484137536,-2.9383432386571706,1.0269372203372293,1.8977440398719603
10416.492945052,-2.9383432386571706,1.0269372203372293,1.8977440398719603
10416.50338903,-2.948363942265912,1.0278805890142264,1.903978646439293
10416.505829393,-2.948363942265912,1.0278805890142264,1.903978646439293
10416.507913815,-2.948363942265912,1.0278805890142264,1.903978646439293
10416.515873366,-2.948363942265912,1.0278805890142264,1.903978646439293
10416.522989813,-2.948363942265912,1.0278805890142264,1.903978646439293
10416.53499963,-2.948363942265912,1.0278805890142264,1.903978646439293
10416.544215437,-2.948363942265912,1.0278805890142264,1.903978646439293
10416.552758105,-2.948363942265912,1.0278805890142264,1.903978646439293
10416.554792491,-2.953210835888582,1.033557415849444,1.8999609007655869
10416.567762747,-2.953210835888582,1.033557415849444,1.8999609007655869
10416.57150377,-2.953210835888582,1.033557415849444,1.8999609007655869
10416.575685408,-2.953210835888582,1.033557415849444,1.8999609007655869
10416.584997629,-2.953210835888582,1.033557415849444,1.8999609007655869
10416.590811271,-2.953210835888582,1.033557415849444,1.8999609007655869
10416.599463219,-2.953210835888582,1.033557415849444,1.8999609007655869
10416.60037278,-2.9571335293486607,1.045136042927867,1.8949341430484559
10416.602404451,-2.9571335293486607,1.045136042927867,1.8949341430484559
10416.610627657,-2.9571335293486607,1.045136042927867,1.8949341430484559
10416.621117003,-2.9571335293486607,1.045136042927867,1.8949341430484559
10416.634470503,-2.9571335293486607,1.045136042927867,1.8949341430484559
10416.649677853,-2.9571335293486607,1.045136042927867,1.8949341430484559
10416.650962242,-2.9571335293486607,1.045136042927867,1.8949341430484559
10416.654483805,-2.9571335293486607,1.045136042927867,1.8949341430484559
10416.655565557,-2.959554964202512,1.0523861980130493,1.8913303568183675
10416.663493989,-2.959554964202512,1.0523861980130493,1.8913303568183675
10416.674635603,-2.959554964202512,1.0523861980130493,1.8913303568183675
10416.68215949,-2.959554964202512,1.0523861980130493,1.8913303568183675
10416.691635065,-2.959554964202512,1.0523861980130493,1.8913303568183675
10416.702545747,-2.959554964202512,1.0523861980130493,1.8913303568183675
10416.70487113,-2.9619938032200883,1.059817223371468,1.8845035090266962
10416.705868961,-2.9619938032200883,1.059817223371468,1.8845035090266962
10416.713417816,-2.9619938032200883,1.059817223371468,1.8845035090266962
10416.720036229,-2.9619938032200883,1.059817223371468,1.8845035090266962
10416.73190711,-2.9619938032200883,1.059817223371468,1.8845035090266962
10416.741486453,-2.9619938032200883,1.059817223371468,1.8845035090266962
10416.748433957,-2.9619938032200883,1.059817223371468,1.8845035090266962
10416.749133406,-2.9656826500768547,1.0713130706307135,1.878100509864022
10416.755095162,-2.9656826500768547,1.0713130706307135,1.878100509864022
10416.757257402,-2.9656826500768547,1.0713130706307135,1.878100509864022
10416.762413215,-2.9656826500768547,1.0713130706307135,1.878100509864022
10416.773332841,-2.9656826500768547,1.0713130706307135,1.878100509864022
10416.784218516,-2.9656826500768547,1.0713130706307135,1.878100509864022
10416.791369883,-2.9656826500768547,1.0713130706307135,1.878100509864022
10416.803271222,-2.9656826500768547,1.0713130706307135,1.878100509864022
10416.806001009,-2.9679777820896467,1.07860419294175,1.8734216048537984
10416.806887837,-2.9679777820896467,1.07860419294175,1.8734216048537984
10416.811927367,-2.9679777820896467,1.07860419294175,1.8734216048537984
10416.820423927,-2.9679777820896467,1.07860419294175,1.8734216048537984
10416.834119772,-2.9679777820896467,1.07860419294175,1.8734216048537984
10416.84269379,-2.9679777820896467,1.07860419294175,1.8734216048537984
10416.848074744,-2.971466411336711,1.089818234327464,1.8713792815028922
10416.854263795,-2.971466411336711,1.089818234327464,1.8713792815028922
10416.856953205,-2.971466411336711,1.089818234327464,1.8713792815028922
10416.868131059,-2.971466411336711,1.089818234327464,1.8713792815028922
10416.872909008,-2.971466411336711,1.089818234327464,1.8713792815028922
10416.883228989,-2.971466411336711,1.089818234327464,1.8713792815028922
10416.891738715,-2.971466411336711,1.089818234327464,1.8713792815028922
10416.899510456,-2.9737627007940066,1.0973210124030814,1.8642249657928245
10416.901730938,-2.9737627007940066,1.0973210124030814,1.8642249657928245
10416.902129802,-2.9737627007940066,1.0973210124030814,1.8642249657928245
10416.910504678,-2.9737627007940066,1.0973210124030814,1.8642249657928245
10416.921322012,-2.9737627007940066,1.0973210124030814,1.8642249657928245
10416.932516087,-2.9737627007940066,1.0973210124030814,1.8642249657928245
10416.941639637,-2.9737627007940066,1.0973210124030814,1.8642249657928245
10416.951297371,-2.9737627007940066,1.0973210124030814,1.8642249657928245
10416.95713011,-2.9758974550262627,1.1045024005982471,1.8552537514983911
10416.95891128,-2.9758974550262627,1.1045024005982471,1.8552537514983911
10416.963319812,-2.9758974550262627,1.1045024005982471,1.8552537514983911
10416.977531856,-2.9758974550262627,1.1045024005982471,1.8552537514983911
10416.98244478,-2.9758974550262627,1.1045024005982471,1.8552537514983911
10416.996245179,-2.9758974550262627,1.1045024005982471,1.8552537514983911
10416.999465486,-2.9758974550262627,1.1045024005982471,1.8552537514983911
10417.000070284,-2.979087097641502,1.115568239043615,1.8476095154105925
10417.002885104,-2.979087097641502,1.115568239043615,1.8476095154105925
10417.013764846,-2.979087097641502,1.115568239043615,1.8476095154105925
10417.021714539,-2.979087097641502,1.115568239043615,1.8476095154105925
10417.035036599,-2.979087097641502,1.115568239043615,1.8476095154105925
10417.044005984,-2.979087097641502,1.115568239043615,1.8476095154105925
10417.047304511,-2.9810847607724744,1.1227101477069434,1.8394626333534025
10417.050904755,-2.9810847607724744,1.1227101477069434,1.8394626333534025
10417.05444844,-2.9810847607724744,1.1227101477069434,1.8394626333534025
10417.063707951,-2.9810847607724744,1.1227101477069434,1.8394626333534025
10417.070379766,-2.9810847607724744,1.1227101477069434,1.8394626333534025
10417.08459159,-2.9810847607724744,1.1227101477069434,1.8394626333534025
10417.093535607,-2.9810847607724744,1.1227101477069434,1.8394626333534025
10417.101147993,-2.9810847607724744,1.1227101477069434,1.8394626333534025
10417.108534658,-2.983052428590094,1.130070180211703,1.8246011688529749
10417.109395857,-2.983052428590094,1.130070180211703,1.8246011688529749
10417.114123279,-2.983052428590094,1.130070180211703,1.8246011688529749
10417.124272634,-2.983052428590094,1.130070180211703,1.8246011688529749
10417.133883317,-2.983052428590094,1.130070180211703,1.8246011688529749
10417.142629324,-2.983052428590094,1.130070180211703,1.8246011688529749
10417.146934027,-2.9858881943274067,1.141284168969267,1.8123616530715718
10417.152570019,-2.9858881943274067,1.141284168969267,1.8123616530715718
10417.152955457,-2.9858881943274067,1.141284168969267,1.8123616530715718
10417.166064549,-2.9858881943274067,1.141284168969267,1.8123616530715718
10417.168601106,-2.9858881943274067,1.141284168969267,1.8123616530715718
10417.183176125,-2.9858881943274067,1.141284168969267,1.8123616530715718
10417.19168216,-2.9858881943274067,1.141284168969267,1.8123616530715718
10417.199065742,-2.9876772600780477,1.1487677365565647,1.798554117900064
10417.199825216,-2.9876772600780477,1.1487677365565647,1.798554117900064
10417.203447242,-2.9876772600780477,1.1487677365565647,1.798554117900064
10417.215032456,-2.9876772600780477,1.1487677365565647,1.798554117900064
10417.225029559,-2.9876772600780477,1.1487677365565647,1.798554117900064
10417.232187732,-2.9876772600780477,1.1487677365565647,1.798554117900064
10417.240418877,-2.9876772600780477,1.1487677365565647,1.798554117900064
10417.253823245,-2.9876772600780477,1.1487677365565647,1.798554117900064
10417.256469291,-2.9876772600780477,1.1487677365565647,1.798554117900064
10417.257402659,-2.9893800964008053,1.1562454384514824,1.7908458366214535
10417.259332243,-2.9893800964008053,1.1562454384514824,1.7908458366214535
10417.269698213,-2.9893800964008053,1.1562454384514824,1.7908458366214535
10417.284725819,-2.9893800964008053,1.1562454384514824,1.7908458366214535
10417.290882117,-2.9893800964008053,1.1562454384514824,1.7908458366214535
10417.300724253,-2.9893800964008053,1.1562454384514824,1.7908458366214535
10417.302767696,-2.991838158500774,1.1675223239223766,1.7799798800765778
10417.303446506,-2.991838158500774,1.1675223239223766,1.7799798800765778
10417.311817595,-2.991838158500774,1.1675223239223766,1.7799798800765778
10417.323309681,-2.991838158500774,1.1675223239223766,1.7799798800765778
10417.331796753,-2.991838158500774,1.1675223239223766,1.7799798800765778
10417.346110671,-2.991838158500774,1.1675223239223766,1.7799798800765778
10417.35325895,-2.991838158500774,1.1675223239223766,1.7799798800765778
10417.363950112,-2.991838158500774,1.1675223239223766,1.7799798800765778
10417.364831489,-2.993346718816019,1.1747832992780327,1.7713097586452262
10417.365371273,-2.993346718816019,1.1747832992780327,1.7713097586452262
10417.375168193,-2.993346718816019,1.1747832992780327,1.7713097586452262
10417.385719426,-2.993346718816019,1.1747832992780327,1.7713097586452262
10417.390515119,-2.993346718816019,1.1747832992780327,1.7713097586452262
10417.401965615,-2.993346718816019,1.1747832992780327,1.7713097586452262
10417.408545865,-2.993346718816019,1.1747832992780327,1.7713097586452262
10417.410006271,-2.994855846196737,1.1823799198603973,1.7624920561134123
10417.415627415,-2.994855846196737,1.1823799198603973,1.7624920561134123
10417.42119201,-2.994855846196737,1.1823799198603973,1.7624920561134123
10417.432393929,-2.994855846196737,1.1823799198603973,1.7624920561134123
10417.442088633,-2.994855846196737,1.1823799198603973,1.7624920561134123
10417.44753911,-2.9970231168396806,1.1937678181017024,1.755229587775399
10417.452600341,-2.9970231168396806,1.1937678181017024,1.755229587775399
10417.458463525,-2.9970231168396806,1.1937678181017024,1.755229587775399
10417.464853534,-2.9970231168396806,1.1937678181017024,1.755229587775399
10417.473864798,-2.9970231168396806,1.1937678181017024,1.755229587775399
10417.481143837,-2.9970231168396806,1.1937678181017024,1.755229587775399
10417.49356989,-2.9970231168396806,1.1937678181017024,1.755229587775399
10417.497197506,-2.9970231168396806,1.1937678181017024,1.755229587775399
10417.498570746,-2.9984150235711766,1.2014382418221419,1.7453845693885586
10417.501556032,-2.9984150235711766,1.2014382418221419,1.7453845693885586
10417.511316532,-2.9984150235711766,1.2014382418221419,1.7453845693885586
10417.523302002,-2.9984150235711766,1.2014382418221419,1.7453845693885586
10417.53080584,-2.9984150235711766,1.2014382418221419,1.7453845693885586
10417.541723916,-2.9984150235711766,1.2014382418221419,1.7453845693885586
10417.555720127,-2.9984150235711766,1.2014382418221419,1.7453845693885586
10417.556577218,-2.9997882878858633,1.2093947096599724,1.7380347802459502
10417.558782951,-2.9997882878858633,1.2093947096599724,1.7380347802459502
10417.563176183,-2.9997882878858633,1.2093947096599724,1.7380347802459502
10417.571219926,-2.9997882878858633,1.2093947096599724,1.7380347802459502
10417.584358063,-2.9997882878858633,1.2093947096599724,1.7380347802459502
10417.594474734,-2.9997882878858633,1.2093947096599724,1.7380347802459502
10417.599871027,-2.9997882878858633,1.2093947096599724,1.7380347802459502
10417.605826811,-2.9997882878858633,1.2093947096599724,1.7380347802459502
10417.606746132,-3.0016754009517737,1.220678425726121,1.7349750056087274
10417.609675411,-3.0016754009517737,1.220678425726121,1.7349750056087274
10417.620981931,-3.0016754009517737,1.220678425726121,1.7349750056087274
10417.632853132,-3.0016754009517737,1.220678425726121,1.7349750056087274
10417.643818659,-3.0016754009517737,1.220678425726121,1.7349750056087274
10417.64503612,-3.002977099479665,1.228672559787064,1.7294477774917383
10417.649958876,-3.002977099479665,1.228672559787064,1.7294477774917383
10417.655658961,-3.002977099479665,1.228672559787064,1.7294477774917383
10417.663548097,-3.002977099479665,1.228672559787064,1.7294477774917383
10417.670038525,-3.002977099479665,1.228672559787064,1.7294477774917383
10417.681277496,-3.002977099479665,1.228672559787064,1.7294477774917383
10417.691725211,-3.002977099479665,1.228672559787064,1.7294477774917383
10417.703874054,-3.002977099479665,1.228672559787064,1.7294477774917383
10417.709132813,-3.002977099479665,1.228672559787064,1.7294477774917383
10417.713148683,-3.002977099479665,1.228672559787064,1.7294477774917383
10417.7142855,-3.0042201339680386,1.2365223052588215,1.7262437298118372
10417.724842665,-3.0042201339680386,1.2365223052588215,1.7262437298118372
10417.730198891,-3.0042201339680386,1.2365223052588215,1.7262437298118372
10417.743385241,-3.0042201339680386,1.2365223052588215,1.7262437298118372
10417.746475438,-3.0060395143770444,1.2484064202507181,1.719176854115655
10417.75572038,-3.0060395143770444,1.2484064202507181,1.719176854115655
10417.756770851,-3.0060395143770444,1.2484064202507181,1.719176854115655
10417.765716931,-3.0060395143770444,1.2484064202507181,1.719176854115655
10417.771473144,-3.0060395143770444,1.2484064202507181,1.719176854115655
10417.780873023,-3.0060395143770444,1.2484064202507181,1.719176854115655
10417.793066982,-3.0060395143770444,1.2484064202507181,1.719176854115655
10417.801377996,-3.0060395143770444,1.2484064202507181,1.719176854115655
10417.80283713,-3.007172408085652,1.2561960933968046,1.711261327487161
10417.803919062,-3.007172408085652,1.2561960933968046,1.711261327487161
10417.811609938,-3.007172408085652,1.2561960933968046,1.711261327487161
10417.822704582,-3.007172408085652,1.2561960933968046,1.711261327487161
10417.832857413,-3.007172408085652,1.2561960933968046,1.711261327487161
10417.842068831,-3.007172408085652,1.2561960933968046,1.711261327487161
10417.855833117,-3.007172408085652,1.2561960933968046,1.711261327487161
10417.857126594,-3.0074610094277245,1.2600624782509469,1.7065919424781455
10417.865403934,-3.0074610094277245,1.2600624782509469,1.7065919424781455
10417.866117049,-3.0074610094277245,1.2600624782509469,1.7065919424781455
10417.870794576,-3.0074610094277245,1.2600624782509469,1.7065919424781455
10417.881093907,-3.0074610094277245,1.2600624782509469,1.7065919424781455
10417.895231207,-3.0074610094277245,1.2600624782509469,1.7065919424781455
10417.901225615,-3.0074610094277245,1.2600624782509469,1.7065919424781455
10417.901865841,-3.0069490309422786,1.2609636104862096,1.7053363467308742
10417.903069666,-3.0069490309422786,1.2609636104862096,1.7053363467308742
10417.910825157,-3.0069490309422786,1.2609636104862096,1.7053363467308742
10417.924114854,-3.0069490309422786,1.2609636104862096,1.7053363467308742
10417.932989948,-3.0069490309422786,1.2609636104862096,1.7053363467308742
10417.940015231,-3.0069490309422786,1.2609636104862096,1.7053363467308742
10417.947372919,-3.0070836710650912,1.2640805595333433,1.6983964720440428
10417.949819764,-3.0070836710650912,1.2640805595333433,1.6983964720440428
10417.956496158,-3.0070836710650912,1.2640805595333433,1.6983964720440428
10417.963161491,-3.0070836710650912,1.2640805595333433,1.6983964720440428
10417.972006357,-3.0070836710650912,1.2640805595333433,1.6983964720440428
10417.987430602,-3.0070836710650912,1.2640805595333433,1.6983964720440428
10417.994379728,-3.0070836710650912,1.2640805595333433,1.6983964720440428
10418.002058041,-3.0070836710650912,1.2640805595333433,1.6983964720440428
10418.007241236,-3.0080941769519853,1.2721932195898709,1.6910379508209743
10418.007737276,-3.0080941769519853,1.2721932195898709,1.6910379508209743
10418.01373996,-3.0080941769519853,1.2721932195898709,1.6910379508209743
10418.022744692,-3.0080941769519853,1.2721932195898709,1.6910379508209743
10418.035623332,-3.0080941769519853,1.2721932195898709,1.6910379508209743
10418.043853011,-3.0080941769519853,1.2721932195898709,1.6910379508209743
10418.04474566,-3.0094569398203257,1.283832561100288,1.683658359355978
10418.048853566,-3.0094569398203257,1.283832561100288,1.683658359355978
10418.055021766,-3.0094569398203257,1.283832561100288,1.683658359355978
10418.061992654,-3.0094569398203257,1.283832561100288,1.683658359355978
10418.073444402,-3.0094569398203257,1.283832561100288,1.683658359355978
10418.085014607,-3.0094569398203257,1.283832561100288,1.683658359355978
10418.09017089,-3.0094569398203257,1.283832561100288,1.683658359355978
10418.09734088,-3.0094569398203257,1.283832561100288,1.683658359355978
10418.09926282,-3.0102565599509084,1.291281730160564,1.6718024292660278
10418.103024703,-3.0102565599509084,1.291281730160564,1.6718024292660278
10418.110990186,-3.0102565599509084,1.291281730160564,1.6718024292660278
10418.121767122,-3.0102565599509084,1.291281730160564,1.6718024292660278
10418.132833692,-3.0102565599509084,1.291281730160564,1.6718024292660278
10418.143989944,-3.0102565599509084,1.291281730160564,1.6718024292660278
10418.151560821,-3.0102565599509084,1.291281730160564,1.6718024292660278
10418.152665036,-3.0110057927245233,1.2990159054030859,1.6629335561466734
10418.15974386,-3.0110057927245233,1.2990159054030859,1.6629335561466734
10418.162839257,-3.0110057927245233,1.2990159054030859,1.6629335561466734
10418.177117598,-3.0110057927245233,1.2990159054030859,1.6629335561466734
10418.184438666,-3.0110057927245233,1.2990159054030859,1.6629335561466734
10418.190451249,-3.0110057927245233,1.2990159054030859,1.6629335561466734
10418.199090031,-3.0110057927245233,1.2990159054030859,1.6629335561466734
10418.201198318,-3.0110057927245233,1.2990159054030859,1.6629335561466734
10418.201663358,-3.012000147820742,1.3101335393755391,1.6570633032990014
10418.211371384,-3.012000147820742,1.3101335393755391,1.6570633032990014
10418.223714643,-3.012000147820742,1.3101335393755391,1.6570633032990014
10418.237744434,-3.012000147820742,1.3101335393755391,1.6570633032990014
10418.245008336,-3.012000147820742,1.3101335393755391,1.6570633032990014
10418.246172184,-3.012652669582303,1.3179526722861845,1.6510473766994995
10418.249043693,-3.012652669582303,1.3179526722861845,1.6510473766994995
10418.249711391,-3.012652669582303,1.3179526722861845,1.6510473766994995
10418.264468375,-3.012652669582303,1.3179526722861845,1.6510473766994995
10418.268781347,-3.012652669582303,1.3179526722861845,1.6510473766994995
10418.281593329,-3.012652669582303,1.3179526722861845,1.6510473766994995
10418.291381482,-3.012652669582303,1.3179526722861845,1.6510473766994995
10418.30300054,-3.012652669582303,1.3179526722861845,1.6510473766994995
10418.304776581,-3.0132079651082906,1.3251955839162768,1.643580792255453
10418.306044659,-3.0132079651082906,1.3251955839162768,1.643580792255453
10418.310286331,-3.0132079651082906,1.3251955839162768,1.643580792255453
10418.323538997,-3.0132079651082906,1.3251955839162768,1.643580792255453
10418.331135613,-3.0132079651082906,1.3251955839162768,1.643580792255453
10418.341679994,-3.0132079651082906,1.3251955839162768,1.643580792255453
10418.349661497,-3.0139887423530394,1.3364824876207724,1.6361428180409003
10418.351159225,-3.0139887423530394,1.3364824876207724,1.6361428180409003
10418.355753509,-3.0139887423530394,1.3364824876207724,1.6361428180409003
10418.365086744,-3.0139887423530394,1.3364824876207724,1.6361428180409003
10418.377509341,-3.0139887423530394,1.3364824876207724,1.6361428180409003
10418.383922761,-3.0139887423530394,1.3364824876207724,1.6361428180409003
10418.393067862,-3.0139887423530394,1.3364824876207724,1.6361428180409003
10418.407943636,-3.0139887423530394,1.3364824876207724,1.6361428180409003
10418.40907364,-3.0139887423530394,1.3364824876207724,1.6361428180409003
10418.409534352,-3.014423951526419,1.3438603830708145,1.623289791650824
10418.416921367,-3.014423951526419,1.3438603830708145,1.623289791650824
10418.424655486,-3.014423951526419,1.3438603830708145,1.623289791650824
10418.436442585,-3.014423951526419,1.3438603830708145,1.623289791650824
10418.44375666,-3.014423951526419,1.3438603830708145,1.623289791650824
10418.447493826,-3.014958214502511,1.3554150217170062,1.610712973184637
10418.448779067,-3.014958214502511,1.3554150217170062,1.610712973184637
10418.451952322,-3.014958214502511,1.3554150217170062,1.610712973184637
10418.463629602,-3.014958214502511,1.3554150217170062,1.610712973184637
10418.474471372,-3.014958214502511,1.3554150217170062,1.610712973184637
10418.482943684,-3.014958214502511,1.3554150217170062,1.610712973184637
10418.494137889,-3.014958214502511,1.3554150217170062,1.610712973184637
10418.497043923,-3.014958214502511,1.3554150217170062,1.610712973184637
10418.497900964,-3.0152236425334698,1.3630035870580082,1.6008059063625848
10418.503401116,-3.0152236425334698,1.3630035870580082,1.6008059063625848
10418.513108663,-3.0152236425334698,1.3630035870580082,1.6008059063625848
10418.524773479,-3.0152236425334698,1.3630035870580082,1.6008059063625848
10418.535235231,-3.0152236425334698,1.3630035870580082,1.6008059063625848
10418.540436079,-3.0152236425334698,1.3630035870580082,1.6008059063625848
10418.553966287,-3.0152236425334698,1.3630035870580082,1.6008059063625848
10418.556428842,-3.0153857929595924,1.3705697449560392,1.5836422124577083
10418.5640424,-3.0153857929595924,1.3705697449560392,1.5836422124577083
10418.565407644,-3.0153857929595924,1.3705697449560392,1.5836422124577083
10418.575261519,-3.0153857929595924,1.3705697449560392,1.5836422124577083
10418.585309222,-3.0153857929595924,1.3705697449560392,1.5836422124577083
10418.593338296,-3.0153857929595924,1.3705697449560392,1.5836422124577083
10418.59939884,-3.0154777876185834,1.3815288860411412,1.5747387090397398
10418.603865443,-3.0154777876185834,1.3815288860411412,1.5747387090397398
10418.604291789,-3.0154777876185834,1.3815288860411412,1.5747387090397398
10418.611746323,-3.0154777876185834,1.3815288860411412,1.5747387090397398
10418.624060231,-3.0154777876185834,1.3815288860411412,1.5747387090397398
10418.631765605,-3.0154777876185834,1.3815288860411412,1.5747387090397398
10418.641560621,-3.0154777876185834,1.3815288860411412,1.5747387090397398
10418.650394746,-3.0154777876185834,1.3815288860411412,1.5747387090397398
10418.65175449,-3.015465624790851,1.3893245679526796,1.5637335458469905
10418.654247513,-3.015465624790851,1.3893245679526796,1.5637335458469905
10418.662831099,-3.015465624790851,1.3893245679526796,1.5637335458469905
10418.674051373,-3.015465624790851,1.3893245679526796,1.5637335458469905
10418.684742093,-3.015465624790851,1.3893245679526796,1.5637335458469905
10418.692232505,-3.015465624790851,1.3893245679526796,1.5637335458469905
10418.700217542,-3.015465624790851,1.3893245679526796,1.5637335458469905
10418.701988143,-3.0153906357895286,1.3967149079276755,1.557566014833502
10418.704613683,-3.0153906357895286,1.3967149079276755,1.557566014833502
10418.710329628,-3.0153906357895286,1.3967149079276755,1.557566014833502
10418.72230086,-3.0153906357895286,1.3967149079276755,1.557566014833502
10418.729936952,-3.0153906357895286,1.3967149079276755,1.557566014833502
10418.741049399,-3.0153906357895286,1.3967149079276755,1.557566014833502
10418.746995915,-3.015202093097794,1.4083056689056048,1.5514962354374446
10418.757100684,-3.015202093097794,1.4083056689056048,1.5514962354374446
10418.759094912,-3.015202093097794,1.4083056689056048,1.5514962354374446
10418.76353278,-3.015202093097794,1.4083056689056048,1.5514962354374446
10418.770832958,-3.015202093097794,1.4083056689056048,1.5514962354374446
10418.78084573,-3.015202093097794,1.4083056689056048,1.5514962354374446
10418.793653313,-3.015202093097794,1.4083056689056048,1.5514962354374446
10418.802184138,-3.015202093097794,1.4083056689056048,1.5514962354374446
10418.810335146,-3.0150144637020606,1.416377597457214,1.5436154285145325
10418.812945133,-3.0150144637020606,1.416377597457214,1.5436154285145325
10418.819060593,-3.0150144637020606,1.416377597457214,1.5436154285145325
10418.824851571,-3.0150144637020606,1.416377597457214,1.5436154285145325
10418.831838149,-3.0150144637020606,1.416377597457214,1.5436154285145325
10418.841274588,-3.0150144637020606,1.416377597457214,1.5436154285145325
10418.847440424,-3.014652016931292,1.4279135780201888,1.5351602712345631
10418.848219025,-3.014652016931292,1.4279135780201888,1.5351602712345631
10418.851749505,-3.014652016931292,1.4279135780201888,1.5351602712345631
10418.862800726,-3.014652016931292,1.4279135780201888,1.5351602712345631
10418.87205214,-3.014652016931292,1.4279135780201888,1.5351602712345631
10418.885207379,-3.014652016931292,1.4279135780201888,1.5351602712345631
10418.892087984,-3.014652016931292,1.4279135780201888,1.5351602712345631
10418.899150658,-3.014652016931292,1.4279135780201888,1.5351602712345631
10418.901237584,-3.014652016931292,1.4279135780201888,1.5351602712345631
10418.901741879,-3.0143460496699683,1.4358299122227334,1.5291706004810848
10418.913274192,-3.0143460496699683,1.4358299122227334,1.5291706004810848
10418.922845117,-3.0143460496699683,1.4358299122227334,1.5291706004810848
10418.931551548,-3.0143460496699683,1.4358299122227334,1.5291706004810848
10418.942516724,-3.0143460496699683,1.4358299122227334,1.5291706004810848
10418.950513306,-3.0143460496699683,1.4358299122227334,1.5291706004810848
10418.956101907,-3.0139769827101857,1.4436422014653498,1.5180085578632876
10418.958000572,-3.0139769827101857,1.4436422014653498,1.5180085578632876
10418.961714614,-3.0139769827101857,1.4436422014653498,1.5180085578632876
10418.973122116,-3.0139769827101857,1.4436422014653498,1.5180085578632876
10418.982224656,-3.0139769827101857,1.4436422014653498,1.5180085578632876
10418.992731003,-3.0139769827101857,1.4436422014653498,1.5180085578632876
10419.005276295,-3.0139769827101857,1.4436422014653498,1.5180085578632876
10419.008295897,-3.0139769827101857,1.4436422014653498,1.5180085578632876
10419.011875722,-3.0139769827101857,1.4436422014653498,1.5180085578632876
10419.013282475,-3.0133154941015956,1.4551649028860962,1.50889512688642
10419.021804002,-3.0133154941015956,1.4551649028860962,1.50889512688642
10419.031909982,-3.0133154941015956,1.4551649028860962,1.50889512688642
10419.042584511,-3.0133154941015956,1.4551649028860962,1.50889512688642
10419.047128673,-3.012816580000055,1.4629446129783525,1.5046125927639522
10419.050748904,-3.012816580000055,1.4629446129783525,1.5046125927639522
10419.053773446,-3.012816580000055,1.4629446129783525,1.5046125927639522
10419.062180113,-3.012816580000055,1.4629446129783525,1.5046125927639522
10419.075099872,-3.012816580000055,1.4629446129783525,1.5046125927639522
10419.08489156,-3.012816580000055,1.4629446129783525,1.5046125927639522
10419.091954825,-3.012816580000055,1.4629446129783525,1.5046125927639522
10419.101967527,-3.012816580000055,1.4629446129783525,1.5046125927639522
10419.106246039,-3.012239675110436,1.470998085277973,1.4939557591152708
10419.106955327,-3.012239675110436,1.470998085277973,1.4939557591152708
10419.115560384,-3.012239675110436,1.470998085277973,1.4939557591152708
10419.122954201,-3.012239675110436,1.470998085277973,1.4939557591152708
10419.13075586,-3.012239675110436,1.470998085277973,1.4939557591152708
10419.14093494,-3.012239675110436,1.470998085277973,1.4939557591152708
10419.146456403,-3.0145578541626437,1.4783848343691353,1.4855404443663187
10419.149917099,-3.0145578541626437,1.4783848343691353,1.4855404443663187
10419.155434043,-3.0145578541626437,1.4783848343691353,1.4855404443663187
10419.164297625,-3.0145578541626437,1.4783848343691353,1.4855404443663187
10419.171341712,-3.0145578541626437,1.4783848343691353,1.4855404443663187
10419.1856818,-3.0145578541626437,1.4783848343691353,1.4855404443663187
10419.190501078,-3.0145578541626437,1.4783848343691353,1.4855404443663187
10419.205617903,-3.0145578541626437,1.4783848343691353,1.4855404443663187
10419.206613189,-3.0145578541626437,1.4783848343691353,1.4855404443663187
10419.20764784,-3.0192737399296212,1.478675637180631,1.4788222749378452
10419.212820845,-3.0192737399296212,1.478675637180631,1.4788222749378452
10419.224290978,-3.0192737399296212,1.478675637180631,1.4788222749378452
10419.23564549,-3.0192737399296212,1.478675637180631,1.4788222749378452
10419.242122211,-3.0192737399296212,1.478675637180631,1.4788222749378452
10419.251691304,-3.0192737399296212,1.478675637180631,1.4788222749378452
10419.254860692,-3.0210853705799616,1.4832272415193162,1.4656353228689278
10419.262060658,-3.0210853705799616,1.4832272415193162,1.4656353228689278
10419.264745038,-3.0210853705799616,1.4832272415193162,1.4656353228689278
10419.269886182,-3.0210853705799616,1.4832272415193162,1.4656353228689278
10419.280355669,-3.0210853705799616,1.4832272415193162,1.4656353228689278
10419.292982387,-3.0210853705799616,1.4832272415193162,1.4656353228689278
10419.302377396,-3.0210853705799616,1.4832272415193162,1.4656353228689278
10419.305880493,-3.0210853705799616,1.4832272415193162,1.4656353228689278
10419.306994957,-3.019842632850546,1.4945490500708691,1.4573027723432623
10419.313757065,-3.019842632850546,1.4945490500708691,1.4573027723432623
10419.321301581,-3.019842632850546,1.4945490500708691,1.4573027723432623
10419.331210113,-3.019842632850546,1.4945490500708691,1.4573027723432623
10419.343800852,-3.019842632850546,1.4945490500708691,1.4573027723432623
10419.347062838,-3.0189451984812714,1.5021400122670263,1.4489342206121525
10419.350937727,-3.0189451984812714,1.5021400122670263,1.4489342206121525
10419.356048473,-3.0189451984812714,1.5021400122670263,1.4489342206121525
10419.364522028,-3.0189451984812714,1.5021400122670263,1.4489342206121525
10419.370912635,-3.0189451984812714,1.5021400122670263,1.4489342206121525
10419.382233591,-3.0189451984812714,1.5021400122670263,1.4489342206121525
10419.393926972,-3.0189451984812714,1.5021400122670263,1.4489342206121525
10419.403127909,-3.0189451984812714,1.5021400122670263,1.4489342206121525
10419.40966204,-3.0189451984812714,1.5021400122670263,1.4489342206121525
10419.411175698,-3.01801461444165,1.5094463980944652,1.439290904343232
10419.421116351,-3.01801461444165,1.5094463980944652,1.439290904343232
10419.42386276,-3.01801461444165,1.5094463980944652,1.439290904343232
10419.433820226,-3.01801461444165,1.5094463980944652,1.439290904343232
10419.445472127,-3.01801461444165,1.5094463980944652,1.439290904343232
10419.446564248,-3.0164552162078886,1.5210610298398104,1.4353749387861334
10419.448931861,-3.0164552162078886,1.5210610298398104,1.4353749387861334
10419.452064529,-3.0164552162078886,1.5210610298398104,1.4353749387861334
10419.462669265,-3.0164552162078886,1.5210610298398104,1.4353749387861334
10419.475861103,-3.0164552162078886,1.5210610298398104,1.4353749387861334
10419.483165589,-3.0164552162078886,1.5210610298398104,1.4353749387861334
10419.4910363,-3.0164552162078886,1.5210610298398104,1.4353749387861334
10419.498761832,-3.0164552162078886,1.5210610298398104,1.4353749387861334
10419.499593324,-3.0153686789326715,1.5289339629311194,1.431931936085327
10419.501633671,-3.0153686789326715,1.5289339629311194,1.431931936085327
10419.510958766,-3.0153686789326715,1.5289339629311194,1.431931936085327
10419.521772131,-3.0153686789326715,1.5289339629311194,1.431931936085327
10419.53346499,-3.0153686789326715,1.5289339629311194,1.431931936085327
10419.54296018,-3.0153686789326715,1.5289339629311194,1.431931936085327
10419.56092622,-3.0153686789326715,1.5289339629311194,1.431931936085327
10419.564943613,-3.0153686789326715,1.5289339629311194,1.431931936085327
10419.56567869,-3.014309997570542,1.5362228897580037,1.4211876624227606
10419.566493851,-3.014309997570542,1.5362228897580037,1.4211876624227606
10419.570620913,-3.014309997570542,1.5362228897580037,1.4211876624227606
10419.585898797,-3.014309997570542,1.5362228897580037,1.4211876624227606
10419.591693732,-3.014309997570542,1.5362228897580037,1.4211876624227606
10419.597170178,-3.014309997570542,1.5362228897580037,1.4211876624227606
10419.599209323,-3.0125089508447633,1.5478025108279272,1.4118058317304696
10419.60695329,-3.0125089508447633,1.5478025108279272,1.4118058317304696
10419.61453665,-3.0125089508447633,1.5478025108279272,1.4118058317304696
10419.622009539,-3.0125089508447633,1.5478025108279272,1.4118058317304696
10419.633533534,-3.0125089508447633,1.5478025108279272,1.4118058317304696
10419.650347148,-3.0125089508447633,1.5478025108279272,1.4118058317304696
10419.655579527,-3.0125089508447633,1.5478025108279272,1.4118058317304696
10419.657494333,-3.0125089508447633,1.5478025108279272,1.4118058317304696
10419.658447568,-3.0112513096831415,1.5554447911441824,1.40358331137906
10419.663400542,-3.0112513096831415,1.5554447911441824,1.40358331137906
10419.672890703,-3.0112513096831415,1.5554447911441824,1.40358331137906
10419.681396349,-3.0112513096831415,1.5554447911441824,1.40358331137906
10419.692884115,-3.0112513096831415,1.5554447911441824,1.40358331137906
10419.702623053,-3.0112513096831415,1.5554447911441824,1.40358331137906
10419.70678422,-3.0099659300746704,1.5626714676455815,1.3859591715932933
10419.707836515,-3.0099659300746704,1.5626714676455815,1.3859591715932933
10419.71101432,-3.0099659300746704,1.5626714676455815,1.3859591715932933
10419.723443068,-3.0099659300746704,1.5626714676455815,1.3859591715932933
10419.732550246,-3.0099659300746704,1.5626714676455815,1.3859591715932933
10419.747651551,-3.0099659300746704,1.5626714676455815,1.3859591715932933
10419.749711595,-3.0078333461157043,1.5737567646941328,1.3755184047819218
10419.757168263,-3.0078333461157043,1.5737567646941328,1.3755184047819218
10419.758126417,-3.0078333461157043,1.5737567646941328,1.3755184047819218
10419.761159415,-3.0078333461157043,1.5737567646941328,1.3755184047819218
10419.771945828,-3.0078333461157043,1.5737567646941328,1.3755184047819218
10419.782746608,-3.0078333461157043,1.5737567646941328,1.3755184047819218
10419.794491106,-3.0078333461157043,1.5737567646941328,1.3755184047819218
10419.799511659,-3.0078333461157043,1.5737567646941328,1.3755184047819218
10419.80876121,-3.006349903613606,1.580997078681751,1.3618949287534803
10419.810330755,-3.006349903613606,1.580997078681751,1.3618949287534803
10419.816894773,-3.006349903613606,1.580997078681751,1.3618949287534803
10419.820766126,-3.006349903613606,1.580997078681751,1.3618949287534803
10419.834349434,-3.006349903613606,1.580997078681751,1.3618949287534803
10419.842610722,-3.006349903613606,1.580997078681751,1.3618949287534803
10419.8451218,-3.0039579096240345,1.5921328817823805,1.3565237157941907
10419.851614292,-3.0039579096240345,1.5921328817823805,1.3565237157941907
10419.854293943,-3.0039579096240345,1.5921328817823805,1.3565237157941907
10419.862686452,-3.0039579096240345,1.5921328817823805,1.3565237157941907
10419.870690398,-3.0039579096240345,1.5921328817823805,1.3565237157941907
10419.883957711,-3.0039579096240345,1.5921328817823805,1.3565237157941907
10419.889667253,-3.0039579096240345,1.5921328817823805,1.3565237157941907
10419.898357844,-3.0023366764394153,1.599499168801344,1.3517999880910956
10419.899170951,-3.0023366764394153,1.599499168801344,1.3517999880910956
10419.905403053,-3.0023366764394153,1.599499168801344,1.3517999880910956
10419.912585005,-3.0023366764394153,1.599499168801344,1.3517999880910956
10419.922377365,-3.0023366764394153,1.599499168801344,1.3517999880910956
10419.93062178,-3.0023366764394153,1.599499168801344,1.3517999880910956
10419.943599639,-3.0023366764394153,1.599499168801344,1.3517999880910956
10419.950981691,-3.0023366764394153,1.599499168801344,1.3517999880910956
10419.9557026,-3.000559700482627,1.6073234073807618,1.3431457512975777
10419.967731866,-3.000559700482627,1.6073234073807618,1.3431457512975777
10419.972655013,-3.000559700482627,1.6073234073807618,1.3431457512975777
10419.973344603,-3.000559700482627,1.6073234073807618,1.3431457512975777
10419.984262067,-3.000559700482627,1.6073234073807618,1.3431457512975777
10419.99012337,-3.000559700482627,1.6073234073807618,1.3431457512975777
10420.000969968,-3.000559700482627,1.6073234073807618,1.3431457512975777
10420.002186267,-3.000559700482627,1.6073234073807618,1.3431457512975777
10420.003180922,-2.997866834585957,1.6188066693239849,1.337763988316163
10420.011648495,-2.997866834585957,1.6188066693239849,1.337763988316163
10420.022600355,-2.997866834585957,1.6188066693239849,1.337763988316163
10420.033528068,-2.997866834585957,1.6188066693239849,1.337763988316163
10420.040225692,-2.997866834585957,1.6188066693239849,1.337763988316163
10420.047291682,-2.9960000112229332,1.6266099585938967,1.3341847890020455
10420.05530754,-2.9960000112229332,1.6266099585938967,1.3341847890020455
10420.056391225,-2.9960000112229332,1.6266099585938967,1.3341847890020455
10420.063023394,-2.9960000112229332,1.6266099585938967,1.3341847890020455
10420.073690348,-2.9960000112229332,1.6266099585938967,1.3341847890020455
10420.083255693,-2.9960000112229332,1.6266099585938967,1.3341847890020455
10420.089426599,-2.9960000112229332,1.6266099585938967,1.3341847890020455
10420.100926358,-2.9960000112229332,1.6266099585938967,1.3341847890020455
10420.102978387,-2.99413669980815,1.6342057563928545,1.326291882336244
10420.103944577,-2.99413669980815,1.6342057563928545,1.326291882336244
10420.111490886,-2.99413669980815,1.6342057563928545,1.326291882336244
10420.122975847,-2.99413669980815,1.6342057563928545,1.326291882336244
10420.131577046,-2.99413669980815,1.6342057563928545,1.326291882336244
10420.144134049,-2.99413669980815,1.6342057563928545,1.326291882336244
10420.147869972,-2.991237544053228,1.6457430979143377,1.3229261868597115
10420.154695719,-2.991237544053228,1.6457430979143377,1.3229261868597115
10420.15622116,-2.991237544053228,1.6457430979143377,1.3229261868597115
10420.156449848,-2.991237544053228,1.6457430979143377,1.3229261868597115
10420.160969655,-2.991237544053228,1.6457430979143377,1.3229261868597115
10420.170807532,-2.991237544053228,1.6457430979143377,1.3229261868597115
10420.181539861,-2.991237544053228,1.6457430979143377,1.3229261868597115
10420.195169218,-2.991237544053228,1.6457430979143377,1.3229261868597115
10420.201284798,-2.991237544053228,1.6457430979143377,1.3229261868597115
10420.20788197,-2.9893417032749956,1.653148088343382,1.3173896902204598
10420.209910133,-2.9893417032749956,1.653148088343382,1.3173896902204598
10420.216001026,-2.9893417032749956,1.653148088343382,1.3173896902204598
10420.224244149,-2.9893417032749956,1.653148088343382,1.3173896902204598
10420.233261275,-2.9893417032749956,1.653148088343382,1.3173896902204598
10420.242934737,-2.9893417032749956,1.653148088343382,1.3173896902204598
10420.246468894,-2.9863414685072653,1.6646072384580066,1.3120588296056839
10420.250074578,-2.9863414685072653,1.6646072384580066,1.3120588296056839
10420.251839417,-2.9863414685072653,1.6646072384580066,1.3120588296056839
10420.262345844,-2.9863414685072653,1.6646072384580066,1.3120588296056839
10420.275866482,-2.9863414685072653,1.6646072384580066,1.3120588296056839
10420.282465237,-2.9863414685072653,1.6646072384580066,1.3120588296056839
10420.300429294,-2.9863414685072653,1.6646072384580066,1.3120588296056839
10420.304295797,-2.9863414685072653,1.6646072384580066,1.3120588296056839
10420.305077644,-2.9843184063502877,1.6722144505220202,1.3096860879064638
10420.306101073,-2.9843184063502877,1.6722144505220202,1.3096860879064638
10420.312003806,-2.9843184063502877,1.6722144505220202,1.3096860879064638
10420.322219977,-2.9843184063502877,1.6722144505220202,1.3096860879064638
10420.331762959,-2.9843184063502877,1.6722144505220202,1.3096860879064638
10420.341563906,-2.9843184063502877,1.6722144505220202,1.3096860879064638
10420.353121115,-2.9843184063502877,1.6722144505220202,1.3096860879064638
10420.355508132,-2.982784173875249,1.6802652640679927,1.3003632049579767
10420.359819179,-2.982784173875249,1.6802652640679927,1.3003632049579767
10420.36596117,-2.982784173875249,1.6802652640679927,1.3003632049579767
10420.371605808,-2.982784173875249,1.6802652640679927,1.3003632049579767
10420.382771006,-2.982784173875249,1.6802652640679927,1.3003632049579767
10420.397544263,-2.982784173875249,1.6802652640679927,1.3003632049579767
10420.399052451,-2.982784173875249,1.6802652640679927,1.3003632049579767
10420.399839268,-2.980263143285991,1.6927250549410418,1.290579155494814
10420.405858773,-2.980263143285991,1.6927250549410418,1.290579155494814
10420.413636425,-2.980263143285991,1.6927250549410418,1.290579155494814
10420.442466556,-2.980263143285991,1.6927250549410418,1.290579155494814
10420.454906324,-2.980263143285991,1.6927250549410418,1.290579155494814
10420.457730862,-2.980263143285991,1.6927250549410418,1.290579155494814
10420.460076784,-2.980263143285991,1.6927250549410418,1.290579155494814
10420.460717961,-2.980263143285991,1.6927250549410418,1.290579155494814
10420.463013627,-2.980263143285991,1.6927250549410418,1.290579155494814
10420.463513063,-2.980263143285991,1.6927250549410418,1.290579155494814
10420.464356097,-2.9783450978023356,1.700272963936439,1.280129944487552
10420.480325163,-2.9783450978023356,1.700272963936439,1.280129944487552
10420.511700678,-2.9783450978023356,1.700272963936439,1.280129944487552
10420.519994348,-2.9783450978023356,1.700272963936439,1.280129944487552
10420.520646807,-2.975069187606419,1.7111814999670163,1.2779857866010464
10420.525906317,-2.975069187606419,1.7111814999670163,1.2779857866010464
10420.526766164,-2.975069187606419,1.7111814999670163,1.2779857866010464
10420.532142468,-2.975069187606419,1.7111814999670163,1.2779857866010464
10420.549240155,-2.975069187606419,1.7111814999670163,1.2779857866010464
10420.567835059,-2.975069187606419,1.7111814999670163,1.2779857866010464
10420.572179306,-2.975069187606419,1.7111814999670163,1.2779857866010464
10420.581057085,-2.975069187606419,1.7111814999670163,1.2779857866010464
10420.582140228,-2.972717344444811,1.7189319471918576,1.274376129313449
10420.584991417,-2.972717344444811,1.7189319471918576,1.274376129313449
10420.586965758,-2.972717344444811,1.7189319471918576,1.274376129313449
10420.588817914,-2.972717344444811,1.7189319471918576,1.274376129313449
10420.590834044,-2.972717344444811,1.7189319471918576,1.274376129313449
10420.592500695,-2.972717344444811,1.7189319471918576,1.274376129313449
10420.602678513,-2.972717344444811,1.7189319471918576,1.274376129313449
10420.611824735,-2.972717344444811,1.7189319471918576,1.274376129313449
10420.614577666,-2.9704170261183678,1.7264070130262252,1.2701458088598052
10420.616732091,-2.9704170261183678,1.7264070130262252,1.2701458088598052
10420.622422677,-2.9704170261183678,1.7264070130262252,1.2701458088598052
10420.630000747,-2.9704170261183678,1.7264070130262252,1.2701458088598052
10420.644989405,-2.9704170261183678,1.7264070130262252,1.2701458088598052
10420.657327218,-2.9704170261183678,1.7264070130262252,1.2701458088598052
10420.65825792,-2.9704170261183678,1.7264070130262252,1.2701458088598052
10420.659822045,-2.9667808650808585,1.7380522804403988,1.2661441914281646
10420.667687295,-2.9667808650808585,1.7380522804403988,1.2661441914281646
10420.673690319,-2.9667808650808585,1.7380522804403988,1.2661441914281646
10420.682582014,-2.9667808650808585,1.7380522804403988,1.2661441914281646
10420.694590997,-2.9667808650808585,1.7380522804403988,1.2661441914281646
10420.702227238,-2.9667808650808585,1.7380522804403988,1.2661441914281646
10420.703749002,-2.9667808650808585,1.7380522804403988,1.2661441914281646
10420.704934853,-2.964342714727936,1.7457494655225558,1.2619285337171349
10420.713319667,-2.964342714727936,1.7457494655225558,1.2619285337171349
10420.722050534,-2.964342714727936,1.7457494655225558,1.2619285337171349
10420.731023645,-2.964342714727936,1.7457494655225558,1.2619285337171349
10420.740265811,-2.964342714727936,1.7457494655225558,1.2619285337171349
10420.74816245,-2.961884366969653,1.7533604680763357,1.254821752711276
10420.749519839,-2.961884366969653,1.7533604680763357,1.254821752711276
10420.752111732,-2.961884366969653,1.7533604680763357,1.254821752711276
10420.762553264,-2.961884366969653,1.7533604680763357,1.254821752711276
10420.7738633,-2.961884366969653,1.7533604680763357,1.254821752711276
10420.782666695,-2.961884366969653,1.7533604680763357,1.254821752711276
10420.790208042,-2.961884366969653,1.7533604680763357,1.254821752711276
10420.804765618,-2.961884366969653,1.7533604680763357,1.254821752711276
10420.805860154,-2.959391605126686,1.7608269662027745,1.2423227183065215
10420.807050102,-2.959391605126686,1.7608269662027745,1.2423227183065215
10420.814817464,-2.959391605126686,1.7608269662027745,1.2423227183065215
10420.8221113,-2.959391605126686,1.7608269662027745,1.2423227183065215
10420.833629483,-2.959391605126686,1.7608269662027745,1.2423227183065215
10420.844988162,-2.959391605126686,1.7608269662027745,1.2423227183065215
10420.84641844,-2.959391605126686,1.7608269662027745,1.2423227183065215
10420.8475097,-2.9555955341185225,1.7717800996948425,1.2320310823163791
10420.854021788,-2.9555955341185225,1.7717800996948425,1.2320310823163791
10420.864559916,-2.9555955341185225,1.7717800996948425,1.2320310823163791
10420.875248431,-2.9555955341185225,1.7717800996948425,1.2320310823163791
10420.880729876,-2.9555955341185225,1.7717800996948425,1.2320310823163791
10420.896726996,-2.9555955341185225,1.7717800996948425,1.2320310823163791
10420.901307977,-2.9555955341185225,1.7717800996948425,1.2320310823163791
10420.909064549,-2.9530993964540206,1.7786827333048212,1.2155817500791353
10420.910708767,-2.9530993964540206,1.7786827333048212,1.2155817500791353
10420.910977321,-2.9530993964540206,1.7786827333048212,1.2155817500791353
10420.92096792,-2.9530993964540206,1.7786827333048212,1.2155817500791353
10420.932478118,-2.9530993964540206,1.7786827333048212,1.2155817500791353
10420.943246046,-2.9530993964540206,1.7786827333048212,1.2155817500791353
10420.951953338,-2.9490793742013794,1.7893936093228342,1.2079058639249607
10420.956194618,-2.9490793742013794,1.7893936093228342,1.2079058639249607
10420.957382262,-2.9490793742013794,1.7893936093228342,1.2079058639249607
10420.96287537,-2.9490793742013794,1.7893936093228342,1.2079058639249607
10420.97404167,-2.9490793742013794,1.7893936093228342,1.2079058639249607
10420.982655222,-2.9490793742013794,1.7893936093228342,1.2079058639249607
10420.991596723,-2.9490793742013794,1.7893936093228342,1.2079058639249607
10420.99810288,-2.946265666840206,1.796690946132711,1.1976589910230442
10420.999665382,-2.946265666840206,1.796690946132711,1.1976589910230442
10421.001648529,-2.946265666840206,1.796690946132711,1.1976589910230442
10421.011494491,-2.946265666840206,1.796690946132711,1.1976589910230442
10421.021384607,-2.946265666840206,1.796690946132711,1.1976589910230442
10421.033692944,-2.946265666840206,1.796690946132711,1.1976589910230442
10421.042668159,-2.946265666840206,1.796690946132711,1.1976589910230442
10421.044350109,-2.943453673521165,1.8038259563460906,1.1930931560239588
10421.049918371,-2.943453673521165,1.8038259563460906,1.1930931560239588
10421.052935478,-2.943453673521165,1.8038259563460906,1.1930931560239588
10421.065095921,-2.943453673521165,1.8038259563460906,1.1930931560239588
10421.070881248,-2.943453673521165,1.8038259563460906,1.1930931560239588
10421.080984012,-2.943453673521165,1.8038259563460906,1.1930931560239588
10421.089414143,-2.943453673521165,1.8038259563460906,1.1930931560239588
10421.100340183,-2.943453673521165,1.8038259563460906,1.1930931560239588
10421.104668852,-2.940488656684613,1.811226988076235,1.1864143959722322
10421.105261176,-2.940488656684613,1.811226988076235,1.1864143959722322
10421.110095382,-2.940488656684613,1.811226988076235,1.1864143959722322
10421.123451304,-2.940488656684613,1.811226988076235,1.1864143959722322
10421.133987107,-2.940488656684613,1.811226988076235,1.1864143959722322
10421.140880716,-2.940488656684613,1.811226988076235,1.1864143959722322
10421.147681948,-2.935935270848276,1.8223812810422428,1.180036400958041
10421.148913607,-2.935935270848276,1.8223812810422428,1.180036400958041
10421.152940497,-2.935935270848276,1.8223812810422428,1.180036400958041
10421.162262926,-2.935935270848276,1.8223812810422428,1.180036400958041
10421.171380324,-2.935935270848276,1.8223812810422428,1.180036400958041
10421.180576331,-2.935935270848276,1.8223812810422428,1.180036400958041
10421.192477348,-2.935935270848276,1.8223812810422428,1.180036400958041
10421.200775096,-2.935935270848276,1.8223812810422428,1.180036400958041
10421.208039946,-2.9330080179703684,1.8293875615506907,1.1700364104947845
10421.208784812,-2.9330080179703684,1.8293875615506907,1.1700364104947845
10421.217032894,-2.9330080179703684,1.8293875615506907,1.1700364104947845
10421.222967838,-2.9330080179703684,1.8293875615506907,1.1700364104947845
10421.233899258,-2.9330080179703684,1.8293875615506907,1.1700364104947845
10421.2411232,-2.9330080179703684,1.8293875615506907,1.1700364104947845
10421.251085805,-2.928337706620713,1.8403284730927845,1.1646547667226597
10421.253583858,-2.928337706620713,1.8403284730927845,1.1646547667226597
10421.254168748,-2.928337706620713,1.8403284730927845,1.1646547667226597
10421.261339167,-2.928337706620713,1.8403284730927845,1.1646547667226597
10421.27308138,-2.928337706620713,1.8403284730927845,1.1646547667226597
10421.282041416,-2.928337706620713,1.8403284730927845,1.1646547667226597
10421.292479602,-2.928337706620713,1.8403284730927845,1.1646547667226597
10421.299061354,-2.92505331188476,1.8478979139448057,1.1581650726041601
10421.307635691,-2.92505331188476,1.8478979139448057,1.1581650726041601
10421.308837973,-2.92505331188476,1.8478979139448057,1.1581650726041601
10421.311595573,-2.92505331188476,1.8478979139448057,1.1581650726041601
10421.320696909,-2.92505331188476,1.8478979139448057,1.1581650726041601
10421.332125912,-2.92505331188476,1.8478979139448057,1.1581650726041601
10421.343317942,-2.92505331188476,1.8478979139448057,1.1581650726041601
10421.350353363,-2.9218286991373126,1.8552449014585866,1.156253194018345
10421.351971761,-2.9218286991373126,1.8552449014585866,1.156253194018345
10421.355184112,-2.9218286991373126,1.8552449014585866,1.156253194018345
10421.36303286,-2.9218286991373126,1.8552449014585866,1.156253194018345
10421.375294727,-2.9218286991373126,1.8552449014585866,1.156253194018345
10421.38356873,-2.9218286991373126,1.8552449014585866,1.156253194018345
10421.394010432,-2.9218286991373126,1.8552449014585866,1.156253194018345
10421.401732227,-2.9218286991373126,1.8552449014585866,1.156253194018345
10421.403466848,-2.9218286991373126,1.8552449014585866,1.156253194018345
10421.404248755,-2.9185840021863343,1.8625553580291858,1.149895047350864
10421.411243698,-2.9185840021863343,1.8625553580291858,1.149895047350864
10421.421572043,-2.9185840021863343,1.8625553580291858,1.149895047350864
10421.436700308,-2.9185840021863343,1.8625553580291858,1.149895047350864
10421.440938964,-2.9185840021863343,1.8625553580291858,1.149895047350864
10421.447933196,-2.913817693313021,1.8730946849002847,1.1422667257032195
10421.45498648,-2.913817693313021,1.8730946849002847,1.1422667257032195
10421.457235486,-2.913817693313021,1.8730946849002847,1.1422667257032195
10421.462148072,-2.913817693313021,1.8730946849002847,1.1422667257032195
10421.477910682,-2.913817693313021,1.8730946849002847,1.1422667257032195
10421.481233845,-2.913817693313021,1.8730946849002847,1.1422667257032195
10421.492302938,-2.913817693313021,1.8730946849002847,1.1422667257032195
10421.50133946,-2.913817693313021,1.8730946849002847,1.1422667257032195
10421.507767568,-2.910513230413859,1.8802112254272332,1.1299034706792637
10421.509234236,-2.910513230413859,1.8802112254272332,1.1299034706792637
10421.516343788,-2.910513230413859,1.8802112254272332,1.1299034706792637
10421.525597897,-2.910513230413859,1.8802112254272332,1.1299034706792637
10421.532418516,-2.910513230413859,1.8802112254272332,1.1299034706792637
10421.541020746,-2.910513230413859,1.8802112254272332,1.1299034706792637
10421.551310137,-2.9055166385135487,1.8906994481680002,1.1225087992391385
10421.556109466,-2.9055166385135487,1.8906994481680002,1.1225087992391385
10421.56323023,-2.9055166385135487,1.8906994481680002,1.1225087992391385
10421.56985844,-2.9055166385135487,1.8906994481680002,1.1225087992391385
10421.576071326,-2.9055166385135487,1.8906994481680002,1.1225087992391385
10421.584442203,-2.9055166385135487,1.8906994481680002,1.1225087992391385
10421.594394579,-2.9055166385135487,1.8906994481680002,1.1225087992391385
10421.603293507,-2.9055166385135487,1.8906994481680002,1.1225087992391385
10421.604888521,-2.9021933820743264,1.8974986396447706,1.1098335138997832
10421.606049273,-2.9021933820743264,1.8974986396447706,1.1098335138997832
10421.614061715,-2.9021933820743264,1.8974986396447706,1.1098335138997832
10421.621742731,-2.9021933820743264,1.8974986396447706,1.1098335138997832
10421.632803299,-2.9021933820743264,1.8974986396447706,1.1098335138997832
10421.644735654,-2.9021933820743264,1.8974986396447706,1.1098335138997832
10421.647476312,-2.8989630983883488,1.9039201650612563,1.0996059529027744
10421.650809003,-2.8989630983883488,1.9039201650612563,1.0996059529027744
10421.652462899,-2.8989630983883488,1.9039201650612563,1.0996059529027744
10421.664049935,-2.8989630983883488,1.9039201650612563,1.0996059529027744
10421.672037154,-2.8989630983883488,1.9039201650612563,1.0996059529027744
10421.684738226,-2.8989630983883488,1.9039201650612563,1.0996059529027744
10421.693096889,-2.8989630983883488,1.9039201650612563,1.0996059529027744
10421.704285953,-2.8989630983883488,1.9039201650612563,1.0996059529027744
10421.705980177,-2.8989630983883488,1.9039201650612563,1.0996059529027744
10421.707967642,-2.895423980825888,1.9106953213243778,1.0792254559240146
10421.711892728,-2.895423980825888,1.9106953213243778,1.0792254559240146
10421.720405156,-2.895423980825888,1.9106953213243778,1.0792254559240146
10421.73387724,-2.895423980825888,1.9106953213243778,1.0792254559240146
10421.741911623,-2.895423980825888,1.9106953213243778,1.0792254559240146
10421.7458429,-2.8903010922826167,1.9200965685441718,1.0645043007573887
10421.749580627,-2.8903010922826167,1.9200965685441718,1.0645043007573887
10421.75342095,-2.8903010922826167,1.9200965685441718,1.0645043007573887
10421.762784718,-2.8903010922826167,1.9200965685441718,1.0645043007573887
10421.770970251,-2.8903010922826167,1.9200965685441718,1.0645043007573887
10421.782785433,-2.8903010922826167,1.9200965685441718,1.0645043007573887
10421.792356568,-2.8903010922826167,1.9200965685441718,1.0645043007573887
10421.801814527,-2.8903010922826167,1.9200965685441718,1.0645043007573887
10421.808742812,-2.8868792269654464,1.9260996022718337,1.0409170738897127
10421.811283316,-2.8868792269654464,1.9260996022718337,1.0409170738897127
10421.811697189,-2.8868792269654464,1.9260996022718337,1.0409170738897127
10421.823059213,-2.8868792269654464,1.9260996022718337,1.0409170738897127
10421.83630279,-2.8868792269654464,1.9260996022718337,1.0409170738897127
10421.84139522,-2.8868792269654464,1.9260996022718337,1.0409170738897127
10421.85494816,-2.8868792269654464,1.9260996022718337,1.0409170738897127
10421.856793272,-2.8846732241321664,1.9339718768406156,1.024786559776602
10421.860827857,-2.8846732241321664,1.9339718768406156,1.024786559776602
10421.863288619,-2.8846732241321664,1.9339718768406156,1.024786559776602
10421.871751242,-2.8846732241321664,1.9339718768406156,1.024786559776602
10421.883912827,-2.8846732241321664,1.9339718768406156,1.024786559776602
10421.892460643,-2.8846732241321664,1.9339718768406156,1.024786559776602
10421.897580526,-2.8881795608668233,1.9376293812685559,1.0145457333236063
10421.898758862,-2.8881795608668233,1.9376293812685559,1.0145457333236063
10421.903440726,-2.8881795608668233,1.9376293812685559,1.0145457333236063
10421.910123982,-2.8881795608668233,1.9376293812685559,1.0145457333236063
10421.924912497,-2.8881795608668233,1.9376293812685559,1.0145457333236063
10421.930733963,-2.8881795608668233,1.9376293812685559,1.0145457333236063
10421.940638667,-2.8881795608668233,1.9376293812685559,1.0145457333236063
10421.954395467,-2.8881795608668233,1.9376293812685559,1.0145457333236063
10421.957653374,-2.8880361331458575,1.9420170503707053,0.9862524318534599
10421.962434809,-2.8880361331458575,1.9420170503707053,0.9862524318534599
10421.96301479,-2.8880361331458575,1.9420170503707053,0.9862524318534599
10421.972539616,-2.8880361331458575,1.9420170503707053,0.9862524318534599
10421.985686899,-2.8880361331458575,1.9420170503707053,0.9862524318534599
10421.995854626,-2.8880361331458575,1.9420170503707053,0.9862524318534599
10421.998587679,-2.8830114946536254,1.949435561197614,0.9646691131431326
10421.999807846,-2.8830114946536254,1.949435561197614,0.9646691131431326
10422.00603053,-2.8830114946536254,1.949435561197614,0.9646691131431326
10422.010728404,-2.8830114946536254,1.949435561197614,0.9646691131431326
10422.022291734,-2.8830114946536254,1.949435561197614,0.9646691131431326
10422.036111925,-2.8830114946536254,1.949435561197614,0.9646691131431326
10422.038879234,-2.8830114946536254,1.949435561197614,0.9646691131431326
10422.049414615,-2.8798130626719067,1.9539317121176916,0.9402897405463924
10422.052557964,-2.8798130626719067,1.9539317121176916,0.9402897405463924
10422.057905322,-2.8798130626719067,1.9539317121176916,0.9402897405463924
10422.061730176,-2.8798130626719067,1.9539317121176916,0.9402897405463924
10422.063538408,-2.8798130626719067,1.9539317121176916,0.9402897405463924
10422.070730828,-2.8798130626719067,1.9539317121176916,0.9402897405463924
10422.082189207,-2.8798130626719067,1.9539317121176916,0.9402897405463924
10422.091744262,-2.8798130626719067,1.9539317121176916,0.9402897405463924
10422.098985256,-2.8798130626719067,1.9539317121176916,0.9402897405463924
10422.102275927,-2.8763536038207143,1.9585190001210278,0.9090116071540584
10422.103253418,-2.8763536038207143,1.9585190001210278,0.9090116071540584
10422.111322989,-2.8763536038207143,1.9585190001210278,0.9090116071540584
10422.123998438,-2.8763536038207143,1.9585190001210278,0.9090116071540584
10422.131931868,-2.8763536038207143,1.9585190001210278,0.9090116071540584
10422.139281449,-2.8763536038207143,1.9585190001210278,0.9090116071540584
10422.148181921,-2.8715351513341094,1.9645827139465615,0.8896563100654353
10422.155422194,-2.8715351513341094,1.9645827139465615,0.8896563100654353
10422.158869334,-2.8715351513341094,1.9645827139465615,0.8896563100654353
10422.161823249,-2.8715351513341094,1.9645827139465615,0.8896563100654353
10422.173361631,-2.8715351513341094,1.9645827139465615,0.8896563100654353
10422.189255222,-2.8715351513341094,1.9645827139465615,0.8896563100654353
10422.191613627,-2.8715351513341094,1.9645827139465615,0.8896563100654353
10422.193973256,-2.8682588488865735,1.9685406930684375,0.8690425205070245
10422.194827962,-2.8682588488865735,1.9685406930684375,0.8690425205070245
10422.204171512,-2.8682588488865735,1.9685406930684375,0.8690425205070245
10422.217482417,-2.8682588488865735,1.9685406930684375,0.8690425205070245
10422.22132274,-2.8682588488865735,1.9685406930684375,0.8690425205070245
10422.23166373,-2.8682588488865735,1.9685406930684375,0.8690425205070245
10422.241972137,-2.8682588488865735,1.9685406930684375,0.8690425205070245
10422.252565289,-2.8682588488865735,1.9685406930684375,0.8690425205070245
10422.25575707,-2.864811457741543,1.9724860555783368,0.836269383414434
10422.256930247,-2.864811457741543,1.9724860555783368,0.836269383414434
10422.258176272,-2.864811457741543,1.9724860555783368,0.836269383414434
10422.261084751,-2.864811457741543,1.9724860555783368,0.836269383414434
10422.273985271,-2.864811457741543,1.9724860555783368,0.836269383414434
10422.283414505,-2.864811457741543,1.9724860555783368,0.836269383414434
10422.290101138,-2.864811457741543,1.9724860555783368,0.836269383414434
10422.298582647,-2.864811457741543,1.9724860555783368,0.836269383414434
10422.302880696,-2.8593867589611364,1.9783289348902433,0.8087201165992488
10422.305551981,-2.8593867589611364,1.9783289348902433,0.8087201165992488
10422.310047408,-2.8593867589611364,1.9783289348902433,0.8087201165992488
10422.323630384,-2.8593867589611364,1.9783289348902433,0.8087201165992488
10422.33297146,-2.8593867589611364,1.9783289348902433,0.8087201165992488
10422.349430202,-2.8593867589611364,1.9783289348902433,0.8087201165992488
10422.358071207,-2.8593867589611364,1.9783289348902433,0.8087201165992488
10422.358831623,-2.8556131984130233,1.9821792623514285,0.7822140502769221
10422.360042521,-2.8556131984130233,1.9821792623514285,0.7822140502769221
10422.368642437,-2.8556131984130233,1.9821792623514285,0.7822140502769221
10422.373941132,-2.8556131984130233,1.9821792623514285,0.7822140502769221
10422.384580543,-2.8556131984130233,1.9821792623514285,0.7822140502769221
10422.390502281,-2.8556131984130233,1.9821792623514285,0.7822140502769221
10422.403112715,-2.8556131984130233,1.9821792623514285,0.7822140502769221
10422.40824968,-2.851687165902221,1.9859108302341295,0.7378032255012262
10422.409481419,-2.851687165902221,1.9859108302341295,0.7378032255012262
10422.413593191,-2.851687165902221,1.9859108302341295,0.7378032255012262
10422.420930329,-2.851687165902221,1.9859108302341295,0.7378032255012262
10422.434378968,-2.851687165902221,1.9859108302341295,0.7378032255012262
10422.44006284,-2.851687165902221,1.9859108302341295,0.7378032255012262
10422.449387984,-2.847980685094369,1.9951783246290271,0.7157527687509437
10422.453517762,-2.847980685094369,1.9951783246290271,0.7157527687509437
10422.458466116,-2.847980685094369,1.9951783246290271,0.7157527687509437
10422.461915781,-2.847980685094369,1.9951783246290271,0.7157527687509437
10422.471001897,-2.847980685094369,1.9951783246290271,0.7157527687509437
10422.485882117,-2.847980685094369,1.9951783246290271,0.7157527687509437
10422.49191127,-2.847980685094369,1.9951783246290271,0.7157527687509437
10422.499093842,-2.8486365628119588,2.007622288713437,0.7034824320141294
10422.501778151,-2.8486365628119588,2.007622288713437,0.7034824320141294
10422.505513924,-2.8486365628119588,2.007622288713437,0.7034824320141294
10422.512572919,-2.8486365628119588,2.007622288713437,0.7034824320141294
10422.522709036,-2.8486365628119588,2.007622288713437,0.7034824320141294
10422.533401287,-2.8486365628119588,2.007622288713437,0.7034824320141294
10422.542310655,-2.8486365628119588,2.007622288713437,0.7034824320141294
10422.550202826,-2.8486365628119588,2.007622288713437,0.7034824320141294
10422.555419564,-2.8467976272261843,2.0154058415278104,0.6707794962183299
10422.562732606,-2.8467976272261843,2.0154058415278104,0.6707794962183299
10422.563991185,-2.8467976272261843,2.0154058415278104,0.6707794962183299
10422.576128835,-2.8467976272261843,2.0154058415278104,0.6707794962183299
10422.582170672,-2.8467976272261843,2.0154058415278104,0.6707794962183299
10422.592638013,-2.8467976272261843,2.0154058415278104,0.6707794962183299
10422.59862183,-2.8467976272261843,2.0154058415278104,0.6707794962183299
10422.599831055,-2.840984478370282,2.019887398664885,0.6427507696405712
10422.603194305,-2.840984478370282,2.019887398664885,0.6427507696405712
10422.615015998,-2.840984478370282,2.019887398664885,0.6427507696405712
10422.624648751,-2.840984478370282,2.019887398664885,0.6427507696405712
10422.634904487,-2.840984478370282,2.019887398664885,0.6427507696405712
10422.644583438,-2.840984478370282,2.019887398664885,0.6427507696405712
10422.648445653,-2.8371986417114234,2.022642944243126,0.6156051454798044
10422.649376446,-2.8371986417114234,2.022642944243126,0.6156051454798044
10422.655468439,-2.8371986417114234,2.022642944243126,0.6156051454798044
10422.663779552,-2.8371986417114234,2.022642944243126,0.6156051454798044
10422.672952004,-2.8371986417114234,2.022642944243126,0.6156051454798044
10422.68620596,-2.8371986417114234,2.022642944243126,0.6156051454798044
10422.691671134,-2.8371986417114234,2.022642944243126,0.6156051454798044
10422.700229921,-2.8371986417114234,2.022642944243126,0.6156051454798044
10422.706125038,-2.8371986417114234,2.022642944243126,0.6156051454798044
10422.70716059,-2.8331152155534856,2.0254152390798645,0.5772620735422433
10422.711863625,-2.8331152155534856,2.0254152390798645,0.5772620735422433
10422.723209718,-2.8331152155534856,2.0254152390798645,0.5772620735422433
10422.732289682,-2.8331152155534856,2.0254152390798645,0.5772620735422433
10422.741293141,-2.8331152155534856,2.0254152390798645,0.5772620735422433
10422.746113831,-2.827493769412479,2.0289805073928204,0.5531506834284129
10422.753131767,-2.827493769412479,2.0289805073928204,0.5531506834284129
10422.753916289,-2.827493769412479,2.0289805073928204,0.5531506834284129
10422.760714535,-2.827493769412479,2.0289805073928204,0.5531506834284129
10422.770334654,-2.827493769412479,2.0289805073928204,0.5531506834284129
10422.779768597,-2.827493769412479,2.0289805073928204,0.5531506834284129
10422.791855729,-2.827493769412479,2.0289805073928204,0.5531506834284129
10422.802039587,-2.827493769412479,2.0289805073928204,0.5531506834284129
10422.803522466,-2.823871207487991,2.0311584878142175,0.5294910965219797
10422.80456898,-2.823871207487991,2.0311584878142175,0.5294910965219797
10422.809936336,-2.823871207487991,2.0311584878142175,0.5294910965219797
10422.820964291,-2.823871207487991,2.0311584878142175,0.5294910965219797
10422.83133712,-2.823871207487991,2.0311584878142175,0.5294910965219797
10422.843289895,-2.823871207487991,2.0311584878142175,0.5294910965219797
10422.851114036,-2.823871207487991,2.0311584878142175,0.5294910965219797
10422.854940272,-2.821738738100505,2.0331687315468017,0.49643720187057383
10422.862866487,-2.821738738100505,2.0331687315468017,0.49643720187057383
10422.865659114,-2.821738738100505,2.0331687315468017,0.49643720187057383
10422.870001729,-2.821738738100505,2.0331687315468017,0.49643720187057383
10422.880499147,-2.821738738100505,2.0331687315468017,0.49643720187057383
10422.890034373,-2.821738738100505,2.0331687315468017,0.49643720187057383
10422.903201213,-2.821738738100505,2.0331687315468017,0.49643720187057383
10422.903983741,-2.8200156774200433,2.035968670924743,0.4740745591066178
10422.904654285,-2.8200156774200433,2.035968670924743,0.4740745591066178
10422.914709046,-2.8200156774200433,2.035968670924743,0.4740745591066178
10422.922633458,-2.8200156774200433,2.035968670924743,0.4740745591066178
10422.931864261,-2.8200156774200433,2.035968670924743,0.4740745591066178
10422.943182722,-2.8200156774200433,2.035968670924743,0.4740745591066178
10422.950678544,-2.8180037661876636,2.0376933300758933,0.45244713180198864
10422.954141624,-2.8180037661876636,2.0376933300758933,0.45244713180198864
10422.955245908,-2.8180037661876636,2.0376933300758933,0.45244713180198864
10422.965368079,-2.8180037661876636,2.0376933300758933,0.45244713180198864
10422.9738319,-2.8180037661876636,2.0376933300758933,0.45244713180198864
10422.984644024,-2.8180037661876636,2.0376933300758933,0.45244713180198864
10422.991850702,-2.8180037661876636,2.0376933300758933,0.45244713180198864
10423.00199776,-2.8180037661876636,2.0376933300758933,0.45244713180198864
10423.007897997,-2.8180037661876636,2.0376933300758933,0.45244713180198864
10423.008966182,-2.8149083091086697,2.0391402725788637,0.4220779692424794
10423.011128833,-2.8149083091086697,2.0391402725788637,0.4220779692424794
10423.022797314,-2.8149083091086697,2.0391402725788637,0.4220779692424794
10423.030975101,-2.8149083091086697,2.0391402725788637,0.4220779692424794
10423.045274278,-2.8149083091086697,2.0391402725788637,0.4220779692424794
10423.052433145,-2.8149083091086697,2.0391402725788637,0.4220779692424794
10423.053722193,-2.8149083091086697,2.0391402725788637,0.4220779692424794
10423.054678243,-2.8103630480003146,2.0411280039405093,0.40243990771904187
10423.062057011,-2.8103630480003146,2.0411280039405093,0.40243990771904187
10423.072132061,-2.8103630480003146,2.0411280039405093,0.40243990771904187
10423.081555393,-2.8103630480003146,2.0411280039405093,0.40243990771904187
10423.093053477,-2.8103630480003146,2.0411280039405093,0.40243990771904187
10423.097167574,-2.807510095239537,2.042309447984561,0.3827861105693836
10423.099043676,-2.807510095239537,2.042309447984561,0.3827861105693836
10423.103282712,-2.807510095239537,2.042309447984561,0.3827861105693836
10423.111226642,-2.807510095239537,2.042309447984561,0.3827861105693836
10423.125402773,-2.807510095239537,2.042309447984561,0.3827861105693836
10423.132631814,-2.807510095239537,2.042309447984561,0.3827861105693836
10423.141063828,-2.807510095239537,2.042309447984561,0.3827861105693836
10423.147524307,-2.8046307769005225,2.043425098192769,0.3565307413829823
10423.150699787,-2.8046307769005225,2.043425098192769,0.3565307413829823
10423.154745874,-2.8046307769005225,2.043425098192769,0.3565307413829823
10423.164301059,-2.8046307769005225,2.043425098192769,0.3565307413829823
10423.172998331,-2.8046307769005225,2.043425098192769,0.3565307413829823
10423.187017051,-2.8046307769005225,2.043425098192769,0.3565307413829823
10423.192828719,-2.8046307769005225,2.043425098192769,0.3565307413829823
10423.2026542,-2.8046307769005225,2.043425098192769,0.3565307413829823
10423.204118594,-2.8017282543870854,2.0444789067823366,0.3400043999446889
10423.20508789,-2.8017282543870854,2.0444789067823366,0.3400043999446889
10423.211904281,-2.8017282543870854,2.0444789067823366,0.3400043999446889
10423.222354329,-2.8017282543870854,2.0444789067823366,0.3400043999446889
10423.232655501,-2.8017282543870854,2.0444789067823366,0.3400043999446889
10423.240471776,-2.8017282543870854,2.0444789067823366,0.3400043999446889
10423.244208551,-2.800707146530388,2.0442156882908815,0.326139029030223
10423.247223884,-2.800707146530388,2.0442156882908815,0.326139029030223
10423.250045727,-2.800707146530388,2.0442156882908815,0.326139029030223
10423.260763257,-2.800707146530388,2.0442156882908815,0.326139029030223
10423.271661713,-2.800707146530388,2.0442156882908815,0.326139029030223
10423.281685915,-2.800707146530388,2.0442156882908815,0.326139029030223
10423.291064452,-2.800707146530388,2.0442156882908815,0.326139029030223
10423.302968845,-2.800707146530388,2.0442156882908815,0.326139029030223
10423.309241631,-2.8056492859645115,2.040934335140041,0.30817722459354785
10423.311292047,-2.8056492859645115,2.040934335140041,0.30817722459354785
10423.311889691,-2.8056492859645115,2.040934335140041,0.30817722459354785
10423.319808085,-2.8056492859645115,2.040934335140041,0.30817722459354785
10423.331459072,-2.8056492859645115,2.040934335140041,0.30817722459354785
10423.341134488,-2.8056492859645115,2.040934335140041,0.30817722459354785
10423.35014013,-2.8056492859645115,2.040934335140041,0.30817722459354785
10423.351976155,-2.8054862788565256,2.040104093460866,0.29557065105287417
10423.361100454,-2.8054862788565256,2.040104093460866,0.29557065105287417
10423.364035855,-2.8054862788565256,2.040104093460866,0.29557065105287417
10423.37449004,-2.8054862788565256,2.040104093460866,0.29557065105287417
10423.38454428,-2.8054862788565256,2.040104093460866,0.29557065105287417
10423.389504598,-2.8054862788565256,2.040104093460866,0.29557065105287417
10423.399266537,-2.8028902571585883,2.0408756204394063,0.2821938190445123
10423.400748775,-2.8028902571585883,2.0408756204394063,0.2821938190445123
10423.403526684,-2.8028902571585883,2.0408756204394063,0.2821938190445123
10423.413423542,-2.8028902571585883,2.0408756204394063,0.2821938190445123
10423.424118498,-2.8028902571585883,2.0408756204394063,0.2821938190445123
10423.430970717,-2.8028902571585883,2.0408756204394063,0.2821938190445123
10423.441233386,-2.8028902571585883,2.0408756204394063,0.2821938190445123
10423.454804309,-2.8028902571585883,2.0408756204394063,0.2821938190445123
10423.463115681,-2.8028902571585883,2.0408756204394063,0.2821938190445123
10423.465839757,-2.8028902571585883,2.0408756204394063,0.2821938190445123
10423.466563653,-2.800379486133952,2.0415773906920727,0.2629033718094049
10423.469280956,-2.800379486133952,2.0415773906920727,0.2629033718094049
10423.487518332,-2.800379486133952,2.0415773906920727,0.2629033718094049
10423.492192151,-2.800379486133952,2.0415773906920727,0.2629033718094049
10423.508355827,-2.800379486133952,2.0415773906920727,0.2629033718094049
10423.509560173,-2.796731091334822,2.0425323046991126,0.2490823659881769
10423.510324787,-2.796731091334822,2.0425323046991126,0.2490823659881769
10423.516963778,-2.796731091334822,2.0425323046991126,0.2490823659881769
10423.528854363,-2.796731091334822,2.0425323046991126,0.2490823659881769
10423.531628915,-2.796731091334822,2.0425323046991126,0.2490823659881769
10423.544627713,-2.796731091334822,2.0425323046991126,0.2490823659881769
10423.546741019,-2.794348319902671,2.0431239937346843,0.2377107534393488
10423.555004109,-2.794348319902671,2.0431239937346843,0.2377107534393488
10423.556575878,-2.794348319902671,2.0431239937346843,0.2377107534393488
10423.563461762,-2.794348319902671,2.0431239937346843,0.2377107534393488
10423.57529125,-2.794348319902671,2.0431239937346843,0.2377107534393488
10423.583266399,-2.794348319902671,2.0431239937346843,0.2377107534393488
10423.59678959,-2.794348319902671,2.0431239937346843,0.2377107534393488
10423.61524269,-2.794348319902671,2.0431239937346843,0.2377107534393488
10423.622337574,-2.794348319902671,2.0431239937346843,0.2377107534393488
10423.623029308,-2.7923523196033875,2.043592140905758,0.22304622268525937
10423.626682562,-2.7923523196033875,2.043592140905758,0.22304622268525937
10423.627162782,-2.7923523196033875,2.043592140905758,0.22304622268525937
10423.633965987,-2.7923523196033875,2.043592140905758,0.22304622268525937
10423.645457519,-2.7923523196033875,2.043592140905758,0.22304622268525937
10423.648373682,-2.789437137080908,2.044241644358171,0.21539322471467837
10423.651585491,-2.789437137080908,2.044241644358171,0.21539322471467837
10423.66327931,-2.789437137080908,2.044241644358171,0.21539322471467837
10423.665591868,-2.789437137080908,2.044241644358171,0.21539322471467837
10423.673927317,-2.789437137080908,2.044241644358171,0.21539322471467837
10423.681458877,-2.789437137080908,2.044241644358171,0.21539322471467837
10423.692477242,-2.789437137080908,2.044241644358171,0.21539322471467837
10423.704615431,-2.789437137080908,2.044241644358171,0.21539322471467837
10423.706167313,-2.7876554978680694,2.0446247788141934,0.20824710464326718
10423.711867236,-2.7876554978680694,2.0446247788141934,0.20824710464326718
10423.715103542,-2.7876554978680694,2.0446247788141934,0.20824710464326718
10423.725017753,-2.7876554978680694,2.0446247788141934,0.20824710464326718
10423.733041816,-2.7876554978680694,2.0446247788141934,0.20824710464326718
10423.741971162,-2.7876554978680694,2.0446247788141934,0.20824710464326718
10423.753515555,-2.7860372888154705,2.0436723264220213,0.20389982481110402
10423.758864605,-2.7860372888154705,2.0436723264220213,0.20389982481110402
10423.762595428,-2.7860372888154705,2.0436723264220213,0.20389982481110402
10423.763389218,-2.7860372888154705,2.0436723264220213,0.20389982481110402
10423.773116683,-2.7860372888154705,2.0436723264220213,0.20389982481110402
10423.782977091,-2.7860372888154705,2.0436723264220213,0.20389982481110402
10423.791544795,-2.7860372888154705,2.0436723264220213,0.20389982481110402
10423.80036446,-2.7860372888154705,2.0436723264220213,0.20389982481110402
10423.802870048,-2.7860372888154705,2.0436723264220213,0.20389982481110402
10423.803759971,-2.783581198889059,2.041026094315058,0.1982015316128382
10423.813716334,-2.783581198889059,2.041026094315058,0.1982015316128382
10423.823456071,-2.783581198889059,2.041026094315058,0.1982015316128382
10423.83179678,-2.783581198889059,2.041026094315058,0.1982015316128382
10423.840998928,-2.783581198889059,2.041026094315058,0.1982015316128382
10423.846941275,-2.7819439063695643,2.0404529796687867,0.19722876817509843
10423.853533527,-2.7819439063695643,2.0404529796687867,0.19722876817509843
10423.856852258,-2.7819439063695643,2.0404529796687867,0.19722876817509843
10423.862966357,-2.7819439063695643,2.0404529796687867,0.19722876817509843
10423.8740776,-2.7819439063695643,2.0404529796687867,0.19722876817509843
10423.881675447,-2.7819439063695643,2.0404529796687867,0.19722876817509843
10423.893923897,-2.7819439063695643,2.0404529796687867,0.19722876817509843
10423.902983843,-2.7819439063695643,2.0404529796687867,0.19722876817509843
10423.90418333,-2.780256283009539,2.0407909211105855,0.19803724557683186
10423.905155421,-2.780256283009539,2.0407909211105855,0.19803724557683186
10423.911757761,-2.780256283009539,2.0407909211105855,0.19803724557683186
10423.923288658,-2.780256283009539,2.0407909211105855,0.19803724557683186
10423.930619434,-2.780256283009539,2.0407909211105855,0.19803724557683186
10423.940101428,-2.780256283009539,2.0407909211105855,0.19803724557683186
10423.944433101,-2.7777500631565983,2.0412948430192053,0.19880829126164626
10423.949866794,-2.7777500631565983,2.0412948430192053,0.19880829126164626
10423.956885632,-2.7777500631565983,2.0412948430192053,0.19880829126164626
10423.964837687,-2.7777500631565983,2.0412948430192053,0.19880829126164626
10423.970880055,-2.7777500631565983,2.0412948430192053,0.19880829126164626
10423.982266606,-2.7777500631565983,2.0412948430192053,0.19880829126164626
10423.996776276,-2.7777500631565983,2.0412948430192053,0.19880829126164626
10424.00187591,-2.7777500631565983,2.0412948430192053,0.19880829126164626
10424.00329678,-2.776063085953679,2.0416359953901804,0.2002637174777718
10424.004484614,-2.776063085953679,2.0416359953901804,0.2002637174777718
10424.015341911,-2.776063085953679,2.0416359953901804,0.2002637174777718
10424.022307658,-2.776063085953679,2.0416359953901804,0.2002637174777718
10424.031432017,-2.776063085953679,2.0416359953901804,0.2002637174777718
10424.040173564,-2.776063085953679,2.0416359953901804,0.2002637174777718
10424.05275415,-2.776063085953679,2.0416359953901804,0.2002637174777718
10424.054063447,-2.774401225495642,2.041973651542855,0.20063827306554027
10424.056035983,-2.774401225495642,2.041973651542855,0.20063827306554027
10424.065989079,-2.774401225495642,2.041973651542855,0.20063827306554027
10424.072903147,-2.774401225495642,2.041973651542855,0.20063827306554027
10424.081697594,-2.774401225495642,2.041973651542855,0.20063827306554027
10424.09732261,-2.774401225495642,2.041973651542855,0.20063827306554027
10424.101619677,-2.774401225495642,2.041973651542855,0.20063827306554027
10424.102893205,-2.774401225495642,2.041973651542855,0.20063827306554027
10424.106138318,-2.7722187370214217,2.0424183866517254,0.20140586168095787
10424.110444773,-2.7722187370214217,2.0424183866517254,0.20140586168095787
10424.121611032,-2.7722187370214217,2.0424183866517254,0.20140586168095787
10424.130853988,-2.7722187370214217,2.0424183866517254,0.20140586168095787
10424.141095987,-2.7722187370214217,2.0424183866517254,0.20140586168095787
10424.146093085,-2.7708301259051984,2.042702600471201,0.20236728460118483
10424.150214044,-2.7708301259051984,2.042702600471201,0.20236728460118483
10424.151781415,-2.7708301259051984,2.042702600471201,0.20236728460118483
10424.162058081,-2.7708301259051984,2.042702600471201,0.20236728460118483
10424.170664819,-2.7708301259051984,2.042702600471201,0.20236728460118483
10424.182168924,-2.7708301259051984,2.042702600471201,0.20236728460118483
10424.191414045,-2.7708301259051984,2.042702600471201,0.20236728460118483
10424.200713649,-2.7708301259051984,2.042702600471201,0.20236728460118483
10424.203950617,-2.7708301259051984,2.042702600471201,0.20236728460118483
10424.204753053,-2.7694667856696666,2.042984046213327,0.20478985578343578
10424.212901735,-2.7694667856696666,2.042984046213327,0.20478985578343578
10424.220022728,-2.7694667856696666,2.042984046213327,0.20478985578343578
10424.230640978,-2.7694667856696666,2.042984046213327,0.20478985578343578
10424.241938307,-2.7694667856696666,2.042984046213327,0.20478985578343578
10424.244655991,-2.7675092482014088,2.0433917521842924,0.20588896543309404
10424.25013442,-2.7675092482014088,2.0433917521842924,0.20588896543309404
10424.25212467,-2.7675092482014088,2.0433917521842924,0.20588896543309404
10424.26188692,-2.7675092482014088,2.0433917521842924,0.20588896543309404
10424.274958116,-2.7675092482014088,2.0433917521842924,0.20588896543309404
10424.2822669,-2.7675092482014088,2.0433917521842924,0.20588896543309404
10424.291973203,-2.7675092482014088,2.0433917521842924,0.20588896543309404
10424.300642481,-2.7675092482014088,2.0433917521842924,0.20588896543309404
10424.309916507,-2.766270693357377,2.0436516733429557,0.20782420903966142
10424.312190601,-2.766270693357377,2.0436516733429557,0.20782420903966142
10424.314275643,-2.766270693357377,2.0436516733429557,0.20782420903966142
10424.324254559,-2.766270693357377,2.0436516733429557,0.20782420903966142
10424.332931491,-2.766270693357377,2.0436516733429557,0.20782420903966142
10424.342596646,-2.766270693357377,2.0436516733429557,0.20782420903966142
10424.350810812,-2.76441334915796,2.0440438735766207,0.2083852079562874
10424.354532257,-2.76441334915796,2.0440438735766207,0.2083852079562874
10424.355795446,-2.76441334915796,2.0440438735766207,0.2083852079562874
10424.36095804,-2.76441334915796,2.0440438735766207,0.2083852079562874
10424.373106048,-2.76441334915796,2.0440438735766207,0.2083852079562874
10424.383689461,-2.76441334915796,2.0440438735766207,0.2083852079562874
10424.392480572,-2.76441334915796,2.0440438735766207,0.2083852079562874
10424.402879341,-2.76441334915796,2.0440438735766207,0.2083852079562874
10424.403802498,-2.76441334915796,2.0440438735766207,0.2083852079562874
10424.404418327,-2.763200042724738,2.044300860260956,0.2090590980701179
10424.41635456,-2.763200042724738,2.044300860260956,0.2090590980701179
10424.425801807,-2.763200042724738,2.044300860260956,0.2090590980701179
10424.433245798,-2.763200042724738,2.044300860260956,0.2090590980701179
10424.444108375,-2.763200042724738,2.044300860260956,0.2090590980701179
10424.445566146,-2.761986786617757,2.0445580844349744,0.2087766912631721
10424.448762536,-2.761986786617757,2.0445580844349744,0.2087766912631721
10424.456304665,-2.761986786617757,2.0445580844349744,0.2087766912631721
10424.464122774,-2.761986786617757,2.0445580844349744,0.2087766912631721
10424.471441065,-2.761986786617757,2.0445580844349744,0.2087766912631721
10424.482032973,-2.761986786617757,2.0445580844349744,0.2087766912631721
10424.491888201,-2.761986786617757,2.0445580844349744,0.2087766912631721
10424.499244406,-2.761986786617757,2.0445580844349744,0.2087766912631721
10424.500920194,-2.761986786617757,2.0445580844349744,0.2087766912631721
10424.501490726,-2.760723955687408,2.0448255519414316,0.2086542633228035
10424.511300166,-2.760723955687408,2.0448255519414316,0.2086542633228035
10424.521127852,-2.760723955687408,2.0448255519414316,0.2086542633228035
10424.533499979,-2.760723955687408,2.0448255519414316,0.2086542633228035
10424.547339976,-2.760723955687408,2.0448255519414316,0.2086542633228035
10424.550802716,-2.760723955687408,2.0448255519414316,0.2086542633228035
10424.553094674,-2.760723955687408,2.0448255519414316,0.2086542633228035
10424.554379554,-2.7589163015581026,2.045208054643811,0.20839724809453197
10424.56197225,-2.7589163015581026,2.045208054643811,0.20839724809453197
10424.570157601,-2.7589163015581026,2.045208054643811,0.20839724809453197
10424.582613896,-2.7589163015581026,2.045208054643811,0.20839724809453197
10424.59098658,-2.7589163015581026,2.045208054643811,0.20839724809453197
10424.598986946,-2.7589163015581026,2.045208054643811,0.20839724809453197
10424.600201131,-2.757579135752163,2.045491016035156,0.20867548257634352
10424.601654473,-2.757579135752163,2.045491016035156,0.20867548257634352
10424.611185841,-2.757579135752163,2.045491016035156,0.20867548257634352
10424.634732803,-2.757579135752163,2.045491016035156,0.20867548257634352
10424.638720066,-2.757579135752163,2.045491016035156,0.20867548257634352
10424.642318816,-2.757579135752163,2.045491016035156,0.20867548257634352
10424.655557552,-2.757579135752163,2.045491016035156,0.20867548257634352
10424.656724867,-2.756415442761256,2.0457379414442585,0.20950434476659016
10424.66456621,-2.756415442761256,2.0457379414442585,0.20950434476659016
10424.665450443,-2.756415442761256,2.0457379414442585,0.20950434476659016
10424.669960327,-2.756415442761256,2.0457379414442585,0.20950434476659016
10424.68385018,-2.756415442761256,2.0457379414442585,0.20950434476659016
10424.692451328,-2.756415442761256,2.0457379414442585,0.20950434476659016
10424.696896538,-2.756415442761256,2.0457379414442585,0.20950434476659016
10424.697730645,-2.7545340484050103,2.046138739438449,0.21028516561314775
10424.703943951,-2.7545340484050103,2.046138739438449,0.21028516561314775
10424.712028098,-2.7545340484050103,2.046138739438449,0.21028516561314775
10424.721331389,-2.7545340484050103,2.046138739438449,0.21028516561314775
10424.734527483,-2.7545340484050103,2.046138739438449,0.21028516561314775
10424.743976524,-2.7545340484050103,2.046138739438449,0.21028516561314775
10424.746354617,-2.753469660009676,2.0463659040807833,0.2102509525470466
10424.750957219,-2.753469660009676,2.0463659040807833,0.2102509525470466
10424.76243824,-2.753469660009676,2.0463659040807833,0.2102509525470466
10424.764037943,-2.753469660009676,2.0463659040807833,0.2102509525470466
10424.77179825,-2.753469660009676,2.0463659040807833,0.2102509525470466
10424.784352405,-2.753469660009676,2.0463659040807833,0.2102509525470466
10424.790009837,-2.753469660009676,2.0463659040807833,0.2102509525470466
10424.804017726,-2.753469660009676,2.0463659040807833,0.2102509525470466
10424.806495299,-2.752677616809818,2.0465352367532876,0.21099195749089433
10424.807279801,-2.752677616809818,2.0465352367532876,0.21099195749089433
10424.812220841,-2.752677616809818,2.0465352367532876,0.21099195749089433
10424.820157205,-2.752677616809818,2.0465352367532876,0.21099195749089433
10424.837569802,-2.752677616809818,2.0465352367532876,0.21099195749089433
10424.84159041,-2.752677616809818,2.0465352367532876,0.21099195749089433
10424.845588584,-2.751836395754278,2.04671666550394,0.21384690076634597
10424.847703243,-2.751836395754278,2.04671666550394,0.21384690076634597
10424.852599287,-2.751836395754278,2.04671666550394,0.21384690076634597
10424.862486576,-2.751836395754278,2.04671666550394,0.21384690076634597
10424.872536728,-2.751836395754278,2.04671666550394,0.21384690076634597
10424.881965429,-2.751836395754278,2.04671666550394,0.21384690076634597
10424.89185879,-2.751836395754278,2.04671666550394,0.21384690076634597
10424.902259793,-2.751836395754278,2.04671666550394,0.21384690076634597
10424.909039914,-2.7514903977591003,2.0467931444735217,0.22123489648625566
10424.911007371,-2.7514903977591003,2.0467931444735217,0.22123489648625566
10424.914799812,-2.7514903977591003,2.0467931444735217,0.22123489648625566
10424.922339557,-2.7514903977591003,2.0467931444735217,0.22123489648625566
10424.933729504,-2.7514903977591003,2.0467931444735217,0.22123489648625566
10424.942981106,-2.7514903977591003,2.0467931444735217,0.22123489648625566
10424.95483998,-2.7514903977591003,2.0467931444735217,0.22123489648625566
10424.955597481,-2.7514903977591003,2.0467931444735217,0.22123489648625566
10424.956446055,-2.750997137957458,2.04690692982296,0.23219404489323803
10424.966312365,-2.750997137957458,2.04690692982296,0.23219404489323803
10424.971655334,-2.750997137957458,2.04690692982296,0.23219404489323803
10424.982992059,-2.750997137957458,2.04690692982296,0.23219404489323803
10424.994010985,-2.750997137957458,2.04690692982296,0.23219404489323803
10425.000741531,-2.75082507892753,2.0469491980330505,0.24958763391301345
10425.003199096,-2.75082507892753,2.0469491980330505,0.24958763391301345
10425.003776391,-2.75082507892753,2.0469491980330505,0.24958763391301345
10425.010301363,-2.75082507892753,2.0469491980330505,0.24958763391301345
10425.020099279,-2.75082507892753,2.0469491980330505,0.24958763391301345
10425.033557769,-2.75082507892753,2.0469491980330505,0.24958763391301345
10425.039426955,-2.75082507892753,2.0469491980330505,0.24958763391301345
10425.046753933,-2.7507272806488037,2.0469753818101775,0.27360675603673174
10425.053875768,-2.7507272806488037,2.0469753818101775,0.27360675603673174
10425.055374387,-2.7507272806488037,2.0469753818101775,0.27360675603673174
10425.064400077,-2.7507272806488037,2.0469753818101775,0.27360675603673174
10425.072802724,-2.7507272806488037,2.0469753818101775,0.27360675603673174
10425.079176807,-2.7507272806488037,2.0469753818101775,0.27360675603673174
10425.092370708,-2.7507272806488037,2.0469753818101775,0.27360675603673174
10425.102803983,-2.7507272806488037,2.0469753818101775,0.27360675603673174
10425.104059627,-2.7507272806488037,2.0469753818101775,0.27360675603673174
10425.104909203,-2.750582029950862,2.047019709511867,0.31879899770543296
10425.111607387,-2.750582029950862,2.047019709511867,0.31879899770543296
10425.123125298,-2.750582029950862,2.047019709511867,0.31879899770543296
10425.132582495,-2.750582029950862,2.047019709511867,0.31879899770543296
10425.142616395,-2.750582029950862,2.047019709511867,0.31879899770543296
10425.147178319,-2.750462635399239,2.0470616703525017,0.35712740690037925
10425.151124665,-2.750462635399239,2.0470616703525017,0.35712740690037925
10425.154996407,-2.750462635399239,2.0470616703525017,0.35712740690037925
10425.16204929,-2.750462635399239,2.0470616703525017,0.35712740690037925
10425.171685809,-2.750462635399239,2.0470616703525017,0.35712740690037925
10425.187409623,-2.750462635399239,2.0470616703525017,0.35712740690037925
10425.190095706,-2.750462635399239,2.0470616703525017,0.35712740690037925
10425.201603478,-2.750462635399239,2.0470616703525017,0.35712740690037925
10425.20777842,-2.7504860873213435,2.047052149943173,0.41413030893132413
10425.208837948,-2.7504860873213435,2.047052149943173,0.41413030893132413
10425.211237192,-2.7504860873213435,2.047052149943173,0.41413030893132413
10425.221594932,-2.7504860873213435,2.047052149943173,0.41413030893132413
10425.232909835,-2.7504860873213435,2.047052149943173,0.41413030893132413
10425.243592708,-2.7504860873213435,2.047052149943173,0.41413030893132413
10425.250745933,-2.7504401565201664,2.047073431035247,0.4536361482791634
10425.254475624,-2.7504401565201664,2.047073431035247,0.4536361482791634
10425.255042539,-2.7504401565201664,2.047073431035247,0.4536361482791634
10425.261336188,-2.7504401565201664,2.047073431035247,0.4536361482791634
10425.27057172,-2.7504401565201664,2.047073431035247,0.4536361482791634
10425.283936147,-2.7504401565201664,2.047073431035247,0.4536361482791634
10425.293669401,-2.7504401565201664,2.047073431035247,0.4536361482791634
10425.298639848,-2.7504401565201664,2.047073431035247,0.4536361482791634
10425.300846803,-2.7504401565201664,2.047073431035247,0.4536361482791634
10425.302809661,-2.7503950991344057,2.047096503862665,0.49288795263097007
10425.315157892,-2.7503950991344057,2.047096503862665,0.49288795263097007
10425.323876825,-2.7503950991344057,2.047096503862665,0.49288795263097007
10425.33317683,-2.7503950991344057,2.047096503862665,0.49288795263097007
10425.343109837,-2.7503950991344057,2.047096503862665,0.49288795263097007
10425.347650701,-2.7502848056413107,2.0471585612271346,0.5321289089374275
10425.354007291,-2.7502848056413107,2.0471585612271346,0.5321289089374275
10425.356182015,-2.7502848056413107,2.0471585612271346,0.5321289089374275
10425.359754494,-2.7502848056413107,2.0471585612271346,0.5321289089374275
10425.374565941,-2.7502848056413107,2.0471585612271346,0.5321289089374275
10425.383543399,-2.7502848056413107,2.0471585612271346,0.5321289089374275
10425.394896745,-2.7502848056413107,2.0471585612271346,0.5321289089374275
10425.401847432,-2.7502848056413107,2.0471585612271346,0.5321289089374275
10425.404954991,-2.7502205000793203,2.047198940334288,0.5892717626743047
10425.405972379,-2.7502205000793203,2.047198940334288,0.5892717626743047
10425.41384446,-2.7502205000793203,2.047198940334288,0.5892717626743047
10425.423497541,-2.7502205000793203,2.047198940334288,0.5892717626743047
10425.432792473,-2.7502205000793203,2.047198940334288,0.5892717626743047
10425.442184407,-2.7502205000793203,2.047198940334288,0.5892717626743047
10425.444217129,-2.750095869657036,2.047285715723834,0.6271534946613047
10425.459358066,-2.750095869657036,2.047285715723834,0.6271534946613047
10425.47027147,-2.750095869657036,2.047285715723834,0.6271534946613047
10425.471805687,-2.750095869657036,2.047285715723834,0.6271534946613047
10425.474634753,-2.750095869657036,2.047285715723834,0.6271534946613047
10425.487105769,-2.750095869657036,2.047285715723834,0.6271534946613047
10425.491340255,-2.750095869657036,2.047285715723834,0.6271534946613047
10425.501158452,-2.750095869657036,2.047285715723834,0.6271534946613047
10425.507063608,-2.7500556973509216,2.04731651684716,0.6810858038120003
10425.507901362,-2.7500556973509216,2.04731651684716,0.6810858038120003
10425.512090622,-2.7500556973509216,2.04731651684716,0.6810858038120003
10425.521404463,-2.7500556973509216,2.04731651684716,0.6810858038120003
10425.53345296,-2.7500556973509216,2.04731651684716,0.6810858038120003
10425.54184175,-2.7500556973509216,2.04731651684716,0.6810858038120003
10425.550515546,-2.7500556973509216,2.04731651684716,0.6810858038120003
10425.554069881,-2.7499006707850775,2.047446774813936,0.7165034797839853
10425.558160984,-2.7499006707850775,2.047446774813936,0.7165034797839853
10425.563580109,-2.7499006707850775,2.047446774813936,0.7165034797839853
10425.57550042,-2.7499006707850775,2.047446774813936,0.7165034797839853
10425.585702051,-2.7499006707850775,2.047446774813936,0.7165034797839853
10425.590783089,-2.7499006707850775,2.047446774813936,0.7165034797839853
10425.600883065,-2.7499006707850775,2.047446774813936,0.7165034797839853
10425.611706437,-2.7499006707850775,2.047446774813936,0.7165034797839853
10425.622274439,-2.7499006707850775,2.047446774813936,0.7165034797839853
10425.633504669,-2.7499006707850775,2.047446774813936,0.7165034797839853
10425.641094379,-2.7499006707850775,2.047446774813936,0.7165034797839853
10425.652329549,-2.7499006707850775,2.047446774813936,0.7165034797839853
10425.660323444,-2.7499006707850775,2.047446774813936,0.7165034797839853
10425.666227306,-2.7499006707850775,2.047446774813936,0.7165034797839853
10425.668135499,-2.7498442693897216,2.0474976133839333,0.7506403711490366
10425.669162876,-2.749753142206019,2.047585429142739,0.7831492212466927
10425.678961065,-2.749753142206019,2.047585429142739,0.7831492212466927
10425.682561207,-2.749753142206019,2.047585429142739,0.7831492212466927
10425.68491846,-2.749753142206019,2.047585429142739,0.7831492212466927
10425.691334023,-2.749753142206019,2.047585429142739,0.7831492212466927
10425.701151495,-2.749753142206019,2.047585429142739,0.7831492212466927
10425.703926729,-2.749753142206019,2.047585429142739,0.7831492212466927
10425.70463259,-2.7496480115211637,2.0476950204265685,0.8291888025455205
10425.712337935,-2.7496480115211637,2.0476950204265685,0.8291888025455205
10425.72398826,-2.7496480115211637,2.0476950204265685,0.8291888025455205
10425.725692359,-2.7496480115211637,2.0476950204265685,0.8291888025455205
10425.73425252,-2.7496480115211637,2.0476950204265685,0.8291888025455205
10425.742640079,-2.7496480115211637,2.0476950204265685,0.8291888025455205
10425.743812273,-2.7495975600679468,2.047751768364555,0.8589451101474496
10425.750583747,-2.7495975600679468,2.047751768364555,0.8589451101474496
10425.763719896,-2.7495975600679468,2.047751768364555,0.8589451101474496
10425.774186654,-2.7495975600679468,2.047751768364555,0.8589451101474496
10425.783336602,-2.7495975600679468,2.047751768364555,0.8589451101474496
10425.795433511,-2.7495975600679468,2.047751768364555,0.8589451101474496
10425.803763188,-2.7495975600679468,2.047751768364555,0.8589451101474496
10425.804630399,-2.749597560067947,2.0477517683645545,0.8866903570346568
10425.805807993,-2.749597560067947,2.0477517683645545,0.8866903570346568
10425.810959626,-2.749597560067947,2.0477517683645545,0.8866903570346568
10425.821996887,-2.749597560067947,2.0477517683645545,0.8866903570346568
10425.836454736,-2.749597560067947,2.0477517683645545,0.8866903570346568
10425.840200718,-2.749597560067947,2.0477517683645545,0.8866903570346568
10425.853970948,-2.749597560067947,2.0477517683645545,0.8866903570346568
10425.855343867,-2.749597560067947,2.0477517683645545,0.8866903570346568
10425.856339803,-2.758559695969852,2.048270969128766,0.9186058170388567
10425.86065113,-2.758559695969852,2.048270969128766,0.9186058170388567
10425.871017286,-2.758559695969852,2.048270969128766,0.9186058170388567
10425.884779484,-2.758559695969852,2.048270969128766,0.9186058170388567
10425.89013651,-2.758559695969852,2.048270969128766,0.9186058170388567
10425.900252637,-2.758559695969852,2.048270969128766,0.9186058170388567
10425.903398811,-2.758559695969852,2.048270969128766,0.9186058170388567
10425.90387381,-2.7692767702380308,2.049148888679506,0.9327535235024581
10425.912304711,-2.7692767702380308,2.049148888679506,0.9327535235024581
10425.922038677,-2.7692767702380308,2.049148888679506,0.9327535235024581
10425.933586685,-2.7692767702380308,2.049148888679506,0.9327535235024581
10425.94118878,-2.7692767702380308,2.049148888679506,0.9327535235024581
10425.946763061,-2.7704703327365685,2.0495026780055543,0.9415396710002326
10425.952211873,-2.7704703327365685,2.0495026780055543,0.9415396710002326
10425.9557361,-2.7704703327365685,2.0495026780055543,0.9415396710002326
10425.963037429,-2.7704703327365685,2.0495026780055543,0.9415396710002326
10425.970247803,-2.7704703327365685,2.0495026780055543,0.9415396710002326
10425.985158129,-2.7704703327365685,2.0495026780055543,0.9415396710002326
10425.990702974,-2.7704703327365685,2.0495026780055543,0.9415396710002326
10426.00421345,-2.7704703327365685,2.0495026780055543,0.9415396710002326
10426.005384011,-2.7702477002261725,2.049810211264325,0.9468401928508184
10426.006092928,-2.7702477002261725,2.049810211264325,0.9468401928508184
10426.010031128,-2.7702477002261725,2.049810211264325,0.9468401928508184
10426.016922402,-2.7702477002261725,2.049810211264325,0.9468401928508184
10426.024675665,-2.7702477002261725,2.049810211264325,0.9468401928508184
10426.038993867,-2.7702477002261725,2.049810211264325,0.9468401928508184
10426.043972589,-2.7702477002261725,2.049810211264325,0.9468401928508184
10426.047479944,-2.7700554142474463,2.0500772182212534,0.9465042610728643
10426.056499041,-2.7700554142474463,2.0500772182212534,0.9465042610728643
10426.06363393,-2.7700554142474463,2.0500772182212534,0.9465042610728643
10426.076829683,-2.7700554142474463,2.0500772182212534,0.9465042610728643
10426.081343365,-2.7700554142474463,2.0500772182212534,0.9465042610728643
10426.093206397,-2.7700554142474463,2.0500772182212534,0.9465042610728643
10426.095986059,-2.7700554142474463,2.0500772182212534,0.9465042610728643
10426.096699975,-2.7698920059890213,2.050302637992395,0.940594579752674
10426.106581924,-2.7698920059890213,2.050302637992395,0.940594579752674
10426.117347536,-2.7698920059890213,2.050302637992395,0.940594579752674
10426.129863517,-2.7698920059890213,2.050302637992395,0.940594579752674
10426.140179336,-2.7698920059890213,2.050302637992395,0.940594579752674
10426.158310549,-2.7698920059890213,2.050302637992395,0.940594579752674
10426.160615351,-2.7698920059890213,2.050302637992395,0.940594579752674
10426.160979909,-2.770128231696501,2.0547343441853108,0.9171713163159873
10426.162602175,-2.770128231696501,2.0547343441853108,0.9171713163159873
10426.1629184,-2.770128231696501,2.0547343441853108,0.9171713163159873
10426.163416885,-2.770128231696501,2.0547343441853108,0.9171713163159873
10426.172778544,-2.770128231696501,2.0547343441853108,0.9171713163159873
10426.182596935,-2.770128231696501,2.0547343441853108,0.9171713163159873
10426.190680241,-2.770128231696501,2.0547343441853108,0.9171713163159873
10426.199828635,-2.7703004864502,2.060306014292397,0.8922506248258261
10426.200601905,-2.7703004864502,2.060306014292397,0.8922506248258261
10426.208919259,-2.7703004864502,2.060306014292397,0.8922506248258261
10426.216462731,-2.7703004864502,2.060306014292397,0.8922506248258261
10426.223110929,-2.7703004864502,2.060306014292397,0.8922506248258261
10426.240114071,-2.7703004864502,2.060306014292397,0.8922506248258261
10426.242920103,-2.7703004864502,2.060306014292397,0.8922506248258261
10426.250030356,-2.7703004864502,2.060306014292397,0.8922506248258261
10426.255997891,-2.7700505239747315,2.0612781124659043,0.8440837077528277
10426.262533734,-2.7700505239747315,2.0612781124659043,0.8440837077528277
10426.263511355,-2.7700505239747315,2.0612781124659043,0.8440837077528277
10426.269769988,-2.7700505239747315,2.0612781124659043,0.8440837077528277
10426.281559919,-2.7700505239747315,2.0612781124659043,0.8440837077528277
10426.291278205,-2.7700505239747315,2.0612781124659043,0.8440837077528277
10426.305228894,-2.7700505239747315,2.0612781124659043,0.8440837077528277
10426.305870642,-2.769553536573966,2.061818273611691,0.8099192790418903
10426.308165776,-2.769553536573966,2.061818273611691,0.8099192790418903
10426.310331432,-2.769553536573966,2.061818273611691,0.8099192790418903
10426.32176384,-2.769553536573966,2.061818273611691,0.8099192790418903
10426.334864761,-2.769553536573966,2.061818273611691,0.8099192790418903
10426.345216199,-2.769553536573966,2.061818273611691,0.8099192790418903
10426.348770233,-2.7693049288402083,2.0620707767605255,0.7764238528639117
10426.353139358,-2.7693049288402083,2.0620707767605255,0.7764238528639117
10426.355849847,-2.7693049288402083,2.0620707767605255,0.7764238528639117
10426.363298197,-2.7693049288402083,2.0620707767605255,0.7764238528639117
10426.374784768,-2.7693049288402083,2.0620707767605255,0.7764238528639117
10426.384808248,-2.7693049288402083,2.0620707767605255,0.7764238528639117
10426.392392047,-2.7693049288402083,2.0620707767605255,0.7764238528639117
10426.402642611,-2.7693049288402083,2.0620707767605255,0.7764238528639117
10426.405333523,-2.7689898971326525,2.062363859235601,0.7222159318357747
10426.406870202,-2.7689898971326525,2.062363859235601,0.7222159318357747
10426.411020106,-2.7689898971326525,2.062363859235601,0.7222159318357747
10426.412741422,-2.7689898971326525,2.062363859235601,0.7222159318357747
10426.420912859,-2.7689898971326525,2.062363859235601,0.7222159318357747
10426.433200874,-2.7689898971326525,2.062363859235601,0.7222159318357747
10426.445132065,-2.7689898971326525,2.062363859235601,0.7222159318357747
10426.446090821,-2.7680063359539693,2.063199854590518,0.6867348365217485
10426.452830013,-2.7680063359539693,2.063199854590518,0.6867348365217485
10426.46192793,-2.7680063359539693,2.063199854590518,0.6867348365217485
10426.472236225,-2.7680063359539693,2.063199854590518,0.6867348365217485
10426.482225449,-2.7680063359539693,2.063199854590518,0.6867348365217485
10426.490938961,-2.7680063359539693,2.063199854590518,0.6867348365217485
10426.504158148,-2.7680063359539693,2.063199854590518,0.6867348365217485
10426.504794376,-2.7680063359539693,2.063199854590518,0.6867348365217485
10426.505819218,-2.7667457074756494,2.064176317421411,0.6313655785948077
10426.514436015,-2.7667457074756494,2.064176317421411,0.6313655785948077
10426.524348352,-2.7667457074756494,2.064176317421411,0.6313655785948077
10426.533769114,-2.7667457074756494,2.064176317421411,0.6313655785948077
10426.542151295,-2.7667457074756494,2.064176317421411,0.6313655785948077
10426.553659487,-2.7667457074756494,2.064176317421411,0.6313655785948077
10426.556924056,-2.765420444862614,2.0651078231616857,0.5939521006971638
10426.563589247,-2.765420444862614,2.0651078231616857,0.5939521006971638
10426.564006586,-2.765420444862614,2.0651078231616857,0.5939521006971638
10426.580303726,-2.765420444862614,2.0651078231616857,0.5939521006971638
10426.587280913,-2.765420444862614,2.0651078231616857,0.5939521006971638
10426.598930416,-2.765420444862614,2.0651078231616857,0.5939521006971638
10426.600087361,-2.763957033637636,2.0660609606311233,0.5606420449644366
10426.60163846,-2.763957033637636,2.0660609606311233,0.5606420449644366
10426.605411844,-2.763957033637636,2.0660609606311233,0.5606420449644366
10426.618717948,-2.763957033637636,2.0660609606311233,0.5606420449644366
10426.630719555,-2.763957033637636,2.0660609606311233,0.5606420449644366
10426.636006025,-2.763957033637636,2.0660609606311233,0.5606420449644366
10426.643897994,-2.763957033637636,2.0660609606311233,0.5606420449644366
10426.645461327,-2.7632862575501695,2.0664680302587315,0.5302600078016559
10426.656328853,-2.7632862575501695,2.0664680302587315,0.5302600078016559
10426.664539672,-2.7632862575501695,2.0664680302587315,0.5302600078016559
10426.665156373,-2.7632862575501695,2.0664680302587315,0.5302600078016559
10426.674609811,-2.7632862575501695,2.0664680302587315,0.5302600078016559
10426.681972036,-2.7632862575501695,2.0664680302587315,0.5302600078016559
10426.692185749,-2.7632862575501695,2.0664680302587315,0.5302600078016559
10426.701398457,-2.7632862575501695,2.0664680302587315,0.5302600078016559
10426.707774433,-2.7632862575501695,2.0664680302587315,0.5302600078016559
10426.708907502,-2.7627331807684956,2.0667754393528908,0.4843354634672442
10426.712710914,-2.7627331807684956,2.0667754393528908,0.4843354634672442
10426.723536088,-2.7627331807684956,2.0667754393528908,0.4843354634672442
10426.731011339,-2.7627331807684956,2.0667754393528908,0.4843354634672442
10426.741987813,-2.7627331807684956,2.0667754393528908,0.4843354634672442
10426.744231539,-2.762079111074812,2.0671085510094587,0.45776967329085255
10426.751434729,-2.762079111074812,2.0671085510094587,0.45776967329085255
10426.751865233,-2.762079111074812,2.0671085510094587,0.45776967329085255
10426.761766666,-2.762079111074812,2.0671085510094587,0.45776967329085255
10426.77226128,-2.762079111074812,2.0671085510094587,0.45776967329085255
10426.783510597,-2.762079111074812,2.0671085510094587,0.45776967329085255
10426.791600905,-2.762079111074812,2.0671085510094587,0.45776967329085255
10426.796009556,-2.762079111074812,2.0671085510094587,0.45776967329085255
10426.797040399,-2.761667487782692,2.0673038217417576,0.428134363117818
10426.801487523,-2.761667487782692,2.0673038217417576,0.428134363117818
10426.81449757,-2.761667487782692,2.0673038217417576,0.428134363117818
10426.820252798,-2.761667487782692,2.0673038217417576,0.428134363117818
10426.832469567,-2.761667487782692,2.0673038217417576,0.428134363117818
10426.842752623,-2.761667487782692,2.0673038217417576,0.428134363117818
10426.858048887,-2.761667487782692,2.0673038217417576,0.428134363117818
10426.859072737,-2.761667487782692,2.0673038217417576,0.428134363117818
10426.861715817,-2.761667487782692,2.0673038217417576,0.428134363117818
10426.862088862,-2.761295392858141,2.067463655603088,0.38330427927077215
10426.873280588,-2.761295392858141,2.067463655603088,0.38330427927077215
10426.882353387,-2.761295392858141,2.067463655603088,0.38330427927077215
10426.897657015,-2.761295392858141,2.067463655603088,0.38330427927077215
10426.907444463,-2.761295392858141,2.067463655603088,0.38330427927077215
10426.9094488,-2.7599729101066472,2.0679736141301097,0.3527703694731037
10426.911833506,-2.7599729101066472,2.0679736141301097,0.3527703694731037
10426.912319025,-2.7599729101066472,2.0679736141301097,0.3527703694731037
10426.921856334,-2.7599729101066472,2.0679736141301097,0.3527703694731037
10426.930465576,-2.7599729101066472,2.0679736141301097,0.3527703694731037
10426.940607823,-2.7599729101066472,2.0679736141301097,0.3527703694731037
10426.944719465,-2.758825788516206,2.068373771001455,0.3185038976103108
10426.952838598,-2.758825788516206,2.068373771001455,0.3185038976103108
10426.960974665,-2.758825788516206,2.068373771001455,0.3185038976103108
10426.961916348,-2.758825788516206,2.068373771001455,0.3185038976103108
10426.970302723,-2.758825788516206,2.068373771001455,0.3185038976103108
10426.981214724,-2.758825788516206,2.068373771001455,0.3185038976103108
10426.992884572,-2.758825788516206,2.068373771001455,0.3185038976103108
10427.001832946,-2.758825788516206,2.068373771001455,0.3185038976103108
10427.00558546,-2.7572963079674397,2.068529417090264,0.26549774809875865
10427.006432121,-2.7572963079674397,2.068529417090264,0.26549774809875865
10427.010217027,-2.7572963079674397,2.068529417090264,0.26549774809875865
10427.011582652,-2.7572963079674397,2.068529417090264,0.26549774809875865
10427.021939319,-2.7572963079674397,2.068529417090264,0.26549774809875865
10427.031935667,-2.7572963079674397,2.068529417090264,0.26549774809875865
10427.04121949,-2.7572963079674397,2.068529417090264,0.26549774809875865
10427.048242034,-2.754333871875107,2.0664614974832722,0.2336970587004697
10427.050789942,-2.754333871875107,2.0664614974832722,0.2336970587004697
10427.05991906,-2.754333871875107,2.0664614974832722,0.2336970587004697
10427.071954,-2.754333871875107,2.0664614974832722,0.2336970587004697
10427.081921232,-2.754333871875107,2.0664614974832722,0.2336970587004697
10427.089262156,-2.754333871875107,2.0664614974832722,0.2336970587004697
10427.099350269,-2.754333871875107,2.0664614974832722,0.2336970587004697
10427.100253047,-2.751671721773504,2.0631655410430354,0.2006539367655776
10427.101310612,-2.751671721773504,2.0631655410430354,0.2006539367655776
10427.114228132,-2.751671721773504,2.0631655410430354,0.2006539367655776
10427.120527913,-2.751671721773504,2.0631655410430354,0.2006539367655776
10427.132485154,-2.751671721773504,2.0631655410430354,0.2006539367655776
10427.144382722,-2.751671721773504,2.0631655410430354,0.2006539367655776
10427.153675322,-2.751671721773504,2.0631655410430354,0.2006539367655776
10427.156771119,-2.750170983015714,2.0630221904467128,0.15640568163467414
10427.161919415,-2.750170983015714,2.0630221904467128,0.15640568163467414
10427.162678488,-2.750170983015714,2.0630221904467128,0.15640568163467414
10427.172239532,-2.750170983015714,2.0630221904467128,0.15640568163467414
10427.183774906,-2.750170983015714,2.0630221904467128,0.15640568163467414
10427.193882247,-2.750170983015714,2.0630221904467128,0.15640568163467414
10427.20397068,-2.750170983015714,2.0630221904467128,0.15640568163467414
10427.206743238,-2.748868803117657,2.0632134842409147,0.1353132667787171
10427.207357825,-2.748868803117657,2.0632134842409147,0.1353132667787171
10427.210712287,-2.748868803117657,2.0632134842409147,0.1353132667787171
10427.221006464,-2.748868803117657,2.0632134842409147,0.1353132667787171
10427.232010481,-2.748868803117657,2.0632134842409147,0.1353132667787171
10427.243681305,-2.748868803117657,2.0632134842409147,0.1353132667787171
10427.245086786,-2.7484921656723755,2.063261298200675,0.11723493959976201
10427.25033314,-2.7484921656723755,2.063261298200675,0.11723493959976201
10427.261129709,-2.7484921656723755,2.063261298200675,0.11723493959976201
10427.262032477,-2.7484921656723755,2.063261298200675,0.11723493959976201
10427.274327576,-2.7484921656723755,2.063261298200675,0.11723493959976201
10427.281999273,-2.7484921656723755,2.063261298200675,0.11723493959976201
10427.292264826,-2.7484921656723755,2.063261298200675,0.11723493959976201
10427.300620743,-2.7484921656723755,2.063261298200675,0.11723493959976201
10427.30745642,-2.7482657310729235,2.0632861672687692,0.10154604342056284
10427.308304884,-2.7482657310729235,2.0632861672687692,0.10154604342056284
10427.312233465,-2.7482657310729235,2.0632861672687692,0.10154604342056284
10427.312929898,-2.7482657310729235,2.0632861672687692,0.10154604342056284
10427.32388402,-2.7482657310729235,2.0632861672687692,0.10154604342056284
10427.335196617,-2.7482657310729235,2.0632861672687692,0.10154604342056284
10427.341008333,-2.7482657310729235,2.0632861672687692,0.10154604342056284
10427.345961626,-2.743877341628659,2.066349629010754,0.09322747028588792
10427.351642532,-2.743877341628659,2.066349629010754,0.09322747028588792
10427.361655562,-2.743877341628659,2.066349629010754,0.09322747028588792
10427.372188066,-2.743877341628659,2.066349629010754,0.09322747028588792
10427.383642254,-2.743877341628659,2.066349629010754,0.09322747028588792
10427.392976825,-2.743877341628659,2.066349629010754,0.09322747028588792
10427.401821246,-2.743877341628659,2.066349629010754,0.09322747028588792
10427.403218822,-2.736948060789646,2.0712237911478644,0.08676573706955484
10427.403970922,-2.736948060789646,2.0712237911478644,0.08676573706955484
10427.41291804,-2.736948060789646,2.0712237911478644,0.08676573706955484
10427.42220524,-2.736948060789646,2.0712237911478644,0.08676573706955484
10427.433922892,-2.736948060789646,2.0712237911478644,0.08676573706955484
10427.444754659,-2.736948060789646,2.0712237911478644,0.08676573706955484
10427.451300751,-2.736948060789646,2.0712237911478644,0.08676573706955484
10427.454206243,-2.736145454698793,2.0717826255587863,0.09031143540965461
10427.461283542,-2.736145454698793,2.0717826255587863,0.09031143540965461
10427.463237523,-2.736145454698793,2.0717826255587863,0.09031143540965461
10427.471038337,-2.736145454698793,2.0717826255587863,0.09031143540965461
10427.482362376,-2.736145454698793,2.0717826255587863,0.09031143540965461
10427.492169501,-2.736145454698793,2.0717826255587863,0.09031143540965461
10427.49932004,-2.73622104143406,2.071775392091495,0.10050263757335089
10427.500642823,-2.73622104143406,2.071775392091495,0.10050263757335089
10427.506832963,-2.73622104143406,2.071775392091495,0.10050263757335089
10427.510463093,-2.73622104143406,2.071775392091495,0.10050263757335089
10427.522615668,-2.73622104143406,2.071775392091495,0.10050263757335089
10427.532419947,-2.73622104143406,2.071775392091495,0.10050263757335089
10427.540409002,-2.73622104143406,2.071775392091495,0.10050263757335089
10427.546298256,-2.7362965174589307,2.0717670826229693,0.11880245561229134
10427.554563229,-2.7362965174589307,2.0717670826229693,0.11880245561229134
10427.555616295,-2.7362965174589307,2.0717670826229693,0.11880245561229134
10427.562902293,-2.7362965174589307,2.0717670826229693,0.11880245561229134
10427.573178667,-2.7362965174589307,2.0717670826229693,0.11880245561229134
10427.579915003,-2.7362965174589307,2.0717670826229693,0.11880245561229134
10427.600245464,-2.7362965174589307,2.0717670826229693,0.11880245561229134
10427.604775196,-2.7362965174589307,2.0717670826229693,0.11880245561229134
10427.608471359,-2.736271454045454,2.07177061194997,0.16098966950999644
10427.6099191,-2.736271454045454,2.07177061194997,0.16098966950999644
10427.611073513,-2.736271454045454,2.07177061194997,0.16098966950999644
10427.615618685,-2.736271454045454,2.07177061194997,0.16098966950999644
10427.621324638,-2.736271454045454,2.07177061194997,0.16098966950999644
10427.632164671,-2.736271454045454,2.07177061194997,0.16098966950999644
10427.644065414,-2.736271454045454,2.07177061194997,0.16098966950999644
10427.646078958,-2.7395198877208147,2.0704837176517494,0.1952642364299459
10427.650943802,-2.7395198877208147,2.0704837176517494,0.1952642364299459
10427.663033654,-2.7395198877208147,2.0704837176517494,0.1952642364299459
10427.675588682,-2.7395198877208147,2.0704837176517494,0.1952642364299459
10427.680109146,-2.7395198877208147,2.0704837176517494,0.1952642364299459
10427.695037576,-2.7395198877208147,2.0704837176517494,0.1952642364299459
10427.700171183,-2.7395198877208147,2.0704837176517494,0.1952642364299459
10427.701370609,-2.7395198877208147,2.0704837176517494,0.1952642364299459
10427.702491806,-2.745166698165956,2.0682740440220164,0.25353399443895014
10427.712877309,-2.745166698165956,2.0682740440220164,0.25353399443895014
10427.720825615,-2.745166698165956,2.0682740440220164,0.25353399443895014
10427.733791998,-2.745166698165956,2.0682740440220164,0.25353399443895014
10427.746785864,-2.745166698165956,2.0682740440220164,0.25353399443895014
10427.75079544,-2.745166698165956,2.0682740440220164,0.25353399443895014
10427.758553602,-2.7466569562357535,2.0676870604991797,0.29773165880011665
10427.765743357,-2.7466569562357535,2.0676870604991797,0.29773165880011665
10427.766687444,-2.7466569562357535,2.0676870604991797,0.29773165880011665
10427.776765989,-2.7466569562357535,2.0676870604991797,0.29773165880011665
10427.782692034,-2.7466569562357535,2.0676870604991797,0.29773165880011665
10427.791687775,-2.7466569562357535,2.0676870604991797,0.29773165880011665
10427.796147483,-2.7466569562357535,2.0676870604991797,0.29773165880011665
10427.79713312,-2.7465848024653687,2.067710714484397,0.33584251104163276
10427.801081659,-2.7465848024653687,2.067710714484397,0.33584251104163276
10427.811238744,-2.7465848024653687,2.067710714484397,0.33584251104163276
10427.821984907,-2.7465848024653687,2.067710714484397,0.33584251104163276
10427.831800097,-2.7465848024653687,2.067710714484397,0.33584251104163276
10427.840382107,-2.7465848024653687,2.067710714484397,0.33584251104163276
10427.845370857,-2.7465136673812753,2.067737275309092,0.37886681257056337
10427.854505204,-2.7465136673812753,2.067737275309092,0.37886681257056337
10427.855241133,-2.7465136673812753,2.067737275309092,0.37886681257056337
10427.860889817,-2.7465136673812753,2.067737275309092,0.37886681257056337
10427.871357697,-2.7465136673812753,2.067737275309092,0.37886681257056337
10427.885965432,-2.7465136673812753,2.067737275309092,0.37886681257056337
10427.894689173,-2.7465136673812753,2.067737275309092,0.37886681257056337
10427.899692732,-2.7465136673812753,2.067737275309092,0.37886681257056337
10427.903512374,-2.7465136673812753,2.067737275309092,0.37886681257056337
10427.904352853,-2.7465136673812753,2.067737275309092,0.37886681257056337
10427.905001074,-2.7464904807120383,2.0677474246545797,0.44632889924811453
10427.911165105,-2.7464904807120383,2.0677474246545797,0.44632889924811453
10427.922850556,-2.7464904807120383,2.0677474246545797,0.44632889924811453
10427.931966718,-2.7464904807120383,2.0677474246545797,0.44632889924811453
10427.941593137,-2.7464904807120383,2.0677474246545797,0.44632889924811453
10427.946887653,-2.7464226580824613,2.0677815680070037,0.48643281160163027
10427.954945299,-2.7464226580824613,2.0677815680070037,0.48643281160163027
10427.959828497,-2.7464226580824613,2.0677815680070037,0.48643281160163027
10427.974370364,-2.7464226580824613,2.0677815680070037,0.48643281160163027
10427.981282008,-2.7464226580824613,2.0677815680070037,0.48643281160163027
10427.995446876,-2.7464226580824613,2.0677815680070037,0.48643281160163027
10428.002407962,-2.7464226580824613,2.0677815680070037,0.48643281160163027
10428.006436174,-2.7464226580824613,2.0677815680070037,0.48643281160163027
10428.007080016,-2.7464446862113037,2.06776910235885,0.5434993713931953
10428.009809141,-2.7464446862113037,2.06776910235885,0.5434993713931953
10428.012711898,-2.7464446862113037,2.06776910235885,0.5434993713931953
10428.024637028,-2.7464446862113037,2.06776910235885,0.5434993713931953
10428.033222344,-2.7464446862113037,2.06776910235885,0.5434993713931953
10428.043037815,-2.7464446862113037,2.06776910235885,0.5434993713931953
10428.052384007,-2.7464446862113037,2.06776910235885,0.5434993713931953
10428.053164641,-2.746444686211303,2.06776910235885,0.5831679314212714
10428.060734713,-2.746444686211303,2.06776910235885,0.5831679314212714
10428.074917806,-2.746444686211303,2.06776910235885,0.5831679314212714
10428.082039139,-2.746444686211303,2.06776910235885,0.5831679314212714
10428.095667927,-2.746444686211303,2.06776910235885,0.5831679314212714
10428.101871166,-2.746444686211303,2.06776910235885,0.5831679314212714
10428.102765518,-2.746444686211303,2.06776910235885,0.5831679314212714
10428.103955626,-2.7464446862113037,2.0677691023588496,0.6205269306735907
10428.108437086,-2.7464446862113037,2.0677691023588496,0.6205269306735907
10428.114077254,-2.7464446862113037,2.0677691023588496,0.6205269306735907
10428.121667464,-2.7464446862113037,2.0677691023588496,0.6205269306735907
10428.132645521,-2.7464446862113037,2.0677691023588496,0.6205269306735907
10428.140508414,-2.7464446862113037,2.0677691023588496,0.6205269306735907
10428.145521361,-2.7464243655692995,2.067784192168415,0.6569506138400947
10428.150849682,-2.7464243655692995,2.067784192168415,0.6569506138400947
10428.161884106,-2.7464243655692995,2.067784192168415,0.6569506138400947
10428.176550243,-2.7464243655692995,2.067784192168415,0.6569506138400947
10428.184564202,-2.7464243655692995,2.067784192168415,0.6569506138400947
10428.192557875,-2.7464243655692995,2.067784192168415,0.6569506138400947
10428.201364178,-2.7464243655692995,2.067784192168415,0.6569506138400947
10428.202717218,-2.7464243655692995,2.067784192168415,0.6569506138400947
10428.203780213,-2.7464047359263812,2.0678001705276263,0.7094778030948553
10428.204749689,-2.7464047359263812,2.0678001705276263,0.7094778030948553
10428.211479463,-2.7464047359263812,2.0678001705276263,0.7094778030948553
10428.224801917,-2.7464047359263812,2.0678001705276263,0.7094778030948553
10428.231662731,-2.7464047359263812,2.0678001705276263,0.7094778030948553
10428.241089228,-2.7464047359263812,2.0678001705276263,0.7094778030948553
10428.242478347,-2.7527739870551478,2.0647923738037095,0.7439405327972617
10428.256121776,-2.7527739870551478,2.0647923738037095,0.7439405327972617
10428.26485744,-2.7527739870551478,2.0647923738037095,0.7439405327972617
10428.272799024,-2.7527739870551478,2.0647923738037095,0.7439405327972617
10428.283947744,-2.7527739870551478,2.0647923738037095,0.7439405327972617
10428.289946411,-2.7527739870551478,2.0647923738037095,0.7439405327972617
10428.300780852,-2.7527739870551478,2.0647923738037095,0.7439405327972617
10428.308297983,-2.7527739870551478,2.0647923738037095,0.7439405327972617
10428.310076408,-2.761466782031497,2.060694565318517,0.790931778400627
10428.312124018,-2.761466782031497,2.060694565318517,0.790931778400627
10428.312926113,-2.761466782031497,2.060694565318517,0.790931778400627
10428.321716732,-2.761466782031497,2.060694565318517,0.790931778400627
10428.332845136,-2.761466782031497,2.060694565318517,0.790931778400627
10428.343956819,-2.761466782031497,2.060694565318517,0.790931778400627
10428.34572823,-2.7614843099758692,2.060676306019236,0.8207312397653731
10428.350686613,-2.7614843099758692,2.060676306019236,0.8207312397653731
10428.363500774,-2.7614843099758692,2.060676306019236,0.8207312397653731
10428.373961511,-2.7614843099758692,2.060676306019236,0.8207312397653731
10428.382516859,-2.7614843099758692,2.060676306019236,0.8207312397653731
10428.394145962,-2.7614843099758692,2.060676306019236,0.8207312397653731
10428.399063085,-2.7614843099758692,2.060676306019236,0.8207312397653731
10428.40112901,-2.7614843099758692,2.060676306019236,0.8207312397653731
10428.401662461,-2.7614843099758692,2.060676306019236,0.8499227337534101
10428.408052775,-2.7614843099758692,2.060676306019236,0.8499227337534101
10428.41656992,-2.7614843099758692,2.060676306019236,0.8499227337534101
10428.424069357,-2.7614843099758692,2.060676306019236,0.8499227337534101
10428.433628055,-2.7614843099758692,2.060676306019236,0.8499227337534101
10428.441957281,-2.7614843099758692,2.060676306019236,0.8499227337534101
10428.453094071,-2.7614843099758692,2.060676306019236,0.8499227337534101
10428.454168478,-2.761516915747066,2.0606375840995863,0.8919494919473799
10428.459979422,-2.761516915747066,2.0606375840995863,0.8919494919473799
10428.473160546,-2.761516915747066,2.0606375840995863,0.8919494919473799
10428.482077306,-2.761516915747066,2.0606375840995863,0.8919494919473799
10428.494499927,-2.761516915747066,2.0606375840995863,0.8919494919473799
10428.50022631,-2.761516915747066,2.0606375840995863,0.8919494919473799
10428.501679281,-2.761516915747066,2.0606375840995863,0.8919494919473799
10428.502264993,-2.761516915747066,2.0606375840995863,0.9188286833460005
10428.508040269,-2.761516915747066,2.0606375840995863,0.9188286833460005
10428.514223746,-2.761516915747066,2.0606375840995863,0.9188286833460005
10428.520583541,-2.761516915747066,2.0606375840995863,0.9188286833460005
10428.532970481,-2.761516915747066,2.0606375840995863,0.9188286833460005
10428.543249983,-2.761516915747066,2.0606375840995863,0.9188286833460005
10428.548189169,-2.771249123527144,2.05701715632308,0.9327422051029116
10428.550754149,-2.771249123527144,2.05701715632308,0.9327422051029116
10428.563678982,-2.771249123527144,2.05701715632308,0.9327422051029116
10428.575873617,-2.771249123527144,2.05701715632308,0.9327422051029116
10428.579927458,-2.771249123527144,2.05701715632308,0.9327422051029116
10428.594595645,-2.771249123527144,2.05701715632308,0.9327422051029116
10428.602308053,-2.771249123527144,2.05701715632308,0.9327422051029116
10428.605477049,-2.78189407507745,2.0525478618057638,0.9525622689926736
10428.606457847,-2.78189407507745,2.0525478618057638,0.9525622689926736
10428.617019586,-2.78189407507745,2.0525478618057638,0.9525622689926736
10428.618924894,-2.78189407507745,2.0525478618057638,0.9525622689926736
10428.622800443,-2.78189407507745,2.0525478618057638,0.9525622689926736
10428.634529627,-2.78189407507745,2.0525478618057638,0.9525622689926736
10428.642216202,-2.78189407507745,2.0525478618057638,0.9525622689926736
10428.646033761,-2.781865192769532,2.0525894350623837,0.9746659362518902
10428.651707923,-2.781865192769532,2.0525894350623837,0.9746659362518902
10428.660741507,-2.781865192769532,2.0525894350623837,0.9746659362518902
10428.673113992,-2.781865192769532,2.0525894350623837,0.9746659362518902
10428.689821427,-2.781865192769532,2.0525894350623837,0.9746659362518902
10428.694991284,-2.781865192769532,2.0525894350623837,0.9746659362518902
10428.700038927,-2.781865192769532,2.0525894350623837,0.9746659362518902
10428.700963226,-2.781879157429269,2.0525683253697617,0.9980530107224104
10428.704826472,-2.781879157429269,2.0525683253697617,0.9980530107224104
10428.715845858,-2.781879157429269,2.0525683253697617,0.9980530107224104
10428.718415036,-2.781879157429269,2.0525683253697617,0.9980530107224104
10428.723690986,-2.781879157429269,2.0525683253697617,0.9980530107224104
10428.733282518,-2.781879157429269,2.0525683253697617,0.9980530107224104
10428.743459982,-2.781879157429269,2.0525683253697617,0.9980530107224104
10428.751459916,-2.781879157429269,2.0525683253697617,1.0301312768662088
10428.754203779,-2.781879157429269,2.0525683253697617,1.0301312768662088
10428.76157496,-2.781879157429269,2.0525683253697617,1.0301312768662088
10428.77236146,-2.781879157429269,2.0525683253697617,1.0301312768662088
10428.783403068,-2.781879157429269,2.0525683253697617,1.0301312768662088
10428.789230143,-2.781879157429269,2.0525683253697617,1.0301312768662088
10428.797714756,-2.781879157429269,2.0525683253697617,1.0301312768662088
10428.798635328,-2.782033689566359,2.0527465172960953,1.0502330129436799
10428.802043122,-2.782033689566359,2.0527465172960953,1.0502330129436799
10428.810365524,-2.782033689566359,2.0527465172960953,1.0502330129436799
10428.812185308,-2.782033689566359,2.0527465172960953,1.0502330129436799
10428.820038282,-2.782033689566359,2.0527465172960953,1.0502330129436799
10428.832729608,-2.782033689566359,2.0527465172960953,1.0502330129436799
10428.843791114,-2.782033689566359,2.0527465172960953,1.0502330129436799
10428.846076759,-2.783594798155338,2.0544399989095554,1.0735360739199753
10428.851371883,-2.783594798155338,2.0544399989095554,1.0735360739199753
10428.862740099,-2.783594798155338,2.0544399989095554,1.0735360739199753
10428.873382874,-2.783594798155338,2.0544399989095554,1.0735360739199753
10428.883043557,-2.783594798155338,2.0544399989095554,1.0735360739199753
10428.89057166,-2.783594798155338,2.0544399989095554,1.0735360739199753
10428.904079128,-2.783594798155338,2.0544399989095554,1.0735360739199753
10428.908163724,-2.783594798155338,2.0544399989095554,1.0735360739199753
10428.910192031,-2.7850575185033692,2.0561698147546656,1.0965648371022403
10428.91084458,-2.7850575185033692,2.0561698147546656,1.0965648371022403
10428.913212894,-2.7850575185033692,2.0561698147546656,1.0965648371022403
10428.922070139,-2.7850575185033692,2.0561698147546656,1.0965648371022403
10428.932035467,-2.7850575185033692,2.0561698147546656,1.0965648371022403
10428.942096478,-2.7850575185033692,2.0561698147546656,1.0965648371022403
10428.94838686,-2.7850805044118454,2.0561247129654743,1.1023599582951726
10428.956227259,-2.7850805044118454,2.0561247129654743,1.1023599582951726
10428.963889368,-2.7850805044118454,2.0561247129654743,1.1023599582951726
10428.971431777,-2.7850805044118454,2.0561247129654743,1.1023599582951726
10428.982264745,-2.7850805044118454,2.0561247129654743,1.1023599582951726
10428.994155959,-2.7850805044118454,2.0561247129654743,1.1023599582951726
10428.999638305,-2.7850805044118454,2.0561247129654743,1.1023599582951726
10429.005317667,-2.785091918355945,2.056102121977797,1.103565879468268
10429.005942984,-2.785091918355945,2.056102121977797,1.103565879468268
10429.006761531,-2.785091918355945,2.056102121977797,1.103565879468268
10429.009718451,-2.785091918355945,2.056102121977797,1.103565879468268
10429.02034233,-2.785091918355945,2.056102121977797,1.103565879468268
10429.033355843,-2.785091918355945,2.056102121977797,1.103565879468268
10429.04165455,-2.785091918355945,2.056102121977797,1.103565879468268
10429.048427906,-2.7851033353538655,2.0560795325333006,1.102089591626471
10429.053993211,-2.7851033353538655,2.0560795325333006,1.102089591626471
10429.062827302,-2.7851033353538655,2.0560795325333006,1.102089591626471
10429.070983948,-2.7851033353538655,2.0560795325333006,1.102089591626471
10429.081443902,-2.7851033353538655,2.0560795325333006,1.102089591626471
10429.091027568,-2.7851033353538655,2.0560795325333006,1.102089591626471
10429.097776819,-2.7851033353538655,2.0560795325333006,1.102089591626471
10429.099492454,-2.785126352924565,2.056034446894615,1.095430918340033
10429.101576503,-2.785126352924565,2.056034446894615,1.095430918340033
10429.10308424,-2.785126352924565,2.056034446894615,1.095430918340033
10429.110294963,-2.785126352924565,2.056034446894615,1.095430918340033
10429.124817134,-2.785126352924565,2.056034446894615,1.095430918340033
10429.133704769,-2.785126352924565,2.056034446894615,1.095430918340033
10429.141017748,-2.785126352924565,2.056034446894615,1.095430918340033
10429.154942095,-2.785126352924565,2.056034446894615,1.095430918340033
10429.156303531,-2.7851500586445708,2.0559897192497445,1.0714421945851502
10429.161682779,-2.7851500586445708,2.0559897192497445,1.0714421945851502
10429.172711289,-2.7851500586445708,2.0559897192497445,1.0714421945851502
10429.181662104,-2.7851500586445708,2.0559897192497445,1.0714421945851502
10429.192120779,-2.7851500586445708,2.0559897192497445,1.0714421945851502
10429.199328026,-2.785062159216764,2.0564225735399573,1.0470035903361945
10429.207628086,-2.785062159216764,2.0564225735399573,1.0470035903361945
10429.21006974,-2.785062159216764,2.0564225735399573,1.0470035903361945
10429.21170972,-2.785062159216764,2.0564225735399573,1.0470035903361945
10429.221262527,-2.785062159216764,2.0564225735399573,1.0470035903361945
10429.233694848,-2.785062159216764,2.0564225735399573,1.0470035903361945
10429.239856183,-2.785062159216764,2.0564225735399573,1.0470035903361945
10429.243084854,-2.784381990064981,2.0590843127494423,1.0232252700088806
10429.248073384,-2.784381990064981,2.0590843127494423,1.0232252700088806
10429.253273619,-2.784381990064981,2.0590843127494423,1.0232252700088806
10429.261690432,-2.784381990064981,2.0590843127494423,1.0232252700088806
10429.272797756,-2.784381990064981,2.0590843127494423,1.0232252700088806
10429.283058469,-2.784381990064981,2.0590843127494423,1.0232252700088806
10429.290249936,-2.784381990064981,2.0590843127494423,1.0232252700088806
10429.300679171,-2.784381990064981,2.0590843127494423,1.0232252700088806
10429.304459719,-2.7835127564405453,2.061938904900466,0.9781785324408779
10429.305812408,-2.7835127564405453,2.061938904900466,0.9781785324408779
10429.30989814,-2.7835127564405453,2.061938904900466,0.9781785324408779
10429.314361545,-2.7835127564405453,2.061938904900466,0.9781785324408779
10429.322554469,-2.7835127564405453,2.061938904900466,0.9781785324408779
10429.331876685,-2.7835127564405453,2.061938904900466,0.9781785324408779
10429.341923389,-2.7835127564405453,2.061938904900466,0.9781785324408779
10429.345246741,-2.7835127564405453,2.061938904900466,0.9412092283561001
10429.352566273,-2.7835127564405453,2.061938904900466,0.9412092283561001
10429.364414806,-2.7835127564405453,2.061938904900466,0.9412092283561001
10429.37260782,-2.7835127564405453,2.061938904900466,0.9412092283561001
10429.382981226,-2.7835127564405453,2.061938904900466,0.9412092283561001
10429.392363369,-2.7835127564405453,2.061938904900466,0.9412092283561001
10429.39878014,-2.7834363495690195,2.062039789790751,0.9039849356009731
10429.400181753,-2.7834363495690195,2.062039789790751,0.9039849356009731
10429.401663951,-2.7834363495690195,2.062039789790751,0.9039849356009731
10429.411539429,-2.7834363495690195,2.062039789790751,0.9039849356009731
10429.424092209,-2.7834363495690195,2.062039789790751,0.9039849356009731
10429.431624238,-2.7834363495690195,2.062039789790751,0.9039849356009731
10429.441669919,-2.7834363495690195,2.062039789790751,0.9039849356009731
10429.450527906,-2.7834363495690195,2.062039789790751,0.9039849356009731
10429.455201543,-2.783371563748772,2.0621175901185222,0.848856361229635
10429.459406513,-2.783371563748772,2.0621175901185222,0.848856361229635
10429.461530689,-2.783371563748772,2.0621175901185222,0.848856361229635
10429.474740688,-2.783371563748772,2.0621175901185222,0.848856361229635
10429.485822783,-2.783371563748772,2.0621175901185222,0.848856361229635
10429.491436429,-2.783371563748772,2.0621175901185222,0.848856361229635
10429.500210796,-2.783371563748772,2.0621175901185222,0.848856361229635
10429.502841623,-2.783371563748772,2.0621175901185222,0.848856361229635
10429.503735323,-2.7832691632025823,2.062229736623282,0.8127290323569545
10429.514249932,-2.7832691632025823,2.062229736623282,0.8127290323569545
10429.523900897,-2.7832691632025823,2.062229736623282,0.8127290323569545
10429.532063523,-2.7832691632025823,2.062229736623282,0.8127290323569545
10429.546161672,-2.7832691632025823,2.062229736623282,0.8127290323569545
10429.547099918,-2.7832514401082635,2.062247806564397,0.7774473741843473
10429.558723119,-2.7832514401082635,2.062247806564397,0.7774473741843473
10429.561748871,-2.7832514401082635,2.062247806564397,0.7774473741843473
10429.567737853,-2.7832514401082635,2.062247806564397,0.7774473741843473
10429.572673555,-2.7832514401082635,2.062247806564397,0.7774473741843473
10429.58344759,-2.7832514401082635,2.062247806564397,0.7774473741843473
10429.592898362,-2.7832514401082635,2.062247806564397,0.7774473741843473
10429.602177385,-2.7832514401082635,2.062247806564397,0.7774473741843473
10429.60483866,-2.7831588964106384,2.062334128260012,0.7238051012351284
10429.60551284,-2.7831588964106384,2.062334128260012,0.7238051012351284
10429.610045437,-2.7831588964106384,2.062334128260012,0.7238051012351284
10429.615425957,-2.7831588964106384,2.062334128260012,0.7238051012351284
10429.625387858,-2.7831588964106384,2.062334128260012,0.7238051012351284
10429.631304184,-2.7831588964106384,2.062334128260012,0.7238051012351284
10429.646102092,-2.782329750468103,2.0630391413356537,0.6855177000357876
10429.652435647,-2.782329750468103,2.0630391413356537,0.6855177000357876
10429.655067916,-2.782329750468103,2.0630391413356537,0.6855177000357876
10429.664625803,-2.782329750468103,2.0630391413356537,0.6855177000357876
10429.674348435,-2.782329750468103,2.0630391413356537,0.6855177000357876
10429.684909332,-2.782329750468103,2.0630391413356537,0.6855177000357876
10429.693434282,-2.782329750468103,2.0630391413356537,0.6855177000357876
10429.698987813,-2.782329750468103,2.0630391413356537,0.6855177000357876
10429.701849482,-2.782329750468103,2.0630391413356537,0.6855177000357876
10429.70299776,-2.781135702291129,2.0639775016023085,0.6466067150428069
10429.711812474,-2.781135702291129,2.0639775016023085,0.6466067150428069
10429.720978832,-2.781135702291129,2.0639775016023085,0.6466067150428069
10429.732006062,-2.781135702291129,2.0639775016023085,0.6466067150428069
10429.739371171,-2.781135702291129,2.0639775016023085,0.6466067150428069
10429.7499763,-2.781135702291129,2.0639775016023085,0.6466067150428069
10429.758665457,-2.779648958028383,2.0650313620263274,0.5866587475135098
10429.759875453,-2.779648958028383,2.0650313620263274,0.5866587475135098
10429.76196339,-2.779648958028383,2.0650313620263274,0.5866587475135098
10429.775012921,-2.779648958028383,2.0650313620263274,0.5866587475135098
10429.78396027,-2.779648958028383,2.0650313620263274,0.5866587475135098
10429.794886606,-2.779648958028383,2.0650313620263274,0.5866587475135098
10429.802488158,-2.779648958028383,2.0650313620263274,0.5866587475135098
10429.805126309,-2.7771719530819867,2.0666076789787593,0.5468232944800626
10429.807065701,-2.7771719530819867,2.0666076789787593,0.5468232944800626
10429.812626517,-2.7771719530819867,2.0666076789787593,0.5468232944800626
10429.819772557,-2.7771719530819867,2.0666076789787593,0.5468232944800626
10429.830676851,-2.7771719530819867,2.0666076789787593,0.5468232944800626
10429.843168825,-2.7771719530819867,2.0666076789787593,0.5468232944800626
10429.84507805,-2.7755314710444394,2.0675628581152967,0.5077159717871913
10429.853119975,-2.7755314710444394,2.0675628581152967,0.5077159717871913
10429.855519969,-2.7755314710444394,2.0675628581152967,0.5077159717871913
10429.862998466,-2.7755314710444394,2.0675628581152967,0.5077159717871913
10429.872523149,-2.7755314710444394,2.0675628581152967,0.5077159717871913
10429.880743766,-2.7755314710444394,2.0675628581152967,0.5077159717871913
10429.892968759,-2.7755314710444394,2.0675628581152967,0.5077159717871913
10429.903922057,-2.7755314710444394,2.0675628581152967,0.5077159717871913
10429.906512606,-2.7755314710444394,2.0675628581152967,0.5077159717871913
10429.907275908,-2.773671164306884,2.0698620812062054,0.4498749443279719
10429.910209123,-2.773671164306884,2.0698620812062054,0.4498749443279719
10429.916837151,-2.773671164306884,2.0698620812062054,0.4498749443279719
10429.92277583,-2.773671164306884,2.0698620812062054,0.4498749443279719
10429.933005322,-2.773671164306884,2.0698620812062054,0.4498749443279719
10429.939876526,-2.773671164306884,2.0698620812062054,0.4498749443279719
10429.948855264,-2.768866722027504,2.0825267056204115,0.4072483298576038
10429.955969003,-2.768866722027504,2.0825267056204115,0.4072483298576038
10429.96386042,-2.768866722027504,2.0825267056204115,0.4072483298576038
10429.972790585,-2.768866722027504,2.0825267056204115,0.4072483298576038
10429.982835154,-2.768866722027504,2.0825267056204115,0.4072483298576038
10429.990089421,-2.768866722027504,2.0825267056204115,0.4072483298576038
10429.999858001,-2.768866722027504,2.0825267056204115,0.4072483298576038
10430.002707496,-2.768866722027504,2.0825267056204115,0.4072483298576038
10430.003204187,-2.7636937933473757,2.0997872972190614,0.3645673514373014
10430.014183976,-2.7636937933473757,2.0997872972190614,0.3645673514373014
10430.021324686,-2.7636937933473757,2.0997872972190614,0.3645673514373014
10430.036220041,-2.7636937933473757,2.0997872972190614,0.3645673514373014
10430.040604334,-2.7636937933473757,2.0997872972190614,0.3645673514373014
10430.052904831,-2.7636937933473757,2.0997872972190614,0.3645673514373014
10430.054583284,-2.761358227507795,2.10188919721274,0.30195712245005496
10430.062007286,-2.761358227507795,2.10188919721274,0.30195712245005496
10430.062956173,-2.761358227507795,2.10188919721274,0.30195712245005496
10430.07241993,-2.761358227507795,2.10188919721274,0.30195712245005496
10430.081126357,-2.761358227507795,2.10188919721274,0.30195712245005496
10430.090871883,-2.761358227507795,2.10188919721274,0.30195712245005496
10430.099616012,-2.761358227507795,2.10188919721274,0.30195712245005496
10430.100526555,-2.7585619599299194,2.102697424004504,0.26078199542063607
10430.100907314,-2.7585619599299194,2.102697424004504,0.26078199542063607
10430.114589066,-2.7585619599299194,2.102697424004504,0.26078199542063607
10430.12654338,-2.7585619599299194,2.102697424004504,0.26078199542063607
10430.135249367,-2.7585619599299194,2.102697424004504,0.26078199542063607
10430.141327923,-2.7585619599299194,2.102697424004504,0.26078199542063607
10430.147634286,-2.756841841854606,2.103122023749389,0.22322904265421756
10430.15165349,-2.756841841854606,2.103122023749389,0.22322904265421756
10430.15838198,-2.756841841854606,2.103122023749389,0.22322904265421756
10430.162660491,-2.756841841854606,2.103122023749389,0.22322904265421756
10430.169438186,-2.756841841854606,2.103122023749389,0.22322904265421756
10430.18114694,-2.756841841854606,2.103122023749389,0.22322904265421756
10430.194980873,-2.756841841854606,2.103122023749389,0.22322904265421756
10430.201013949,-2.755276431957108,2.103425595278491,0.15986513293284307
10430.201707477,-2.755276431957108,2.103425595278491,0.15986513293284307
10430.203434473,-2.755276431957108,2.103425595278491,0.15986513293284307
10430.2122958,-2.755276431957108,2.103425595278491,0.15986513293284307
10430.233366707,-2.755276431957108,2.103425595278491,0.15986513293284307
10430.236165615,-2.755276431957108,2.103425595278491,0.15986513293284307
10430.239780926,-2.755276431957108,2.103425595278491,0.15986513293284307
10430.247434147,-2.7453118546650668,2.1040648568388405,0.12993183859598104
10430.259748911,-2.7453118546650668,2.1040648568388405,0.12993183859598104
10430.260905365,-2.7453118546650668,2.1040648568388405,0.12993183859598104
10430.269578378,-2.7453118546650668,2.1040648568388405,0.12993183859598104
10430.274104493,-2.7453118546650668,2.1040648568388405,0.12993183859598104
10430.286662944,-2.7453118546650668,2.1040648568388405,0.12993183859598104
10430.296755925,-2.7453118546650668,2.1040648568388405,0.12993183859598104
10430.304823399,-2.7453118546650668,2.1040648568388405,0.12993183859598104
10430.311244932,-2.732686344853641,2.1042643559743537,0.08872533486797236
10430.315888121,-2.732686344853641,2.1042643559743537,0.08872533486797236
10430.316260814,-2.732686344853641,2.1042643559743537,0.08872533486797236
10430.322261782,-2.732686344853641,2.1042643559743537,0.08872533486797236
10430.3299447,-2.732686344853641,2.1042643559743537,0.08872533486797236
10430.340857551,-2.732686344853641,2.1042643559743537,0.08872533486797236
10430.351006068,-2.732686344853641,2.1042643559743537,0.08872533486797236
10430.356352523,-2.732686344853641,2.1042643559743537,0.08872533486797236
10430.356975767,-2.7311207551794574,2.1043716589893813,0.04813743279888057
10430.365447584,-2.7311207551794574,2.1043716589893813,0.04813743279888057
10430.374147309,-2.7311207551794574,2.1043716589893813,0.04813743279888057
10430.382566787,-2.7311207551794574,2.1043716589893813,0.04813743279888057
10430.390773637,-2.7311207551794574,2.1043716589893813,0.04813743279888057
10430.397740443,-2.7303111228964267,2.1043940543168698,0.007170683607596359
10430.398716291,-2.7303111228964267,2.1043940543168698,0.007170683607596359
10430.4124749,-2.7303111228964267,2.1043940543168698,0.007170683607596359
10430.415571107,-2.7303111228964267,2.1043940543168698,0.007170683607596359
10430.41599604,-2.7303111228964267,2.1043940543168698,0.007170683607596359
10430.420555789,-2.7303111228964267,2.1043940543168698,0.007170683607596359
10430.43252417,-2.7303111228964267,2.1043940543168698,0.007170683607596359
10430.443338141,-2.7303111228964267,2.1043940543168698,0.007170683607596359
10430.457018189,-2.7303111228964267,2.1043940543168698,0.007170683607596359
10430.463964687,-2.7303111228964267,2.1043940543168698,0.007170683607596359
10430.478885259,-2.7303111228964267,2.1043940543168698,0.007170683607596359
10430.483413257,-2.7298050558877924,2.104381867420811,-0.0553245480208216
10430.485319797,-2.7298050558877924,2.104381867420811,-0.0553245480208216
10430.491623885,-2.7298050558877924,2.104381867420811,-0.0553245480208216
10430.500684339,-2.7298050558877924,2.104381867420811,-0.0553245480208216
10430.501978446,-2.728896503449101,2.1043126573046598,-0.09673427893207648
10430.502627349,-2.728896503449101,2.1043126573046598,-0.09673427893207648
10430.510711103,-2.728896503449101,2.1043126573046598,-0.09673427893207648
10430.522942428,-2.728896503449101,2.1043126573046598,-0.09673427893207648
10430.529982134,-2.728896503449101,2.1043126573046598,-0.09673427893207648
10430.540095564,-2.728896503449101,2.1043126573046598,-0.09673427893207648
10430.546721969,-2.7276658992028544,2.1065667901423084,-0.134654645856495
10430.55222277,-2.7276658992028544,2.1065667901423084,-0.134654645856495
10430.553698094,-2.7276658992028544,2.1065667901423084,-0.134654645856495
10430.5601999,-2.7276658992028544,2.1065667901423084,-0.134654645856495
10430.573900046,-2.7276658992028544,2.1065667901423084,-0.134654645856495
10430.581909308,-2.7276658992028544,2.1065667901423084,-0.134654645856495
10430.591760787,-2.7276658992028544,2.1065667901423084,-0.134654645856495
10430.603382244,-2.7276658992028544,2.1065667901423084,-0.134654645856495
10430.605246673,-2.7260861236668887,2.1096188501983537,-0.19064885232821763
10430.606717739,-2.7260861236668887,2.1096188501983537,-0.19064885232821763
10430.614425434,-2.7260861236668887,2.1096188501983537,-0.19064885232821763
10430.623774692,-2.7260861236668887,2.1096188501983537,-0.19064885232821763
10430.624527082,-2.7260861236668887,2.1096188501983537,-0.19064885232821763
10430.630970296,-2.7260861236668887,2.1096188501983537,-0.19064885232821763
10430.643692076,-2.7260861236668887,2.1096188501983537,-0.19064885232821763
10430.649221905,-2.7254427491381827,2.1094805184721874,-0.23292189691439916
10430.651913708,-2.7254427491381827,2.1094805184721874,-0.23292189691439916
10430.662164652,-2.7254427491381827,2.1094805184721874,-0.23292189691439916
10430.670334822,-2.7254427491381827,2.1094805184721874,-0.23292189691439916
10430.68334663,-2.7254427491381827,2.1094805184721874,-0.23292189691439916
10430.690035084,-2.7254427491381827,2.1094805184721874,-0.23292189691439916
10430.698646328,-2.7254427491381827,2.1094805184721874,-0.23292189691439916
10430.701923732,-2.7254427491381827,2.1094805184721874,-0.23292189691439916
10430.702652267,-2.7254427491381827,2.1094805184721874,-0.23292189691439916
10430.704162248,-2.7248789983095274,2.109335333349841,-0.27119213197604464
10430.711795841,-2.7248789983095274,2.109335333349841,-0.27119213197604464
10430.721596722,-2.7248789983095274,2.109335333349841,-0.27119213197604464
10430.733347397,-2.7248789983095274,2.109335333349841,-0.27119213197604464
10430.73928334,-2.7248789983095274,2.109335333349841,-0.27119213197604464
10430.753663368,-2.7248789983095274,2.109335333349841,-0.27119213197604464
10430.754819431,-2.724201547652271,2.1091272103362115,-0.3249335870541697
10430.761830632,-2.724201547652271,2.1091272103362115,-0.3249335870541697
10430.771951437,-2.724201547652271,2.1091272103362115,-0.3249335870541697
10430.782303354,-2.724201547652271,2.1091272103362115,-0.3249335870541697
10430.791700933,-2.724201547652271,2.1091272103362115,-0.3249335870541697
10430.800645315,-2.724201547652271,2.1091272103362115,-0.3249335870541697
10430.802169303,-2.724201547652271,2.1091272103362115,-0.3249335870541697
10430.803068344,-2.7230495047187686,2.108170848236377,-0.3559107376457225
10430.803660708,-2.7230495047187686,2.108170848236377,-0.3559107376457225
10430.810843127,-2.7230495047187686,2.108170848236377,-0.3559107376457225
10430.820237261,-2.7230495047187686,2.108170848236377,-0.3559107376457225
10430.831873816,-2.7230495047187686,2.108170848236377,-0.3559107376457225
10430.840926857,-2.7230495047187686,2.108170848236377,-0.3559107376457225
10430.85044664,-2.7254708488727717,2.103242234832878,-0.3808181243586164
10430.85272934,-2.7254708488727717,2.103242234832878,-0.3808181243586164
10430.861800575,-2.7254708488727717,2.103242234832878,-0.3808181243586164
10430.871696489,-2.7254708488727717,2.103242234832878,-0.3808181243586164
10430.881746044,-2.7254708488727717,2.103242234832878,-0.3808181243586164
10430.891176269,-2.7254708488727717,2.103242234832878,-0.3808181243586164
10430.902405636,-2.7254708488727717,2.103242234832878,-0.3808181243586164
10430.904234476,-2.72805372884973,2.098304244451232,-0.4132179681855968
10430.905052522,-2.72805372884973,2.098304244451232,-0.4132179681855968
10430.909754691,-2.72805372884973,2.098304244451232,-0.4132179681855968
10430.911611238,-2.72805372884973,2.098304244451232,-0.4132179681855968
10430.922002921,-2.72805372884973,2.098304244451232,-0.4132179681855968
10430.932444619,-2.72805372884973,2.098304244451232,-0.4132179681855968
10430.940483648,-2.72805372884973,2.098304244451232,-0.4132179681855968
10430.947247256,-2.7268774723116307,2.0977725477498734,-0.43585438175981556
10430.956179545,-2.7268774723116307,2.0977725477498734,-0.43585438175981556
10430.961979699,-2.7268774723116307,2.0977725477498734,-0.43585438175981556
10430.971645231,-2.7268774723116307,2.0977725477498734,-0.43585438175981556
10430.981800381,-2.7268774723116307,2.0977725477498734,-0.43585438175981556
10430.993202829,-2.7268774723116307,2.0977725477498734,-0.43585438175981556
10430.998697838,-2.7268774723116307,2.0977725477498734,-0.43585438175981556
10431.000233728,-2.7268774723116307,2.0977725477498734,-0.43585438175981556
10431.00068408,-2.725849578318862,2.0972819242699523,-0.4548074667054944
10431.00168684,-2.725849578318862,2.0972819242699523,-0.4548074667054944
10431.011766796,-2.725849578318862,2.0972819242699523,-0.4548074667054944
10431.023479087,-2.725849578318862,2.0972819242699523,-0.4548074667054944
10431.033054076,-2.725849578318862,2.0972819242699523,-0.4548074667054944
10431.040940162,-2.725849578318862,2.0972819242699523,-0.4548074667054944
10431.053634874,-2.725849578318862,2.0972819242699523,-0.4548074667054944
10431.055841298,-2.7281832986794754,2.098170945728248,-0.48839305950642076
10431.064836086,-2.7281832986794754,2.098170945728248,-0.48839305950642076
10431.071709915,-2.7281832986794754,2.098170945728248,-0.48839305950642076
10431.081096484,-2.7281832986794754,2.098170945728248,-0.48839305950642076
10431.093899733,-2.7281832986794754,2.098170945728248,-0.48839305950642076
10431.099537415,-2.7281832986794754,2.098170945728248,-0.48839305950642076
10431.101370845,-2.7281832986794754,2.098170945728248,-0.48839305950642076
10431.101785459,-2.7281832986794754,2.098170945728248,-0.48839305950642076
10431.103810916,-2.7311150961143205,2.0992386522016453,-0.5112554622622345
10431.111999131,-2.7311150961143205,2.0992386522016453,-0.5112554622622345
10431.121159336,-2.7311150961143205,2.0992386522016453,-0.5112554622622345
10431.132263092,-2.7311150961143205,2.0992386522016453,-0.5112554622622345
10431.143121198,-2.7311150961143205,2.0992386522016453,-0.5112554622622345
10431.148068498,-2.7310759557176887,2.0991380388787655,-0.5326559279805272
10431.152954742,-2.7310759557176887,2.0991380388787655,-0.5326559279805272
10431.161621923,-2.7310759557176887,2.0991380388787655,-0.5326559279805272
10431.170085275,-2.7310759557176887,2.0991380388787655,-0.5326559279805272
10431.180977446,-2.7310759557176887,2.0991380388787655,-0.5326559279805272
10431.191073282,-2.7310759557176887,2.0991380388787655,-0.5326559279805272
10431.205185357,-2.7310759557176887,2.0991380388787655,-0.5326559279805272
10431.206265445,-2.7310759557176887,2.0991380388787655,-0.5326559279805272
10431.207519906,-2.7310759557176887,2.0991380388787655,-0.5326559279805272
10431.210857305,-2.73062332437633,2.0988593938158386,-0.570983145082578
10431.215090759,-2.73062332437633,2.0988593938158386,-0.570983145082578
10431.221093791,-2.73062332437633,2.0988593938158386,-0.570983145082578
10431.232944446,-2.73062332437633,2.0988593938158386,-0.570983145082578
10431.24181664,-2.73062332437633,2.0988593938158386,-0.570983145082578
10431.246273873,-2.7300321208302276,2.098468583185358,-0.5972144339924901
10431.255496388,-2.7300321208302276,2.098468583185358,-0.5972144339924901
10431.263833026,-2.7300321208302276,2.098468583185358,-0.5972144339924901
10431.272284144,-2.7300321208302276,2.098468583185358,-0.5972144339924901
10431.282396693,-2.7300321208302276,2.098468583185358,-0.5972144339924901
10431.290001801,-2.7300321208302276,2.098468583185358,-0.5972144339924901
10431.297772504,-2.7295287634874024,2.098505372099455,-0.6236435331100559
10431.299906632,-2.7295287634874024,2.098505372099455,-0.6236435331100559
10431.301758618,-2.7295287634874024,2.098505372099455,-0.6236435331100559
10431.302452686,-2.7295287634874024,2.098505372099455,-0.6236435331100559
10431.312643504,-2.7295287634874024,2.098505372099455,-0.6236435331100559
10431.323844807,-2.7295287634874024,2.098505372099455,-0.6236435331100559
10431.332875735,-2.7295287634874024,2.098505372099455,-0.6236435331100559
10431.340834962,-2.7295287634874024,2.098505372099455,-0.6236435331100559
10431.350597099,-2.7295287634874024,2.098505372099455,-0.6236435331100559
10431.354137707,-2.726938245784838,2.100722848628226,-0.6694859898627762
10431.362221472,-2.726938245784838,2.100722848628226,-0.6694859898627762
10431.371197324,-2.726938245784838,2.100722848628226,-0.6694859898627762
10431.38428574,-2.726938245784838,2.100722848628226,-0.6694859898627762
10431.39479146,-2.726938245784838,2.100722848628226,-0.6694859898627762
10431.396697248,-2.726938245784838,2.100722848628226,-0.6694859898627762
10431.397205441,-2.7239766090711113,2.103204444617959,-0.6984073010717641
10431.401940234,-2.7239766090711113,2.103204444617959,-0.6984073010717641
10431.402722833,-2.7239766090711113,2.103204444617959,-0.6984073010717641
10431.414211245,-2.7239766090711113,2.103204444617959,-0.6984073010717641
10431.421100693,-2.7239766090711113,2.103204444617959,-0.6984073010717641
10431.431639577,-2.7239766090711113,2.103204444617959,-0.6984073010717641
10431.439509212,-2.7239766090711113,2.103204444617959,-0.6984073010717641
10431.44259025,-2.723482569533639,2.103145516715292,-0.7252619769070954
10431.452889154,-2.723482569533639,2.103145516715292,-0.7252619769070954
10431.462898184,-2.723482569533639,2.103145516715292,-0.7252619769070954
10431.471350905,-2.723482569533639,2.103145516715292,-0.7252619769070954
10431.481542264,-2.723482569533639,2.103145516715292,-0.7252619769070954
10431.490957798,-2.723482569533639,2.103145516715292,-0.7252619769070954
10431.504273137,-2.723482569533639,2.103145516715292,-0.7252619769070954
10431.505833965,-2.7231473614265704,2.1028369718750124,-0.7627447154019685
10431.506558742,-2.7231473614265704,2.1028369718750124,-0.7627447154019685
10431.507293449,-2.7231473614265704,2.1028369718750124,-0.7627447154019685
10431.513001605,-2.7231473614265704,2.1028369718750124,-0.7627447154019685
10431.523624621,-2.7231473614265704,2.1028369718750124,-0.7627447154019685
10431.531018211,-2.7231473614265704,2.1028369718750124,-0.7627447154019685
10431.540818104,-2.7231473614265704,2.1028369718750124,-0.7627447154019685
10431.54541832,-2.7225874134961185,2.1022873314867416,-0.7894731070493074
10431.55502492,-2.7225874134961185,2.1022873314867416,-0.7894731070493074
10431.560701887,-2.7225874134961185,2.1022873314867416,-0.7894731070493074
10431.571183261,-2.7225874134961185,2.1022873314867416,-0.7894731070493074
10431.584403989,-2.7225874134961185,2.1022873314867416,-0.7894731070493074
10431.592237534,-2.7225874134961185,2.1022873314867416,-0.7894731070493074
10431.599550313,-2.7219011253273386,2.1015778189333933,-0.8145976569150297
10431.600606284,-2.7219011253273386,2.1015778189333933,-0.8145976569150297
10431.604027343,-2.7219011253273386,2.1015778189333933,-0.8145976569150297
10431.60445419,-2.7219011253273386,2.1015778189333933,-0.8145976569150297
10431.614062914,-2.7219011253273386,2.1015778189333933,-0.8145976569150297
10431.623915414,-2.7219011253273386,2.1015778189333933,-0.8145976569150297
10431.635753525,-2.7219011253273386,2.1015778189333933,-0.8145976569150297
10431.641936973,-2.7219011253273386,2.1015778189333933,-0.8145976569150297
10431.653880014,-2.7219011253273386,2.1015778189333933,-0.8145976569150297
10431.656922649,-2.721084971232547,2.1006778711801912,-0.8537769820187897
10431.659941057,-2.721084971232547,2.1006778711801912,-0.8537769820187897
10431.671972458,-2.721084971232547,2.1006778711801912,-0.8537769820187897
10431.68706024,-2.721084971232547,2.1006778711801912,-0.8537769820187897
10431.693474609,-2.721084971232547,2.1006778711801912,-0.8537769820187897
10431.702004367,-2.721084971232547,2.1006778711801912,-0.8537769820187897
10431.705503135,-2.721084971232547,2.1006778711801912,-0.8537769820187897
10431.706387548,-2.7195266464612953,2.0993884816222805,-0.87876727225034
10431.714634775,-2.7195266464612953,2.0993884816222805,-0.87876727225034
10431.715981744,-2.7195266464612953,2.0993884816222805,-0.87876727225034
10431.721787226,-2.7195266464612953,2.0993884816222805,-0.87876727225034
10431.735538691,-2.7195266464612953,2.0993884816222805,-0.87876727225034
10431.739584936,-2.7195266464612953,2.0993884816222805,-0.87876727225034
10431.745930704,-2.7170717367177066,2.1021084609060106,-0.9080549350195549
10431.750780037,-2.7170717367177066,2.1021084609060106,-0.9080549350195549
10431.761439792,-2.7170717367177066,2.1021084609060106,-0.9080549350195549
10431.772216482,-2.7170717367177066,2.1021084609060106,-0.9080549350195549
10431.781403798,-2.7170717367177066,2.1021084609060106,-0.9080549350195549
10431.79160158,-2.7170717367177066,2.1021084609060106,-0.9080549350195549
10431.80272855,-2.7170717367177066,2.1021084609060106,-0.9080549350195549
10431.803895845,-2.7170717367177066,2.1021084609060106,-0.9080549350195549
10431.804733117,-2.7164488165484673,2.1072660017918636,-0.9496219419336839
10431.805294442,-2.7164488165484673,2.1072660017918636,-0.9496219419336839
10431.81097225,-2.7164488165484673,2.1072660017918636,-0.9496219419336839
10431.823074557,-2.7164488165484673,2.1072660017918636,-0.9496219419336839
10431.832083503,-2.7164488165484673,2.1072660017918636,-0.9496219419336839
10431.844425208,-2.7164488165484673,2.1072660017918636,-0.9496219419336839
10431.845928947,-2.714983682539697,2.1051711372192456,-0.9713335298395681
10431.853072762,-2.714983682539697,2.1051711372192456,-0.9713335298395681
10431.861627668,-2.714983682539697,2.1051711372192456,-0.9713335298395681
10431.872012848,-2.714983682539697,2.1051711372192456,-0.9713335298395681
10431.880806552,-2.714983682539697,2.1051711372192456,-0.9713335298395681
10431.891219224,-2.714983682539697,2.1051711372192456,-0.9713335298395681
10431.903993658,-2.714983682539697,2.1051711372192456,-0.9713335298395681
10431.908087605,-2.714076820948235,2.1037984510313277,-1.0026114248133235
10431.909229271,-2.714076820948235,2.1037984510313277,-1.0026114248133235
10431.91530983,-2.714076820948235,2.1037984510313277,-1.0026114248133235
10431.916254078,-2.714076820948235,2.1037984510313277,-1.0026114248133235
10431.92179761,-2.714076820948235,2.1037984510313277,-1.0026114248133235
10431.930974226,-2.714076820948235,2.1037984510313277,-1.0026114248133235
10431.941922023,-2.714076820948235,2.1037984510313277,-1.0026114248133235
10431.954630019,-2.714076820948235,2.1037984510313277,-1.0026114248133235
10431.957876273,-2.7126766956240074,2.101539556581977,-1.0292387269831234
10431.961707157,-2.7126766956240074,2.101539556581977,-1.0292387269831234
10431.972781005,-2.7126766956240074,2.101539556581977,-1.0292387269831234
10431.982605722,-2.7126766956240074,2.101539556581977,-1.0292387269831234
10431.992024853,-2.7126766956240074,2.101539556581977,-1.0292387269831234
10431.997886844,-2.711618025037387,2.0997250256579,-1.0560453199244069
10431.998702065,-2.711618025037387,2.0997250256579,-1.0560453199244069
10432.002394964,-2.711618025037387,2.0997250256579,-1.0560453199244069
10432.003108119,-2.711618025037387,2.0997250256579,-1.0560453199244069
10432.013052926,-2.711618025037387,2.0997250256579,-1.0560453199244069
10432.021154394,-2.711618025037387,2.0997250256579,-1.0560453199244069
10432.030854543,-2.711618025037387,2.0997250256579,-1.0560453199244069
10432.041251265,-2.711618025037387,2.0997250256579,-1.0560453199244069
10432.049898488,-2.711618025037387,2.0997250256579,-1.0560453199244069
10432.054294243,-2.710519947085362,2.0976716079516753,-1.1034183763361496
10432.06366978,-2.710519947085362,2.0976716079516753,-1.1034183763361496
10432.075619084,-2.710519947085362,2.0976716079516753,-1.1034183763361496
10432.08426245,-2.710519947085362,2.0976716079516753,-1.1034183763361496
10432.090135272,-2.710519947085362,2.0976716079516753,-1.1034183763361496
10432.1024993,-2.710519947085362,2.0976716079516753,-1.1034183763361496
10432.104628806,-2.710519947085362,2.0976716079516753,-1.1034183763361496
10432.105342292,-2.7077753003144336,2.0954003799364282,-1.1384861962718797
10432.114191973,-2.7077753003144336,2.0954003799364282,-1.1384861962718797
10432.118522022,-2.7077753003144336,2.0954003799364282,-1.1384861962718797
10432.120802747,-2.7077753003144336,2.0954003799364282,-1.1384861962718797
10432.132389638,-2.7077753003144336,2.0954003799364282,-1.1384861962718797
10432.140980763,-2.7077753003144336,2.0954003799364282,-1.1384861962718797
10432.146966852,-2.6989294639468433,2.0991224870809178,-1.1746779487808396
10432.153543802,-2.6989294639468433,2.0991224870809178,-1.1746779487808396
10432.159917663,-2.6989294639468433,2.0991224870809178,-1.1746779487808396
10432.169946972,-2.6989294639468433,2.0991224870809178,-1.1746779487808396
10432.184809152,-2.6989294639468433,2.0991224870809178,-1.1746779487808396
10432.195983853,-2.6989294639468433,2.0991224870809178,-1.1746779487808396
10432.20362965,-2.6989294639468433,2.0991224870809178,-1.1746779487808396
10432.207654945,-2.6913959661634346,2.101723949489896,-1.2318772833548632
10432.208139773,-2.6913959661634346,2.101723949489896,-1.2318772833548632
10432.208777724,-2.6913959661634346,2.101723949489896,-1.2318772833548632
10432.212469962,-2.6913959661634346,2.101723949489896,-1.2318772833548632
10432.220830677,-2.6913959661634346,2.101723949489896,-1.2318772833548632
10432.238789645,-2.6913959661634346,2.101723949489896,-1.2318772833548632
10432.242305806,-2.6913959661634346,2.101723949489896,-1.2318772833548632
10432.24710312,-2.690271138840791,2.0983370415627522,-1.2684163611136527
10432.253615947,-2.690271138840791,2.0983370415627522,-1.2684163611136527
10432.263315043,-2.690271138840791,2.0983370415627522,-1.2684163611136527
10432.273585343,-2.690271138840791,2.0983370415627522,-1.2684163611136527
10432.283074959,-2.690271138840791,2.0983370415627522,-1.2684163611136527
10432.292063315,-2.690271138840791,2.0983370415627522,-1.2684163611136527
10432.297352921,-2.690271138840791,2.0983370415627522,-1.2684163611136527
10432.298411538,-2.689682704384305,2.096346728349576,-1.2982553999625297
10432.300166227,-2.689682704384305,2.096346728349576,-1.2982553999625297
10432.303334562,-2.689682704384305,2.096346728349576,-1.2982553999625297
10432.310643393,-2.689682704384305,2.096346728349576,-1.2982553999625297
10432.323163349,-2.689682704384305,2.096346728349576,-1.2982553999625297
10432.3364795,-2.689682704384305,2.096346728349576,-1.2982553999625297
10432.341342308,-2.689682704384305,2.096346728349576,-1.2982553999625297
10432.352819128,-2.689682704384305,2.096346728349576,-1.2982553999625297
10432.354110721,-2.689232203987322,2.094554810058793,-1.3507327597342573
10432.364949195,-2.689232203987322,2.094554810058793,-1.3507327597342573
10432.36944812,-2.689232203987322,2.094554810058793,-1.3507327597342573
10432.385060714,-2.689232203987322,2.094554810058793,-1.3507327597342573
10432.389648429,-2.689232203987322,2.094554810058793,-1.3507327597342573
10432.399442317,-2.6887261367950868,2.0920748494868224,-1.3882622282706354
10432.40189402,-2.6887261367950868,2.0920748494868224,-1.3882622282706354
10432.403034263,-2.6887261367950868,2.0920748494868224,-1.3882622282706354
10432.407512675,-2.6887261367950868,2.0920748494868224,-1.3882622282706354
10432.414946445,-2.6887261367950868,2.0920748494868224,-1.3882622282706354
10432.422324859,-2.6887261367950868,2.0920748494868224,-1.3882622282706354
10432.433048326,-2.6887261367950868,2.0920748494868224,-1.3882622282706354
10432.447676848,-2.6887261367950868,2.0920748494868224,-1.3882622282706354
10432.449436206,-2.6885294032005636,2.0908759711119536,-1.428033546706304
10432.455690138,-2.6885294032005636,2.0908759711119536,-1.428033546706304
10432.459941495,-2.6885294032005636,2.0908759711119536,-1.428033546706304
10432.473943285,-2.6885294032005636,2.0908759711119536,-1.428033546706304
10432.484775864,-2.6885294032005636,2.0908759711119536,-1.428033546706304
10432.490823641,-2.6885294032005636,2.0908759711119536,-1.428033546706304
10432.501238717,-2.6885294032005636,2.0908759711119536,-1.428033546706304
10432.506229842,-2.6865783569294397,2.0895602628869923,-1.4909410530916232
10432.506974046,-2.6865783569294397,2.0895602628869923,-1.4909410530916232
10432.51039792,-2.6865783569294397,2.0895602628869923,-1.4909410530916232
10432.514262769,-2.6865783569294397,2.0895602628869923,-1.4909410530916232
10432.523398246,-2.6865783569294397,2.0895602628869923,-1.4909410530916232
10432.531410012,-2.6865783569294397,2.0895602628869923,-1.4909410530916232
10432.545600927,-2.6865783569294397,2.0895602628869923,-1.4909410530916232
10432.550192807,-2.6834254087618206,2.088187048552076,-1.537936916887002
10432.554731765,-2.6834254087618206,2.088187048552076,-1.537936916887002
10432.560799761,-2.6834254087618206,2.088187048552076,-1.537936916887002
10432.57464851,-2.6834254087618206,2.088187048552076,-1.537936916887002
10432.582340114,-2.6834254087618206,2.088187048552076,-1.537936916887002
10432.590766203,-2.6834254087618206,2.088187048552076,-1.537936916887002
10432.597351228,-2.680361481870528,2.0870214369439406,-1.5793599687187576
10432.598097266,-2.680361481870528,2.0870214369439406,-1.5793599687187576
10432.600915251,-2.680361481870528,2.0870214369439406,-1.5793599687187576
10432.60577865,-2.680361481870528,2.0870214369439406,-1.5793599687187576
10432.614786293,-2.680361481870528,2.0870214369439406,-1.5793599687187576
10432.624690913,-2.680361481870528,2.0870214369439406,-1.5793599687187576
10432.631004048,-2.680361481870528,2.0870214369439406,-1.5793599687187576
10432.641942395,-2.680361481870528,2.0870214369439406,-1.5793599687187576
10432.654695168,-2.680361481870528,2.0870214369439406,-1.5793599687187576
10432.655451185,-2.680362527678075,2.0869961478725707,-1.6448938451378248
10432.660631251,-2.680362527678075,2.0869961478725707,-1.6448938451378248
10432.674413823,-2.680362527678075,2.0869961478725707,-1.6448938451378248
10432.680721478,-2.680362527678075,2.0869961478725707,-1.6448938451378248
10432.690602332,-2.680362527678075,2.0869961478725707,-1.6448938451378248
10432.701036555,-2.680362527678075,2.0869961478725707,-1.6448938451378248
10432.702285076,-2.6803649327930525,2.0869709517167907,-1.6870333753197089
10432.704933956,-2.6803649327930525,2.0869709517167907,-1.6870333753197089
10432.705831103,-2.6803649327930525,2.0869709517167907,-1.6870333753197089
10432.717216838,-2.6803649327930525,2.0869709517167907,-1.6870333753197089
10432.72503819,-2.6803649327930525,2.0869709517167907,-1.6870333753197089
10432.738155038,-2.6803649327930525,2.0869709517167907,-1.6870333753197089
10432.740442688,-2.6803649327930525,2.0869709517167907,-1.6870333753197089
10432.742630516,-2.6803649327930525,2.0869709517167907,-1.7309276662437818
10432.753678153,-2.6803649327930525,2.0869709517167907,-1.7309276662437818
10432.763245127,-2.6803649327930525,2.0869709517167907,-1.7309276662437818
10432.77233698,-2.6803649327930525,2.0869709517167907,-1.7309276662437818
10432.781680937,-2.6803649327930525,2.0869709517167907,-1.7309276662437818
10432.79507168,-2.6803649327930525,2.0869709517167907,-1.7309276662437818
10432.800681649,-2.6803649327930525,2.0869709517167907,-1.7309276662437818
10432.80446467,-2.6803649327930525,2.0869709517167907,-1.7309276662437818
10432.805699975,-2.6803649327930525,2.0869709517167907,-1.7309276662437818
10432.806711952,-2.679233341101205,2.087427768845442,-1.7967059255120796
10432.811009218,-2.679233341101205,2.087427768845442,-1.7967059255120796
10432.821786819,-2.679233341101205,2.087427768845442,-1.7967059255120796
10432.832706,-2.679233341101205,2.087427768845442,-1.7967059255120796
10432.846716078,-2.679233341101205,2.087427768845442,-1.7967059255120796
10432.847662099,-2.676833606459994,2.0882106752453002,-1.8453137419247694
10432.849911104,-2.676833606459994,2.0882106752453002,-1.8453137419247694
10432.864758446,-2.676833606459994,2.0882106752453002,-1.8453137419247694
10432.870831351,-2.676833606459994,2.0882106752453002,-1.8453137419247694
10432.882448989,-2.676833606459994,2.0882106752453002,-1.8453137419247694
10432.891310061,-2.676833606459994,2.0882106752453002,-1.8453137419247694
10432.90272917,-2.676833606459994,2.0882106752453002,-1.8453137419247694
10432.908175686,-2.674580266281548,2.0887570221952627,-1.9171696755948056
10432.908840358,-2.674580266281548,2.0887570221952627,-1.9171696755948056
10432.910302066,-2.674580266281548,2.0887570221952627,-1.9171696755948056
10432.916929883,-2.674580266281548,2.0887570221952627,-1.9171696755948056
10432.925453569,-2.674580266281548,2.0887570221952627,-1.9171696755948056
10432.932247735,-2.674580266281548,2.0887570221952627,-1.9171696755948056
10432.940813031,-2.674580266281548,2.0887570221952627,-1.9171696755948056
10432.949613938,-2.674525598437678,2.0888987054237553,-1.9609130475583059
10432.951743314,-2.674525598437678,2.0888987054237553,-1.9609130475583059
10432.961843437,-2.674525598437678,2.0888987054237553,-1.9609130475583059
10432.971938241,-2.674525598437678,2.0888987054237553,-1.9609130475583059
10432.983662975,-2.674525598437678,2.0888987054237553,-1.9609130475583059
10432.993676092,-2.674525598437678,2.0888987054237553,-1.9609130475583059
10432.996890145,-2.674495304830611,2.0889683328247437,-2.0014372918667767
10432.997321491,-2.674495304830611,2.0889683328247437,-2.0014372918667767
10432.999895388,-2.674495304830611,2.0889683328247437,-2.0014372918667767
10433.003767639,-2.674495304830611,2.0889683328247437,-2.0014372918667767
10433.011812179,-2.674495304830611,2.0889683328247437,-2.0014372918667767
10433.02418351,-2.674495304830611,2.0889683328247437,-2.0014372918667767
10433.031499855,-2.674495304830611,2.0889683328247437,-2.0014372918667767
10433.040802512,-2.674495304830611,2.0889683328247437,-2.0014372918667767
10433.049212551,-2.674495304830611,2.0889683328247437,-2.0014372918667767
10433.055194512,-2.6744840178487874,2.08899098751268,-2.0645979497494684
10433.061116077,-2.6744840178487874,2.08899098751268,-2.0645979497494684
10433.070874828,-2.6744840178487874,2.08899098751268,-2.0645979497494684
10433.080856214,-2.6744840178487874,2.08899098751268,-2.0645979497494684
10433.095775242,-2.6744840178487874,2.08899098751268,-2.0645979497494684
10433.104700106,-2.6744840178487874,2.08899098751268,-2.0645979497494684
10433.106165562,-2.6744840178487874,2.08899098751268,-2.0645979497494684
10433.109192466,-2.6744840178487874,2.08899098751268,-2.0645979497494684
10433.114887387,-2.6744840178487874,2.08899098751268,-2.0645979497494684
10433.115391773,-2.674447951364858,2.0895161934557955,-2.10824113013247
10433.124863133,-2.674447951364858,2.0895161934557955,-2.10824113013247
10433.132519609,-2.674447951364858,2.0895161934557955,-2.10824113013247
10433.142029603,-2.674447951364858,2.0895161934557955,-2.10824113013247
10433.14619153,-2.674908618748307,2.092484271679291,-2.1493496112190447
10433.154417236,-2.674908618748307,2.092484271679291,-2.1493496112190447
10433.160066129,-2.674908618748307,2.092484271679291,-2.1493496112190447
10433.171602572,-2.674908618748307,2.092484271679291,-2.1493496112190447
10433.182135084,-2.674908618748307,2.092484271679291,-2.1493496112190447
10433.193601323,-2.674908618748307,2.092484271679291,-2.1493496112190447
10433.203194907,-2.674908618748307,2.092484271679291,-2.1493496112190447
10433.205612395,-2.674908618748307,2.092484271679291,-2.1493496112190447
10433.206150655,-2.6752936156976572,2.094839085750066,-2.211199711684073
10433.212059276,-2.6752936156976572,2.094839085750066,-2.211199711684073
10433.215238401,-2.6752936156976572,2.094839085750066,-2.211199711684073
10433.221858023,-2.6752936156976572,2.094839085750066,-2.211199711684073
10433.234743638,-2.6752936156976572,2.094839085750066,-2.211199711684073
10433.244341431,-2.6752936156976572,2.094839085750066,-2.211199711684073
10433.250807699,-2.6752315851245037,2.094919100133153,-2.2493164051807772
10433.254907426,-2.6752315851245037,2.094919100133153,-2.2493164051807772
10433.260810536,-2.6752315851245037,2.094919100133153,-2.2493164051807772
10433.271287541,-2.6752315851245037,2.094919100133153,-2.2493164051807772
10433.285905213,-2.6752315851245037,2.094919100133153,-2.2493164051807772
10433.2923863,-2.6752315851245037,2.094919100133153,-2.2493164051807772
10433.300242688,-2.6752315851245037,2.094919100133153,-2.2493164051807772
10433.311118597,-2.6752315851245037,2.094919100133153,-2.2493164051807772
10433.312994197,-2.6752315851245037,2.094919100133153,-2.2493164051807772
10433.315593373,-2.6746353312740245,2.0966996535646665,-2.309577326199211
10433.316236053,-2.6746353312740245,2.0966996535646665,-2.309577326199211
10433.322481117,-2.6746353312740245,2.0966996535646665,-2.309577326199211
10433.330921194,-2.6746353312740245,2.0966996535646665,-2.309577326199211
10433.340542621,-2.6746353312740245,2.0966996535646665,-2.309577326199211
10433.352335004,-2.6746353312740245,2.0966996535646665,-2.309577326199211
10433.354710281,-2.672416850239383,2.1029087607986616,-2.348583125095278
10433.363040327,-2.672416850239383,2.1029087607986616,-2.348583125095278
10433.372315642,-2.672416850239383,2.1029087607986616,-2.348583125095278
10433.380488036,-2.672416850239383,2.1029087607986616,-2.348583125095278
10433.393722198,-2.672416850239383,2.1029087607986616,-2.348583125095278
10433.397877262,-2.6707605297462584,2.107709213162973,-2.3873922893975643
10433.398450309,-2.6707605297462584,2.107709213162973,-2.3873922893975643
10433.399515969,-2.6707605297462584,2.107709213162973,-2.3873922893975643
10433.401838134,-2.6707605297462584,2.107709213162973,-2.3873922893975643
10433.411292521,-2.6707605297462584,2.107709213162973,-2.3873922893975643
10433.421756421,-2.6707605297462584,2.107709213162973,-2.3873922893975643
10433.433120033,-2.6707605297462584,2.107709213162973,-2.3873922893975643
10433.44415173,-2.6707605297462584,2.107709213162973,-2.3873922893975643
10433.44801241,-2.6708169408349365,2.1076583853490165,-2.429030544516888
10433.450501715,-2.6708169408349365,2.1076583853490165,-2.429030544516888
10433.46128173,-2.6708169408349365,2.1076583853490165,-2.429030544516888
10433.471102859,-2.6708169408349365,2.1076583853490165,-2.429030544516888
10433.481246015,-2.6708169408349365,2.1076583853490165,-2.429030544516888
10433.492435985,-2.6708169408349365,2.1076583853490165,-2.429030544516888
10433.499385788,-2.6708169408349365,2.1076583853490165,-2.429030544516888
10433.50418771,-2.670875861542088,2.107610489338052,-2.489052779433575
10433.504973604,-2.670875861542088,2.107610489338052,-2.489052779433575
10433.510345597,-2.670875861542088,2.107610489338052,-2.489052779433575
10433.512406221,-2.670875861542088,2.107610489338052,-2.489052779433575
10433.52085812,-2.670875861542088,2.107610489338052,-2.489052779433575
10433.531021865,-2.670875861542088,2.107610489338052,-2.489052779433575
10433.542081024,-2.670875861542088,2.107610489338052,-2.489052779433575
10433.543696697,-2.6710596702532734,2.1074759328217896,-2.5303095648263363
10433.551830186,-2.6710596702532734,2.1074759328217896,-2.5303095648263363
10433.561010158,-2.6710596702532734,2.1074759328217896,-2.5303095648263363
10433.571915704,-2.6710596702532734,2.1074759328217896,-2.5303095648263363
10433.583761789,-2.6710596702532734,2.1074759328217896,-2.5303095648263363
10433.59205284,-2.6710596702532734,2.1074759328217896,-2.5303095648263363
10433.601135946,-2.6710596702532734,2.1074759328217896,-2.5303095648263363
10433.609113517,-2.6710596702532734,2.1074759328217896,-2.5303095648263363
10433.611918656,-2.6718058825524253,2.1040902235593046,-2.5890756636844845
10433.619471023,-2.6718058825524253,2.1040902235593046,-2.5890756636844845
10433.620715776,-2.6718058825524253,2.1040902235593046,-2.5890756636844845
10433.622422803,-2.6718058825524253,2.1040902235593046,-2.5890756636844845
10433.634064758,-2.6718058825524253,2.1040902235593046,-2.5890756636844845
10433.647579187,-2.6718058825524253,2.1040902235593046,-2.5890756636844845
10433.649976656,-2.6731424195546545,2.0985016261052736,-2.6284169201211958
10433.652667287,-2.6731424195546545,2.0985016261052736,-2.6284169201211958
10433.670906941,-2.6731424195546545,2.0985016261052736,-2.6284169201211958
10433.674529255,-2.6731424195546545,2.0985016261052736,-2.6284169201211958
10433.684936195,-2.6731424195546545,2.0985016261052736,-2.6284169201211958
10433.694629761,-2.6731424195546545,2.0985016261052736,-2.6284169201211958
10433.701633317,-2.6731424195546545,2.0985016261052736,-2.6284169201211958
10433.707759624,-2.6731424195546545,2.0985016261052736,-2.6284169201211958
10433.708185419,-2.6742651635495402,2.093100431759534,-2.688561306366766
10433.716892566,-2.6742651635495402,2.093100431759534,-2.688561306366766
10433.717384918,-2.6742651635495402,2.093100431759534,-2.688561306366766
10433.722488067,-2.6742651635495402,2.093100431759534,-2.688561306366766
10433.738926643,-2.6742651635495402,2.093100431759534,-2.688561306366766
10433.745248675,-2.6742651635495402,2.093100431759534,-2.688561306366766
10433.748142274,-2.6744490251061848,2.0930156066334558,-2.730113850006903
10433.752741798,-2.6744490251061848,2.0930156066334558,-2.730113850006903
10433.761860753,-2.6744490251061848,2.0930156066334558,-2.730113850006903
10433.77537404,-2.6744490251061848,2.0930156066334558,-2.730113850006903
10433.7807336,-2.6744490251061848,2.0930156066334558,-2.730113850006903
10433.791953947,-2.6744490251061848,2.0930156066334558,-2.730113850006903
10433.798693308,-2.6745893616284424,2.092957568965425,-2.768788085350836
10433.80078954,-2.6745893616284424,2.092957568965425,-2.768788085350836
10433.801166161,-2.6745893616284424,2.092957568965425,-2.768788085350836
10433.805033714,-2.6745893616284424,2.092957568965425,-2.768788085350836
10433.8106263,-2.6745893616284424,2.092957568965425,-2.768788085350836
10433.824790042,-2.6745893616284424,2.092957568965425,-2.768788085350836
10433.83182085,-2.6745893616284424,2.092957568965425,-2.768788085350836
10433.841175827,-2.6745893616284424,2.092957568965425,-2.768788085350836
10433.850138523,-2.6745893616284424,2.092957568965425,-2.768788085350836
10433.855919299,-2.674780115401261,2.092889647156101,-2.8302519182060606
10433.859546642,-2.674780115401261,2.092889647156101,-2.8302519182060606
10433.870872312,-2.674780115401261,2.092889647156101,-2.8302519182060606
10433.879178291,-2.674780115401261,2.092889647156101,-2.8302519182060606
10433.890932561,-2.674780115401261,2.092889647156101,-2.8302519182060606
10433.898480399,-2.672659957541957,2.0895312701495157,-2.871812579443249
10433.899430888,-2.672659957541957,2.0895312701495157,-2.871812579443249
10433.906644426,-2.672659957541957,2.0895312701495157,-2.871812579443249
10433.907700758,-2.672659957541957,2.0895312701495157,-2.871812579443249
10433.913883704,-2.672659957541957,2.0895312701495157,-2.871812579443249
10433.922811383,-2.672659957541957,2.0895312701495157,-2.871812579443249
10433.934664662,-2.672659957541957,2.0895312701495157,-2.871812579443249
10433.944763864,-2.672659957541957,2.0895312701495157,-2.871812579443249
10433.946702525,-2.6669694449798884,2.0804045050430116,-2.919823011678377
10433.95430667,-2.6669694449798884,2.0804045050430116,-2.919823011678377
10433.961635098,-2.6669694449798884,2.0804045050430116,-2.919823011678377
10433.971362408,-2.6669694449798884,2.0804045050430116,-2.919823011678377
10433.983564044,-2.6669694449798884,2.0804045050430116,-2.919823011678377
10433.993390584,-2.6669694449798884,2.0804045050430116,-2.919823011678377
10434.001707224,-2.6669694449798884,2.0804045050430116,-2.919823011678377
10434.010590508,-2.6621524693662355,2.0727290731267582,-2.985087022959264
10434.016421289,-2.6621524693662355,2.0727290731267582,-2.985087022959264
10434.017285864,-2.6621524693662355,2.0727290731267582,-2.985087022959264
10434.019301042,-2.6621524693662355,2.0727290731267582,-2.985087022959264
10434.023828197,-2.6621524693662355,2.0727290731267582,-2.985087022959264
10434.032781837,-2.6621524693662355,2.0727290731267582,-2.985087022959264
10434.041796933,-2.6621524693662355,2.0727290731267582,-2.985087022959264
10434.051198469,-2.6621524693662355,2.0727290731267582,-2.985087022959264
10434.053034303,-2.662177548625751,2.0727256582202687,-3.027433738886388
10434.06272834,-2.662177548625751,2.0727256582202687,-3.027433738886388
10434.072623631,-2.662177548625751,2.0727256582202687,-3.027433738886388
10434.083423424,-2.662177548625751,2.0727256582202687,-3.027433738886388
10434.090711304,-2.662177548625751,2.0727256582202687,-3.027433738886388
10434.097815293,-2.6622027497941154,2.0727233062089634,-3.069631800829442
10434.098668005,-2.6622027497941154,2.0727233062089634,-3.069631800829442
10434.101405104,-2.6622027497941154,2.0727233062089634,-3.069631800829442
10434.105350546,-2.6622027497941154,2.0727233062089634,-3.069631800829442
10434.11391453,-2.6622027497941154,2.0727233062089634,-3.069631800829442
10434.12371521,-2.6622027497941154,2.0727233062089634,-3.069631800829442
10434.130678439,-2.6622027497941154,2.0727233062089634,-3.069631800829442
10434.142634064,-2.6622027497941154,2.0727233062089634,-3.069631800829442
10434.152732925,-2.6622027497941154,2.0727233062089634,-3.069631800829442
10434.156645164,-2.6621774596490564,2.072724325722106,-3.1329718090882617
10434.165873829,-2.6621774596490564,2.072724325722106,-3.1329718090882617
10434.171836313,-2.6621774596490564,2.072724325722106,-3.1329718090882617
10434.182561533,-2.6621774596490564,2.072724325722106,-3.1329718090882617
10434.189959514,-2.6621774596490564,2.072724325722106,-3.1329718090882617
10434.201906132,-2.6621774596490564,2.072724325722106,-3.1329718090882617
10434.202888723,-2.6621774596490564,2.072724325722106,-3.1329718090882617
10434.203535601,-2.6596277203189516,2.0740621043766843,3.109377482734264
10434.204410235,-2.6596277203189516,2.0740621043766843,3.109377482734264
10434.211954667,-2.6596277203189516,2.0740621043766843,3.109377482734264
10434.224725883,-2.6596277203189516,2.0740621043766843,3.109377482734264
10434.233989014,-2.6596277203189516,2.0740621043766843,3.109377482734264
10434.24726125,-2.6596277203189516,2.0740621043766843,3.109377482734264
10434.250837365,-2.6596277203189516,2.0740621043766843,3.109377482734264
10434.252778401,-2.6532408650693156,2.077257162095098,3.0698632509629524
10434.26271455,-2.6532408650693156,2.077257162095098,3.0698632509629524
10434.271876728,-2.6532408650693156,2.077257162095098,3.0698632509629524
10434.281810383,-2.6532408650693156,2.077257162095098,3.0698632509629524
10434.296274941,-2.6532408650693156,2.077257162095098,3.0698632509629524
10434.302806774,-2.6532408650693156,2.077257162095098,3.0698632509629524
10434.307904983,-2.647830820742695,2.0800039081949064,3.0097367290830688
10434.310518877,-2.647830820742695,2.0800039081949064,3.0097367290830688
10434.312779214,-2.647830820742695,2.0800039081949064,3.0097367290830688
10434.335404813,-2.647830820742695,2.0800039081949064,3.0097367290830688
10434.335992789,-2.647830820742695,2.0800039081949064,3.0097367290830688
10434.340470116,-2.647830820742695,2.0800039081949064,3.0097367290830688
10434.349813214,-2.647830820742695,2.0800039081949064,3.0097367290830688
10434.353960522,-2.6476306742583833,2.0799732201052987,2.969162059245117
10434.357662709,-2.6476306742583833,2.0799732201052987,2.969162059245117
10434.365034971,-2.6476306742583833,2.0799732201052987,2.969162059245117
10434.382874629,-2.6476306742583833,2.0799732201052987,2.969162059245117
10434.389842226,-2.6476306742583833,2.0799732201052987,2.969162059245117
10434.406736835,-2.6476306742583833,2.0799732201052987,2.969162059245117
10434.416590316,-2.6476306742583833,2.0799732201052987,2.969162059245117
10434.422665505,-2.6476306742583833,2.0799732201052987,2.969162059245117
10434.433021137,-2.6476306742583833,2.0799732201052987,2.969162059245117
10434.433646705,-2.6476306742583833,2.0799732201052987,2.969162059245117
10434.435771742,-2.6476306742583833,2.0799732201052987,2.969162059245117
10434.436156429,-2.6477052035356645,2.079987748161789,2.9289898995733337
10434.440798263,-2.6477052035356645,2.079987748161789,2.9289898995733337
10434.44457508,-2.6477052035356645,2.079987748161789,2.9289898995733337
10434.456742643,-2.647582061203386,2.0799585636264166,2.8887855533933715
10434.468973695,-2.647582061203386,2.0799585636264166,2.8887855533933715
10434.47871429,-2.647582061203386,2.0799585636264166,2.8887855533933715
10434.489366791,-2.647582061203386,2.0799585636264166,2.8887855533933715
10434.491794628,-2.647582061203386,2.0799585636264166,2.8887855533933715
10434.49937617,-2.647582061203386,2.0799585636264166,2.8887855533933715
10434.502973736,-2.647582061203386,2.0799585636264166,2.8887855533933715
10434.505259301,-2.647582061203386,2.0799585636264166,2.8887855533933715
10434.506086274,-2.6475294190980048,2.0802699031513163,2.8274176111539098
10434.50840381,-2.6475294190980048,2.0802699031513163,2.8274176111539098
10434.513497941,-2.6475294190980048,2.0802699031513163,2.8274176111539098
10434.522796577,-2.6475294190980048,2.0802699031513163,2.8274176111539098
10434.532862217,-2.6475294190980048,2.0802699031513163,2.8274176111539098
10434.539808604,-2.6475294190980048,2.0802699031513163,2.8274176111539098
10434.542610817,-2.6473055684737528,2.0808029920366864,2.7817650518020907
10434.550972222,-2.6473055684737528,2.0808029920366864,2.7817650518020907
10434.562372855,-2.6473055684737528,2.0808029920366864,2.7817650518020907
10434.569275768,-2.6473055684737528,2.0808029920366864,2.7817650518020907
10434.597146306,-2.6473055684737528,2.0808029920366864,2.7817650518020907
10434.602719244,-2.6473055684737528,2.0808029920366864,2.7817650518020907
10434.604748528,-2.6473055684737528,2.0808029920366864,2.7817650518020907
10434.605461142,-2.647131470771998,2.081264648128623,2.722106852256123
10434.606054989,-2.647131470771998,2.081264648128623,2.722106852256123
10434.618385211,-2.647131470771998,2.081264648128623,2.722106852256123
10434.619666794,-2.647131470771998,2.081264648128623,2.722106852256123
10434.622965107,-2.647131470771998,2.081264648128623,2.722106852256123
10434.633060622,-2.647131470771998,2.081264648128623,2.722106852256123
10434.640935014,-2.647131470771998,2.081264648128623,2.722106852256123
10434.65255706,-2.647131470771998,2.081264648128623,2.722106852256123
10434.654372513,-2.6470397769990788,2.0812217255761074,2.685458936415974
10434.661873654,-2.6470397769990788,2.0812217255761074,2.685458936415974
10434.672592261,-2.6470397769990788,2.0812217255761074,2.685458936415974
10434.681608319,-2.6470397769990788,2.0812217255761074,2.685458936415974
10434.694013534,-2.6470397769990788,2.0812217255761074,2.685458936415974
10434.704923878,-2.6470397769990788,2.0812217255761074,2.685458936415974
10434.710593951,-2.6470397769990788,2.0812217255761074,2.685458936415974
10434.71139775,-2.6470397769990788,2.0812217255761074,2.685458936415974
10434.713313627,-2.6470397769990788,2.0812217255761074,2.685458936415974
10434.713950566,-2.6438768509502664,2.081638951230882,2.648827081940239
10434.722651201,-2.6438768509502664,2.081638951230882,2.648827081940239
10434.730730165,-2.6438768509502664,2.081638951230882,2.648827081940239
10434.740817614,-2.6438768509502664,2.081638951230882,2.648827081940239
10434.755637381,-2.6438768509502664,2.081638951230882,2.648827081940239
10434.757618113,-2.633511624086881,2.083002938789792,2.594836503760004
10434.7606575,-2.633511624086881,2.083002938789792,2.594836503760004
10434.776012322,-2.633511624086881,2.083002938789792,2.594836503760004
10434.784227246,-2.633511624086881,2.083002938789792,2.594836503760004
10434.798925331,-2.633511624086881,2.083002938789792,2.594836503760004
10434.802117338,-2.633511624086881,2.083002938789792,2.594836503760004
10434.802891229,-2.633511624086881,2.083002938789792,2.594836503760004
10434.803193968,-2.6252201050362918,2.08406261956938,2.557979886481047
10434.809099145,-2.6252201050362918,2.08406261956938,2.557979886481047
10434.809475525,-2.6252201050362918,2.08406261956938,2.557979886481047
10434.82271612,-2.6252201050362918,2.08406261956938,2.557979886481047
10434.833668755,-2.6252201050362918,2.08406261956938,2.557979886481047
10434.839625116,-2.6252201050362918,2.08406261956938,2.557979886481047
10434.843662394,-2.625136418939258,2.0840056394792628,2.529650722691298
10434.852560496,-2.625136418939258,2.0840056394792628,2.529650722691298
10434.861575582,-2.625136418939258,2.0840056394792628,2.529650722691298
10434.873394315,-2.625136418939258,2.0840056394792628,2.529650722691298
10434.883335774,-2.625136418939258,2.0840056394792628,2.529650722691298
10434.891583913,-2.625136418939258,2.0840056394792628,2.529650722691298
10434.900630699,-2.625136418939258,2.0840056394792628,2.529650722691298
10434.906227813,-2.625156828079444,2.084020609377092,2.4878333258121015
10434.908413076,-2.625156828079444,2.084020609377092,2.4878333258121015
10434.914227466,-2.625156828079444,2.084020609377092,2.4878333258121015
10434.91535319,-2.625156828079444,2.084020609377092,2.4878333258121015
10434.922924203,-2.625156828079444,2.084020609377092,2.4878333258121015
10434.930274943,-2.625156828079444,2.084020609377092,2.4878333258121015
10434.946270019,-2.625156828079444,2.084020609377092,2.4878333258121015
10434.946764245,-2.625116996812677,2.083989368481389,2.465125267454863
10434.951571768,-2.625116996812677,2.083989368481389,2.465125267454863
10434.96376643,-2.625116996812677,2.083989368481389,2.465125267454863
10434.969694698,-2.625116996812677,2.083989368481389,2.465125267454863
10434.981476791,-2.625116996812677,2.083989368481389,2.465125267454863
10434.991085994,-2.625116996812677,2.083989368481389,2.465125267454863
10434.998025965,-2.625116996812677,2.083989368481389,2.465125267454863
10434.999220451,-2.6243681331011537,2.083404296868159,2.446032815487911
10435.003128215,-2.6243681331011537,2.083404296868159,2.446032815487911
10435.0056332,-2.6243681331011537,2.083404296868159,2.446032815487911
10435.015645334,-2.6243681331011537,2.083404296868159,2.446032815487911
10435.019715786,-2.6243681331011537,2.083404296868159,2.446032815487911
10435.031560288,-2.6243681331011537,2.083404296868159,2.446032815487911
10435.041971737,-2.6243681331011537,2.083404296868159,2.446032815487911
10435.050564364,-2.6243681331011537,2.083404296868159,2.446032815487911
10435.055011126,-2.6220188205310233,2.0815688113817568,2.427252233095058
10435.060862316,-2.6220188205310233,2.0815688113817568,2.427252233095058
10435.070642357,-2.6220188205310233,2.0815688113817568,2.427252233095058
10435.083742492,-2.6220188205310233,2.0815688113817568,2.427252233095058
10435.091032596,-2.6220188205310233,2.0815688113817568,2.427252233095058
10435.099467902,-2.6220188205310233,2.0815688113817568,2.427252233095058
10435.101783325,-2.6220188205310233,2.0815688113817568,2.427252233095058
10435.102363405,-2.6197416421751276,2.0797999734396555,2.422176396028951
10435.105694812,-2.6197416421751276,2.0797999734396555,2.422176396028951
10435.111677133,-2.6197416421751276,2.0797999734396555,2.422176396028951
10435.120895889,-2.6197416421751276,2.0797999734396555,2.422176396028951
10435.132469823,-2.6197416421751276,2.0797999734396555,2.422176396028951
10435.144884347,-2.6197416421751276,2.0797999734396555,2.422176396028951
10435.147229706,-2.619893800577097,2.079933570575613,2.4199404469894916
10435.153564953,-2.619893800577097,2.079933570575613,2.4199404469894916
10435.16257028,-2.619893800577097,2.079933570575613,2.4199404469894916
10435.171984951,-2.619893800577097,2.079933570575613,2.4199404469894916
10435.181287718,-2.619893800577097,2.079933570575613,2.4199404469894916
10435.191292539,-2.619893800577097,2.079933570575613,2.4199404469894916
10435.201878522,-2.6200079760430053,2.08003370385367,2.4233078113960773
10435.205954134,-2.6200079760430053,2.08003370385367,2.4233078113960773
10435.206997971,-2.6200079760430053,2.08003370385367,2.4233078113960773
10435.210172598,-2.6200079760430053,2.08003370385367,2.4233078113960773
10435.210694838,-2.6200079760430053,2.08003370385367,2.4233078113960773
10435.221709792,-2.6200079760430053,2.08003370385367,2.4233078113960773
10435.232829968,-2.6200079760430053,2.08003370385367,2.4233078113960773
10435.241701198,-2.6200079760430053,2.08003370385367,2.4233078113960773
10435.243759939,-2.6203716973494506,2.0803483060564263,2.4336538366245777
10435.250956164,-2.6203716973494506,2.0803483060564263,2.4336538366245777
10435.264097999,-2.6203716973494506,2.0803483060564263,2.4336538366245777
10435.270854422,-2.6203716973494506,2.0803483060564263,2.4336538366245777
10435.280431805,-2.6203716973494506,2.0803483060564263,2.4336538366245777
10435.289689014,-2.6203716973494506,2.0803483060564263,2.4336538366245777
10435.3039749,-2.6203716973494506,2.0803483060564263,2.4336538366245777
10435.314000751,-2.6203716973494506,2.0803483060564263,2.4336538366245777
10435.315191851,-2.6203716973494506,2.0803483060564263,2.4336538366245777
10435.316921612,-2.624218704628958,2.081228339606235,2.4608805204670636
10435.317878213,-2.624218704628958,2.081228339606235,2.4608805204670636
10435.32805904,-2.624218704628958,2.081228339606235,2.4608805204670636
10435.330824303,-2.624218704628958,2.081228339606235,2.4608805204670636
10435.342808813,-2.624218704628958,2.081228339606235,2.4608805204670636
10435.344856393,-2.6304065464746054,2.0825326775938127,2.4888350521386724
10435.352134755,-2.6304065464746054,2.0825326775938127,2.4888350521386724
10435.362001882,-2.6304065464746054,2.0825326775938127,2.4888350521386724
10435.370233619,-2.6304065464746054,2.0825326775938127,2.4888350521386724
10435.382823287,-2.6304065464746054,2.0825326775938127,2.4888350521386724
10435.392596083,-2.6304065464746054,2.0825326775938127,2.4888350521386724
10435.401884472,-2.6367944172707123,2.0839936041587324,2.520289443066187
10435.407939082,-2.6367944172707123,2.0839936041587324,2.520289443066187
10435.408577804,-2.6367944172707123,2.0839936041587324,2.520289443066187
10435.409195146,-2.6367944172707123,2.0839936041587324,2.520289443066187
10435.414880428,-2.6367944172707123,2.0839936041587324,2.520289443066187
10435.422286444,-2.6367944172707123,2.0839936041587324,2.520289443066187
10435.433305315,-2.6367944172707123,2.0839936041587324,2.520289443066187
10435.443106696,-2.6367944172707123,2.0839936041587324,2.520289443066187
10435.449703172,-2.6367944172707123,2.0839936041587324,2.520289443066187
10435.451872925,-2.6380912810949892,2.0848771929693375,2.5667283456826877
10435.460653041,-2.6380912810949892,2.0848771929693375,2.5667283456826877
10435.471150254,-2.6380912810949892,2.0848771929693375,2.5667283456826877
10435.48406776,-2.6380912810949892,2.0848771929693375,2.5667283456826877
10435.489774412,-2.6380912810949892,2.0848771929693375,2.5667283456826877
10435.498157048,-2.6380912810949892,2.0848771929693375,2.5667283456826877
10435.498973631,-2.6406874605979143,2.0865017938981576,2.598157010605402
10435.503250958,-2.6406874605979143,2.0865017938981576,2.598157010605402
10435.50696068,-2.6406874605979143,2.0865017938981576,2.598157010605402
10435.509105605,-2.6406874605979143,2.0865017938981576,2.598157010605402
10435.522577321,-2.6406874605979143,2.0865017938981576,2.598157010605402
10435.53143763,-2.6406874605979143,2.0865017938981576,2.598157010605402
10435.542547657,-2.6406874605979143,2.0865017938981576,2.598157010605402
10435.546713961,-2.642655486012482,2.0876489581432853,2.629524461557932
10435.551959823,-2.642655486012482,2.0876489581432853,2.629524461557932
10435.563191221,-2.642655486012482,2.0876489581432853,2.629524461557932
10435.573519691,-2.642655486012482,2.0876489581432853,2.629524461557932
10435.581895392,-2.642655486012482,2.0876489581432853,2.629524461557932
10435.598835508,-2.642655486012482,2.0876489581432853,2.629524461557932
10435.603723033,-2.642655486012482,2.0876489581432853,2.629524461557932
10435.604888995,-2.642655486012482,2.0876489581432853,2.629524461557932
10435.605857328,-2.644801322851701,2.0887888871407294,2.677026979258127
10435.611205666,-2.644801322851701,2.0887888871407294,2.677026979258127
10435.613063822,-2.644801322851701,2.0887888871407294,2.677026979258127
10435.623795393,-2.644801322851701,2.0887888871407294,2.677026979258127
10435.634934826,-2.644801322851701,2.0887888871407294,2.677026979258127
10435.642805371,-2.644801322851701,2.0887888871407294,2.677026979258127
10435.645959238,-2.6480851655209694,2.0903701836050166,2.7086191695237827
10435.65566182,-2.6480851655209694,2.0903701836050166,2.7086191695237827
10435.664757239,-2.6480851655209694,2.0903701836050166,2.7086191695237827
10435.671707122,-2.6480851655209694,2.0903701836050166,2.7086191695237827
10435.681729646,-2.6480851655209694,2.0903701836050166,2.7086191695237827
10435.695186273,-2.6480851655209694,2.0903701836050166,2.7086191695237827
10435.701877351,-2.6480851655209694,2.0903701836050166,2.7086191695237827
10435.707873358,-2.6502903928786714,2.091328654089368,2.754558615019388
10435.708822525,-2.6502903928786714,2.091328654089368,2.754558615019388
10435.714893445,-2.6502903928786714,2.091328654089368,2.754558615019388
10435.716040391,-2.6502903928786714,2.091328654089368,2.754558615019388
10435.721044309,-2.6502903928786714,2.091328654089368,2.754558615019388
10435.730676406,-2.6502903928786714,2.091328654089368,2.754558615019388
10435.74356699,-2.6502903928786714,2.091328654089368,2.754558615019388
10435.746151116,-2.653780054240281,2.0926905063543884,2.784474663069315
10435.750739889,-2.653780054240281,2.0926905063543884,2.784474663069315
10435.761796042,-2.653780054240281,2.0926905063543884,2.784474663069315
10435.7741453,-2.653780054240281,2.0926905063543884,2.784474663069315
10435.78163181,-2.653780054240281,2.0926905063543884,2.784474663069315
10435.79376813,-2.653780054240281,2.0926905063543884,2.784474663069315
10435.804286654,-2.653780054240281,2.0926905063543884,2.784474663069315
10435.807867498,-2.6560743680367356,2.093490617636126,2.8276128690744113
10435.808849407,-2.6560743680367356,2.093490617636126,2.8276128690744113
10435.80950944,-2.6560743680367356,2.093490617636126,2.8276128690744113
10435.812968742,-2.6560743680367356,2.093490617636126,2.8276128690744113
10435.821066141,-2.6560743680367356,2.093490617636126,2.8276128690744113
10435.832045627,-2.6560743680367356,2.093490617636126,2.8276128690744113
10435.841479124,-2.6560743680367356,2.093490617636126,2.8276128690744113
10435.852645057,-2.6560743680367356,2.093490617636126,2.8276128690744113
10435.853311502,-2.659241181150771,2.094473043520037,2.85394983701951
10435.860957147,-2.659241181150771,2.094473043520037,2.85394983701951
10435.874355393,-2.659241181150771,2.094473043520037,2.85394983701951
10435.882277005,-2.659241181150771,2.094473043520037,2.85394983701951
10435.893192128,-2.659241181150771,2.094473043520037,2.85394983701951
10435.898097017,-2.6610204262407544,2.094971248977946,2.8832005184198093
10435.898694761,-2.6610204262407544,2.094971248977946,2.8832005184198093
10435.90436287,-2.6610204262407544,2.094971248977946,2.8832005184198093
10435.905086265,-2.6610204262407544,2.094971248977946,2.8832005184198093
10435.914200921,-2.6610204262407544,2.094971248977946,2.8832005184198093
10435.923392465,-2.6610204262407544,2.094971248977946,2.8832005184198093
10435.933836145,-2.6610204262407544,2.094971248977946,2.8832005184198093
10435.941908406,-2.6610204262407544,2.094971248977946,2.8832005184198093
10435.951966589,-2.6610204262407544,2.094971248977946,2.8832005184198093
10435.954215594,-2.66271823293165,2.0953805115946027,2.9269026439691257
10435.962361546,-2.66271823293165,2.0953805115946027,2.9269026439691257
10435.974387745,-2.66271823293165,2.0953805115946027,2.9269026439691257
10435.981074825,-2.66271823293165,2.0953805115946027,2.9269026439691257
10435.989244994,-2.66271823293165,2.0953805115946027,2.9269026439691257
10435.999786251,-2.66271823293165,2.0953805115946027,2.9269026439691257
10436.001900468,-2.66271823293165,2.0953805115946027,2.9269026439691257
10436.002366349,-2.665051442642556,2.0958460720997114,2.9623829644227695
10436.007952041,-2.665051442642556,2.0958460720997114,2.9623829644227695
10436.014578936,-2.665051442642556,2.0958460720997114,2.9623829644227695
10436.023777653,-2.665051442642556,2.0958460720997114,2.9623829644227695
10436.032060727,-2.665051442642556,2.0958460720997114,2.9623829644227695
10436.042156021,-2.665051442642556,2.0958460720997114,2.9623829644227695
10436.049811024,-2.667075124104298,2.0961745417481215,2.9989830773378086
10436.05307423,-2.667075124104298,2.0961745417481215,2.9989830773378086
10436.064787029,-2.667075124104298,2.0961745417481215,2.9989830773378086
10436.071018948,-2.667075124104298,2.0961745417481215,2.9989830773378086
10436.081445726,-2.667075124104298,2.0961745417481215,2.9989830773378086
10436.094251768,-2.667075124104298,2.0961745417481215,2.9989830773378086
10436.10313943,-2.667075124104298,2.0961745417481215,2.9989830773378086
10436.104948343,-2.667075124104298,2.0961745417481215,2.9989830773378086
10436.106899367,-2.6697281962158605,2.0963806837511707,3.0566138000277747
10436.108748016,-2.6697281962158605,2.0963806837511707,3.0566138000277747
10436.111747647,-2.6697281962158605,2.0963806837511707,3.0566138000277747
10436.121254134,-2.6697281962158605,2.0963806837511707,3.0566138000277747
10436.13492978,-2.6697281962158605,2.0963806837511707,3.0566138000277747
10436.142606735,-2.6697281962158605,2.0963806837511707,3.0566138000277747
10436.14598447,-2.6743506274040563,2.0964722532684448,3.099941378957333
10436.151310054,-2.6743506274040563,2.0964722532684448,3.099941378957333
10436.162320079,-2.6743506274040563,2.0964722532684448,3.099941378957333
10436.173779603,-2.6743506274040563,2.0964722532684448,3.099941378957333
10436.182146077,-2.6743506274040563,2.0964722532684448,3.099941378957333
10436.19185419,-2.6743506274040563,2.0964722532684448,3.099941378957333
10436.20189536,-2.6743506274040563,2.0964722532684448,3.099941378957333
10436.210722175,-2.6777274736085874,2.096348585685039,-3.123035590135162
10436.213654779,-2.6777274736085874,2.096348585685039,-3.123035590135162
10436.218630192,-2.6777274736085874,2.096348585685039,-3.123035590135162
10436.21996112,-2.6777274736085874,2.096348585685039,-3.123035590135162
10436.224429222,-2.6777274736085874,2.096348585685039,-3.123035590135162
10436.233577824,-2.6777274736085874,2.096348585685039,-3.123035590135162
10436.242162866,-2.6777274736085874,2.096348585685039,-3.123035590135162
10436.246986599,-2.680585590543929,2.0962418953247552,-3.085526565991943
10436.250787966,-2.680585590543929,2.0962418953247552,-3.085526565991943
10436.264937179,-2.680585590543929,2.0962418953247552,-3.085526565991943
10436.270656276,-2.680585590543929,2.0962418953247552,-3.085526565991943
10436.283485702,-2.680585590543929,2.0962418953247552,-3.085526565991943
10436.291100308,-2.680585590543929,2.0962418953247552,-3.085526565991943
10436.302050027,-2.680585590543929,2.0962418953247552,-3.085526565991943
10436.312842425,-2.680585590543929,2.0962418953247552,-3.085526565991943
10436.323987718,-2.680585590543929,2.0962418953247552,-3.085526565991943
10436.32979288,-2.680585590543929,2.0962418953247552,-3.085526565991943
10436.330812461,-2.6818981513873545,2.0961446850634107,-3.049805621587341
10436.331264777,-2.6818981513873545,2.0961446850634107,-3.049805621587341
10436.34367923,-2.6818981513873545,2.0961446850634107,-3.049805621587341
10436.34925386,-2.6818981513873545,2.0961446850634107,-3.049805621587341
10436.353001013,-2.6818981513873545,2.0961446850634107,-3.049805621587341
10436.353605189,-2.6826021695717697,2.0960633648455445,-3.0033815903297114
10436.363427571,-2.6826021695717697,2.0960633648455445,-3.0033815903297114
10436.37380802,-2.6826021695717697,2.0960633648455445,-3.0033815903297114
10436.383262056,-2.6826021695717697,2.0960633648455445,-3.0033815903297114
10436.389447295,-2.6826021695717697,2.0960633648455445,-3.0033815903297114
10436.398162706,-2.6826021695717697,2.0960633648455445,-3.0033815903297114
10436.398956576,-2.6826021695717697,2.0960633648455445,-3.0033815903297114
10436.399631968,-2.683453837493894,2.094773460927202,-2.9793709054544366
10436.405991551,-2.683453837493894,2.094773460927202,-2.9793709054544366
10436.415606425,-2.683453837493894,2.094773460927202,-2.9793709054544366
10436.422080153,-2.683453837493894,2.094773460927202,-2.9793709054544366
10436.433016038,-2.683453837493894,2.094773460927202,-2.9793709054544366
10436.441658029,-2.683453837493894,2.094773460927202,-2.9793709054544366
10436.450800207,-2.683453837493894,2.094773460927202,-2.9793709054544366
10436.456832113,-2.684673102508211,2.0901899492111324,-2.9549148602046413
10436.462430258,-2.684673102508211,2.0901899492111324,-2.9549148602046413
10436.471105613,-2.684673102508211,2.0901899492111324,-2.9549148602046413
10436.483514154,-2.684673102508211,2.0901899492111324,-2.9549148602046413
10436.490468916,-2.684673102508211,2.0901899492111324,-2.9549148602046413
10436.501633366,-2.684673102508211,2.0901899492111324,-2.9549148602046413
10436.504210368,-2.684673102508211,2.0901899492111324,-2.9549148602046413
10436.504689645,-2.6854343654135624,2.086621120601404,-2.947441094924863
10436.508915023,-2.6854343654135624,2.086621120601404,-2.947441094924863
10436.512752529,-2.6854343654135624,2.086621120601404,-2.947441094924863
10436.523737645,-2.6854343654135624,2.086621120601404,-2.947441094924863
10436.533338892,-2.6854343654135624,2.086621120601404,-2.947441094924863
10436.541076162,-2.6854343654135624,2.086621120601404,-2.947441094924863
10436.545295618,-2.685359916861282,2.0866360568211686,-2.9397518573302586
10436.55501412,-2.685359916861282,2.0866360568211686,-2.9397518573302586
10436.56447532,-2.685359916861282,2.0866360568211686,-2.9397518573302586
10436.569396289,-2.685359916861282,2.0866360568211686,-2.9397518573302586
10436.582825212,-2.685359916861282,2.0866360568211686,-2.9397518573302586
10436.589874966,-2.685359916861282,2.0866360568211686,-2.9397518573302586
10436.6008535,-2.685359916861282,2.0866360568211686,-2.9397518573302586
10436.608453928,-2.685285544978023,2.0866513702328655,-2.937302940895017
10436.61579558,-2.685285544978023,2.0866513702328655,-2.937302940895017
10436.621174787,-2.685285544978023,2.0866513702328655,-2.937302940895017
10436.624935896,-2.685285544978023,2.0866513702328655,-2.937302940895017
10436.627027269,-2.685285544978023,2.0866513702328655,-2.937302940895017
10436.639239404,-2.685285544978023,2.0866513702328655,-2.937302940895017
10436.644471167,-2.685285544978023,2.0866513702328655,-2.937302940895017
10436.648236124,-2.6852607581669945,2.0866564932049725,-2.9382591186065037
10436.658075477,-2.6852607581669945,2.0866564932049725,-2.9382591186065037
10436.661699393,-2.6852607581669945,2.0866564932049725,-2.9382591186065037
10436.676441461,-2.6852607581669945,2.0866564932049725,-2.9382591186065037
10436.681056394,-2.6852607581669945,2.0866564932049725,-2.9382591186065037
10436.690187001,-2.6852607581669945,2.0866564932049725,-2.9382591186065037
10436.702191738,-2.6852607581669945,2.0866564932049725,-2.9382591186065037
10436.705164899,-2.6852607581669945,2.0866564932049725,-2.9382591186065037
10436.707071969,-2.6852607581669945,2.0866564932049725,-2.9382591186065037
10436.708043168,-2.686521370342173,2.0869453000262297,-2.9439341233637633
10436.713716307,-2.686521370342173,2.0869453000262297,-2.9439341233637633
10436.720993677,-2.686521370342173,2.0869453000262297,-2.9439341233637633
10436.731844426,-2.686521370342173,2.0869453000262297,-2.9439341233637633
10436.745620073,-2.686521370342173,2.0869453000262297,-2.9439341233637633
10436.752064578,-2.686521370342173,2.0869453000262297,-2.9439341233637633
10436.754950772,-2.6909457154689465,2.088039053998697,-2.9651898821333864
10436.760953011,-2.6909457154689465,2.088039053998697,-2.9651898821333864
10436.770441362,-2.6909457154689465,2.088039053998697,-2.9651898821333864
10436.779922059,-2.6909457154689465,2.088039053998697,-2.9651898821333864
10436.790581592,-2.6909457154689465,2.088039053998697,-2.9651898821333864
10436.80140564,-2.6936165099520215,2.088642873722815,-2.9872886371316336
10436.805232044,-2.6936165099520215,2.088642873722815,-2.9872886371316336
10436.807935389,-2.6936165099520215,2.088642873722815,-2.9872886371316336
10436.809935357,-2.6936165099520215,2.088642873722815,-2.9872886371316336
10436.817717459,-2.6936165099520215,2.088642873722815,-2.9872886371316336
10436.82054937,-2.6936165099520215,2.088642873722815,-2.9872886371316336
10436.832917146,-2.6936165099520215,2.088642873722815,-2.9872886371316336
10436.840806393,-2.6936165099520215,2.088642873722815,-2.9872886371316336
10436.848046144,-2.693616509952022,2.088642873722815,-3.013530416459026
10436.851830668,-2.693616509952022,2.088642873722815,-3.013530416459026
10436.863235939,-2.693616509952022,2.088642873722815,-3.013530416459026
10436.872361435,-2.693616509952022,2.088642873722815,-3.013530416459026
10436.880594554,-2.693616509952022,2.088642873722815,-3.013530416459026
10436.893137361,-2.693616509952022,2.088642873722815,-3.013530416459026
10436.900650011,-2.693616509952022,2.088642873722815,-3.013530416459026
10436.906230372,-2.693616509952022,2.088642873722815,-3.013530416459026
10436.907776983,-2.693616509952022,2.088642873722815,-3.013530416459026
10436.913429292,-2.693616509952022,2.088642873722815,-3.013530416459026
10436.913858152,-2.693540986630128,2.088650741724307,-3.0620443057717703
10436.920664931,-2.693540986630128,2.088650741724307,-3.0620443057717703
10436.933075576,-2.693540986630128,2.088650741724307,-3.0620443057717703
10436.94219956,-2.693540986630128,2.088650741724307,-3.0620443057717703
10436.943234611,-2.6935662510242904,2.0886492116158886,-3.100161118477764
10436.952614264,-2.6935662510242904,2.0886492116158886,-3.100161118477764
10436.961105086,-2.6935662510242904,2.0886492116158886,-3.100161118477764
10436.970899734,-2.6935662510242904,2.0886492116158886,-3.100161118477764
10436.979937864,-2.6935662510242904,2.0886492116158886,-3.100161118477764
10436.991689577,-2.6935662510242904,2.0886492116158886,-3.100161118477764
10437.003516655,-2.6935662510242904,2.0886492116158886,-3.100161118477764
10437.012106987,-2.6935662510242904,2.0886492116158886,-3.100161118477764
10437.0140205,-2.6935662510242904,2.0886492116158886,-3.100161118477764
10437.014478657,-2.6935662510242904,2.0886492116158886,-3.100161118477764
10437.014933377,-2.6936168679689034,2.0886485420677894,3.1266150681421303
10437.023047318,-2.6936168679689034,2.0886485420677894,3.1266150681421303
10437.031298742,-2.6936168679689034,2.0886485420677894,3.1266150681421303
10437.04200287,-2.6936168679689034,2.0886485420677894,3.1266150681421303
10437.051839799,-2.6936168679689034,2.0886485420677894,3.1266150681421303
10437.053280105,-2.693844528711706,2.0886563960198963,3.0876006094858193
10437.062734432,-2.693844528711706,2.0886563960198963,3.0876006094858193
10437.07133786,-2.693844528711706,2.0886563960198963,3.0876006094858193
10437.080558368,-2.693844528711706,2.0886563960198963,3.0876006094858193
10437.09167698,-2.693844528711706,2.0886563960198963,3.0876006094858193
10437.097404693,-2.693844528711706,2.0886563960198963,3.0876006094858193
10437.098463149,-2.6939707410007117,2.08866568198822,3.0487009493753456
10437.106101109,-2.6939707410007117,2.08866568198822,3.0487009493753456
10437.10782587,-2.6939707410007117,2.08866568198822,3.0487009493753456
10437.114870845,-2.6939707410007117,2.08866568198822,3.0487009493753456
10437.124109919,-2.6939707410007117,2.08866568198822,3.0487009493753456
10437.134100401,-2.6939707410007117,2.08866568198822,3.0487009493753456
10437.141378352,-2.6939707410007117,2.08866568198822,3.0487009493753456
10437.150372788,-2.6941467794271827,2.0886857165525865,3.007843693916514
10437.156711781,-2.6941467794271827,2.0886857165525865,3.007843693916514
10437.161875615,-2.6941467794271827,2.0886857165525865,3.007843693916514
10437.171303881,-2.6941467794271827,2.0886857165525865,3.007843693916514
10437.185024643,-2.6941467794271827,2.0886857165525865,3.007843693916514
10437.190838321,-2.6941467794271827,2.0886857165525865,3.007843693916514
10437.201732152,-2.6941467794271827,2.0886857165525865,3.007843693916514
10437.203012964,-2.6942216941068566,2.0886981047876034,2.947578570072367
10437.204177133,-2.6942216941068566,2.0886981047876034,2.947578570072367
10437.214633186,-2.6942216941068566,2.0886981047876034,2.947578570072367
10437.224578723,-2.6942216941068566,2.0886981047876034,2.947578570072367
10437.224961034,-2.6942216941068566,2.0886981047876034,2.947578570072367
10437.233771208,-2.6942216941068566,2.0886981047876034,2.947578570072367
10437.240643101,-2.6942216941068566,2.0886981047876034,2.947578570072367
10437.244828181,-2.694518471718175,2.088762710445086,2.906914076034739
10437.251529508,-2.694518471718175,2.088762710445086,2.906914076034739
10437.259820788,-2.694518471718175,2.088762710445086,2.906914076034739
10437.271234385,-2.694518471718175,2.088762710445086,2.906914076034739
10437.281408338,-2.694518471718175,2.088762710445086,2.906914076034739
10437.290851132,-2.694518471718175,2.088762710445086,2.906914076034739
10437.300515861,-2.694518471718175,2.088762710445086,2.906914076034739
10437.309365861,-2.694518471718175,2.088762710445086,2.906914076034739
10437.31000818,-2.694518471718175,2.088762710445086,2.906914076034739
10437.310733278,-2.6946162200369175,2.0887890801187603,2.8492742387697243
10437.313723361,-2.6946162200369175,2.0887890801187603,2.8492742387697243
10437.322430608,-2.6946162200369175,2.0887890801187603,2.8492742387697243
10437.332810385,-2.6946162200369175,2.0887890801187603,2.8492742387697243
10437.342903704,-2.6946162200369175,2.0887890801187603,2.8492742387697243
10437.350143011,-2.694784845565507,2.088843452377053,2.8100747076913857
10437.353109098,-2.694784845565507,2.088843452377053,2.8100747076913857
10437.361736252,-2.694784845565507,2.088843452377053,2.8100747076913857
10437.370926642,-2.694784845565507,2.088843452377053,2.8100747076913857
10437.382418509,-2.694784845565507,2.088843452377053,2.8100747076913857
10437.393759656,-2.694784845565507,2.088843452377053,2.8100747076913857
10437.397184301,-2.694784845565507,2.088843452377053,2.8100747076913857
10437.399588723,-2.694784845565507,2.088843452377053,2.8100747076913857
10437.40059012,-2.6948799704731474,2.0888781128077007,2.774277290527537
10437.402699787,-2.6948799704731474,2.0888781128077007,2.774277290527537
10437.411005315,-2.6948799704731474,2.0888781128077007,2.774277290527537
10437.423565285,-2.6948799704731474,2.0888781128077007,2.774277290527537
10437.431170742,-2.6948799704731474,2.0888781128077007,2.774277290527537
10437.444191234,-2.6948799704731474,2.0888781128077007,2.774277290527537
10437.454720868,-2.6948799704731474,2.0888781128077007,2.774277290527537
10437.456645321,-2.6949500408673974,2.088907367165447,2.7179068533823036
10437.462395107,-2.6949500408673974,2.088907367165447,2.7179068533823036
10437.474038172,-2.6949500408673974,2.088907367165447,2.7179068533823036
10437.48460637,-2.6949500408673974,2.088907367165447,2.7179068533823036
10437.490830473,-2.6949500408673974,2.088907367165447,2.7179068533823036
10437.501472702,-2.6949500408673974,2.088907367165447,2.7179068533823036
10437.502199854,-2.6949500408673974,2.088907367165447,2.7179068533823036
10437.503401113,-2.694995810755361,2.0889289921679315,2.682510635082438
10437.507762741,-2.694995810755361,2.0889289921679315,2.682510635082438
10437.513137479,-2.694995810755361,2.0889289921679315,2.682510635082438
10437.524152312,-2.694995810755361,2.0889289921679315,2.682510635082438
10437.535130394,-2.694995810755361,2.0889289921679315,2.682510635082438
10437.542864497,-2.694995810755361,2.0889289921679315,2.682510635082438
10437.547518615,-2.6950183076151806,2.088940590536025,2.648646643583491
10437.556877158,-2.6950183076151806,2.088940590536025,2.648646643583491
10437.562686848,-2.6950183076151806,2.088940590536025,2.648646643583491
10437.573366209,-2.6950183076151806,2.088940590536025,2.648646643583491
10437.584694762,-2.6950183076151806,2.088940590536025,2.648646643583491
10437.590823643,-2.6950183076151806,2.088940590536025,2.648646643583491
10437.605278359,-2.6950183076151806,2.088940590536025,2.648646643583491
10437.60895654,-2.6950183076151806,2.088940590536025,2.648646643583491
10437.610501476,-2.694636082570785,2.0940333423817306,2.5967033558901247
10437.613609365,-2.694636082570785,2.0940333423817306,2.5967033558901247
10437.6143697,-2.694636082570785,2.0940333423817306,2.5967033558901247
10437.621717915,-2.694636082570785,2.0940333423817306,2.5967033558901247
10437.634948148,-2.694636082570785,2.0940333423817306,2.5967033558901247
10437.643572025,-2.694636082570785,2.0940333423817306,2.5967033558901247
10437.656628382,-2.694636082570785,2.0940333423817306,2.5967033558901247
10437.65774558,-2.694047679311189,2.1012256756174685,2.5605557411300546
10437.663275858,-2.694047679311189,2.1012256756174685,2.5605557411300546
10437.672556018,-2.694047679311189,2.1012256756174685,2.5605557411300546
10437.681460815,-2.694047679311189,2.1012256756174685,2.5605557411300546
10437.700167016,-2.694047679311189,2.1012256756174685,2.5605557411300546
10437.704201949,-2.694047679311189,2.1012256756174685,2.5605557411300546
10437.70539375,-2.694047679311189,2.1012256756174685,2.5605557411300546
10437.709307174,-2.694047679311189,2.1012256756174685,2.5605557411300546
10437.710306045,-2.6931300503632185,2.1105609731731727,2.5268038858730253
10437.717174552,-2.6931300503632185,2.1105609731731727,2.5268038858730253
10437.723961442,-2.6931300503632185,2.1105609731731727,2.5268038858730253
10437.730034285,-2.6931300503632185,2.1105609731731727,2.5268038858730253
10437.742692464,-2.6931300503632185,2.1105609731731727,2.5268038858730253
10437.752247983,-2.6931300503632185,2.1105609731731727,2.5268038858730253
10437.756072975,-2.6931504126498274,2.1105760067398895,2.4844337453205045
10437.762331904,-2.6931504126498274,2.1105760067398895,2.4844337453205045
10437.773491083,-2.6931504126498274,2.1105760067398895,2.4844337453205045
10437.7802289,-2.6931504126498274,2.1105760067398895,2.4844337453205045
10437.79096016,-2.6931504126498274,2.1105760067398895,2.4844337453205045
10437.79973222,-2.693150412649827,2.110576006739889,2.45632032054252
10437.800807758,-2.693150412649827,2.110576006739889,2.45632032054252
10437.803150011,-2.693150412649827,2.110576006739889,2.45632032054252
10437.810361084,-2.693150412649827,2.110576006739889,2.45632032054252
10437.814302307,-2.693150412649827,2.110576006739889,2.45632032054252
10437.822753533,-2.693150412649827,2.110576006739889,2.45632032054252
10437.838089757,-2.693150412649827,2.110576006739889,2.45632032054252
10437.842138046,-2.693150412649827,2.110576006739889,2.45632032054252
10437.846161226,-2.693111663374084,2.1105434334838953,2.428823386605447
10437.854243075,-2.693111663374084,2.1105434334838953,2.428823386605447
10437.863047226,-2.693111663374084,2.1105434334838953,2.428823386605447
10437.87160142,-2.693111663374084,2.1105434334838953,2.428823386605447
10437.885818281,-2.693111663374084,2.1105434334838953,2.428823386605447
10437.892040571,-2.693111663374084,2.1105434334838953,2.428823386605447
10437.905726536,-2.693111663374084,2.1105434334838953,2.428823386605447
10437.909267884,-2.693111663374084,2.1105434334838953,2.428823386605447
10437.910861114,-2.6939676327630835,2.1107426960438493,2.3911615378132822
10437.912002779,-2.6939676327630835,2.1107426960438493,2.3911615378132822
10437.916437006,-2.6939676327630835,2.1107426960438493,2.3911615378132822
10437.926283883,-2.6939676327630835,2.1107426960438493,2.3911615378132822
10437.930301834,-2.6939676327630835,2.1107426960438493,2.3911615378132822
10437.940491527,-2.6939676327630835,2.1107426960438493,2.3911615378132822
10437.947753908,-2.6960402904204765,2.111147831664684,2.3696159916005595
10437.956330724,-2.6960402904204765,2.111147831664684,2.3696159916005595
10437.963905412,-2.6960402904204765,2.111147831664684,2.3696159916005595
10437.97388323,-2.6960402904204765,2.111147831664684,2.3696159916005595
10437.984228551,-2.6960402904204765,2.111147831664684,2.3696159916005595
10437.990971388,-2.6960402904204765,2.111147831664684,2.3696159916005595
10437.998528502,-2.6981274537349025,2.111540671335027,2.3502407811979076
10437.999907422,-2.6981274537349025,2.111540671335027,2.3502407811979076
10438.00190729,-2.6981274537349025,2.111540671335027,2.3502407811979076
10438.002284902,-2.6981274537349025,2.111540671335027,2.3502407811979076
10438.010933295,-2.6981274537349025,2.111540671335027,2.3502407811979076
10438.021961564,-2.6981274537349025,2.111540671335027,2.3502407811979076
10438.033238378,-2.6981274537349025,2.111540671335027,2.3502407811979076
10438.040960489,-2.6981274537349025,2.111540671335027,2.3502407811979076
10438.047078028,-2.698162616541154,2.1115770869969475,2.327145277748467
10438.052818806,-2.698162616541154,2.1115770869969475,2.327145277748467
10438.060598617,-2.698162616541154,2.1115770869969475,2.327145277748467
10438.069725205,-2.698162616541154,2.1115770869969475,2.327145277748467
10438.082603495,-2.698162616541154,2.1115770869969475,2.327145277748467
10438.093032396,-2.698162616541154,2.1115770869969475,2.327145277748467
10438.10345738,-2.698162616541154,2.1115770869969475,2.327145277748467
10438.104711991,-2.698162616541154,2.1115770869969475,2.327145277748467
10438.105972443,-2.698162616541154,2.1115770869969475,2.327145277748467
10438.107340562,-2.698179724025704,2.111595740812014,2.298816873917939
10438.115598178,-2.698179724025704,2.111595740812014,2.298816873917939
10438.121480035,-2.698179724025704,2.111595740812014,2.298816873917939
10438.131887015,-2.698179724025704,2.111595740812014,2.298816873917939
10438.142901757,-2.698179724025704,2.111595740812014,2.298816873917939
10438.14683193,-2.6981630218189085,2.1115767232640046,2.2841139577726146
10438.152821845,-2.6981630218189085,2.1115767232640046,2.2841139577726146
10438.159792424,-2.6981630218189085,2.1115767232640046,2.2841139577726146
10438.172867112,-2.6981630218189085,2.1115767232640046,2.2841139577726146
10438.182360893,-2.6981630218189085,2.1115767232640046,2.2841139577726146
10438.192074756,-2.6981630218189085,2.1115767232640046,2.2841139577726146
10438.203128373,-2.6981630218189085,2.1115767232640046,2.2841139577726146
10438.215526093,-2.6981630218189085,2.1115767232640046,2.2841139577726146
10438.217188885,-2.6981630218189085,2.1115767232640046,2.2841139577726146
10438.218430903,-2.7000950185286356,2.113777184754214,2.258151184603866
10438.219392503,-2.7000950185286356,2.113777184754214,2.258151184603866
10438.226414724,-2.7000950185286356,2.113777184754214,2.258151184603866
10438.231088349,-2.7000950185286356,2.113777184754214,2.258151184603866
10438.24292234,-2.7000950185286356,2.113777184754214,2.258151184603866
10438.246543952,-2.7048180667848314,2.1191594957956585,2.231774705989209
10438.25172565,-2.7048180667848314,2.1191594957956585,2.231774705989209
10438.260184861,-2.7048180667848314,2.1191594957956585,2.231774705989209
10438.273793809,-2.7048180667848314,2.1191594957956585,2.231774705989209
10438.282909065,-2.7048180667848314,2.1191594957956585,2.231774705989209
10438.289519738,-2.7048180667848314,2.1191594957956585,2.231774705989209
10438.297589524,-2.7048180667848314,2.1191594957956585,2.231774705989209
10438.298255939,-2.7107411601476783,2.1259050955536476,2.20157516204639
10438.299510471,-2.7107411601476783,2.1259050955536476,2.20157516204639
10438.312295131,-2.7107411601476783,2.1259050955536476,2.20157516204639
10438.312810898,-2.7107411601476783,2.1259050955536476,2.20157516204639
10438.32256056,-2.7107411601476783,2.1259050955536476,2.20157516204639
10438.330203047,-2.7107411601476783,2.1259050955536476,2.20157516204639
10438.340787056,-2.7107411601476783,2.1259050955536476,2.20157516204639
10438.355087096,-2.7107411601476783,2.1259050955536476,2.20157516204639
10438.356418712,-2.710741160147678,2.1259050955536476,2.1650759560696655
10438.360888771,-2.710741160147678,2.1259050955536476,2.1650759560696655
10438.37094549,-2.710741160147678,2.1259050955536476,2.1650759560696655
10438.382205703,-2.710741160147678,2.1259050955536476,2.1650759560696655
10438.392922915,-2.710741160147678,2.1259050955536476,2.1650759560696655
10438.397672646,-2.710741160147678,2.1259050955536476,2.1650759560696655
10438.401226187,-2.7107689424997137,2.1259474117951163,2.138436304562526
10438.40398094,-2.7107689424997137,2.1259474117951163,2.138436304562526
10438.40794148,-2.7107689424997137,2.1259474117951163,2.138436304562526
10438.410394525,-2.7107689424997137,2.1259474117951163,2.138436304562526
10438.420977441,-2.7107689424997137,2.1259474117951163,2.138436304562526
10438.42997359,-2.7107689424997137,2.1259474117951163,2.138436304562526
10438.445034636,-2.7107689424997137,2.1259474117951163,2.138436304562526
10438.445964726,-2.710755623833732,2.1259258886917007,2.111424664192634
10438.456916348,-2.710755623833732,2.1259258886917007,2.111424664192634
10438.466815214,-2.710755623833732,2.1259258886917007,2.111424664192634
10438.475791354,-2.710755623833732,2.1259258886917007,2.111424664192634
10438.48632724,-2.710755623833732,2.1259258886917007,2.111424664192634
10438.493763593,-2.710755623833732,2.1259258886917007,2.111424664192634
10438.509691539,-2.710755623833732,2.1259258886917007,2.111424664192634
10438.516114613,-2.710730588791693,2.1258818913048843,2.064813012414412
10438.521696637,-2.710730588791693,2.1258818913048843,2.064813012414412
10438.522227443,-2.710730588791693,2.1258818913048843,2.064813012414412
10438.523922627,-2.710730588791693,2.1258818913048843,2.064813012414412
10438.524222892,-2.710730588791693,2.1258818913048843,2.064813012414412
10438.535217867,-2.710730588791693,2.1258818913048843,2.064813012414412
10438.556308741,-2.710730588791693,2.1258818913048843,2.064813012414412
10438.566658794,-2.710730588791693,2.1258818913048843,2.064813012414412
10438.568008217,-2.710742215882599,2.1259043733332885,2.031362006597953
10438.572175343,-2.710742215882599,2.1259043733332885,2.031362006597953
10438.581167885,-2.710742215882599,2.1259043733332885,2.031362006597953
10438.583093561,-2.710742215882599,2.1259043733332885,2.031362006597953
10438.594875611,-2.710742215882599,2.1259043733332885,2.031362006597953
10438.598597595,-2.710742215882599,2.1259043733332885,2.031362006597953
10438.602186915,-2.710742215882599,2.1259043733332885,2.031362006597953
10438.603397271,-2.710688088746875,2.1257899791713655,1.9941282590560492
10438.608738966,-2.710688088746875,2.1257899791713655,1.9941282590560492
10438.612237051,-2.710688088746875,2.1257899791713655,1.9941282590560492
10438.621956874,-2.710688088746875,2.1257899791713655,1.9941282590560492
10438.633689501,-2.710688088746875,2.1257899791713655,1.9941282590560492
10438.643970348,-2.710688088746875,2.1257899791713655,1.9941282590560492
10438.649135224,-2.710688088746875,2.1257899791713655,1.9941282590560492
10438.654062715,-2.710688088746875,2.1257899791713655,1.9333716800145686
10438.663791185,-2.710688088746875,2.1257899791713655,1.9333716800145686
10438.675118896,-2.710688088746875,2.1257899791713655,1.9333716800145686
10438.685379054,-2.710688088746875,2.1257899791713655,1.9333716800145686
10438.698673349,-2.710688088746875,2.1257899791713655,1.9333716800145686
10438.707521705,-2.710688088746875,2.1257899791713655,1.9333716800145686
10438.710137511,-2.710688088746875,2.1257899791713655,1.9333716800145686
10438.710946009,-2.7126760648201937,2.126539741874958,1.8910342614273994
10438.713926574,-2.7126760648201937,2.126539741874958,1.8910342614273994
10438.714622075,-2.7126760648201937,2.126539741874958,1.8910342614273994
10438.720625285,-2.7126760648201937,2.126539741874958,1.8910342614273994
